<?xml version="1.0"?>
<gpx xmlns="http://www.topografix.com/GPX/1/1" xmlns:xsi="http://www.w3.org/2001/XMLSchema-instance" version="1.1" creator="AllTrails.com" xsi:schemaLocation="http://www.topografix.com/GPX/1/1 http://www.topografix.com/GPX/1/1/gpx.xsd">
  <metadata>
    <name><![CDATA[Pioneertown to Big Bear via Burns Canyon Road and 2N02]]></name>
    <desc><![CDATA[]]></desc>
    <link href="http://www.alltrails.com">
      <text>AllTrails, LLC</text>
    </link>
    <bounds minlat="34.15609" minlon="-116.79623" maxlat="34.28136" maxlon="-116.49278"/>
  </metadata>
  <trk>
    <name><![CDATA[Pioneertown to Big Bear via Burns Canyon Road and 2N02]]></name>
    <src>AllTrails</src>
    <trkseg>
      <trkpt lat="34.15614" lon="-116.49278">
        <ele>1230.0</ele>
      </trkpt>
      <trkpt lat="34.15614" lon="-116.49282">
        <ele>1230.0</ele>
      </trkpt>
      <trkpt lat="34.15615" lon="-116.49286">
        <ele>1230.0</ele>
      </trkpt>
      <trkpt lat="34.15615" lon="-116.49289">
        <ele>1230.0</ele>
      </trkpt>
      <trkpt lat="34.15615" lon="-116.49297">
        <ele>1230.04</ele>
      </trkpt>
      <trkpt lat="34.15616" lon="-116.49304">
        <ele>1230.39</ele>
      </trkpt>
      <trkpt lat="34.15616" lon="-116.49311">
        <ele>1230.78</ele>
      </trkpt>
      <trkpt lat="34.15616" lon="-116.49318">
        <ele>1231.0</ele>
      </trkpt>
      <trkpt lat="34.15616" lon="-116.49325">
        <ele>1231.0</ele>
      </trkpt>
      <trkpt lat="34.15615" lon="-116.49332">
        <ele>1231.0</ele>
      </trkpt>
      <trkpt lat="34.15616" lon="-116.49339">
        <ele>1231.0</ele>
      </trkpt>
      <trkpt lat="34.15615" lon="-116.49346">
        <ele>1231.0</ele>
      </trkpt>
      <trkpt lat="34.15616" lon="-116.49354">
        <ele>1231.0</ele>
      </trkpt>
      <trkpt lat="34.15615" lon="-116.49361">
        <ele>1231.0</ele>
      </trkpt>
      <trkpt lat="34.15615" lon="-116.49368">
        <ele>1231.43</ele>
      </trkpt>
      <trkpt lat="34.15614" lon="-116.49375">
        <ele>1231.84</ele>
      </trkpt>
      <trkpt lat="34.15615" lon="-116.49382">
        <ele>1232.0</ele>
      </trkpt>
      <trkpt lat="34.15614" lon="-116.49389">
        <ele>1232.0</ele>
      </trkpt>
      <trkpt lat="34.15615" lon="-116.49396">
        <ele>1232.0</ele>
      </trkpt>
      <trkpt lat="34.15614" lon="-116.49404">
        <ele>1232.0</ele>
      </trkpt>
      <trkpt lat="34.15614" lon="-116.49411">
        <ele>1232.39</ele>
      </trkpt>
      <trkpt lat="34.15614" lon="-116.49418">
        <ele>1233.0</ele>
      </trkpt>
      <trkpt lat="34.15614" lon="-116.49425">
        <ele>1233.0</ele>
      </trkpt>
      <trkpt lat="34.15613" lon="-116.49432">
        <ele>1233.0</ele>
      </trkpt>
      <trkpt lat="34.15614" lon="-116.49439">
        <ele>1233.41</ele>
      </trkpt>
      <trkpt lat="34.15614" lon="-116.49446">
        <ele>1234.0</ele>
      </trkpt>
      <trkpt lat="34.15615" lon="-116.49453">
        <ele>1234.0</ele>
      </trkpt>
      <trkpt lat="34.15614" lon="-116.49461">
        <ele>1234.0</ele>
      </trkpt>
      <trkpt lat="34.15615" lon="-116.49468">
        <ele>1234.32</ele>
      </trkpt>
      <trkpt lat="34.15614" lon="-116.49475">
        <ele>1234.78</ele>
      </trkpt>
      <trkpt lat="34.15613" lon="-116.49482">
        <ele>1235.0</ele>
      </trkpt>
      <trkpt lat="34.15614" lon="-116.49489">
        <ele>1235.0</ele>
      </trkpt>
      <trkpt lat="34.15614" lon="-116.49496">
        <ele>1235.0</ele>
      </trkpt>
      <trkpt lat="34.15615" lon="-116.49503">
        <ele>1235.19</ele>
      </trkpt>
      <trkpt lat="34.15615" lon="-116.49511">
        <ele>1235.66</ele>
      </trkpt>
      <trkpt lat="34.15616" lon="-116.49518">
        <ele>1235.97</ele>
      </trkpt>
      <trkpt lat="34.15615" lon="-116.49525">
        <ele>1236.0</ele>
      </trkpt>
      <trkpt lat="34.15615" lon="-116.49532">
        <ele>1236.26</ele>
      </trkpt>
      <trkpt lat="34.15615" lon="-116.49539">
        <ele>1236.58</ele>
      </trkpt>
      <trkpt lat="34.15615" lon="-116.49546">
        <ele>1236.58</ele>
      </trkpt>
      <trkpt lat="34.15614" lon="-116.49553">
        <ele>1236.91</ele>
      </trkpt>
      <trkpt lat="34.15615" lon="-116.4956">
        <ele>1237.0</ele>
      </trkpt>
      <trkpt lat="34.15614" lon="-116.49568">
        <ele>1237.0</ele>
      </trkpt>
      <trkpt lat="34.15615" lon="-116.49575">
        <ele>1237.06</ele>
      </trkpt>
      <trkpt lat="34.15614" lon="-116.49581">
        <ele>1237.51</ele>
      </trkpt>
      <trkpt lat="34.15614" lon="-116.49582">
        <ele>1237.59</ele>
      </trkpt>
      <trkpt lat="34.15614" lon="-116.49589">
        <ele>1237.69</ele>
      </trkpt>
      <trkpt lat="34.15613" lon="-116.49596">
        <ele>1237.8</ele>
      </trkpt>
      <trkpt lat="34.15614" lon="-116.49603">
        <ele>1237.73</ele>
      </trkpt>
      <trkpt lat="34.15613" lon="-116.4961">
        <ele>1237.98</ele>
      </trkpt>
      <trkpt lat="34.15614" lon="-116.49618">
        <ele>1238.0</ele>
      </trkpt>
      <trkpt lat="34.15613" lon="-116.49625">
        <ele>1238.0</ele>
      </trkpt>
      <trkpt lat="34.15613" lon="-116.49632">
        <ele>1238.0</ele>
      </trkpt>
      <trkpt lat="34.15613" lon="-116.49639">
        <ele>1238.0</ele>
      </trkpt>
      <trkpt lat="34.15613" lon="-116.49646">
        <ele>1238.0</ele>
      </trkpt>
      <trkpt lat="34.15612" lon="-116.49653">
        <ele>1238.52</ele>
      </trkpt>
      <trkpt lat="34.15613" lon="-116.4966">
        <ele>1239.0</ele>
      </trkpt>
      <trkpt lat="34.15613" lon="-116.49667">
        <ele>1239.0</ele>
      </trkpt>
      <trkpt lat="34.15614" lon="-116.49675">
        <ele>1239.0</ele>
      </trkpt>
      <trkpt lat="34.15614" lon="-116.49682">
        <ele>1239.0</ele>
      </trkpt>
      <trkpt lat="34.15615" lon="-116.49689">
        <ele>1239.0</ele>
      </trkpt>
      <trkpt lat="34.15616" lon="-116.49696">
        <ele>1239.08</ele>
      </trkpt>
      <trkpt lat="34.15615" lon="-116.49703">
        <ele>1239.54</ele>
      </trkpt>
      <trkpt lat="34.15615" lon="-116.4971">
        <ele>1239.58</ele>
      </trkpt>
      <trkpt lat="34.15614" lon="-116.49717">
        <ele>1239.69</ele>
      </trkpt>
      <trkpt lat="34.15615" lon="-116.49725">
        <ele>1239.58</ele>
      </trkpt>
      <trkpt lat="34.15614" lon="-116.49732">
        <ele>1239.69</ele>
      </trkpt>
      <trkpt lat="34.15615" lon="-116.49739">
        <ele>1239.58</ele>
      </trkpt>
      <trkpt lat="34.15614" lon="-116.49746">
        <ele>1239.87</ele>
      </trkpt>
      <trkpt lat="34.15614" lon="-116.49753">
        <ele>1240.0</ele>
      </trkpt>
      <trkpt lat="34.15614" lon="-116.4976">
        <ele>1240.0</ele>
      </trkpt>
      <trkpt lat="34.15614" lon="-116.49767">
        <ele>1240.0</ele>
      </trkpt>
      <trkpt lat="34.15613" lon="-116.49775">
        <ele>1239.86</ele>
      </trkpt>
      <trkpt lat="34.15614" lon="-116.49782">
        <ele>1239.69</ele>
      </trkpt>
      <trkpt lat="34.15613" lon="-116.49789">
        <ele>1239.84</ele>
      </trkpt>
      <trkpt lat="34.15614" lon="-116.49796">
        <ele>1239.99</ele>
      </trkpt>
      <trkpt lat="34.15613" lon="-116.49803">
        <ele>1240.0</ele>
      </trkpt>
      <trkpt lat="34.15613" lon="-116.4981">
        <ele>1240.0</ele>
      </trkpt>
      <trkpt lat="34.15612" lon="-116.49817">
        <ele>1240.0</ele>
      </trkpt>
      <trkpt lat="34.15613" lon="-116.49824">
        <ele>1240.0</ele>
      </trkpt>
      <trkpt lat="34.15612" lon="-116.49832">
        <ele>1240.0</ele>
      </trkpt>
      <trkpt lat="34.15613" lon="-116.49839">
        <ele>1240.0</ele>
      </trkpt>
      <trkpt lat="34.15612" lon="-116.49846">
        <ele>1240.0</ele>
      </trkpt>
      <trkpt lat="34.15612" lon="-116.49853">
        <ele>1240.11</ele>
      </trkpt>
      <trkpt lat="34.15612" lon="-116.4986">
        <ele>1240.8</ele>
      </trkpt>
      <trkpt lat="34.15612" lon="-116.49867">
        <ele>1240.9</ele>
      </trkpt>
      <trkpt lat="34.15611" lon="-116.49874">
        <ele>1241.0</ele>
      </trkpt>
      <trkpt lat="34.15612" lon="-116.49881">
        <ele>1241.0</ele>
      </trkpt>
      <trkpt lat="34.15611" lon="-116.49889">
        <ele>1241.02</ele>
      </trkpt>
      <trkpt lat="34.15612" lon="-116.49896">
        <ele>1241.69</ele>
      </trkpt>
      <trkpt lat="34.15611" lon="-116.49903">
        <ele>1242.0</ele>
      </trkpt>
      <trkpt lat="34.15611" lon="-116.4991">
        <ele>1242.0</ele>
      </trkpt>
      <trkpt lat="34.1561" lon="-116.49917">
        <ele>1242.0</ele>
      </trkpt>
      <trkpt lat="34.15611" lon="-116.49924">
        <ele>1242.0</ele>
      </trkpt>
      <trkpt lat="34.1561" lon="-116.49931">
        <ele>1242.0</ele>
      </trkpt>
      <trkpt lat="34.15611" lon="-116.49939">
        <ele>1242.0</ele>
      </trkpt>
      <trkpt lat="34.1561" lon="-116.49946">
        <ele>1242.0</ele>
      </trkpt>
      <trkpt lat="34.1561" lon="-116.49953">
        <ele>1242.0</ele>
      </trkpt>
      <trkpt lat="34.1561" lon="-116.4996">
        <ele>1242.68</ele>
      </trkpt>
      <trkpt lat="34.1561" lon="-116.49967">
        <ele>1243.0</ele>
      </trkpt>
      <trkpt lat="34.15609" lon="-116.49974">
        <ele>1243.0</ele>
      </trkpt>
      <trkpt lat="34.1561" lon="-116.49981">
        <ele>1243.0</ele>
      </trkpt>
      <trkpt lat="34.1561" lon="-116.49989">
        <ele>1243.0</ele>
      </trkpt>
      <trkpt lat="34.15611" lon="-116.49996">
        <ele>1243.0</ele>
      </trkpt>
      <trkpt lat="34.15611" lon="-116.50003">
        <ele>1243.32</ele>
      </trkpt>
      <trkpt lat="34.15612" lon="-116.5001">
        <ele>1244.0</ele>
      </trkpt>
      <trkpt lat="34.15613" lon="-116.50017">
        <ele>1244.0</ele>
      </trkpt>
      <trkpt lat="34.15612" lon="-116.50024">
        <ele>1244.0</ele>
      </trkpt>
      <trkpt lat="34.15612" lon="-116.50031">
        <ele>1244.0</ele>
      </trkpt>
      <trkpt lat="34.15611" lon="-116.50038">
        <ele>1244.1</ele>
      </trkpt>
      <trkpt lat="34.15612" lon="-116.50046">
        <ele>1244.88</ele>
      </trkpt>
      <trkpt lat="34.15611" lon="-116.50053">
        <ele>1245.0</ele>
      </trkpt>
      <trkpt lat="34.15612" lon="-116.5006">
        <ele>1245.0</ele>
      </trkpt>
      <trkpt lat="34.15611" lon="-116.50067">
        <ele>1245.0</ele>
      </trkpt>
      <trkpt lat="34.15611" lon="-116.50074">
        <ele>1245.0</ele>
      </trkpt>
      <trkpt lat="34.15611" lon="-116.50081">
        <ele>1245.0</ele>
      </trkpt>
      <trkpt lat="34.15611" lon="-116.50088">
        <ele>1245.0</ele>
      </trkpt>
      <trkpt lat="34.1561" lon="-116.50096">
        <ele>1245.04</ele>
      </trkpt>
      <trkpt lat="34.15611" lon="-116.50103">
        <ele>1245.13</ele>
      </trkpt>
      <trkpt lat="34.15611" lon="-116.5011">
        <ele>1245.88</ele>
      </trkpt>
      <trkpt lat="34.15612" lon="-116.50117">
        <ele>1245.97</ele>
      </trkpt>
      <trkpt lat="34.15612" lon="-116.50124">
        <ele>1246.0</ele>
      </trkpt>
      <trkpt lat="34.15613" lon="-116.50131">
        <ele>1246.0</ele>
      </trkpt>
      <trkpt lat="34.15615" lon="-116.50138">
        <ele>1246.0</ele>
      </trkpt>
      <trkpt lat="34.15619" lon="-116.50144">
        <ele>1246.0</ele>
      </trkpt>
      <trkpt lat="34.15624" lon="-116.50147">
        <ele>1245.61</ele>
      </trkpt>
      <trkpt lat="34.15629" lon="-116.50151">
        <ele>1245.07</ele>
      </trkpt>
      <trkpt lat="34.15636" lon="-116.50151">
        <ele>1245.0</ele>
      </trkpt>
      <trkpt lat="34.15642" lon="-116.50153">
        <ele>1245.0</ele>
      </trkpt>
      <trkpt lat="34.15649" lon="-116.50153">
        <ele>1245.0</ele>
      </trkpt>
      <trkpt lat="34.15655" lon="-116.50153">
        <ele>1245.0</ele>
      </trkpt>
      <trkpt lat="34.15662" lon="-116.50153">
        <ele>1244.5</ele>
      </trkpt>
      <trkpt lat="34.15669" lon="-116.50153">
        <ele>1244.0</ele>
      </trkpt>
      <trkpt lat="34.15671" lon="-116.50153">
        <ele>1244.0</ele>
      </trkpt>
      <trkpt lat="34.15676" lon="-116.50153">
        <ele>1244.0</ele>
      </trkpt>
      <trkpt lat="34.15682" lon="-116.50153">
        <ele>1244.0</ele>
      </trkpt>
      <trkpt lat="34.15689" lon="-116.50153">
        <ele>1243.59</ele>
      </trkpt>
      <trkpt lat="34.15696" lon="-116.50153">
        <ele>1243.0</ele>
      </trkpt>
      <trkpt lat="34.15703" lon="-116.50153">
        <ele>1243.0</ele>
      </trkpt>
      <trkpt lat="34.1571" lon="-116.50153">
        <ele>1242.32</ele>
      </trkpt>
      <trkpt lat="34.15716" lon="-116.50153">
        <ele>1242.0</ele>
      </trkpt>
      <trkpt lat="34.15723" lon="-116.50153">
        <ele>1242.0</ele>
      </trkpt>
      <trkpt lat="34.1573" lon="-116.50153">
        <ele>1242.0</ele>
      </trkpt>
      <trkpt lat="34.15737" lon="-116.50153">
        <ele>1241.4</ele>
      </trkpt>
      <trkpt lat="34.15743" lon="-116.50153">
        <ele>1241.0</ele>
      </trkpt>
      <trkpt lat="34.1575" lon="-116.50153">
        <ele>1241.0</ele>
      </trkpt>
      <trkpt lat="34.15757" lon="-116.50153">
        <ele>1240.24</ele>
      </trkpt>
      <trkpt lat="34.15764" lon="-116.50153">
        <ele>1239.49</ele>
      </trkpt>
      <trkpt lat="34.15771" lon="-116.50153">
        <ele>1238.86</ele>
      </trkpt>
      <trkpt lat="34.15777" lon="-116.50153">
        <ele>1238.52</ele>
      </trkpt>
      <trkpt lat="34.15784" lon="-116.50153">
        <ele>1238.16</ele>
      </trkpt>
      <trkpt lat="34.15791" lon="-116.50153">
        <ele>1237.57</ele>
      </trkpt>
      <trkpt lat="34.15798" lon="-116.50153">
        <ele>1236.82</ele>
      </trkpt>
      <trkpt lat="34.15805" lon="-116.50153">
        <ele>1236.06</ele>
      </trkpt>
      <trkpt lat="34.15811" lon="-116.50153">
        <ele>1235.69</ele>
      </trkpt>
      <trkpt lat="34.15818" lon="-116.50153">
        <ele>1235.48</ele>
      </trkpt>
      <trkpt lat="34.15825" lon="-116.50153">
        <ele>1235.43</ele>
      </trkpt>
      <trkpt lat="34.15829" lon="-116.50153">
        <ele>1235.22</ele>
      </trkpt>
      <trkpt lat="34.15884" lon="-116.50164">
        <ele>1233.53</ele>
      </trkpt>
      <trkpt lat="34.15886" lon="-116.50164">
        <ele>1233.31</ele>
      </trkpt>
      <trkpt lat="34.15908" lon="-116.50172">
        <ele>1231.94</ele>
      </trkpt>
      <trkpt lat="34.15908" lon="-116.50172">
        <ele>1231.94</ele>
      </trkpt>
      <trkpt lat="34.15911" lon="-116.50172">
        <ele>1231.61</ele>
      </trkpt>
      <trkpt lat="34.15916" lon="-116.50175">
        <ele>1231.07</ele>
      </trkpt>
      <trkpt lat="34.15921" lon="-116.50178">
        <ele>1230.78</ele>
      </trkpt>
      <trkpt lat="34.15927" lon="-116.50179">
        <ele>1230.67</ele>
      </trkpt>
      <trkpt lat="34.15933" lon="-116.50182">
        <ele>1230.34</ele>
      </trkpt>
      <trkpt lat="34.15938" lon="-116.50185">
        <ele>1230.01</ele>
      </trkpt>
      <trkpt lat="34.15944" lon="-116.50188">
        <ele>1229.7</ele>
      </trkpt>
      <trkpt lat="34.15949" lon="-116.50191">
        <ele>1228.88</ele>
      </trkpt>
      <trkpt lat="34.15954" lon="-116.50194">
        <ele>1228.05</ele>
      </trkpt>
      <trkpt lat="34.1596" lon="-116.50196">
        <ele>1227.89</ele>
      </trkpt>
      <trkpt lat="34.15965" lon="-116.50199">
        <ele>1227.29</ele>
      </trkpt>
      <trkpt lat="34.15971" lon="-116.50201">
        <ele>1226.42</ele>
      </trkpt>
      <trkpt lat="34.15976" lon="-116.50204">
        <ele>1225.99</ele>
      </trkpt>
      <trkpt lat="34.15982" lon="-116.50206">
        <ele>1225.7</ele>
      </trkpt>
      <trkpt lat="34.15987" lon="-116.50209">
        <ele>1224.83</ele>
      </trkpt>
      <trkpt lat="34.15993" lon="-116.50212">
        <ele>1223.86</ele>
      </trkpt>
      <trkpt lat="34.15998" lon="-116.50215">
        <ele>1223.22</ele>
      </trkpt>
      <trkpt lat="34.16003" lon="-116.50218">
        <ele>1222.68</ele>
      </trkpt>
      <trkpt lat="34.16009" lon="-116.50221">
        <ele>1222.03</ele>
      </trkpt>
      <trkpt lat="34.16014" lon="-116.50224">
        <ele>1221.49</ele>
      </trkpt>
      <trkpt lat="34.16019" lon="-116.50227">
        <ele>1220.95</ele>
      </trkpt>
      <trkpt lat="34.16025" lon="-116.50229">
        <ele>1220.3</ele>
      </trkpt>
      <trkpt lat="34.1603" lon="-116.50232">
        <ele>1220.0</ele>
      </trkpt>
      <trkpt lat="34.16036" lon="-116.50235">
        <ele>1220.0</ele>
      </trkpt>
      <trkpt lat="34.16041" lon="-116.50238">
        <ele>1219.57</ele>
      </trkpt>
      <trkpt lat="34.16046" lon="-116.50241">
        <ele>1219.03</ele>
      </trkpt>
      <trkpt lat="34.16052" lon="-116.50244">
        <ele>1219.0</ele>
      </trkpt>
      <trkpt lat="34.16057" lon="-116.50247">
        <ele>1218.84</ele>
      </trkpt>
      <trkpt lat="34.16062" lon="-116.5025">
        <ele>1218.3</ele>
      </trkpt>
      <trkpt lat="34.16068" lon="-116.50252">
        <ele>1218.14</ele>
      </trkpt>
      <trkpt lat="34.16073" lon="-116.50255">
        <ele>1218.06</ele>
      </trkpt>
      <trkpt lat="34.16078" lon="-116.5026">
        <ele>1218.05</ele>
      </trkpt>
      <trkpt lat="34.16083" lon="-116.50262">
        <ele>1218.01</ele>
      </trkpt>
      <trkpt lat="34.16085" lon="-116.50264">
        <ele>1218.0</ele>
      </trkpt>
      <trkpt lat="34.16088" lon="-116.50267">
        <ele>1218.0</ele>
      </trkpt>
      <trkpt lat="34.16093" lon="-116.5027">
        <ele>1218.15</ele>
      </trkpt>
      <trkpt lat="34.16098" lon="-116.50274">
        <ele>1218.25</ele>
      </trkpt>
      <trkpt lat="34.16103" lon="-116.50277">
        <ele>1218.11</ele>
      </trkpt>
      <trkpt lat="34.16108" lon="-116.50281">
        <ele>1218.78</ele>
      </trkpt>
      <trkpt lat="34.16113" lon="-116.50284">
        <ele>1218.93</ele>
      </trkpt>
      <trkpt lat="34.16118" lon="-116.50288">
        <ele>1219.0</ele>
      </trkpt>
      <trkpt lat="34.16123" lon="-116.50291">
        <ele>1219.12</ele>
      </trkpt>
      <trkpt lat="34.16128" lon="-116.50295">
        <ele>1219.71</ele>
      </trkpt>
      <trkpt lat="34.16133" lon="-116.503">
        <ele>1220.0</ele>
      </trkpt>
      <trkpt lat="34.16137" lon="-116.50304">
        <ele>1220.0</ele>
      </trkpt>
      <trkpt lat="34.16142" lon="-116.50308">
        <ele>1220.09</ele>
      </trkpt>
      <trkpt lat="34.16146" lon="-116.50314">
        <ele>1220.7</ele>
      </trkpt>
      <trkpt lat="34.1615" lon="-116.5032">
        <ele>1221.0</ele>
      </trkpt>
      <trkpt lat="34.16154" lon="-116.50325">
        <ele>1221.1</ele>
      </trkpt>
      <trkpt lat="34.16157" lon="-116.50333">
        <ele>1221.96</ele>
      </trkpt>
      <trkpt lat="34.1616" lon="-116.5034">
        <ele>1222.72</ele>
      </trkpt>
      <trkpt lat="34.16163" lon="-116.50347">
        <ele>1223.38</ele>
      </trkpt>
      <trkpt lat="34.16167" lon="-116.50354">
        <ele>1223.2</ele>
      </trkpt>
      <trkpt lat="34.1617" lon="-116.50361">
        <ele>1223.63</ele>
      </trkpt>
      <trkpt lat="34.16173" lon="-116.50368">
        <ele>1224.06</ele>
      </trkpt>
      <trkpt lat="34.16175" lon="-116.50375">
        <ele>1224.15</ele>
      </trkpt>
      <trkpt lat="34.16177" lon="-116.50383">
        <ele>1223.81</ele>
      </trkpt>
      <trkpt lat="34.16179" lon="-116.5039">
        <ele>1223.75</ele>
      </trkpt>
      <trkpt lat="34.16181" lon="-116.50397">
        <ele>1223.85</ele>
      </trkpt>
      <trkpt lat="34.16183" lon="-116.50404">
        <ele>1223.47</ele>
      </trkpt>
      <trkpt lat="34.16186" lon="-116.50411">
        <ele>1222.82</ele>
      </trkpt>
      <trkpt lat="34.16189" lon="-116.50418">
        <ele>1222.18</ele>
      </trkpt>
      <trkpt lat="34.16192" lon="-116.50425">
        <ele>1221.53</ele>
      </trkpt>
      <trkpt lat="34.16196" lon="-116.50433">
        <ele>1221.0</ele>
      </trkpt>
      <trkpt lat="34.16198" lon="-116.5044">
        <ele>1221.0</ele>
      </trkpt>
      <trkpt lat="34.16199" lon="-116.50447">
        <ele>1221.0</ele>
      </trkpt>
      <trkpt lat="34.16201" lon="-116.50454">
        <ele>1221.02</ele>
      </trkpt>
      <trkpt lat="34.16203" lon="-116.50461">
        <ele>1221.73</ele>
      </trkpt>
      <trkpt lat="34.16204" lon="-116.50468">
        <ele>1222.0</ele>
      </trkpt>
      <trkpt lat="34.16206" lon="-116.50475">
        <ele>1222.0</ele>
      </trkpt>
      <trkpt lat="34.16208" lon="-116.50483">
        <ele>1222.0</ele>
      </trkpt>
      <trkpt lat="34.16208" lon="-116.5049">
        <ele>1222.0</ele>
      </trkpt>
      <trkpt lat="34.16209" lon="-116.50497">
        <ele>1222.39</ele>
      </trkpt>
      <trkpt lat="34.16209" lon="-116.50504">
        <ele>1222.57</ele>
      </trkpt>
      <trkpt lat="34.1621" lon="-116.50511">
        <ele>1222.74</ele>
      </trkpt>
      <trkpt lat="34.16209" lon="-116.50518">
        <ele>1222.98</ele>
      </trkpt>
      <trkpt lat="34.16209" lon="-116.50525">
        <ele>1223.0</ele>
      </trkpt>
      <trkpt lat="34.1621" lon="-116.50532">
        <ele>1223.0</ele>
      </trkpt>
      <trkpt lat="34.1621" lon="-116.5054">
        <ele>1223.0</ele>
      </trkpt>
      <trkpt lat="34.1621" lon="-116.50547">
        <ele>1223.0</ele>
      </trkpt>
      <trkpt lat="34.1621" lon="-116.50554">
        <ele>1223.0</ele>
      </trkpt>
      <trkpt lat="34.16209" lon="-116.50561">
        <ele>1223.34</ele>
      </trkpt>
      <trkpt lat="34.16209" lon="-116.50564">
        <ele>1223.52</ele>
      </trkpt>
      <trkpt lat="34.16209" lon="-116.50568">
        <ele>1223.57</ele>
      </trkpt>
      <trkpt lat="34.16208" lon="-116.50575">
        <ele>1223.52</ele>
      </trkpt>
      <trkpt lat="34.16208" lon="-116.50582">
        <ele>1223.92</ele>
      </trkpt>
      <trkpt lat="34.16208" lon="-116.5059">
        <ele>1224.0</ele>
      </trkpt>
      <trkpt lat="34.16208" lon="-116.50597">
        <ele>1224.0</ele>
      </trkpt>
      <trkpt lat="34.16207" lon="-116.50604">
        <ele>1224.0</ele>
      </trkpt>
      <trkpt lat="34.16208" lon="-116.50611">
        <ele>1224.0</ele>
      </trkpt>
      <trkpt lat="34.16207" lon="-116.50618">
        <ele>1224.26</ele>
      </trkpt>
      <trkpt lat="34.16207" lon="-116.50625">
        <ele>1224.36</ele>
      </trkpt>
      <trkpt lat="34.16207" lon="-116.50632">
        <ele>1224.36</ele>
      </trkpt>
      <trkpt lat="34.16207" lon="-116.50639">
        <ele>1224.36</ele>
      </trkpt>
      <trkpt lat="34.16208" lon="-116.50647">
        <ele>1224.93</ele>
      </trkpt>
      <trkpt lat="34.16208" lon="-116.50654">
        <ele>1225.0</ele>
      </trkpt>
      <trkpt lat="34.16209" lon="-116.50661">
        <ele>1225.0</ele>
      </trkpt>
      <trkpt lat="34.16209" lon="-116.50668">
        <ele>1225.0</ele>
      </trkpt>
      <trkpt lat="34.1621" lon="-116.50675">
        <ele>1225.0</ele>
      </trkpt>
      <trkpt lat="34.1621" lon="-116.50682">
        <ele>1225.45</ele>
      </trkpt>
      <trkpt lat="34.16211" lon="-116.50689">
        <ele>1225.79</ele>
      </trkpt>
      <trkpt lat="34.16211" lon="-116.50697">
        <ele>1225.79</ele>
      </trkpt>
      <trkpt lat="34.16213" lon="-116.50704">
        <ele>1226.0</ele>
      </trkpt>
      <trkpt lat="34.16214" lon="-116.50711">
        <ele>1226.0</ele>
      </trkpt>
      <trkpt lat="34.16214" lon="-116.50718">
        <ele>1226.06</ele>
      </trkpt>
      <trkpt lat="34.16216" lon="-116.50725">
        <ele>1226.33</ele>
      </trkpt>
      <trkpt lat="34.16217" lon="-116.50732">
        <ele>1226.44</ele>
      </trkpt>
      <trkpt lat="34.16217" lon="-116.50739">
        <ele>1226.44</ele>
      </trkpt>
      <trkpt lat="34.16219" lon="-116.50747">
        <ele>1226.89</ele>
      </trkpt>
      <trkpt lat="34.1622" lon="-116.50754">
        <ele>1227.0</ele>
      </trkpt>
      <trkpt lat="34.1622" lon="-116.50761">
        <ele>1227.0</ele>
      </trkpt>
      <trkpt lat="34.16222" lon="-116.50768">
        <ele>1227.0</ele>
      </trkpt>
      <trkpt lat="34.16223" lon="-116.50775">
        <ele>1227.08</ele>
      </trkpt>
      <trkpt lat="34.16223" lon="-116.50782">
        <ele>1227.08</ele>
      </trkpt>
      <trkpt lat="34.16224" lon="-116.50789">
        <ele>1227.19</ele>
      </trkpt>
      <trkpt lat="34.16224" lon="-116.50797">
        <ele>1227.19</ele>
      </trkpt>
      <trkpt lat="34.16224" lon="-116.50804">
        <ele>1227.19</ele>
      </trkpt>
      <trkpt lat="34.16224" lon="-116.50811">
        <ele>1227.19</ele>
      </trkpt>
      <trkpt lat="34.16223" lon="-116.50818">
        <ele>1227.08</ele>
      </trkpt>
      <trkpt lat="34.16224" lon="-116.50825">
        <ele>1227.19</ele>
      </trkpt>
      <trkpt lat="34.16223" lon="-116.50832">
        <ele>1227.08</ele>
      </trkpt>
      <trkpt lat="34.16224" lon="-116.50839">
        <ele>1227.19</ele>
      </trkpt>
      <trkpt lat="34.16223" lon="-116.50846">
        <ele>1227.08</ele>
      </trkpt>
      <trkpt lat="34.16223" lon="-116.50854">
        <ele>1227.3</ele>
      </trkpt>
      <trkpt lat="34.16222" lon="-116.50861">
        <ele>1227.96</ele>
      </trkpt>
      <trkpt lat="34.16222" lon="-116.50868">
        <ele>1227.98</ele>
      </trkpt>
      <trkpt lat="34.16221" lon="-116.50875">
        <ele>1227.87</ele>
      </trkpt>
      <trkpt lat="34.1622" lon="-116.50882">
        <ele>1227.76</ele>
      </trkpt>
      <trkpt lat="34.16218" lon="-116.50889">
        <ele>1227.55</ele>
      </trkpt>
      <trkpt lat="34.16216" lon="-116.50896">
        <ele>1227.84</ele>
      </trkpt>
      <trkpt lat="34.16215" lon="-116.50903">
        <ele>1228.12</ele>
      </trkpt>
      <trkpt lat="34.16213" lon="-116.50911">
        <ele>1228.39</ele>
      </trkpt>
      <trkpt lat="34.1621" lon="-116.50918">
        <ele>1228.68</ele>
      </trkpt>
      <trkpt lat="34.16208" lon="-116.50925">
        <ele>1228.46</ele>
      </trkpt>
      <trkpt lat="34.16207" lon="-116.50932">
        <ele>1228.78</ele>
      </trkpt>
      <trkpt lat="34.16205" lon="-116.50939">
        <ele>1229.06</ele>
      </trkpt>
      <trkpt lat="34.16203" lon="-116.50946">
        <ele>1229.16</ele>
      </trkpt>
      <trkpt lat="34.16201" lon="-116.50953">
        <ele>1229.65</ele>
      </trkpt>
      <trkpt lat="34.16199" lon="-116.50961">
        <ele>1229.89</ele>
      </trkpt>
      <trkpt lat="34.16197" lon="-116.50968">
        <ele>1230.0</ele>
      </trkpt>
      <trkpt lat="34.16194" lon="-116.50975">
        <ele>1230.0</ele>
      </trkpt>
      <trkpt lat="34.16192" lon="-116.50982">
        <ele>1230.04</ele>
      </trkpt>
      <trkpt lat="34.1619" lon="-116.50989">
        <ele>1230.42</ele>
      </trkpt>
      <trkpt lat="34.16188" lon="-116.50996">
        <ele>1230.7</ele>
      </trkpt>
      <trkpt lat="34.16186" lon="-116.51003">
        <ele>1231.0</ele>
      </trkpt>
      <trkpt lat="34.16184" lon="-116.5101">
        <ele>1231.0</ele>
      </trkpt>
      <trkpt lat="34.16181" lon="-116.51018">
        <ele>1231.0</ele>
      </trkpt>
      <trkpt lat="34.16179" lon="-116.51025">
        <ele>1231.0</ele>
      </trkpt>
      <trkpt lat="34.16177" lon="-116.51032">
        <ele>1231.05</ele>
      </trkpt>
      <trkpt lat="34.16175" lon="-116.51039">
        <ele>1231.0</ele>
      </trkpt>
      <trkpt lat="34.16173" lon="-116.51046">
        <ele>1231.0</ele>
      </trkpt>
      <trkpt lat="34.1617" lon="-116.51053">
        <ele>1231.26</ele>
      </trkpt>
      <trkpt lat="34.1617" lon="-116.5106">
        <ele>1231.36</ele>
      </trkpt>
      <trkpt lat="34.16169" lon="-116.51067">
        <ele>1231.43</ele>
      </trkpt>
      <trkpt lat="34.16167" lon="-116.51075">
        <ele>1232.0</ele>
      </trkpt>
      <trkpt lat="34.16166" lon="-116.51082">
        <ele>1232.0</ele>
      </trkpt>
      <trkpt lat="34.16165" lon="-116.51089">
        <ele>1232.0</ele>
      </trkpt>
      <trkpt lat="34.16164" lon="-116.51096">
        <ele>1232.37</ele>
      </trkpt>
      <trkpt lat="34.16163" lon="-116.51103">
        <ele>1233.07</ele>
      </trkpt>
      <trkpt lat="34.16163" lon="-116.5111">
        <ele>1233.53</ele>
      </trkpt>
      <trkpt lat="34.16162" lon="-116.51117">
        <ele>1234.13</ele>
      </trkpt>
      <trkpt lat="34.16162" lon="-116.51117">
        <ele>1234.13</ele>
      </trkpt>
      <trkpt lat="34.16161" lon="-116.51124">
        <ele>1234.39</ele>
      </trkpt>
      <trkpt lat="34.1616" lon="-116.51132">
        <ele>1234.46</ele>
      </trkpt>
      <trkpt lat="34.16159" lon="-116.51139">
        <ele>1235.0</ele>
      </trkpt>
      <trkpt lat="34.1616" lon="-116.51146">
        <ele>1235.22</ele>
      </trkpt>
      <trkpt lat="34.16159" lon="-116.51153">
        <ele>1235.17</ele>
      </trkpt>
      <trkpt lat="34.1616" lon="-116.5116">
        <ele>1235.56</ele>
      </trkpt>
      <trkpt lat="34.1616" lon="-116.51167">
        <ele>1236.29</ele>
      </trkpt>
      <trkpt lat="34.16161" lon="-116.51174">
        <ele>1236.7</ele>
      </trkpt>
      <trkpt lat="34.16161" lon="-116.51182">
        <ele>1237.03</ele>
      </trkpt>
      <trkpt lat="34.16162" lon="-116.51189">
        <ele>1237.7</ele>
      </trkpt>
      <trkpt lat="34.16162" lon="-116.51196">
        <ele>1238.16</ele>
      </trkpt>
      <trkpt lat="34.16163" lon="-116.51203">
        <ele>1239.13</ele>
      </trkpt>
      <trkpt lat="34.16163" lon="-116.5121">
        <ele>1239.21</ele>
      </trkpt>
      <trkpt lat="34.16164" lon="-116.51217">
        <ele>1239.86</ele>
      </trkpt>
      <trkpt lat="34.16166" lon="-116.51224">
        <ele>1241.05</ele>
      </trkpt>
      <trkpt lat="34.16168" lon="-116.51232">
        <ele>1242.2</ele>
      </trkpt>
      <trkpt lat="34.16169" lon="-116.51239">
        <ele>1243.06</ele>
      </trkpt>
      <trkpt lat="34.16171" lon="-116.51246">
        <ele>1244.34</ele>
      </trkpt>
      <trkpt lat="34.16173" lon="-116.51253">
        <ele>1245.44</ele>
      </trkpt>
      <trkpt lat="34.16175" lon="-116.5126">
        <ele>1246.87</ele>
      </trkpt>
      <trkpt lat="34.16177" lon="-116.51267">
        <ele>1248.09</ele>
      </trkpt>
      <trkpt lat="34.16179" lon="-116.51274">
        <ele>1248.27</ele>
      </trkpt>
      <trkpt lat="34.16182" lon="-116.51282">
        <ele>1248.97</ele>
      </trkpt>
      <trkpt lat="34.16185" lon="-116.51289">
        <ele>1249.73</ele>
      </trkpt>
      <trkpt lat="34.16189" lon="-116.51296">
        <ele>1250.27</ele>
      </trkpt>
      <trkpt lat="34.16192" lon="-116.51303">
        <ele>1251.21</ele>
      </trkpt>
      <trkpt lat="34.16195" lon="-116.5131">
        <ele>1251.67</ele>
      </trkpt>
      <trkpt lat="34.16198" lon="-116.51317">
        <ele>1251.92</ele>
      </trkpt>
      <trkpt lat="34.16202" lon="-116.51324">
        <ele>1252.46</ele>
      </trkpt>
      <trkpt lat="34.16205" lon="-116.51332">
        <ele>1252.56</ele>
      </trkpt>
      <trkpt lat="34.16208" lon="-116.51339">
        <ele>1253.11</ele>
      </trkpt>
      <trkpt lat="34.16211" lon="-116.51346">
        <ele>1253.65</ele>
      </trkpt>
      <trkpt lat="34.16215" lon="-116.51353">
        <ele>1254.63</ele>
      </trkpt>
      <trkpt lat="34.16218" lon="-116.5136">
        <ele>1255.89</ele>
      </trkpt>
      <trkpt lat="34.16221" lon="-116.51367">
        <ele>1256.64</ele>
      </trkpt>
      <trkpt lat="34.16224" lon="-116.51374">
        <ele>1257.58</ele>
      </trkpt>
      <trkpt lat="34.16228" lon="-116.51382">
        <ele>1258.62</ele>
      </trkpt>
      <trkpt lat="34.16231" lon="-116.51389">
        <ele>1258.96</ele>
      </trkpt>
      <trkpt lat="34.16234" lon="-116.51396">
        <ele>1259.83</ele>
      </trkpt>
      <trkpt lat="34.16237" lon="-116.51403">
        <ele>1260.0</ele>
      </trkpt>
      <trkpt lat="34.16241" lon="-116.5141">
        <ele>1260.0</ele>
      </trkpt>
      <trkpt lat="34.16244" lon="-116.51417">
        <ele>1260.0</ele>
      </trkpt>
      <trkpt lat="34.16247" lon="-116.51424">
        <ele>1260.0</ele>
      </trkpt>
      <trkpt lat="34.16249" lon="-116.51432">
        <ele>1260.66</ele>
      </trkpt>
      <trkpt lat="34.16251" lon="-116.51439">
        <ele>1260.85</ele>
      </trkpt>
      <trkpt lat="34.16253" lon="-116.51446">
        <ele>1260.24</ele>
      </trkpt>
      <trkpt lat="34.16255" lon="-116.51453">
        <ele>1259.49</ele>
      </trkpt>
      <trkpt lat="34.16257" lon="-116.5146">
        <ele>1259.76</ele>
      </trkpt>
      <trkpt lat="34.16258" lon="-116.51467">
        <ele>1260.0</ele>
      </trkpt>
      <trkpt lat="34.1626" lon="-116.51474">
        <ele>1259.94</ele>
      </trkpt>
      <trkpt lat="34.16262" lon="-116.51482">
        <ele>1260.0</ele>
      </trkpt>
      <trkpt lat="34.16263" lon="-116.51489">
        <ele>1260.0</ele>
      </trkpt>
      <trkpt lat="34.16263" lon="-116.51496">
        <ele>1260.34</ele>
      </trkpt>
      <trkpt lat="34.16265" lon="-116.51503">
        <ele>1260.58</ele>
      </trkpt>
      <trkpt lat="34.16266" lon="-116.5151">
        <ele>1261.08</ele>
      </trkpt>
      <trkpt lat="34.16266" lon="-116.51517">
        <ele>1261.84</ele>
      </trkpt>
      <trkpt lat="34.16268" lon="-116.51524">
        <ele>1262.0</ele>
      </trkpt>
      <trkpt lat="34.16269" lon="-116.51531">
        <ele>1262.35</ele>
      </trkpt>
      <trkpt lat="34.16269" lon="-116.51539">
        <ele>1263.2</ele>
      </trkpt>
      <trkpt lat="34.1627" lon="-116.51546">
        <ele>1263.81</ele>
      </trkpt>
      <trkpt lat="34.1627" lon="-116.51553">
        <ele>1263.96</ele>
      </trkpt>
      <trkpt lat="34.16271" lon="-116.5156">
        <ele>1264.48</ele>
      </trkpt>
      <trkpt lat="34.16271" lon="-116.51567">
        <ele>1265.0</ele>
      </trkpt>
      <trkpt lat="34.16272" lon="-116.51574">
        <ele>1265.0</ele>
      </trkpt>
      <trkpt lat="34.16272" lon="-116.51581">
        <ele>1265.47</ele>
      </trkpt>
      <trkpt lat="34.16273" lon="-116.51589">
        <ele>1265.81</ele>
      </trkpt>
      <trkpt lat="34.16274" lon="-116.51596">
        <ele>1266.0</ele>
      </trkpt>
      <trkpt lat="34.16274" lon="-116.51603">
        <ele>1266.12</ele>
      </trkpt>
      <trkpt lat="34.16275" lon="-116.5161">
        <ele>1266.88</ele>
      </trkpt>
      <trkpt lat="34.16275" lon="-116.51617">
        <ele>1267.64</ele>
      </trkpt>
      <trkpt lat="34.16276" lon="-116.51624">
        <ele>1268.0</ele>
      </trkpt>
      <trkpt lat="34.16276" lon="-116.51631">
        <ele>1268.15</ele>
      </trkpt>
      <trkpt lat="34.16277" lon="-116.51639">
        <ele>1269.0</ele>
      </trkpt>
      <trkpt lat="34.16277" lon="-116.51646">
        <ele>1269.0</ele>
      </trkpt>
      <trkpt lat="34.16278" lon="-116.51653">
        <ele>1269.0</ele>
      </trkpt>
      <trkpt lat="34.16278" lon="-116.5166">
        <ele>1269.28</ele>
      </trkpt>
      <trkpt lat="34.16279" lon="-116.51667">
        <ele>1270.0</ele>
      </trkpt>
      <trkpt lat="34.16279" lon="-116.51674">
        <ele>1270.0</ele>
      </trkpt>
      <trkpt lat="34.1628" lon="-116.51681">
        <ele>1270.0</ele>
      </trkpt>
      <trkpt lat="34.16281" lon="-116.51688">
        <ele>1270.0</ele>
      </trkpt>
      <trkpt lat="34.16281" lon="-116.51696">
        <ele>1270.17</ele>
      </trkpt>
      <trkpt lat="34.16282" lon="-116.51703">
        <ele>1270.92</ele>
      </trkpt>
      <trkpt lat="34.16282" lon="-116.5171">
        <ele>1271.0</ele>
      </trkpt>
      <trkpt lat="34.16283" lon="-116.51717">
        <ele>1271.0</ele>
      </trkpt>
      <trkpt lat="34.16284" lon="-116.51724">
        <ele>1271.13</ele>
      </trkpt>
      <trkpt lat="34.16285" lon="-116.51731">
        <ele>1271.74</ele>
      </trkpt>
      <trkpt lat="34.16286" lon="-116.51738">
        <ele>1271.97</ele>
      </trkpt>
      <trkpt lat="34.16288" lon="-116.51746">
        <ele>1272.0</ele>
      </trkpt>
      <trkpt lat="34.16288" lon="-116.51753">
        <ele>1272.0</ele>
      </trkpt>
      <trkpt lat="34.16289" lon="-116.5176">
        <ele>1272.0</ele>
      </trkpt>
      <trkpt lat="34.1629" lon="-116.51767">
        <ele>1272.0</ele>
      </trkpt>
      <trkpt lat="34.16291" lon="-116.51774">
        <ele>1272.25</ele>
      </trkpt>
      <trkpt lat="34.16292" lon="-116.51781">
        <ele>1272.7</ele>
      </trkpt>
      <trkpt lat="34.16293" lon="-116.51788">
        <ele>1273.0</ele>
      </trkpt>
      <trkpt lat="34.16294" lon="-116.51796">
        <ele>1273.0</ele>
      </trkpt>
      <trkpt lat="34.16295" lon="-116.51803">
        <ele>1273.0</ele>
      </trkpt>
      <trkpt lat="34.16296" lon="-116.5181">
        <ele>1273.46</ele>
      </trkpt>
      <trkpt lat="34.16297" lon="-116.51817">
        <ele>1273.94</ele>
      </trkpt>
      <trkpt lat="34.16297" lon="-116.51824">
        <ele>1274.0</ele>
      </trkpt>
      <trkpt lat="34.16299" lon="-116.51831">
        <ele>1274.0</ele>
      </trkpt>
      <trkpt lat="34.163" lon="-116.51838">
        <ele>1274.0</ele>
      </trkpt>
      <trkpt lat="34.163" lon="-116.51845">
        <ele>1274.0</ele>
      </trkpt>
      <trkpt lat="34.16302" lon="-116.51853">
        <ele>1274.0</ele>
      </trkpt>
      <trkpt lat="34.16304" lon="-116.5186">
        <ele>1274.0</ele>
      </trkpt>
      <trkpt lat="34.16306" lon="-116.51867">
        <ele>1273.98</ele>
      </trkpt>
      <trkpt lat="34.16309" lon="-116.51874">
        <ele>1274.0</ele>
      </trkpt>
      <trkpt lat="34.16313" lon="-116.51881">
        <ele>1274.0</ele>
      </trkpt>
      <trkpt lat="34.16316" lon="-116.51888">
        <ele>1273.99</ele>
      </trkpt>
      <trkpt lat="34.16319" lon="-116.51895">
        <ele>1274.0</ele>
      </trkpt>
      <trkpt lat="34.16322" lon="-116.51903">
        <ele>1274.0</ele>
      </trkpt>
      <trkpt lat="34.16326" lon="-116.5191">
        <ele>1273.79</ele>
      </trkpt>
      <trkpt lat="34.1633" lon="-116.51915">
        <ele>1273.36</ele>
      </trkpt>
      <trkpt lat="34.16333" lon="-116.51921">
        <ele>1273.02</ele>
      </trkpt>
      <trkpt lat="34.16337" lon="-116.51927">
        <ele>1273.0</ele>
      </trkpt>
      <trkpt lat="34.16341" lon="-116.51933">
        <ele>1273.0</ele>
      </trkpt>
      <trkpt lat="34.16345" lon="-116.51938">
        <ele>1272.74</ele>
      </trkpt>
      <trkpt lat="34.16349" lon="-116.51944">
        <ele>1272.31</ele>
      </trkpt>
      <trkpt lat="34.16353" lon="-116.5195">
        <ele>1272.0</ele>
      </trkpt>
      <trkpt lat="34.16357" lon="-116.51956">
        <ele>1272.0</ele>
      </trkpt>
      <trkpt lat="34.16362" lon="-116.5196">
        <ele>1272.0</ele>
      </trkpt>
      <trkpt lat="34.16367" lon="-116.51964">
        <ele>1272.0</ele>
      </trkpt>
      <trkpt lat="34.16371" lon="-116.5197">
        <ele>1272.0</ele>
      </trkpt>
      <trkpt lat="34.16375" lon="-116.51974">
        <ele>1272.0</ele>
      </trkpt>
      <trkpt lat="34.1638" lon="-116.51978">
        <ele>1272.0</ele>
      </trkpt>
      <trkpt lat="34.16384" lon="-116.51984">
        <ele>1272.27</ele>
      </trkpt>
      <trkpt lat="34.16388" lon="-116.5199">
        <ele>1272.92</ele>
      </trkpt>
      <trkpt lat="34.16392" lon="-116.51994">
        <ele>1272.78</ele>
      </trkpt>
      <trkpt lat="34.16396" lon="-116.52">
        <ele>1273.0</ele>
      </trkpt>
      <trkpt lat="34.164" lon="-116.52006">
        <ele>1273.0</ele>
      </trkpt>
      <trkpt lat="34.16405" lon="-116.5201">
        <ele>1273.0</ele>
      </trkpt>
      <trkpt lat="34.1641" lon="-116.52014">
        <ele>1273.0</ele>
      </trkpt>
      <trkpt lat="34.16414" lon="-116.5202">
        <ele>1273.0</ele>
      </trkpt>
      <trkpt lat="34.16418" lon="-116.52024">
        <ele>1273.0</ele>
      </trkpt>
      <trkpt lat="34.16423" lon="-116.52028">
        <ele>1273.02</ele>
      </trkpt>
      <trkpt lat="34.16427" lon="-116.52034">
        <ele>1273.67</ele>
      </trkpt>
      <trkpt lat="34.16432" lon="-116.52038">
        <ele>1274.1</ele>
      </trkpt>
      <trkpt lat="34.16436" lon="-116.52043">
        <ele>1274.64</ele>
      </trkpt>
      <trkpt lat="34.1644" lon="-116.52049">
        <ele>1275.15</ele>
      </trkpt>
      <trkpt lat="34.16445" lon="-116.52053">
        <ele>1275.72</ele>
      </trkpt>
      <trkpt lat="34.16449" lon="-116.52057">
        <ele>1276.16</ele>
      </trkpt>
      <trkpt lat="34.16453" lon="-116.52063">
        <ele>1276.8</ele>
      </trkpt>
      <trkpt lat="34.16458" lon="-116.52067">
        <ele>1277.0</ele>
      </trkpt>
      <trkpt lat="34.16463" lon="-116.52071">
        <ele>1277.0</ele>
      </trkpt>
      <trkpt lat="34.16467" lon="-116.52077">
        <ele>1277.75</ele>
      </trkpt>
      <trkpt lat="34.16471" lon="-116.52081">
        <ele>1278.62</ele>
      </trkpt>
      <trkpt lat="34.16476" lon="-116.52086">
        <ele>1279.0</ele>
      </trkpt>
      <trkpt lat="34.1648" lon="-116.52091">
        <ele>1279.0</ele>
      </trkpt>
      <trkpt lat="34.16485" lon="-116.52096">
        <ele>1279.0</ele>
      </trkpt>
      <trkpt lat="34.16486" lon="-116.52097">
        <ele>1279.0</ele>
      </trkpt>
      <trkpt lat="34.16489" lon="-116.521">
        <ele>1279.0</ele>
      </trkpt>
      <trkpt lat="34.16493" lon="-116.52106">
        <ele>1279.45</ele>
      </trkpt>
      <trkpt lat="34.16498" lon="-116.5211">
        <ele>1279.88</ele>
      </trkpt>
      <trkpt lat="34.16503" lon="-116.52114">
        <ele>1280.0</ele>
      </trkpt>
      <trkpt lat="34.16507" lon="-116.5212">
        <ele>1280.0</ele>
      </trkpt>
      <trkpt lat="34.16511" lon="-116.52124">
        <ele>1280.51</ele>
      </trkpt>
      <trkpt lat="34.16516" lon="-116.52129">
        <ele>1280.98</ele>
      </trkpt>
      <trkpt lat="34.1652" lon="-116.52133">
        <ele>1281.0</ele>
      </trkpt>
      <trkpt lat="34.16525" lon="-116.52137">
        <ele>1281.0</ele>
      </trkpt>
      <trkpt lat="34.1653" lon="-116.52142">
        <ele>1281.34</ele>
      </trkpt>
      <trkpt lat="34.16534" lon="-116.52146">
        <ele>1281.77</ele>
      </trkpt>
      <trkpt lat="34.16539" lon="-116.5215">
        <ele>1282.0</ele>
      </trkpt>
      <trkpt lat="34.16543" lon="-116.52156">
        <ele>1282.0</ele>
      </trkpt>
      <trkpt lat="34.16548" lon="-116.5216">
        <ele>1282.0</ele>
      </trkpt>
      <trkpt lat="34.16552" lon="-116.52164">
        <ele>1282.0</ele>
      </trkpt>
      <trkpt lat="34.16556" lon="-116.5217">
        <ele>1282.0</ele>
      </trkpt>
      <trkpt lat="34.1656" lon="-116.52176">
        <ele>1282.0</ele>
      </trkpt>
      <trkpt lat="34.16565" lon="-116.5218">
        <ele>1282.0</ele>
      </trkpt>
      <trkpt lat="34.16569" lon="-116.52186">
        <ele>1282.0</ele>
      </trkpt>
      <trkpt lat="34.16573" lon="-116.52192">
        <ele>1282.0</ele>
      </trkpt>
      <trkpt lat="34.16577" lon="-116.52197">
        <ele>1282.19</ele>
      </trkpt>
      <trkpt lat="34.16582" lon="-116.52202">
        <ele>1282.12</ele>
      </trkpt>
      <trkpt lat="34.16585" lon="-116.52207">
        <ele>1282.36</ele>
      </trkpt>
      <trkpt lat="34.16589" lon="-116.52213">
        <ele>1283.0</ele>
      </trkpt>
      <trkpt lat="34.16593" lon="-116.52219">
        <ele>1283.0</ele>
      </trkpt>
      <trkpt lat="34.16598" lon="-116.52223">
        <ele>1283.0</ele>
      </trkpt>
      <trkpt lat="34.16602" lon="-116.52229">
        <ele>1283.0</ele>
      </trkpt>
      <trkpt lat="34.16606" lon="-116.52235">
        <ele>1283.0</ele>
      </trkpt>
      <trkpt lat="34.1661" lon="-116.5224">
        <ele>1283.0</ele>
      </trkpt>
      <trkpt lat="34.16615" lon="-116.52245">
        <ele>1283.0</ele>
      </trkpt>
      <trkpt lat="34.16619" lon="-116.5225">
        <ele>1283.0</ele>
      </trkpt>
      <trkpt lat="34.16622" lon="-116.52256">
        <ele>1283.65</ele>
      </trkpt>
      <trkpt lat="34.16627" lon="-116.5226">
        <ele>1284.0</ele>
      </trkpt>
      <trkpt lat="34.16632" lon="-116.52265">
        <ele>1283.9</ele>
      </trkpt>
      <trkpt lat="34.16636" lon="-116.5227">
        <ele>1284.0</ele>
      </trkpt>
      <trkpt lat="34.1664" lon="-116.52276">
        <ele>1284.0</ele>
      </trkpt>
      <trkpt lat="34.16644" lon="-116.5228">
        <ele>1284.24</ele>
      </trkpt>
      <trkpt lat="34.16648" lon="-116.52286">
        <ele>1284.89</ele>
      </trkpt>
      <trkpt lat="34.16652" lon="-116.52292">
        <ele>1285.54</ele>
      </trkpt>
      <trkpt lat="34.16657" lon="-116.52296">
        <ele>1285.97</ele>
      </trkpt>
      <trkpt lat="34.16662" lon="-116.523">
        <ele>1286.2</ele>
      </trkpt>
      <trkpt lat="34.16666" lon="-116.52306">
        <ele>1286.93</ele>
      </trkpt>
      <trkpt lat="34.1667" lon="-116.5231">
        <ele>1287.0</ele>
      </trkpt>
      <trkpt lat="34.16675" lon="-116.52315">
        <ele>1287.02</ele>
      </trkpt>
      <trkpt lat="34.16679" lon="-116.5232">
        <ele>1287.71</ele>
      </trkpt>
      <trkpt lat="34.16683" lon="-116.52325">
        <ele>1288.0</ele>
      </trkpt>
      <trkpt lat="34.16688" lon="-116.52329">
        <ele>1288.0</ele>
      </trkpt>
      <trkpt lat="34.16693" lon="-116.52333">
        <ele>1288.0</ele>
      </trkpt>
      <trkpt lat="34.16697" lon="-116.52338">
        <ele>1288.64</ele>
      </trkpt>
      <trkpt lat="34.16702" lon="-116.52342">
        <ele>1288.99</ele>
      </trkpt>
      <trkpt lat="34.16707" lon="-116.52346">
        <ele>1289.13</ele>
      </trkpt>
      <trkpt lat="34.16711" lon="-116.5235">
        <ele>1289.63</ele>
      </trkpt>
      <trkpt lat="34.16716" lon="-116.52355">
        <ele>1290.0</ele>
      </trkpt>
      <trkpt lat="34.16721" lon="-116.52359">
        <ele>1290.0</ele>
      </trkpt>
      <trkpt lat="34.16725" lon="-116.52363">
        <ele>1290.2</ele>
      </trkpt>
      <trkpt lat="34.1673" lon="-116.52368">
        <ele>1290.74</ele>
      </trkpt>
      <trkpt lat="34.16735" lon="-116.52372">
        <ele>1291.0</ele>
      </trkpt>
      <trkpt lat="34.16739" lon="-116.52376">
        <ele>1291.0</ele>
      </trkpt>
      <trkpt lat="34.16744" lon="-116.5238">
        <ele>1291.35</ele>
      </trkpt>
      <trkpt lat="34.16749" lon="-116.52383">
        <ele>1291.89</ele>
      </trkpt>
      <trkpt lat="34.16754" lon="-116.52388">
        <ele>1292.0</ele>
      </trkpt>
      <trkpt lat="34.16759" lon="-116.52392">
        <ele>1292.0</ele>
      </trkpt>
      <trkpt lat="34.16763" lon="-116.52396">
        <ele>1292.31</ele>
      </trkpt>
      <trkpt lat="34.16768" lon="-116.52401">
        <ele>1292.94</ele>
      </trkpt>
      <trkpt lat="34.16773" lon="-116.52405">
        <ele>1293.0</ele>
      </trkpt>
      <trkpt lat="34.16777" lon="-116.52409">
        <ele>1293.0</ele>
      </trkpt>
      <trkpt lat="34.16783" lon="-116.52412">
        <ele>1293.28</ele>
      </trkpt>
      <trkpt lat="34.16788" lon="-116.52415">
        <ele>1293.84</ele>
      </trkpt>
      <trkpt lat="34.16794" lon="-116.52418">
        <ele>1294.0</ele>
      </trkpt>
      <trkpt lat="34.16799" lon="-116.52421">
        <ele>1294.0</ele>
      </trkpt>
      <trkpt lat="34.16804" lon="-116.52423">
        <ele>1294.0</ele>
      </trkpt>
      <trkpt lat="34.1681" lon="-116.52426">
        <ele>1294.0</ele>
      </trkpt>
      <trkpt lat="34.16814" lon="-116.52431">
        <ele>1294.5</ele>
      </trkpt>
      <trkpt lat="34.1682" lon="-116.52433">
        <ele>1294.9</ele>
      </trkpt>
      <trkpt lat="34.16824" lon="-116.52438">
        <ele>1295.0</ele>
      </trkpt>
      <trkpt lat="34.1683" lon="-116.52441">
        <ele>1295.0</ele>
      </trkpt>
      <trkpt lat="34.16834" lon="-116.52445">
        <ele>1295.0</ele>
      </trkpt>
      <trkpt lat="34.1684" lon="-116.52448">
        <ele>1295.0</ele>
      </trkpt>
      <trkpt lat="34.16845" lon="-116.52451">
        <ele>1295.0</ele>
      </trkpt>
      <trkpt lat="34.1685" lon="-116.52454">
        <ele>1295.0</ele>
      </trkpt>
      <trkpt lat="34.16856" lon="-116.52456">
        <ele>1295.0</ele>
      </trkpt>
      <trkpt lat="34.16861" lon="-116.52459">
        <ele>1295.0</ele>
      </trkpt>
      <trkpt lat="34.16866" lon="-116.52462">
        <ele>1295.0</ele>
      </trkpt>
      <trkpt lat="34.16871" lon="-116.52466">
        <ele>1295.0</ele>
      </trkpt>
      <trkpt lat="34.16877" lon="-116.52469">
        <ele>1295.0</ele>
      </trkpt>
      <trkpt lat="34.16882" lon="-116.52472">
        <ele>1295.0</ele>
      </trkpt>
      <trkpt lat="34.16887" lon="-116.52475">
        <ele>1295.0</ele>
      </trkpt>
      <trkpt lat="34.16893" lon="-116.52478">
        <ele>1295.0</ele>
      </trkpt>
      <trkpt lat="34.16894" lon="-116.52479">
        <ele>1295.0</ele>
      </trkpt>
      <trkpt lat="34.16898" lon="-116.52481">
        <ele>1295.0</ele>
      </trkpt>
      <trkpt lat="34.16903" lon="-116.52484">
        <ele>1295.0</ele>
      </trkpt>
      <trkpt lat="34.16908" lon="-116.52488">
        <ele>1295.0</ele>
      </trkpt>
      <trkpt lat="34.16913" lon="-116.52491">
        <ele>1295.03</ele>
      </trkpt>
      <trkpt lat="34.16918" lon="-116.52495">
        <ele>1295.46</ele>
      </trkpt>
      <trkpt lat="34.16923" lon="-116.52498">
        <ele>1295.78</ele>
      </trkpt>
      <trkpt lat="34.16929" lon="-116.52501">
        <ele>1296.0</ele>
      </trkpt>
      <trkpt lat="34.16934" lon="-116.52504">
        <ele>1296.0</ele>
      </trkpt>
      <trkpt lat="34.1694" lon="-116.52507">
        <ele>1296.39</ele>
      </trkpt>
      <trkpt lat="34.16945" lon="-116.5251">
        <ele>1297.0</ele>
      </trkpt>
      <trkpt lat="34.1695" lon="-116.52512">
        <ele>1297.0</ele>
      </trkpt>
      <trkpt lat="34.16955" lon="-116.52517">
        <ele>1297.0</ele>
      </trkpt>
      <trkpt lat="34.1696" lon="-116.5252">
        <ele>1297.16</ele>
      </trkpt>
      <trkpt lat="34.16966" lon="-116.52522">
        <ele>1297.58</ele>
      </trkpt>
      <trkpt lat="34.16971" lon="-116.52525">
        <ele>1297.96</ele>
      </trkpt>
      <trkpt lat="34.16976" lon="-116.52528">
        <ele>1298.02</ele>
      </trkpt>
      <trkpt lat="34.16982" lon="-116.52531">
        <ele>1298.38</ele>
      </trkpt>
      <trkpt lat="34.16987" lon="-116.52534">
        <ele>1298.87</ele>
      </trkpt>
      <trkpt lat="34.16992" lon="-116.52538">
        <ele>1299.1</ele>
      </trkpt>
      <trkpt lat="34.16997" lon="-116.52541">
        <ele>1299.43</ele>
      </trkpt>
      <trkpt lat="34.17003" lon="-116.52544">
        <ele>1299.75</ele>
      </trkpt>
      <trkpt lat="34.17008" lon="-116.52547">
        <ele>1300.07</ele>
      </trkpt>
      <trkpt lat="34.17013" lon="-116.5255">
        <ele>1300.4</ele>
      </trkpt>
      <trkpt lat="34.17019" lon="-116.52553">
        <ele>1300.72</ele>
      </trkpt>
      <trkpt lat="34.17024" lon="-116.52555">
        <ele>1300.94</ele>
      </trkpt>
      <trkpt lat="34.17029" lon="-116.5256">
        <ele>1301.0</ele>
      </trkpt>
      <trkpt lat="34.17034" lon="-116.52563">
        <ele>1301.0</ele>
      </trkpt>
      <trkpt lat="34.17039" lon="-116.52565">
        <ele>1301.02</ele>
      </trkpt>
      <trkpt lat="34.17045" lon="-116.52568">
        <ele>1301.34</ele>
      </trkpt>
      <trkpt lat="34.1705" lon="-116.52571">
        <ele>1301.67</ele>
      </trkpt>
      <trkpt lat="34.17056" lon="-116.52574">
        <ele>1301.99</ele>
      </trkpt>
      <trkpt lat="34.17061" lon="-116.52577">
        <ele>1302.0</ele>
      </trkpt>
      <trkpt lat="34.17065" lon="-116.52581">
        <ele>1302.0</ele>
      </trkpt>
      <trkpt lat="34.17071" lon="-116.52584">
        <ele>1302.07</ele>
      </trkpt>
      <trkpt lat="34.17076" lon="-116.52587">
        <ele>1302.52</ele>
      </trkpt>
      <trkpt lat="34.17082" lon="-116.5259">
        <ele>1302.96</ele>
      </trkpt>
      <trkpt lat="34.17087" lon="-116.52593">
        <ele>1303.04</ele>
      </trkpt>
      <trkpt lat="34.17092" lon="-116.52596">
        <ele>1303.37</ele>
      </trkpt>
      <trkpt lat="34.17098" lon="-116.52598">
        <ele>1303.58</ele>
      </trkpt>
      <trkpt lat="34.17102" lon="-116.52603">
        <ele>1304.0</ele>
      </trkpt>
      <trkpt lat="34.17108" lon="-116.52606">
        <ele>1304.0</ele>
      </trkpt>
      <trkpt lat="34.17113" lon="-116.52609">
        <ele>1304.0</ele>
      </trkpt>
      <trkpt lat="34.17119" lon="-116.52611">
        <ele>1304.0</ele>
      </trkpt>
      <trkpt lat="34.17124" lon="-116.52614">
        <ele>1304.0</ele>
      </trkpt>
      <trkpt lat="34.17129" lon="-116.52617">
        <ele>1304.0</ele>
      </trkpt>
      <trkpt lat="34.17135" lon="-116.5262">
        <ele>1304.0</ele>
      </trkpt>
      <trkpt lat="34.17139" lon="-116.52624">
        <ele>1304.0</ele>
      </trkpt>
      <trkpt lat="34.17145" lon="-116.52627">
        <ele>1304.0</ele>
      </trkpt>
      <trkpt lat="34.1715" lon="-116.5263">
        <ele>1304.23</ele>
      </trkpt>
      <trkpt lat="34.17155" lon="-116.52633">
        <ele>1304.83</ele>
      </trkpt>
      <trkpt lat="34.17161" lon="-116.52636">
        <ele>1305.0</ele>
      </trkpt>
      <trkpt lat="34.17166" lon="-116.52639">
        <ele>1305.0</ele>
      </trkpt>
      <trkpt lat="34.17172" lon="-116.52641">
        <ele>1305.13</ele>
      </trkpt>
      <trkpt lat="34.17176" lon="-116.52646">
        <ele>1305.77</ele>
      </trkpt>
      <trkpt lat="34.17182" lon="-116.52649">
        <ele>1306.0</ele>
      </trkpt>
      <trkpt lat="34.17186" lon="-116.52653">
        <ele>1306.0</ele>
      </trkpt>
      <trkpt lat="34.17192" lon="-116.52656">
        <ele>1306.0</ele>
      </trkpt>
      <trkpt lat="34.17196" lon="-116.5266">
        <ele>1306.0</ele>
      </trkpt>
      <trkpt lat="34.17202" lon="-116.52663">
        <ele>1306.0</ele>
      </trkpt>
      <trkpt lat="34.17206" lon="-116.52667">
        <ele>1306.0</ele>
      </trkpt>
      <trkpt lat="34.17212" lon="-116.5267">
        <ele>1306.0</ele>
      </trkpt>
      <trkpt lat="34.17216" lon="-116.52674">
        <ele>1306.0</ele>
      </trkpt>
      <trkpt lat="34.17222" lon="-116.52677">
        <ele>1306.12</ele>
      </trkpt>
      <trkpt lat="34.17226" lon="-116.52682">
        <ele>1306.66</ele>
      </trkpt>
      <trkpt lat="34.17232" lon="-116.52684">
        <ele>1306.87</ele>
      </trkpt>
      <trkpt lat="34.17236" lon="-116.52689">
        <ele>1307.0</ele>
      </trkpt>
      <trkpt lat="34.17242" lon="-116.52692">
        <ele>1307.0</ele>
      </trkpt>
      <trkpt lat="34.17246" lon="-116.52696">
        <ele>1307.0</ele>
      </trkpt>
      <trkpt lat="34.17252" lon="-116.52699">
        <ele>1307.0</ele>
      </trkpt>
      <trkpt lat="34.17256" lon="-116.52703">
        <ele>1307.0</ele>
      </trkpt>
      <trkpt lat="34.17262" lon="-116.52706">
        <ele>1307.07</ele>
      </trkpt>
      <trkpt lat="34.17266" lon="-116.5271">
        <ele>1307.5</ele>
      </trkpt>
      <trkpt lat="34.17272" lon="-116.52713">
        <ele>1308.0</ele>
      </trkpt>
      <trkpt lat="34.17276" lon="-116.52717">
        <ele>1308.0</ele>
      </trkpt>
      <trkpt lat="34.17282" lon="-116.5272">
        <ele>1307.89</ele>
      </trkpt>
      <trkpt lat="34.17286" lon="-116.52725">
        <ele>1308.0</ele>
      </trkpt>
      <trkpt lat="34.17292" lon="-116.52727">
        <ele>1308.0</ele>
      </trkpt>
      <trkpt lat="34.17297" lon="-116.52732">
        <ele>1308.0</ele>
      </trkpt>
      <trkpt lat="34.17301" lon="-116.52736">
        <ele>1308.0</ele>
      </trkpt>
      <trkpt lat="34.17306" lon="-116.5274">
        <ele>1308.0</ele>
      </trkpt>
      <trkpt lat="34.17311" lon="-116.52745">
        <ele>1308.0</ele>
      </trkpt>
      <trkpt lat="34.17315" lon="-116.52749">
        <ele>1308.0</ele>
      </trkpt>
      <trkpt lat="34.1732" lon="-116.52753">
        <ele>1308.0</ele>
      </trkpt>
      <trkpt lat="34.17325" lon="-116.52756">
        <ele>1308.0</ele>
      </trkpt>
      <trkpt lat="34.1733" lon="-116.5276">
        <ele>1308.08</ele>
      </trkpt>
      <trkpt lat="34.17335" lon="-116.52763">
        <ele>1308.4</ele>
      </trkpt>
      <trkpt lat="34.1734" lon="-116.52768">
        <ele>1308.94</ele>
      </trkpt>
      <trkpt lat="34.17345" lon="-116.5277">
        <ele>1309.0</ele>
      </trkpt>
      <trkpt lat="34.1735" lon="-116.52775">
        <ele>1309.0</ele>
      </trkpt>
      <trkpt lat="34.17355" lon="-116.52778">
        <ele>1309.0</ele>
      </trkpt>
      <trkpt lat="34.1736" lon="-116.52782">
        <ele>1309.0</ele>
      </trkpt>
      <trkpt lat="34.17365" lon="-116.52785">
        <ele>1309.0</ele>
      </trkpt>
      <trkpt lat="34.1737" lon="-116.52789">
        <ele>1309.0</ele>
      </trkpt>
      <trkpt lat="34.17375" lon="-116.52792">
        <ele>1309.0</ele>
      </trkpt>
      <trkpt lat="34.1738" lon="-116.52796">
        <ele>1309.0</ele>
      </trkpt>
      <trkpt lat="34.17385" lon="-116.52799">
        <ele>1309.0</ele>
      </trkpt>
      <trkpt lat="34.1739" lon="-116.52803">
        <ele>1309.0</ele>
      </trkpt>
      <trkpt lat="34.17395" lon="-116.52808">
        <ele>1309.0</ele>
      </trkpt>
      <trkpt lat="34.17399" lon="-116.52812">
        <ele>1309.0</ele>
      </trkpt>
      <trkpt lat="34.17405" lon="-116.52815">
        <ele>1309.01</ele>
      </trkpt>
      <trkpt lat="34.17409" lon="-116.52819">
        <ele>1309.0</ele>
      </trkpt>
      <trkpt lat="34.17415" lon="-116.52822">
        <ele>1309.0</ele>
      </trkpt>
      <trkpt lat="34.1742" lon="-116.52825">
        <ele>1309.06</ele>
      </trkpt>
      <trkpt lat="34.17425" lon="-116.52828">
        <ele>1309.04</ele>
      </trkpt>
      <trkpt lat="34.1743" lon="-116.52832">
        <ele>1309.0</ele>
      </trkpt>
      <trkpt lat="34.17436" lon="-116.52835">
        <ele>1309.0</ele>
      </trkpt>
      <trkpt lat="34.1744" lon="-116.52839">
        <ele>1309.0</ele>
      </trkpt>
      <trkpt lat="34.17441" lon="-116.5284">
        <ele>1309.0</ele>
      </trkpt>
      <trkpt lat="34.17446" lon="-116.52842">
        <ele>1308.83</ele>
      </trkpt>
      <trkpt lat="34.1745" lon="-116.52846">
        <ele>1308.4</ele>
      </trkpt>
      <trkpt lat="34.17456" lon="-116.52849">
        <ele>1307.83</ele>
      </trkpt>
      <trkpt lat="34.1746" lon="-116.52854">
        <ele>1307.32</ele>
      </trkpt>
      <trkpt lat="34.17466" lon="-116.52856">
        <ele>1307.0</ele>
      </trkpt>
      <trkpt lat="34.1747" lon="-116.52861">
        <ele>1307.0</ele>
      </trkpt>
      <trkpt lat="34.17476" lon="-116.52864">
        <ele>1306.72</ele>
      </trkpt>
      <trkpt lat="34.1748" lon="-116.52868">
        <ele>1306.78</ele>
      </trkpt>
      <trkpt lat="34.17486" lon="-116.52871">
        <ele>1306.55</ele>
      </trkpt>
      <trkpt lat="34.1749" lon="-116.52875">
        <ele>1306.54</ele>
      </trkpt>
      <trkpt lat="34.17496" lon="-116.52878">
        <ele>1306.36</ele>
      </trkpt>
      <trkpt lat="34.175" lon="-116.52882">
        <ele>1306.26</ele>
      </trkpt>
      <trkpt lat="34.17506" lon="-116.52885">
        <ele>1306.58</ele>
      </trkpt>
      <trkpt lat="34.1751" lon="-116.52889">
        <ele>1306.92</ele>
      </trkpt>
      <trkpt lat="34.17516" lon="-116.52892">
        <ele>1306.52</ele>
      </trkpt>
      <trkpt lat="34.1752" lon="-116.52897">
        <ele>1306.88</ele>
      </trkpt>
      <trkpt lat="34.17525" lon="-116.52901">
        <ele>1307.0</ele>
      </trkpt>
      <trkpt lat="34.1753" lon="-116.52905">
        <ele>1307.0</ele>
      </trkpt>
      <trkpt lat="34.17534" lon="-116.52909">
        <ele>1307.06</ele>
      </trkpt>
      <trkpt lat="34.17539" lon="-116.52914">
        <ele>1307.0</ele>
      </trkpt>
      <trkpt lat="34.17544" lon="-116.52918">
        <ele>1307.0</ele>
      </trkpt>
      <trkpt lat="34.17549" lon="-116.52921">
        <ele>1307.0</ele>
      </trkpt>
      <trkpt lat="34.17554" lon="-116.52925">
        <ele>1307.0</ele>
      </trkpt>
      <trkpt lat="34.17558" lon="-116.5293">
        <ele>1306.85</ele>
      </trkpt>
      <trkpt lat="34.17563" lon="-116.52934">
        <ele>1306.9</ele>
      </trkpt>
      <trkpt lat="34.17568" lon="-116.52938">
        <ele>1306.66</ele>
      </trkpt>
      <trkpt lat="34.17572" lon="-116.52944">
        <ele>1306.22</ele>
      </trkpt>
      <trkpt lat="34.17576" lon="-116.52948">
        <ele>1306.3</ele>
      </trkpt>
      <trkpt lat="34.17581" lon="-116.52952">
        <ele>1306.21</ele>
      </trkpt>
      <trkpt lat="34.17585" lon="-116.52958">
        <ele>1306.38</ele>
      </trkpt>
      <trkpt lat="34.17589" lon="-116.52962">
        <ele>1306.35</ele>
      </trkpt>
      <trkpt lat="34.17594" lon="-116.52967">
        <ele>1306.37</ele>
      </trkpt>
      <trkpt lat="34.17599" lon="-116.52971">
        <ele>1306.27</ele>
      </trkpt>
      <trkpt lat="34.17604" lon="-116.52975">
        <ele>1306.23</ele>
      </trkpt>
      <trkpt lat="34.17608" lon="-116.5298">
        <ele>1306.28</ele>
      </trkpt>
      <trkpt lat="34.17613" lon="-116.52984">
        <ele>1306.0</ele>
      </trkpt>
      <trkpt lat="34.17618" lon="-116.52988">
        <ele>1306.0</ele>
      </trkpt>
      <trkpt lat="34.17622" lon="-116.52994">
        <ele>1306.0</ele>
      </trkpt>
      <trkpt lat="34.17626" lon="-116.52998">
        <ele>1306.0</ele>
      </trkpt>
      <trkpt lat="34.17631" lon="-116.53003">
        <ele>1305.9</ele>
      </trkpt>
      <trkpt lat="34.17635" lon="-116.53008">
        <ele>1305.92</ele>
      </trkpt>
      <trkpt lat="34.17639" lon="-116.53013">
        <ele>1306.0</ele>
      </trkpt>
      <trkpt lat="34.17644" lon="-116.53017">
        <ele>1306.0</ele>
      </trkpt>
      <trkpt lat="34.17648" lon="-116.53023">
        <ele>1306.48</ele>
      </trkpt>
      <trkpt lat="34.17653" lon="-116.53027">
        <ele>1306.44</ele>
      </trkpt>
      <trkpt lat="34.17657" lon="-116.53031">
        <ele>1306.38</ele>
      </trkpt>
      <trkpt lat="34.17662" lon="-116.53035">
        <ele>1306.78</ele>
      </trkpt>
      <trkpt lat="34.17667" lon="-116.5304">
        <ele>1307.0</ele>
      </trkpt>
      <trkpt lat="34.17671" lon="-116.53044">
        <ele>1307.0</ele>
      </trkpt>
      <trkpt lat="34.17676" lon="-116.53048">
        <ele>1307.0</ele>
      </trkpt>
      <trkpt lat="34.17681" lon="-116.53053">
        <ele>1307.0</ele>
      </trkpt>
      <trkpt lat="34.17685" lon="-116.53058">
        <ele>1307.26</ele>
      </trkpt>
      <trkpt lat="34.17689" lon="-116.53063">
        <ele>1307.8</ele>
      </trkpt>
      <trkpt lat="34.17694" lon="-116.53067">
        <ele>1308.0</ele>
      </trkpt>
      <trkpt lat="34.17699" lon="-116.53071">
        <ele>1308.0</ele>
      </trkpt>
      <trkpt lat="34.17703" lon="-116.53076">
        <ele>1308.21</ele>
      </trkpt>
      <trkpt lat="34.17708" lon="-116.5308">
        <ele>1308.64</ele>
      </trkpt>
      <trkpt lat="34.17712" lon="-116.53084">
        <ele>1309.0</ele>
      </trkpt>
      <trkpt lat="34.17717" lon="-116.53088">
        <ele>1309.0</ele>
      </trkpt>
      <trkpt lat="34.1772" lon="-116.53092">
        <ele>1309.0</ele>
      </trkpt>
      <trkpt lat="34.17721" lon="-116.53094">
        <ele>1309.0</ele>
      </trkpt>
      <trkpt lat="34.17726" lon="-116.53098">
        <ele>1309.0</ele>
      </trkpt>
      <trkpt lat="34.1773" lon="-116.53103">
        <ele>1309.12</ele>
      </trkpt>
      <trkpt lat="34.17734" lon="-116.53108">
        <ele>1309.48</ele>
      </trkpt>
      <trkpt lat="34.17739" lon="-116.53113">
        <ele>1309.35</ele>
      </trkpt>
      <trkpt lat="34.17744" lon="-116.53117">
        <ele>1309.64</ele>
      </trkpt>
      <trkpt lat="34.17748" lon="-116.53123">
        <ele>1310.0</ele>
      </trkpt>
      <trkpt lat="34.17752" lon="-116.53127">
        <ele>1310.0</ele>
      </trkpt>
      <trkpt lat="34.17757" lon="-116.53131">
        <ele>1310.0</ele>
      </trkpt>
      <trkpt lat="34.17761" lon="-116.53137">
        <ele>1310.0</ele>
      </trkpt>
      <trkpt lat="34.17766" lon="-116.53141">
        <ele>1310.0</ele>
      </trkpt>
      <trkpt lat="34.1777" lon="-116.53146">
        <ele>1310.0</ele>
      </trkpt>
      <trkpt lat="34.17774" lon="-116.53151">
        <ele>1310.0</ele>
      </trkpt>
      <trkpt lat="34.17779" lon="-116.53156">
        <ele>1310.0</ele>
      </trkpt>
      <trkpt lat="34.17784" lon="-116.5316">
        <ele>1310.09</ele>
      </trkpt>
      <trkpt lat="34.17788" lon="-116.53166">
        <ele>1310.0</ele>
      </trkpt>
      <trkpt lat="34.17792" lon="-116.53171">
        <ele>1310.0</ele>
      </trkpt>
      <trkpt lat="34.17796" lon="-116.53176">
        <ele>1310.0</ele>
      </trkpt>
      <trkpt lat="34.178" lon="-116.53181">
        <ele>1310.0</ele>
      </trkpt>
      <trkpt lat="34.17804" lon="-116.53187">
        <ele>1310.03</ele>
      </trkpt>
      <trkpt lat="34.17809" lon="-116.53191">
        <ele>1310.0</ele>
      </trkpt>
      <trkpt lat="34.17813" lon="-116.53196">
        <ele>1310.03</ele>
      </trkpt>
      <trkpt lat="34.17817" lon="-116.53201">
        <ele>1310.0</ele>
      </trkpt>
      <trkpt lat="34.17822" lon="-116.53206">
        <ele>1310.06</ele>
      </trkpt>
      <trkpt lat="34.17827" lon="-116.5321">
        <ele>1310.0</ele>
      </trkpt>
      <trkpt lat="34.17831" lon="-116.53216">
        <ele>1310.33</ele>
      </trkpt>
      <trkpt lat="34.17835" lon="-116.5322">
        <ele>1310.76</ele>
      </trkpt>
      <trkpt lat="34.1784" lon="-116.53224">
        <ele>1311.0</ele>
      </trkpt>
      <trkpt lat="34.17844" lon="-116.5323">
        <ele>1310.98</ele>
      </trkpt>
      <trkpt lat="34.17849" lon="-116.53234">
        <ele>1311.0</ele>
      </trkpt>
      <trkpt lat="34.17853" lon="-116.53239">
        <ele>1310.88</ele>
      </trkpt>
      <trkpt lat="34.17857" lon="-116.53244">
        <ele>1310.44</ele>
      </trkpt>
      <trkpt lat="34.17861" lon="-116.5325">
        <ele>1310.01</ele>
      </trkpt>
      <trkpt lat="34.17866" lon="-116.53254">
        <ele>1310.2</ele>
      </trkpt>
      <trkpt lat="34.1787" lon="-116.5326">
        <ele>1310.04</ele>
      </trkpt>
      <trkpt lat="34.17874" lon="-116.53266">
        <ele>1310.0</ele>
      </trkpt>
      <trkpt lat="34.17878" lon="-116.5327">
        <ele>1310.16</ele>
      </trkpt>
      <trkpt lat="34.17883" lon="-116.53274">
        <ele>1310.38</ele>
      </trkpt>
      <trkpt lat="34.17887" lon="-116.5328">
        <ele>1310.4</ele>
      </trkpt>
      <trkpt lat="34.17892" lon="-116.53284">
        <ele>1310.45</ele>
      </trkpt>
      <trkpt lat="34.17896" lon="-116.53289">
        <ele>1310.39</ele>
      </trkpt>
      <trkpt lat="34.179" lon="-116.53294">
        <ele>1310.6</ele>
      </trkpt>
      <trkpt lat="34.17905" lon="-116.53299">
        <ele>1310.48</ele>
      </trkpt>
      <trkpt lat="34.17909" lon="-116.53303">
        <ele>1310.6</ele>
      </trkpt>
      <trkpt lat="34.17914" lon="-116.53309">
        <ele>1310.55</ele>
      </trkpt>
      <trkpt lat="34.17918" lon="-116.53313">
        <ele>1310.69</ele>
      </trkpt>
      <trkpt lat="34.17923" lon="-116.53317">
        <ele>1310.32</ele>
      </trkpt>
      <trkpt lat="34.17927" lon="-116.53323">
        <ele>1310.0</ele>
      </trkpt>
      <trkpt lat="34.17931" lon="-116.53329">
        <ele>1310.24</ele>
      </trkpt>
      <trkpt lat="34.17935" lon="-116.53333">
        <ele>1310.02</ele>
      </trkpt>
      <trkpt lat="34.17939" lon="-116.53339">
        <ele>1310.36</ele>
      </trkpt>
      <trkpt lat="34.17943" lon="-116.53345">
        <ele>1310.38</ele>
      </trkpt>
      <trkpt lat="34.17948" lon="-116.53349">
        <ele>1310.43</ele>
      </trkpt>
      <trkpt lat="34.17953" lon="-116.53353">
        <ele>1310.19</ele>
      </trkpt>
      <trkpt lat="34.17956" lon="-116.53358">
        <ele>1310.5</ele>
      </trkpt>
      <trkpt lat="34.17957" lon="-116.53359">
        <ele>1310.5</ele>
      </trkpt>
      <trkpt lat="34.17961" lon="-116.53363">
        <ele>1310.37</ele>
      </trkpt>
      <trkpt lat="34.17966" lon="-116.53367">
        <ele>1310.43</ele>
      </trkpt>
      <trkpt lat="34.1797" lon="-116.53373">
        <ele>1310.46</ele>
      </trkpt>
      <trkpt lat="34.17974" lon="-116.53377">
        <ele>1310.58</ele>
      </trkpt>
      <trkpt lat="34.17979" lon="-116.53382">
        <ele>1310.46</ele>
      </trkpt>
      <trkpt lat="34.17983" lon="-116.53387">
        <ele>1310.67</ele>
      </trkpt>
      <trkpt lat="34.17988" lon="-116.53392">
        <ele>1310.53</ele>
      </trkpt>
      <trkpt lat="34.17992" lon="-116.53396">
        <ele>1310.77</ele>
      </trkpt>
      <trkpt lat="34.17996" lon="-116.53402">
        <ele>1311.0</ele>
      </trkpt>
      <trkpt lat="34.18" lon="-116.53408">
        <ele>1311.0</ele>
      </trkpt>
      <trkpt lat="34.18005" lon="-116.53412">
        <ele>1311.0</ele>
      </trkpt>
      <trkpt lat="34.18009" lon="-116.53418">
        <ele>1311.0</ele>
      </trkpt>
      <trkpt lat="34.18013" lon="-116.53423">
        <ele>1311.0</ele>
      </trkpt>
      <trkpt lat="34.18018" lon="-116.53428">
        <ele>1311.01</ele>
      </trkpt>
      <trkpt lat="34.18022" lon="-116.53432">
        <ele>1311.0</ele>
      </trkpt>
      <trkpt lat="34.18026" lon="-116.53438">
        <ele>1311.3</ele>
      </trkpt>
      <trkpt lat="34.18031" lon="-116.53442">
        <ele>1311.48</ele>
      </trkpt>
      <trkpt lat="34.18036" lon="-116.53446">
        <ele>1311.26</ele>
      </trkpt>
      <trkpt lat="34.18039" lon="-116.53452">
        <ele>1311.82</ele>
      </trkpt>
      <trkpt lat="34.18044" lon="-116.53456">
        <ele>1312.0</ele>
      </trkpt>
      <trkpt lat="34.18049" lon="-116.5346">
        <ele>1311.91</ele>
      </trkpt>
      <trkpt lat="34.18053" lon="-116.53466">
        <ele>1312.0</ele>
      </trkpt>
      <trkpt lat="34.18057" lon="-116.5347">
        <ele>1311.96</ele>
      </trkpt>
      <trkpt lat="34.18062" lon="-116.53475">
        <ele>1312.09</ele>
      </trkpt>
      <trkpt lat="34.18066" lon="-116.5348">
        <ele>1312.0</ele>
      </trkpt>
      <trkpt lat="34.1807" lon="-116.53486">
        <ele>1312.49</ele>
      </trkpt>
      <trkpt lat="34.18075" lon="-116.53491">
        <ele>1312.9</ele>
      </trkpt>
      <trkpt lat="34.18078" lon="-116.53497">
        <ele>1312.86</ele>
      </trkpt>
      <trkpt lat="34.18083" lon="-116.53501">
        <ele>1313.0</ele>
      </trkpt>
      <trkpt lat="34.18088" lon="-116.53505">
        <ele>1313.0</ele>
      </trkpt>
      <trkpt lat="34.18093" lon="-116.53508">
        <ele>1312.99</ele>
      </trkpt>
      <trkpt lat="34.18097" lon="-116.53515">
        <ele>1313.32</ele>
      </trkpt>
      <trkpt lat="34.18101" lon="-116.53519">
        <ele>1313.14</ele>
      </trkpt>
      <trkpt lat="34.18105" lon="-116.53525">
        <ele>1313.46</ele>
      </trkpt>
      <trkpt lat="34.18109" lon="-116.53531">
        <ele>1313.5</ele>
      </trkpt>
      <trkpt lat="34.18114" lon="-116.53535">
        <ele>1313.54</ele>
      </trkpt>
      <trkpt lat="34.18118" lon="-116.53539">
        <ele>1313.26</ele>
      </trkpt>
      <trkpt lat="34.18122" lon="-116.53545">
        <ele>1312.82</ele>
      </trkpt>
      <trkpt lat="34.18127" lon="-116.53549">
        <ele>1312.58</ele>
      </trkpt>
      <trkpt lat="34.18132" lon="-116.53553">
        <ele>1312.47</ele>
      </trkpt>
      <trkpt lat="34.18136" lon="-116.53559">
        <ele>1312.31</ele>
      </trkpt>
      <trkpt lat="34.1814" lon="-116.53563">
        <ele>1311.88</ele>
      </trkpt>
      <trkpt lat="34.18145" lon="-116.53568">
        <ele>1311.34</ele>
      </trkpt>
      <trkpt lat="34.18149" lon="-116.53574">
        <ele>1311.0</ele>
      </trkpt>
      <trkpt lat="34.18153" lon="-116.53578">
        <ele>1311.2</ele>
      </trkpt>
      <trkpt lat="34.18158" lon="-116.53582">
        <ele>1310.94</ele>
      </trkpt>
      <trkpt lat="34.18162" lon="-116.53588">
        <ele>1310.75</ele>
      </trkpt>
      <trkpt lat="34.18167" lon="-116.53592">
        <ele>1310.9</ele>
      </trkpt>
      <trkpt lat="34.18171" lon="-116.53596">
        <ele>1310.7</ele>
      </trkpt>
      <trkpt lat="34.18175" lon="-116.53602">
        <ele>1311.0</ele>
      </trkpt>
      <trkpt lat="34.18179" lon="-116.53608">
        <ele>1310.67</ele>
      </trkpt>
      <trkpt lat="34.18183" lon="-116.53614">
        <ele>1310.47</ele>
      </trkpt>
      <trkpt lat="34.18187" lon="-116.53621">
        <ele>1311.05</ele>
      </trkpt>
      <trkpt lat="34.1819" lon="-116.53628">
        <ele>1311.4</ele>
      </trkpt>
      <trkpt lat="34.18194" lon="-116.53634">
        <ele>1311.52</ele>
      </trkpt>
      <trkpt lat="34.18198" lon="-116.53639">
        <ele>1312.01</ele>
      </trkpt>
      <trkpt lat="34.18202" lon="-116.53645">
        <ele>1312.12</ele>
      </trkpt>
      <trkpt lat="34.18206" lon="-116.53651">
        <ele>1312.31</ele>
      </trkpt>
      <trkpt lat="34.1821" lon="-116.53656">
        <ele>1312.85</ele>
      </trkpt>
      <trkpt lat="34.18213" lon="-116.53664">
        <ele>1313.0</ele>
      </trkpt>
      <trkpt lat="34.18216" lon="-116.53671">
        <ele>1313.31</ele>
      </trkpt>
      <trkpt lat="34.18219" lon="-116.53678">
        <ele>1313.57</ele>
      </trkpt>
      <trkpt lat="34.18223" lon="-116.53685">
        <ele>1313.98</ele>
      </trkpt>
      <trkpt lat="34.18226" lon="-116.53692">
        <ele>1314.0</ele>
      </trkpt>
      <trkpt lat="34.18229" lon="-116.53699">
        <ele>1314.13</ele>
      </trkpt>
      <trkpt lat="34.18233" lon="-116.53705">
        <ele>1314.0</ele>
      </trkpt>
      <trkpt lat="34.18237" lon="-116.53711">
        <ele>1314.0</ele>
      </trkpt>
      <trkpt lat="34.18241" lon="-116.53717">
        <ele>1313.97</ele>
      </trkpt>
      <trkpt lat="34.18245" lon="-116.53722">
        <ele>1313.54</ele>
      </trkpt>
      <trkpt lat="34.18249" lon="-116.53728">
        <ele>1313.66</ele>
      </trkpt>
      <trkpt lat="34.18252" lon="-116.53735">
        <ele>1313.78</ele>
      </trkpt>
      <trkpt lat="34.18255" lon="-116.53742">
        <ele>1313.46</ele>
      </trkpt>
      <trkpt lat="34.18259" lon="-116.53749">
        <ele>1313.03</ele>
      </trkpt>
      <trkpt lat="34.18262" lon="-116.53757">
        <ele>1313.0</ele>
      </trkpt>
      <trkpt lat="34.18266" lon="-116.53762">
        <ele>1313.08</ele>
      </trkpt>
      <trkpt lat="34.1827" lon="-116.53768">
        <ele>1313.0</ele>
      </trkpt>
      <trkpt lat="34.18274" lon="-116.53774">
        <ele>1313.0</ele>
      </trkpt>
      <trkpt lat="34.18278" lon="-116.53779">
        <ele>1312.98</ele>
      </trkpt>
      <trkpt lat="34.18279" lon="-116.53782">
        <ele>1312.87</ele>
      </trkpt>
      <trkpt lat="34.18282" lon="-116.53785">
        <ele>1312.54</ele>
      </trkpt>
      <trkpt lat="34.18285" lon="-116.53792">
        <ele>1312.64</ele>
      </trkpt>
      <trkpt lat="34.18288" lon="-116.53799">
        <ele>1312.9</ele>
      </trkpt>
      <trkpt lat="34.18291" lon="-116.53807">
        <ele>1312.57</ele>
      </trkpt>
      <trkpt lat="34.18295" lon="-116.53814">
        <ele>1312.14</ele>
      </trkpt>
      <trkpt lat="34.18298" lon="-116.53821">
        <ele>1312.55</ele>
      </trkpt>
      <trkpt lat="34.18302" lon="-116.53827">
        <ele>1312.38</ele>
      </trkpt>
      <trkpt lat="34.18306" lon="-116.53832">
        <ele>1312.0</ele>
      </trkpt>
      <trkpt lat="34.1831" lon="-116.53838">
        <ele>1312.0</ele>
      </trkpt>
      <trkpt lat="34.18314" lon="-116.53844">
        <ele>1312.01</ele>
      </trkpt>
      <trkpt lat="34.18318" lon="-116.53849">
        <ele>1312.0</ele>
      </trkpt>
      <trkpt lat="34.18321" lon="-116.53857">
        <ele>1312.0</ele>
      </trkpt>
      <trkpt lat="34.18324" lon="-116.53864">
        <ele>1312.0</ele>
      </trkpt>
      <trkpt lat="34.18327" lon="-116.53871">
        <ele>1312.0</ele>
      </trkpt>
      <trkpt lat="34.18329" lon="-116.53878">
        <ele>1312.0</ele>
      </trkpt>
      <trkpt lat="34.18331" lon="-116.53885">
        <ele>1312.0</ele>
      </trkpt>
      <trkpt lat="34.18333" lon="-116.53892">
        <ele>1312.0</ele>
      </trkpt>
      <trkpt lat="34.18335" lon="-116.53899">
        <ele>1312.0</ele>
      </trkpt>
      <trkpt lat="34.18337" lon="-116.53907">
        <ele>1312.0</ele>
      </trkpt>
      <trkpt lat="34.1834" lon="-116.53914">
        <ele>1312.51</ele>
      </trkpt>
      <trkpt lat="34.18342" lon="-116.53921">
        <ele>1312.97</ele>
      </trkpt>
      <trkpt lat="34.18344" lon="-116.53928">
        <ele>1313.34</ele>
      </trkpt>
      <trkpt lat="34.18346" lon="-116.53935">
        <ele>1313.99</ele>
      </trkpt>
      <trkpt lat="34.18348" lon="-116.53942">
        <ele>1314.0</ele>
      </trkpt>
      <trkpt lat="34.1835" lon="-116.53949">
        <ele>1314.39</ele>
      </trkpt>
      <trkpt lat="34.18351" lon="-116.53957">
        <ele>1314.94</ele>
      </trkpt>
      <trkpt lat="34.18353" lon="-116.53964">
        <ele>1315.01</ele>
      </trkpt>
      <trkpt lat="34.18355" lon="-116.53971">
        <ele>1315.3</ele>
      </trkpt>
      <trkpt lat="34.18357" lon="-116.53978">
        <ele>1315.83</ele>
      </trkpt>
      <trkpt lat="34.18359" lon="-116.53985">
        <ele>1316.0</ele>
      </trkpt>
      <trkpt lat="34.18361" lon="-116.53992">
        <ele>1316.14</ele>
      </trkpt>
      <trkpt lat="34.18363" lon="-116.53999">
        <ele>1316.91</ele>
      </trkpt>
      <trkpt lat="34.18365" lon="-116.54007">
        <ele>1317.0</ele>
      </trkpt>
      <trkpt lat="34.18367" lon="-116.54014">
        <ele>1317.51</ele>
      </trkpt>
      <trkpt lat="34.18368" lon="-116.54021">
        <ele>1318.2</ele>
      </trkpt>
      <trkpt lat="34.1837" lon="-116.54028">
        <ele>1318.96</ele>
      </trkpt>
      <trkpt lat="34.18372" lon="-116.54035">
        <ele>1319.14</ele>
      </trkpt>
      <trkpt lat="34.18374" lon="-116.54042">
        <ele>1319.93</ele>
      </trkpt>
      <trkpt lat="34.18376" lon="-116.54049">
        <ele>1320.72</ele>
      </trkpt>
      <trkpt lat="34.18378" lon="-116.54057">
        <ele>1321.16</ele>
      </trkpt>
      <trkpt lat="34.1838" lon="-116.54064">
        <ele>1321.99</ele>
      </trkpt>
      <trkpt lat="34.1838" lon="-116.54064">
        <ele>1321.99</ele>
      </trkpt>
      <trkpt lat="34.18382" lon="-116.54071">
        <ele>1323.01</ele>
      </trkpt>
      <trkpt lat="34.18384" lon="-116.54078">
        <ele>1323.92</ele>
      </trkpt>
      <trkpt lat="34.18385" lon="-116.54085">
        <ele>1324.52</ele>
      </trkpt>
      <trkpt lat="34.18387" lon="-116.54092">
        <ele>1324.95</ele>
      </trkpt>
      <trkpt lat="34.18391" lon="-116.54099">
        <ele>1325.0</ele>
      </trkpt>
      <trkpt lat="34.18394" lon="-116.54107">
        <ele>1324.75</ele>
      </trkpt>
      <trkpt lat="34.18396" lon="-116.54114">
        <ele>1324.77</ele>
      </trkpt>
      <trkpt lat="34.18397" lon="-116.54121">
        <ele>1324.88</ele>
      </trkpt>
      <trkpt lat="34.18399" lon="-116.54128">
        <ele>1325.09</ele>
      </trkpt>
      <trkpt lat="34.18401" lon="-116.54135">
        <ele>1325.31</ele>
      </trkpt>
      <trkpt lat="34.18403" lon="-116.54142">
        <ele>1325.52</ele>
      </trkpt>
      <trkpt lat="34.18406" lon="-116.54149">
        <ele>1325.85</ele>
      </trkpt>
      <trkpt lat="34.1841" lon="-116.54155">
        <ele>1326.28</ele>
      </trkpt>
      <trkpt lat="34.18414" lon="-116.54161">
        <ele>1326.71</ele>
      </trkpt>
      <trkpt lat="34.18418" lon="-116.54167">
        <ele>1327.14</ele>
      </trkpt>
      <trkpt lat="34.18422" lon="-116.54172">
        <ele>1327.58</ele>
      </trkpt>
      <trkpt lat="34.18426" lon="-116.54178">
        <ele>1328.01</ele>
      </trkpt>
      <trkpt lat="34.18429" lon="-116.54185">
        <ele>1328.33</ele>
      </trkpt>
      <trkpt lat="34.18433" lon="-116.54192">
        <ele>1328.2</ele>
      </trkpt>
      <trkpt lat="34.18436" lon="-116.54199">
        <ele>1328.09</ele>
      </trkpt>
      <trkpt lat="34.1844" lon="-116.54205">
        <ele>1328.52</ele>
      </trkpt>
      <trkpt lat="34.18444" lon="-116.54211">
        <ele>1328.95</ele>
      </trkpt>
      <trkpt lat="34.18448" lon="-116.54217">
        <ele>1328.73</ele>
      </trkpt>
      <trkpt lat="34.18452" lon="-116.54222">
        <ele>1328.82</ele>
      </trkpt>
      <trkpt lat="34.18456" lon="-116.54228">
        <ele>1329.09</ele>
      </trkpt>
      <trkpt lat="34.18459" lon="-116.54235">
        <ele>1329.0</ele>
      </trkpt>
      <trkpt lat="34.18462" lon="-116.54242">
        <ele>1328.99</ele>
      </trkpt>
      <trkpt lat="34.18466" lon="-116.54248">
        <ele>1329.0</ele>
      </trkpt>
      <trkpt lat="34.18467" lon="-116.54249">
        <ele>1329.0</ele>
      </trkpt>
      <trkpt lat="34.1847" lon="-116.54254">
        <ele>1329.0</ele>
      </trkpt>
      <trkpt lat="34.18474" lon="-116.5426">
        <ele>1329.0</ele>
      </trkpt>
      <trkpt lat="34.18478" lon="-116.54265">
        <ele>1329.0</ele>
      </trkpt>
      <trkpt lat="34.18482" lon="-116.54271">
        <ele>1329.0</ele>
      </trkpt>
      <trkpt lat="34.18486" lon="-116.54277">
        <ele>1329.0</ele>
      </trkpt>
      <trkpt lat="34.1849" lon="-116.54282">
        <ele>1328.96</ele>
      </trkpt>
      <trkpt lat="34.18494" lon="-116.54288">
        <ele>1329.0</ele>
      </trkpt>
      <trkpt lat="34.18498" lon="-116.54294">
        <ele>1329.0</ele>
      </trkpt>
      <trkpt lat="34.18502" lon="-116.54298">
        <ele>1329.0</ele>
      </trkpt>
      <trkpt lat="34.18506" lon="-116.54304">
        <ele>1329.0</ele>
      </trkpt>
      <trkpt lat="34.1851" lon="-116.5431">
        <ele>1329.0</ele>
      </trkpt>
      <trkpt lat="34.18515" lon="-116.54314">
        <ele>1329.0</ele>
      </trkpt>
      <trkpt lat="34.1852" lon="-116.54318">
        <ele>1329.06</ele>
      </trkpt>
      <trkpt lat="34.18524" lon="-116.54324">
        <ele>1329.59</ele>
      </trkpt>
      <trkpt lat="34.18528" lon="-116.54328">
        <ele>1330.0</ele>
      </trkpt>
      <trkpt lat="34.18533" lon="-116.54332">
        <ele>1330.0</ele>
      </trkpt>
      <trkpt lat="34.18538" lon="-116.54337">
        <ele>1330.1</ele>
      </trkpt>
      <trkpt lat="34.18542" lon="-116.54341">
        <ele>1330.54</ele>
      </trkpt>
      <trkpt lat="34.18547" lon="-116.54345">
        <ele>1331.08</ele>
      </trkpt>
      <trkpt lat="34.18552" lon="-116.5435">
        <ele>1331.62</ele>
      </trkpt>
      <trkpt lat="34.18556" lon="-116.54354">
        <ele>1332.0</ele>
      </trkpt>
      <trkpt lat="34.18561" lon="-116.54358">
        <ele>1332.0</ele>
      </trkpt>
      <trkpt lat="34.18565" lon="-116.54363">
        <ele>1332.02</ele>
      </trkpt>
      <trkpt lat="34.1857" lon="-116.54367">
        <ele>1332.56</ele>
      </trkpt>
      <trkpt lat="34.18575" lon="-116.54371">
        <ele>1333.16</ele>
      </trkpt>
      <trkpt lat="34.1858" lon="-116.54375">
        <ele>1333.82</ele>
      </trkpt>
      <trkpt lat="34.18584" lon="-116.5438">
        <ele>1334.07</ele>
      </trkpt>
      <trkpt lat="34.18589" lon="-116.54384">
        <ele>1334.61</ele>
      </trkpt>
      <trkpt lat="34.18594" lon="-116.54387">
        <ele>1335.18</ele>
      </trkpt>
      <trkpt lat="34.18599" lon="-116.54391">
        <ele>1335.76</ele>
      </trkpt>
      <trkpt lat="34.18603" lon="-116.54395">
        <ele>1336.12</ele>
      </trkpt>
      <trkpt lat="34.18608" lon="-116.544">
        <ele>1336.86</ele>
      </trkpt>
      <trkpt lat="34.18613" lon="-116.54404">
        <ele>1337.91</ele>
      </trkpt>
      <trkpt lat="34.18618" lon="-116.54408">
        <ele>1338.7</ele>
      </trkpt>
      <trkpt lat="34.18622" lon="-116.54413">
        <ele>1338.5</ele>
      </trkpt>
      <trkpt lat="34.18628" lon="-116.54416">
        <ele>1338.84</ele>
      </trkpt>
      <trkpt lat="34.18632" lon="-116.5442">
        <ele>1339.16</ele>
      </trkpt>
      <trkpt lat="34.18638" lon="-116.54423">
        <ele>1339.29</ele>
      </trkpt>
      <trkpt lat="34.18642" lon="-116.54427">
        <ele>1339.0</ele>
      </trkpt>
      <trkpt lat="34.18648" lon="-116.5443">
        <ele>1339.0</ele>
      </trkpt>
      <trkpt lat="34.18653" lon="-116.54433">
        <ele>1339.52</ele>
      </trkpt>
      <trkpt lat="34.18658" lon="-116.54436">
        <ele>1339.92</ele>
      </trkpt>
      <trkpt lat="34.18664" lon="-116.54439">
        <ele>1339.88</ele>
      </trkpt>
      <trkpt lat="34.1867" lon="-116.5444">
        <ele>1340.0</ele>
      </trkpt>
      <trkpt lat="34.18675" lon="-116.54443">
        <ele>1340.0</ele>
      </trkpt>
      <trkpt lat="34.18681" lon="-116.54446">
        <ele>1340.55</ele>
      </trkpt>
      <trkpt lat="34.18686" lon="-116.54447">
        <ele>1341.0</ele>
      </trkpt>
      <trkpt lat="34.18692" lon="-116.5445">
        <ele>1341.0</ele>
      </trkpt>
      <trkpt lat="34.18694" lon="-116.54451">
        <ele>1341.0</ele>
      </trkpt>
      <trkpt lat="34.18697" lon="-116.54453">
        <ele>1341.02</ele>
      </trkpt>
      <trkpt lat="34.18703" lon="-116.54454">
        <ele>1341.0</ele>
      </trkpt>
      <trkpt lat="34.18709" lon="-116.54456">
        <ele>1341.57</ele>
      </trkpt>
      <trkpt lat="34.18715" lon="-116.54459">
        <ele>1342.0</ele>
      </trkpt>
      <trkpt lat="34.18721" lon="-116.5446">
        <ele>1342.0</ele>
      </trkpt>
      <trkpt lat="34.18727" lon="-116.54462">
        <ele>1342.0</ele>
      </trkpt>
      <trkpt lat="34.18733" lon="-116.54463">
        <ele>1342.0</ele>
      </trkpt>
      <trkpt lat="34.18738" lon="-116.54466">
        <ele>1342.0</ele>
      </trkpt>
      <trkpt lat="34.18744" lon="-116.54467">
        <ele>1341.85</ele>
      </trkpt>
      <trkpt lat="34.18751" lon="-116.54469">
        <ele>1341.31</ele>
      </trkpt>
      <trkpt lat="34.18757" lon="-116.5447">
        <ele>1341.06</ele>
      </trkpt>
      <trkpt lat="34.18762" lon="-116.54473">
        <ele>1341.0</ele>
      </trkpt>
      <trkpt lat="34.18768" lon="-116.54475">
        <ele>1341.0</ele>
      </trkpt>
      <trkpt lat="34.18774" lon="-116.54476">
        <ele>1340.65</ele>
      </trkpt>
      <trkpt lat="34.1878" lon="-116.54477">
        <ele>1340.39</ele>
      </trkpt>
      <trkpt lat="34.18786" lon="-116.5448">
        <ele>1340.09</ele>
      </trkpt>
      <trkpt lat="34.18792" lon="-116.54482">
        <ele>1339.49</ele>
      </trkpt>
      <trkpt lat="34.18798" lon="-116.54483">
        <ele>1339.13</ele>
      </trkpt>
      <trkpt lat="34.18804" lon="-116.54485">
        <ele>1339.06</ele>
      </trkpt>
      <trkpt lat="34.18809" lon="-116.54487">
        <ele>1338.63</ele>
      </trkpt>
      <trkpt lat="34.18815" lon="-116.54489">
        <ele>1338.0</ele>
      </trkpt>
      <trkpt lat="34.18821" lon="-116.5449">
        <ele>1337.95</ele>
      </trkpt>
      <trkpt lat="34.18827" lon="-116.54493">
        <ele>1337.68</ele>
      </trkpt>
      <trkpt lat="34.18832" lon="-116.54496">
        <ele>1337.14</ele>
      </trkpt>
      <trkpt lat="34.18838" lon="-116.54498">
        <ele>1337.0</ele>
      </trkpt>
      <trkpt lat="34.18844" lon="-116.54499">
        <ele>1336.85</ele>
      </trkpt>
      <trkpt lat="34.1885" lon="-116.54502">
        <ele>1336.2</ele>
      </trkpt>
      <trkpt lat="34.18856" lon="-116.54503">
        <ele>1336.0</ele>
      </trkpt>
      <trkpt lat="34.18862" lon="-116.54505">
        <ele>1335.9</ele>
      </trkpt>
      <trkpt lat="34.18868" lon="-116.54506">
        <ele>1335.26</ele>
      </trkpt>
      <trkpt lat="34.18873" lon="-116.54509">
        <ele>1335.0</ele>
      </trkpt>
      <trkpt lat="34.18879" lon="-116.54511">
        <ele>1335.01</ele>
      </trkpt>
      <trkpt lat="34.18885" lon="-116.54512">
        <ele>1334.59</ele>
      </trkpt>
      <trkpt lat="34.18891" lon="-116.54513">
        <ele>1334.31</ele>
      </trkpt>
      <trkpt lat="34.18897" lon="-116.54516">
        <ele>1334.09</ele>
      </trkpt>
      <trkpt lat="34.18903" lon="-116.54518">
        <ele>1333.97</ele>
      </trkpt>
      <trkpt lat="34.18909" lon="-116.54519">
        <ele>1333.83</ele>
      </trkpt>
      <trkpt lat="34.18915" lon="-116.54521">
        <ele>1333.18</ele>
      </trkpt>
      <trkpt lat="34.1892" lon="-116.54524">
        <ele>1333.21</ele>
      </trkpt>
      <trkpt lat="34.18926" lon="-116.54525">
        <ele>1333.7</ele>
      </trkpt>
      <trkpt lat="34.18932" lon="-116.54526">
        <ele>1333.93</ele>
      </trkpt>
      <trkpt lat="34.18939" lon="-116.54528">
        <ele>1334.02</ele>
      </trkpt>
      <trkpt lat="34.18944" lon="-116.54531">
        <ele>1334.35</ele>
      </trkpt>
      <trkpt lat="34.1895" lon="-116.54532">
        <ele>1335.06</ele>
      </trkpt>
      <trkpt lat="34.18956" lon="-116.54534">
        <ele>1335.84</ele>
      </trkpt>
      <trkpt lat="34.18962" lon="-116.54535">
        <ele>1336.48</ele>
      </trkpt>
      <trkpt lat="34.18968" lon="-116.54538">
        <ele>1337.1</ele>
      </trkpt>
      <trkpt lat="34.18974" lon="-116.54539">
        <ele>1337.25</ele>
      </trkpt>
      <trkpt lat="34.1898" lon="-116.54541">
        <ele>1337.79</ele>
      </trkpt>
      <trkpt lat="34.18985" lon="-116.54544">
        <ele>1338.6</ele>
      </trkpt>
      <trkpt lat="34.1899" lon="-116.54547">
        <ele>1339.08</ele>
      </trkpt>
      <trkpt lat="34.18996" lon="-116.54548">
        <ele>1338.62</ele>
      </trkpt>
      <trkpt lat="34.19002" lon="-116.54551">
        <ele>1338.51</ele>
      </trkpt>
      <trkpt lat="34.19007" lon="-116.54554">
        <ele>1338.83</ele>
      </trkpt>
      <trkpt lat="34.19013" lon="-116.54557">
        <ele>1338.66</ele>
      </trkpt>
      <trkpt lat="34.19018" lon="-116.5456">
        <ele>1338.51</ele>
      </trkpt>
      <trkpt lat="34.19023" lon="-116.54562">
        <ele>1338.36</ele>
      </trkpt>
      <trkpt lat="34.19029" lon="-116.54565">
        <ele>1338.02</ele>
      </trkpt>
      <trkpt lat="34.19034" lon="-116.54568">
        <ele>1338.34</ele>
      </trkpt>
      <trkpt lat="34.1904" lon="-116.5457">
        <ele>1338.24</ele>
      </trkpt>
      <trkpt lat="34.19046" lon="-116.54572">
        <ele>1337.81</ele>
      </trkpt>
      <trkpt lat="34.19051" lon="-116.54575">
        <ele>1338.05</ele>
      </trkpt>
      <trkpt lat="34.19056" lon="-116.54578">
        <ele>1338.0</ele>
      </trkpt>
      <trkpt lat="34.19062" lon="-116.54581">
        <ele>1338.0</ele>
      </trkpt>
      <trkpt lat="34.19066" lon="-116.54585">
        <ele>1338.0</ele>
      </trkpt>
      <trkpt lat="34.19073" lon="-116.54585">
        <ele>1338.0</ele>
      </trkpt>
      <trkpt lat="34.19078" lon="-116.54588">
        <ele>1338.0</ele>
      </trkpt>
      <trkpt lat="34.19084" lon="-116.5459">
        <ele>1338.0</ele>
      </trkpt>
      <trkpt lat="34.19091" lon="-116.54591">
        <ele>1338.0</ele>
      </trkpt>
      <trkpt lat="34.19096" lon="-116.54594">
        <ele>1338.15</ele>
      </trkpt>
      <trkpt lat="34.19101" lon="-116.54597">
        <ele>1338.48</ele>
      </trkpt>
      <trkpt lat="34.19107" lon="-116.54598">
        <ele>1338.26</ele>
      </trkpt>
      <trkpt lat="34.19113" lon="-116.546">
        <ele>1338.16</ele>
      </trkpt>
      <trkpt lat="34.19119" lon="-116.54601">
        <ele>1338.77</ele>
      </trkpt>
      <trkpt lat="34.19126" lon="-116.54601">
        <ele>1338.91</ele>
      </trkpt>
      <trkpt lat="34.19132" lon="-116.54603">
        <ele>1339.0</ele>
      </trkpt>
      <trkpt lat="34.19138" lon="-116.54604">
        <ele>1339.0</ele>
      </trkpt>
      <trkpt lat="34.19144" lon="-116.54606">
        <ele>1339.0</ele>
      </trkpt>
      <trkpt lat="34.19151" lon="-116.54607">
        <ele>1339.0</ele>
      </trkpt>
      <trkpt lat="34.19157" lon="-116.54609">
        <ele>1339.0</ele>
      </trkpt>
      <trkpt lat="34.19163" lon="-116.54609">
        <ele>1339.0</ele>
      </trkpt>
      <trkpt lat="34.1917" lon="-116.54609">
        <ele>1339.0</ele>
      </trkpt>
      <trkpt lat="34.19177" lon="-116.54609">
        <ele>1339.0</ele>
      </trkpt>
      <trkpt lat="34.19184" lon="-116.54609">
        <ele>1339.0</ele>
      </trkpt>
      <trkpt lat="34.19191" lon="-116.54609">
        <ele>1339.63</ele>
      </trkpt>
      <trkpt lat="34.19197" lon="-116.54609">
        <ele>1340.28</ele>
      </trkpt>
      <trkpt lat="34.19204" lon="-116.54609">
        <ele>1341.0</ele>
      </trkpt>
      <trkpt lat="34.19211" lon="-116.54609">
        <ele>1341.0</ele>
      </trkpt>
      <trkpt lat="34.19218" lon="-116.54609">
        <ele>1341.54</ele>
      </trkpt>
      <trkpt lat="34.19224" lon="-116.54609">
        <ele>1342.19</ele>
      </trkpt>
      <trkpt lat="34.19231" lon="-116.54609">
        <ele>1342.95</ele>
      </trkpt>
      <trkpt lat="34.19238" lon="-116.54609">
        <ele>1343.0</ele>
      </trkpt>
      <trkpt lat="34.19245" lon="-116.54609">
        <ele>1343.0</ele>
      </trkpt>
      <trkpt lat="34.19252" lon="-116.54609">
        <ele>1343.05</ele>
      </trkpt>
      <trkpt lat="34.19258" lon="-116.54609">
        <ele>1343.2</ele>
      </trkpt>
      <trkpt lat="34.19265" lon="-116.54609">
        <ele>1343.71</ele>
      </trkpt>
      <trkpt lat="34.19272" lon="-116.54609">
        <ele>1344.0</ele>
      </trkpt>
      <trkpt lat="34.19279" lon="-116.54609">
        <ele>1344.0</ele>
      </trkpt>
      <trkpt lat="34.19285" lon="-116.54609">
        <ele>1344.0</ele>
      </trkpt>
      <trkpt lat="34.19292" lon="-116.54609">
        <ele>1344.0</ele>
      </trkpt>
      <trkpt lat="34.19299" lon="-116.54609">
        <ele>1344.0</ele>
      </trkpt>
      <trkpt lat="34.19306" lon="-116.54609">
        <ele>1344.0</ele>
      </trkpt>
      <trkpt lat="34.19313" lon="-116.54609">
        <ele>1344.0</ele>
      </trkpt>
      <trkpt lat="34.19319" lon="-116.54609">
        <ele>1344.45</ele>
      </trkpt>
      <trkpt lat="34.19326" lon="-116.54609">
        <ele>1345.0</ele>
      </trkpt>
      <trkpt lat="34.19333" lon="-116.54609">
        <ele>1345.0</ele>
      </trkpt>
      <trkpt lat="34.1934" lon="-116.54609">
        <ele>1345.0</ele>
      </trkpt>
      <trkpt lat="34.19346" lon="-116.54609">
        <ele>1345.37</ele>
      </trkpt>
      <trkpt lat="34.19353" lon="-116.54609">
        <ele>1346.0</ele>
      </trkpt>
      <trkpt lat="34.1936" lon="-116.54609">
        <ele>1346.0</ele>
      </trkpt>
      <trkpt lat="34.19367" lon="-116.54609">
        <ele>1346.0</ele>
      </trkpt>
      <trkpt lat="34.19374" lon="-116.54609">
        <ele>1346.39</ele>
      </trkpt>
      <trkpt lat="34.1938" lon="-116.54609">
        <ele>1347.0</ele>
      </trkpt>
      <trkpt lat="34.19387" lon="-116.54609">
        <ele>1347.0</ele>
      </trkpt>
      <trkpt lat="34.19394" lon="-116.54609">
        <ele>1347.55</ele>
      </trkpt>
      <trkpt lat="34.19401" lon="-116.54609">
        <ele>1348.0</ele>
      </trkpt>
      <trkpt lat="34.19408" lon="-116.54609">
        <ele>1348.05</ele>
      </trkpt>
      <trkpt lat="34.1941" lon="-116.54609">
        <ele>1348.22</ele>
      </trkpt>
      <trkpt lat="34.19414" lon="-116.54609">
        <ele>1348.55</ele>
      </trkpt>
      <trkpt lat="34.19421" lon="-116.54609">
        <ele>1348.88</ele>
      </trkpt>
      <trkpt lat="34.19428" lon="-116.54609">
        <ele>1349.0</ele>
      </trkpt>
      <trkpt lat="34.19435" lon="-116.54609">
        <ele>1349.0</ele>
      </trkpt>
      <trkpt lat="34.19441" lon="-116.54609">
        <ele>1349.48</ele>
      </trkpt>
      <trkpt lat="34.19448" lon="-116.54609">
        <ele>1349.86</ele>
      </trkpt>
      <trkpt lat="34.19455" lon="-116.54609">
        <ele>1350.0</ele>
      </trkpt>
      <trkpt lat="34.19462" lon="-116.5461">
        <ele>1350.0</ele>
      </trkpt>
      <trkpt lat="34.19469" lon="-116.5461">
        <ele>1350.0</ele>
      </trkpt>
      <trkpt lat="34.19475" lon="-116.5461">
        <ele>1350.26</ele>
      </trkpt>
      <trkpt lat="34.19482" lon="-116.5461">
        <ele>1350.88</ele>
      </trkpt>
      <trkpt lat="34.19489" lon="-116.5461">
        <ele>1350.88</ele>
      </trkpt>
      <trkpt lat="34.19496" lon="-116.5461">
        <ele>1350.95</ele>
      </trkpt>
      <trkpt lat="34.19502" lon="-116.5461">
        <ele>1351.0</ele>
      </trkpt>
      <trkpt lat="34.19509" lon="-116.5461">
        <ele>1351.0</ele>
      </trkpt>
      <trkpt lat="34.19516" lon="-116.5461">
        <ele>1351.0</ele>
      </trkpt>
      <trkpt lat="34.19523" lon="-116.5461">
        <ele>1351.0</ele>
      </trkpt>
      <trkpt lat="34.1953" lon="-116.5461">
        <ele>1351.21</ele>
      </trkpt>
      <trkpt lat="34.19536" lon="-116.5461">
        <ele>1351.78</ele>
      </trkpt>
      <trkpt lat="34.19543" lon="-116.5461">
        <ele>1351.88</ele>
      </trkpt>
      <trkpt lat="34.1955" lon="-116.5461">
        <ele>1351.88</ele>
      </trkpt>
      <trkpt lat="34.19557" lon="-116.5461">
        <ele>1351.9</ele>
      </trkpt>
      <trkpt lat="34.19563" lon="-116.5461">
        <ele>1351.98</ele>
      </trkpt>
      <trkpt lat="34.1957" lon="-116.5461">
        <ele>1352.0</ele>
      </trkpt>
      <trkpt lat="34.19577" lon="-116.5461">
        <ele>1352.0</ele>
      </trkpt>
      <trkpt lat="34.19584" lon="-116.5461">
        <ele>1352.0</ele>
      </trkpt>
      <trkpt lat="34.19591" lon="-116.5461">
        <ele>1352.0</ele>
      </trkpt>
      <trkpt lat="34.19597" lon="-116.5461">
        <ele>1352.0</ele>
      </trkpt>
      <trkpt lat="34.19604" lon="-116.5461">
        <ele>1352.0</ele>
      </trkpt>
      <trkpt lat="34.19611" lon="-116.5461">
        <ele>1352.0</ele>
      </trkpt>
      <trkpt lat="34.19618" lon="-116.5461">
        <ele>1352.0</ele>
      </trkpt>
      <trkpt lat="34.19624" lon="-116.5461">
        <ele>1352.34</ele>
      </trkpt>
      <trkpt lat="34.19624" lon="-116.5461">
        <ele>1352.34</ele>
      </trkpt>
      <trkpt lat="34.19631" lon="-116.5461">
        <ele>1352.9</ele>
      </trkpt>
      <trkpt lat="34.19638" lon="-116.5461">
        <ele>1352.99</ele>
      </trkpt>
      <trkpt lat="34.19645" lon="-116.5461">
        <ele>1353.0</ele>
      </trkpt>
      <trkpt lat="34.19652" lon="-116.5461">
        <ele>1353.0</ele>
      </trkpt>
      <trkpt lat="34.19658" lon="-116.5461">
        <ele>1353.0</ele>
      </trkpt>
      <trkpt lat="34.19665" lon="-116.5461">
        <ele>1353.0</ele>
      </trkpt>
      <trkpt lat="34.19672" lon="-116.5461">
        <ele>1353.58</ele>
      </trkpt>
      <trkpt lat="34.19679" lon="-116.5461">
        <ele>1354.0</ele>
      </trkpt>
      <trkpt lat="34.19685" lon="-116.5461">
        <ele>1354.0</ele>
      </trkpt>
      <trkpt lat="34.19692" lon="-116.5461">
        <ele>1354.0</ele>
      </trkpt>
      <trkpt lat="34.19699" lon="-116.5461">
        <ele>1354.43</ele>
      </trkpt>
      <trkpt lat="34.19706" lon="-116.5461">
        <ele>1354.91</ele>
      </trkpt>
      <trkpt lat="34.19713" lon="-116.5461">
        <ele>1355.0</ele>
      </trkpt>
      <trkpt lat="34.19719" lon="-116.5461">
        <ele>1355.0</ele>
      </trkpt>
      <trkpt lat="34.19726" lon="-116.5461">
        <ele>1355.0</ele>
      </trkpt>
      <trkpt lat="34.19733" lon="-116.5461">
        <ele>1355.0</ele>
      </trkpt>
      <trkpt lat="34.1974" lon="-116.5461">
        <ele>1355.0</ele>
      </trkpt>
      <trkpt lat="34.19746" lon="-116.5461">
        <ele>1355.0</ele>
      </trkpt>
      <trkpt lat="34.19747" lon="-116.5461">
        <ele>1355.0</ele>
      </trkpt>
      <trkpt lat="34.19753" lon="-116.5461">
        <ele>1355.0</ele>
      </trkpt>
      <trkpt lat="34.1976" lon="-116.5461">
        <ele>1355.0</ele>
      </trkpt>
      <trkpt lat="34.19767" lon="-116.54611">
        <ele>1355.0</ele>
      </trkpt>
      <trkpt lat="34.19774" lon="-116.54611">
        <ele>1355.0</ele>
      </trkpt>
      <trkpt lat="34.1978" lon="-116.54611">
        <ele>1355.0</ele>
      </trkpt>
      <trkpt lat="34.19787" lon="-116.54611">
        <ele>1355.0</ele>
      </trkpt>
      <trkpt lat="34.19794" lon="-116.54611">
        <ele>1355.0</ele>
      </trkpt>
      <trkpt lat="34.198" lon="-116.54612">
        <ele>1355.0</ele>
      </trkpt>
      <trkpt lat="34.19804" lon="-116.54618">
        <ele>1355.0</ele>
      </trkpt>
      <trkpt lat="34.19805" lon="-116.54625">
        <ele>1355.5</ele>
      </trkpt>
      <trkpt lat="34.19806" lon="-116.54632">
        <ele>1355.95</ele>
      </trkpt>
      <trkpt lat="34.19807" lon="-116.54639">
        <ele>1355.85</ele>
      </trkpt>
      <trkpt lat="34.19807" lon="-116.54646">
        <ele>1355.96</ele>
      </trkpt>
      <trkpt lat="34.19808" lon="-116.54653">
        <ele>1356.0</ele>
      </trkpt>
      <trkpt lat="34.19809" lon="-116.54661">
        <ele>1356.0</ele>
      </trkpt>
      <trkpt lat="34.19808" lon="-116.54668">
        <ele>1356.0</ele>
      </trkpt>
      <trkpt lat="34.19808" lon="-116.54675">
        <ele>1356.0</ele>
      </trkpt>
      <trkpt lat="34.19807" lon="-116.54682">
        <ele>1356.0</ele>
      </trkpt>
      <trkpt lat="34.19808" lon="-116.54689">
        <ele>1356.0</ele>
      </trkpt>
      <trkpt lat="34.19807" lon="-116.54696">
        <ele>1356.0</ele>
      </trkpt>
      <trkpt lat="34.19808" lon="-116.54703">
        <ele>1356.0</ele>
      </trkpt>
      <trkpt lat="34.19807" lon="-116.54711">
        <ele>1356.0</ele>
      </trkpt>
      <trkpt lat="34.19807" lon="-116.54718">
        <ele>1356.0</ele>
      </trkpt>
      <trkpt lat="34.19807" lon="-116.54725">
        <ele>1356.25</ele>
      </trkpt>
      <trkpt lat="34.19807" lon="-116.54732">
        <ele>1356.84</ele>
      </trkpt>
      <trkpt lat="34.19806" lon="-116.54739">
        <ele>1356.95</ele>
      </trkpt>
      <trkpt lat="34.19807" lon="-116.54746">
        <ele>1356.84</ele>
      </trkpt>
      <trkpt lat="34.19807" lon="-116.54753">
        <ele>1356.89</ele>
      </trkpt>
      <trkpt lat="34.19808" lon="-116.5476">
        <ele>1357.0</ele>
      </trkpt>
      <trkpt lat="34.19808" lon="-116.54768">
        <ele>1357.0</ele>
      </trkpt>
      <trkpt lat="34.19809" lon="-116.54775">
        <ele>1357.0</ele>
      </trkpt>
      <trkpt lat="34.19809" lon="-116.54782">
        <ele>1357.46</ele>
      </trkpt>
      <trkpt lat="34.19809" lon="-116.54789">
        <ele>1358.0</ele>
      </trkpt>
      <trkpt lat="34.19809" lon="-116.54796">
        <ele>1358.0</ele>
      </trkpt>
      <trkpt lat="34.19808" lon="-116.54803">
        <ele>1358.0</ele>
      </trkpt>
      <trkpt lat="34.19809" lon="-116.5481">
        <ele>1358.48</ele>
      </trkpt>
      <trkpt lat="34.19808" lon="-116.54818">
        <ele>1359.0</ele>
      </trkpt>
      <trkpt lat="34.19809" lon="-116.54825">
        <ele>1359.1</ele>
      </trkpt>
      <trkpt lat="34.19808" lon="-116.54832">
        <ele>1359.86</ele>
      </trkpt>
      <trkpt lat="34.19808" lon="-116.54839">
        <ele>1360.0</ele>
      </trkpt>
      <trkpt lat="34.19807" lon="-116.54846">
        <ele>1360.31</ele>
      </trkpt>
      <trkpt lat="34.19808" lon="-116.54853">
        <ele>1360.77</ele>
      </trkpt>
      <trkpt lat="34.19807" lon="-116.5486">
        <ele>1360.98</ele>
      </trkpt>
      <trkpt lat="34.19808" lon="-116.54868">
        <ele>1361.55</ele>
      </trkpt>
      <trkpt lat="34.19807" lon="-116.54875">
        <ele>1361.92</ele>
      </trkpt>
      <trkpt lat="34.19807" lon="-116.54882">
        <ele>1362.26</ele>
      </trkpt>
      <trkpt lat="34.19807" lon="-116.54889">
        <ele>1363.01</ele>
      </trkpt>
      <trkpt lat="34.19807" lon="-116.54896">
        <ele>1363.65</ele>
      </trkpt>
      <trkpt lat="34.19806" lon="-116.54903">
        <ele>1363.98</ele>
      </trkpt>
      <trkpt lat="34.19807" lon="-116.5491">
        <ele>1364.28</ele>
      </trkpt>
      <trkpt lat="34.19807" lon="-116.54917">
        <ele>1365.0</ele>
      </trkpt>
      <trkpt lat="34.19808" lon="-116.54925">
        <ele>1365.0</ele>
      </trkpt>
      <trkpt lat="34.19808" lon="-116.54932">
        <ele>1365.66</ele>
      </trkpt>
      <trkpt lat="34.19809" lon="-116.54939">
        <ele>1366.0</ele>
      </trkpt>
      <trkpt lat="34.1981" lon="-116.54946">
        <ele>1366.0</ele>
      </trkpt>
      <trkpt lat="34.19809" lon="-116.54953">
        <ele>1366.0</ele>
      </trkpt>
      <trkpt lat="34.19809" lon="-116.5496">
        <ele>1366.68</ele>
      </trkpt>
      <trkpt lat="34.19808" lon="-116.54967">
        <ele>1367.0</ele>
      </trkpt>
      <trkpt lat="34.19809" lon="-116.54975">
        <ele>1367.0</ele>
      </trkpt>
      <trkpt lat="34.19808" lon="-116.54982">
        <ele>1367.0</ele>
      </trkpt>
      <trkpt lat="34.19809" lon="-116.54989">
        <ele>1367.0</ele>
      </trkpt>
      <trkpt lat="34.19808" lon="-116.54996">
        <ele>1367.0</ele>
      </trkpt>
      <trkpt lat="34.19808" lon="-116.55003">
        <ele>1367.32</ele>
      </trkpt>
      <trkpt lat="34.19808" lon="-116.5501">
        <ele>1368.0</ele>
      </trkpt>
      <trkpt lat="34.19808" lon="-116.55017">
        <ele>1368.0</ele>
      </trkpt>
      <trkpt lat="34.19807" lon="-116.55025">
        <ele>1368.0</ele>
      </trkpt>
      <trkpt lat="34.19808" lon="-116.55032">
        <ele>1368.0</ele>
      </trkpt>
      <trkpt lat="34.19807" lon="-116.55039">
        <ele>1368.0</ele>
      </trkpt>
      <trkpt lat="34.19807" lon="-116.55046">
        <ele>1368.0</ele>
      </trkpt>
      <trkpt lat="34.19807" lon="-116.55053">
        <ele>1368.72</ele>
      </trkpt>
      <trkpt lat="34.19807" lon="-116.5506">
        <ele>1369.0</ele>
      </trkpt>
      <trkpt lat="34.19807" lon="-116.5506">
        <ele>1369.0</ele>
      </trkpt>
      <trkpt lat="34.19806" lon="-116.55067">
        <ele>1369.0</ele>
      </trkpt>
      <trkpt lat="34.19807" lon="-116.55074">
        <ele>1369.0</ele>
      </trkpt>
      <trkpt lat="34.19807" lon="-116.55082">
        <ele>1369.0</ele>
      </trkpt>
      <trkpt lat="34.19808" lon="-116.55089">
        <ele>1369.61</ele>
      </trkpt>
      <trkpt lat="34.19809" lon="-116.55096">
        <ele>1370.0</ele>
      </trkpt>
      <trkpt lat="34.19809" lon="-116.55103">
        <ele>1370.0</ele>
      </trkpt>
      <trkpt lat="34.1981" lon="-116.5511">
        <ele>1370.0</ele>
      </trkpt>
      <trkpt lat="34.19809" lon="-116.55117">
        <ele>1370.0</ele>
      </trkpt>
      <trkpt lat="34.19809" lon="-116.55124">
        <ele>1370.0</ele>
      </trkpt>
      <trkpt lat="34.19808" lon="-116.55132">
        <ele>1370.26</ele>
      </trkpt>
      <trkpt lat="34.19809" lon="-116.55139">
        <ele>1371.0</ele>
      </trkpt>
      <trkpt lat="34.19808" lon="-116.55146">
        <ele>1371.0</ele>
      </trkpt>
      <trkpt lat="34.19809" lon="-116.55153">
        <ele>1371.0</ele>
      </trkpt>
      <trkpt lat="34.19808" lon="-116.5516">
        <ele>1371.0</ele>
      </trkpt>
      <trkpt lat="34.19808" lon="-116.55167">
        <ele>1371.04</ele>
      </trkpt>
      <trkpt lat="34.19808" lon="-116.55174">
        <ele>1371.79</ele>
      </trkpt>
      <trkpt lat="34.19808" lon="-116.55181">
        <ele>1372.0</ele>
      </trkpt>
      <trkpt lat="34.19807" lon="-116.55189">
        <ele>1372.06</ele>
      </trkpt>
      <trkpt lat="34.19808" lon="-116.55196">
        <ele>1372.39</ele>
      </trkpt>
      <trkpt lat="34.19807" lon="-116.55203">
        <ele>1372.94</ele>
      </trkpt>
      <trkpt lat="34.19808" lon="-116.5521">
        <ele>1373.0</ele>
      </trkpt>
      <trkpt lat="34.19807" lon="-116.55217">
        <ele>1373.44</ele>
      </trkpt>
      <trkpt lat="34.19807" lon="-116.55224">
        <ele>1374.0</ele>
      </trkpt>
      <trkpt lat="34.19806" lon="-116.55231">
        <ele>1374.0</ele>
      </trkpt>
      <trkpt lat="34.19807" lon="-116.55239">
        <ele>1374.0</ele>
      </trkpt>
      <trkpt lat="34.19806" lon="-116.55246">
        <ele>1374.57</ele>
      </trkpt>
      <trkpt lat="34.19807" lon="-116.55253">
        <ele>1375.0</ele>
      </trkpt>
      <trkpt lat="34.19806" lon="-116.5526">
        <ele>1375.0</ele>
      </trkpt>
      <trkpt lat="34.19806" lon="-116.55267">
        <ele>1375.04</ele>
      </trkpt>
      <trkpt lat="34.19805" lon="-116.55274">
        <ele>1375.59</ele>
      </trkpt>
      <trkpt lat="34.19806" lon="-116.55281">
        <ele>1376.0</ele>
      </trkpt>
      <trkpt lat="34.19805" lon="-116.55289">
        <ele>1376.21</ele>
      </trkpt>
      <trkpt lat="34.19806" lon="-116.55296">
        <ele>1376.97</ele>
      </trkpt>
      <trkpt lat="34.19806" lon="-116.55303">
        <ele>1377.0</ele>
      </trkpt>
      <trkpt lat="34.19807" lon="-116.5531">
        <ele>1377.48</ele>
      </trkpt>
      <trkpt lat="34.19807" lon="-116.55317">
        <ele>1378.0</ele>
      </trkpt>
      <trkpt lat="34.19808" lon="-116.55324">
        <ele>1378.0</ele>
      </trkpt>
      <trkpt lat="34.19808" lon="-116.55331">
        <ele>1378.0</ele>
      </trkpt>
      <trkpt lat="34.19808" lon="-116.55338">
        <ele>1378.5</ele>
      </trkpt>
      <trkpt lat="34.19808" lon="-116.55346">
        <ele>1379.0</ele>
      </trkpt>
      <trkpt lat="34.19807" lon="-116.55353">
        <ele>1379.0</ele>
      </trkpt>
      <trkpt lat="34.19808" lon="-116.5536">
        <ele>1379.0</ele>
      </trkpt>
      <trkpt lat="34.19807" lon="-116.55367">
        <ele>1379.0</ele>
      </trkpt>
      <trkpt lat="34.19808" lon="-116.55374">
        <ele>1379.29</ele>
      </trkpt>
      <trkpt lat="34.19807" lon="-116.55376">
        <ele>1379.51</ele>
      </trkpt>
      <trkpt lat="34.19807" lon="-116.55381">
        <ele>1379.87</ele>
      </trkpt>
      <trkpt lat="34.19807" lon="-116.55388">
        <ele>1379.99</ele>
      </trkpt>
      <trkpt lat="34.19806" lon="-116.55396">
        <ele>1380.0</ele>
      </trkpt>
      <trkpt lat="34.19807" lon="-116.55403">
        <ele>1380.0</ele>
      </trkpt>
      <trkpt lat="34.19806" lon="-116.5541">
        <ele>1380.0</ele>
      </trkpt>
      <trkpt lat="34.19807" lon="-116.55417">
        <ele>1380.04</ele>
      </trkpt>
      <trkpt lat="34.19806" lon="-116.55424">
        <ele>1380.79</ele>
      </trkpt>
      <trkpt lat="34.19806" lon="-116.55431">
        <ele>1381.0</ele>
      </trkpt>
      <trkpt lat="34.19807" lon="-116.55438">
        <ele>1381.0</ele>
      </trkpt>
      <trkpt lat="34.19807" lon="-116.55446">
        <ele>1381.17</ele>
      </trkpt>
      <trkpt lat="34.19807" lon="-116.55453">
        <ele>1381.92</ele>
      </trkpt>
      <trkpt lat="34.19807" lon="-116.5546">
        <ele>1382.0</ele>
      </trkpt>
      <trkpt lat="34.19808" lon="-116.55467">
        <ele>1382.12</ele>
      </trkpt>
      <trkpt lat="34.19807" lon="-116.55474">
        <ele>1382.32</ele>
      </trkpt>
      <trkpt lat="34.19807" lon="-116.55481">
        <ele>1382.96</ele>
      </trkpt>
      <trkpt lat="34.19808" lon="-116.55488">
        <ele>1383.0</ele>
      </trkpt>
      <trkpt lat="34.19808" lon="-116.55495">
        <ele>1383.46</ele>
      </trkpt>
      <trkpt lat="34.19808" lon="-116.55503">
        <ele>1384.0</ele>
      </trkpt>
      <trkpt lat="34.19808" lon="-116.5551">
        <ele>1384.0</ele>
      </trkpt>
      <trkpt lat="34.19807" lon="-116.55517">
        <ele>1384.0</ele>
      </trkpt>
      <trkpt lat="34.19808" lon="-116.55524">
        <ele>1384.59</ele>
      </trkpt>
      <trkpt lat="34.19807" lon="-116.55531">
        <ele>1385.0</ele>
      </trkpt>
      <trkpt lat="34.19808" lon="-116.55538">
        <ele>1385.03</ele>
      </trkpt>
      <trkpt lat="34.19807" lon="-116.55545">
        <ele>1385.13</ele>
      </trkpt>
      <trkpt lat="34.19807" lon="-116.55553">
        <ele>1385.77</ele>
      </trkpt>
      <trkpt lat="34.19807" lon="-116.5556">
        <ele>1386.0</ele>
      </trkpt>
      <trkpt lat="34.19807" lon="-116.55567">
        <ele>1386.0</ele>
      </trkpt>
      <trkpt lat="34.19806" lon="-116.55574">
        <ele>1386.0</ele>
      </trkpt>
      <trkpt lat="34.19807" lon="-116.55581">
        <ele>1386.75</ele>
      </trkpt>
      <trkpt lat="34.19807" lon="-116.55588">
        <ele>1387.0</ele>
      </trkpt>
      <trkpt lat="34.19808" lon="-116.55595">
        <ele>1387.0</ele>
      </trkpt>
      <trkpt lat="34.19808" lon="-116.55603">
        <ele>1387.12</ele>
      </trkpt>
      <trkpt lat="34.19809" lon="-116.5561">
        <ele>1387.88</ele>
      </trkpt>
      <trkpt lat="34.19809" lon="-116.55617">
        <ele>1388.0</ele>
      </trkpt>
      <trkpt lat="34.19809" lon="-116.55624">
        <ele>1388.0</ele>
      </trkpt>
      <trkpt lat="34.19809" lon="-116.55631">
        <ele>1388.0</ele>
      </trkpt>
      <trkpt lat="34.19808" lon="-116.55638">
        <ele>1388.0</ele>
      </trkpt>
      <trkpt lat="34.19809" lon="-116.55645">
        <ele>1388.0</ele>
      </trkpt>
      <trkpt lat="34.19808" lon="-116.55652">
        <ele>1388.0</ele>
      </trkpt>
      <trkpt lat="34.19809" lon="-116.5566">
        <ele>1388.0</ele>
      </trkpt>
      <trkpt lat="34.19808" lon="-116.55667">
        <ele>1388.04</ele>
      </trkpt>
      <trkpt lat="34.19808" lon="-116.55674">
        <ele>1388.79</ele>
      </trkpt>
      <trkpt lat="34.19807" lon="-116.55681">
        <ele>1389.0</ele>
      </trkpt>
      <trkpt lat="34.19808" lon="-116.55688">
        <ele>1389.0</ele>
      </trkpt>
      <trkpt lat="34.19807" lon="-116.55695">
        <ele>1389.0</ele>
      </trkpt>
      <trkpt lat="34.19808" lon="-116.55702">
        <ele>1389.0</ele>
      </trkpt>
      <trkpt lat="34.19807" lon="-116.5571">
        <ele>1389.57</ele>
      </trkpt>
      <trkpt lat="34.19807" lon="-116.55717">
        <ele>1389.91</ele>
      </trkpt>
      <trkpt lat="34.19807" lon="-116.55724">
        <ele>1390.0</ele>
      </trkpt>
      <trkpt lat="34.19807" lon="-116.55731">
        <ele>1390.0</ele>
      </trkpt>
      <trkpt lat="34.19806" lon="-116.55738">
        <ele>1390.0</ele>
      </trkpt>
      <trkpt lat="34.19807" lon="-116.55745">
        <ele>1390.0</ele>
      </trkpt>
      <trkpt lat="34.19806" lon="-116.55752">
        <ele>1390.22</ele>
      </trkpt>
      <trkpt lat="34.19806" lon="-116.55759">
        <ele>1390.97</ele>
      </trkpt>
      <trkpt lat="34.19806" lon="-116.55767">
        <ele>1391.0</ele>
      </trkpt>
      <trkpt lat="34.19806" lon="-116.55774">
        <ele>1391.0</ele>
      </trkpt>
      <trkpt lat="34.19805" lon="-116.55781">
        <ele>1391.39</ele>
      </trkpt>
      <trkpt lat="34.19806" lon="-116.55788">
        <ele>1392.0</ele>
      </trkpt>
      <trkpt lat="34.19806" lon="-116.55795">
        <ele>1392.0</ele>
      </trkpt>
      <trkpt lat="34.19807" lon="-116.55802">
        <ele>1392.52</ele>
      </trkpt>
      <trkpt lat="34.19808" lon="-116.55809">
        <ele>1392.83</ele>
      </trkpt>
      <trkpt lat="34.19808" lon="-116.55817">
        <ele>1393.0</ele>
      </trkpt>
      <trkpt lat="34.19809" lon="-116.55824">
        <ele>1393.0</ele>
      </trkpt>
      <trkpt lat="34.19808" lon="-116.55831">
        <ele>1393.75</ele>
      </trkpt>
      <trkpt lat="34.19808" lon="-116.55838">
        <ele>1394.5</ele>
      </trkpt>
      <trkpt lat="34.19807" lon="-116.55845">
        <ele>1395.04</ele>
      </trkpt>
      <trkpt lat="34.19808" lon="-116.55852">
        <ele>1395.29</ele>
      </trkpt>
      <trkpt lat="34.19807" lon="-116.55859">
        <ele>1396.58</ele>
      </trkpt>
      <trkpt lat="34.19808" lon="-116.55866">
        <ele>1397.0</ele>
      </trkpt>
      <trkpt lat="34.19807" lon="-116.55874">
        <ele>1397.39</ele>
      </trkpt>
      <trkpt lat="34.19807" lon="-116.55881">
        <ele>1398.0</ele>
      </trkpt>
      <trkpt lat="34.19807" lon="-116.55888">
        <ele>1398.0</ele>
      </trkpt>
      <trkpt lat="34.19807" lon="-116.55895">
        <ele>1398.66</ele>
      </trkpt>
      <trkpt lat="34.19806" lon="-116.55902">
        <ele>1399.02</ele>
      </trkpt>
      <trkpt lat="34.19807" lon="-116.55909">
        <ele>1399.33</ele>
      </trkpt>
      <trkpt lat="34.19806" lon="-116.55916">
        <ele>1399.98</ele>
      </trkpt>
      <trkpt lat="34.19807" lon="-116.55924">
        <ele>1400.82</ele>
      </trkpt>
      <trkpt lat="34.19806" lon="-116.55931">
        <ele>1401.52</ele>
      </trkpt>
      <trkpt lat="34.19806" lon="-116.55938">
        <ele>1401.97</ele>
      </trkpt>
      <trkpt lat="34.19805" lon="-116.55945">
        <ele>1402.06</ele>
      </trkpt>
      <trkpt lat="34.19806" lon="-116.55952">
        <ele>1402.78</ele>
      </trkpt>
      <trkpt lat="34.19807" lon="-116.55959">
        <ele>1402.93</ele>
      </trkpt>
      <trkpt lat="34.19807" lon="-116.55966">
        <ele>1403.0</ele>
      </trkpt>
      <trkpt lat="34.19808" lon="-116.55974">
        <ele>1403.19</ele>
      </trkpt>
      <trkpt lat="34.19808" lon="-116.55981">
        <ele>1403.95</ele>
      </trkpt>
      <trkpt lat="34.19809" lon="-116.55988">
        <ele>1404.0</ele>
      </trkpt>
      <trkpt lat="34.19808" lon="-116.55992">
        <ele>1404.14</ele>
      </trkpt>
      <trkpt lat="34.19808" lon="-116.55995">
        <ele>1404.46</ele>
      </trkpt>
      <trkpt lat="34.19808" lon="-116.56002">
        <ele>1405.0</ele>
      </trkpt>
      <trkpt lat="34.19807" lon="-116.56009">
        <ele>1405.0</ele>
      </trkpt>
      <trkpt lat="34.19808" lon="-116.56016">
        <ele>1405.19</ele>
      </trkpt>
      <trkpt lat="34.19807" lon="-116.56023">
        <ele>1405.56</ele>
      </trkpt>
      <trkpt lat="34.19808" lon="-116.56031">
        <ele>1406.0</ele>
      </trkpt>
      <trkpt lat="34.19807" lon="-116.56038">
        <ele>1406.0</ele>
      </trkpt>
      <trkpt lat="34.19807" lon="-116.56045">
        <ele>1406.0</ele>
      </trkpt>
      <trkpt lat="34.19807" lon="-116.56052">
        <ele>1406.62</ele>
      </trkpt>
      <trkpt lat="34.19807" lon="-116.56059">
        <ele>1407.0</ele>
      </trkpt>
      <trkpt lat="34.19806" lon="-116.56066">
        <ele>1407.0</ele>
      </trkpt>
      <trkpt lat="34.19807" lon="-116.56073">
        <ele>1407.0</ele>
      </trkpt>
      <trkpt lat="34.19806" lon="-116.56081">
        <ele>1407.0</ele>
      </trkpt>
      <trkpt lat="34.19807" lon="-116.56088">
        <ele>1407.0</ele>
      </trkpt>
      <trkpt lat="34.19806" lon="-116.56095">
        <ele>1407.0</ele>
      </trkpt>
      <trkpt lat="34.19806" lon="-116.56102">
        <ele>1407.0</ele>
      </trkpt>
      <trkpt lat="34.19805" lon="-116.56109">
        <ele>1407.0</ele>
      </trkpt>
      <trkpt lat="34.19806" lon="-116.56116">
        <ele>1407.05</ele>
      </trkpt>
      <trkpt lat="34.19805" lon="-116.56123">
        <ele>1407.0</ele>
      </trkpt>
      <trkpt lat="34.19805" lon="-116.56131">
        <ele>1407.0</ele>
      </trkpt>
      <trkpt lat="34.19802" lon="-116.56138">
        <ele>1407.0</ele>
      </trkpt>
      <trkpt lat="34.198" lon="-116.56145">
        <ele>1407.0</ele>
      </trkpt>
      <trkpt lat="34.19796" lon="-116.56152">
        <ele>1406.97</ele>
      </trkpt>
      <trkpt lat="34.19794" lon="-116.56159">
        <ele>1406.75</ele>
      </trkpt>
      <trkpt lat="34.19792" lon="-116.56166">
        <ele>1406.54</ele>
      </trkpt>
      <trkpt lat="34.1979" lon="-116.56173">
        <ele>1406.32</ele>
      </trkpt>
      <trkpt lat="34.19788" lon="-116.5618">
        <ele>1406.1</ele>
      </trkpt>
      <trkpt lat="34.19787" lon="-116.56188">
        <ele>1406.0</ele>
      </trkpt>
      <trkpt lat="34.19785" lon="-116.56195">
        <ele>1405.78</ele>
      </trkpt>
      <trkpt lat="34.19783" lon="-116.56202">
        <ele>1405.56</ele>
      </trkpt>
      <trkpt lat="34.1978" lon="-116.56209">
        <ele>1405.24</ele>
      </trkpt>
      <trkpt lat="34.1978" lon="-116.56216">
        <ele>1405.24</ele>
      </trkpt>
      <trkpt lat="34.19777" lon="-116.56223">
        <ele>1404.92</ele>
      </trkpt>
      <trkpt lat="34.19775" lon="-116.5623">
        <ele>1404.7</ele>
      </trkpt>
      <trkpt lat="34.19773" lon="-116.56237">
        <ele>1404.48</ele>
      </trkpt>
      <trkpt lat="34.19771" lon="-116.56245">
        <ele>1404.27</ele>
      </trkpt>
      <trkpt lat="34.19769" lon="-116.56252">
        <ele>1404.27</ele>
      </trkpt>
      <trkpt lat="34.19766" lon="-116.56259">
        <ele>1404.97</ele>
      </trkpt>
      <trkpt lat="34.19764" lon="-116.56266">
        <ele>1405.37</ele>
      </trkpt>
      <trkpt lat="34.19763" lon="-116.56273">
        <ele>1405.69</ele>
      </trkpt>
      <trkpt lat="34.19763" lon="-116.5628">
        <ele>1406.24</ele>
      </trkpt>
      <trkpt lat="34.1976" lon="-116.56287">
        <ele>1407.0</ele>
      </trkpt>
      <trkpt lat="34.1976" lon="-116.56294">
        <ele>1407.06</ele>
      </trkpt>
      <trkpt lat="34.19759" lon="-116.56302">
        <ele>1407.62</ele>
      </trkpt>
      <trkpt lat="34.19757" lon="-116.56309">
        <ele>1408.37</ele>
      </trkpt>
      <trkpt lat="34.19756" lon="-116.56316">
        <ele>1409.08</ele>
      </trkpt>
      <trkpt lat="34.19755" lon="-116.56323">
        <ele>1409.48</ele>
      </trkpt>
      <trkpt lat="34.19754" lon="-116.5633">
        <ele>1410.07</ele>
      </trkpt>
      <trkpt lat="34.19753" lon="-116.56337">
        <ele>1410.72</ele>
      </trkpt>
      <trkpt lat="34.19754" lon="-116.56344">
        <ele>1411.52</ele>
      </trkpt>
      <trkpt lat="34.19753" lon="-116.56352">
        <ele>1412.01</ele>
      </trkpt>
      <trkpt lat="34.19754" lon="-116.56359">
        <ele>1412.33</ele>
      </trkpt>
      <trkpt lat="34.19753" lon="-116.56366">
        <ele>1412.32</ele>
      </trkpt>
      <trkpt lat="34.19753" lon="-116.56373">
        <ele>1412.52</ele>
      </trkpt>
      <trkpt lat="34.19754" lon="-116.5638">
        <ele>1413.0</ele>
      </trkpt>
      <trkpt lat="34.19754" lon="-116.56387">
        <ele>1413.0</ele>
      </trkpt>
      <trkpt lat="34.19755" lon="-116.56394">
        <ele>1413.3</ele>
      </trkpt>
      <trkpt lat="34.19755" lon="-116.56401">
        <ele>1413.54</ele>
      </trkpt>
      <trkpt lat="34.19756" lon="-116.56409">
        <ele>1413.48</ele>
      </trkpt>
      <trkpt lat="34.19755" lon="-116.56416">
        <ele>1412.61</ele>
      </trkpt>
      <trkpt lat="34.19756" lon="-116.56423">
        <ele>1412.65</ele>
      </trkpt>
      <trkpt lat="34.19755" lon="-116.5643">
        <ele>1412.74</ele>
      </trkpt>
      <trkpt lat="34.19755" lon="-116.56437">
        <ele>1413.0</ele>
      </trkpt>
      <trkpt lat="34.19755" lon="-116.56444">
        <ele>1413.0</ele>
      </trkpt>
      <trkpt lat="34.19754" lon="-116.56451">
        <ele>1413.0</ele>
      </trkpt>
      <trkpt lat="34.19753" lon="-116.56459">
        <ele>1413.39</ele>
      </trkpt>
      <trkpt lat="34.19752" lon="-116.56466">
        <ele>1413.85</ele>
      </trkpt>
      <trkpt lat="34.19751" lon="-116.56473">
        <ele>1414.0</ele>
      </trkpt>
      <trkpt lat="34.1975" lon="-116.5648">
        <ele>1414.0</ele>
      </trkpt>
      <trkpt lat="34.19751" lon="-116.56487">
        <ele>1414.6</ele>
      </trkpt>
      <trkpt lat="34.1975" lon="-116.56494">
        <ele>1415.0</ele>
      </trkpt>
      <trkpt lat="34.19749" lon="-116.56501">
        <ele>1415.11</ele>
      </trkpt>
      <trkpt lat="34.19748" lon="-116.56508">
        <ele>1415.86</ele>
      </trkpt>
      <trkpt lat="34.19748" lon="-116.56516">
        <ele>1416.0</ele>
      </trkpt>
      <trkpt lat="34.19747" lon="-116.56523">
        <ele>1416.48</ele>
      </trkpt>
      <trkpt lat="34.19746" lon="-116.5653">
        <ele>1417.0</ele>
      </trkpt>
      <trkpt lat="34.19747" lon="-116.56537">
        <ele>1417.0</ele>
      </trkpt>
      <trkpt lat="34.19746" lon="-116.56544">
        <ele>1417.75</ele>
      </trkpt>
      <trkpt lat="34.19746" lon="-116.56551">
        <ele>1418.0</ele>
      </trkpt>
      <trkpt lat="34.19745" lon="-116.56558">
        <ele>1418.26</ele>
      </trkpt>
      <trkpt lat="34.19746" lon="-116.56566">
        <ele>1419.07</ele>
      </trkpt>
      <trkpt lat="34.19745" lon="-116.56573">
        <ele>1419.41</ele>
      </trkpt>
      <trkpt lat="34.19746" lon="-116.5658">
        <ele>1420.21</ele>
      </trkpt>
      <trkpt lat="34.19745" lon="-116.56587">
        <ele>1420.86</ele>
      </trkpt>
      <trkpt lat="34.19745" lon="-116.56594">
        <ele>1421.46</ele>
      </trkpt>
      <trkpt lat="34.19745" lon="-116.56601">
        <ele>1421.46</ele>
      </trkpt>
      <trkpt lat="34.19745" lon="-116.56608">
        <ele>1422.12</ele>
      </trkpt>
      <trkpt lat="34.19744" lon="-116.56615">
        <ele>1422.5</ele>
      </trkpt>
      <trkpt lat="34.19745" lon="-116.56623">
        <ele>1423.07</ele>
      </trkpt>
      <trkpt lat="34.19745" lon="-116.5663">
        <ele>1423.48</ele>
      </trkpt>
      <trkpt lat="34.19746" lon="-116.56637">
        <ele>1424.02</ele>
      </trkpt>
      <trkpt lat="34.19746" lon="-116.56644">
        <ele>1424.14</ele>
      </trkpt>
      <trkpt lat="34.19748" lon="-116.56651">
        <ele>1424.63</ele>
      </trkpt>
      <trkpt lat="34.1975" lon="-116.56658">
        <ele>1425.0</ele>
      </trkpt>
      <trkpt lat="34.19751" lon="-116.56665">
        <ele>1425.11</ele>
      </trkpt>
      <trkpt lat="34.19753" lon="-116.56673">
        <ele>1425.32</ele>
      </trkpt>
      <trkpt lat="34.19754" lon="-116.5668">
        <ele>1425.43</ele>
      </trkpt>
      <trkpt lat="34.19756" lon="-116.56687">
        <ele>1425.65</ele>
      </trkpt>
      <trkpt lat="34.19758" lon="-116.56694">
        <ele>1425.86</ele>
      </trkpt>
      <trkpt lat="34.19761" lon="-116.56701">
        <ele>1426.19</ele>
      </trkpt>
      <trkpt lat="34.19765" lon="-116.56708">
        <ele>1426.62</ele>
      </trkpt>
      <trkpt lat="34.19768" lon="-116.56715">
        <ele>1426.94</ele>
      </trkpt>
      <trkpt lat="34.19771" lon="-116.56723">
        <ele>1427.0</ele>
      </trkpt>
      <trkpt lat="34.19774" lon="-116.5673">
        <ele>1427.0</ele>
      </trkpt>
      <trkpt lat="34.19778" lon="-116.56737">
        <ele>1427.0</ele>
      </trkpt>
      <trkpt lat="34.19781" lon="-116.56744">
        <ele>1427.0</ele>
      </trkpt>
      <trkpt lat="34.19784" lon="-116.56751">
        <ele>1427.0</ele>
      </trkpt>
      <trkpt lat="34.19787" lon="-116.56758">
        <ele>1427.0</ele>
      </trkpt>
      <trkpt lat="34.19791" lon="-116.56765">
        <ele>1427.27</ele>
      </trkpt>
      <trkpt lat="34.19794" lon="-116.56773">
        <ele>1427.87</ele>
      </trkpt>
      <trkpt lat="34.19796" lon="-116.56777">
        <ele>1428.0</ele>
      </trkpt>
      <trkpt lat="34.19797" lon="-116.5678">
        <ele>1428.3</ele>
      </trkpt>
      <trkpt lat="34.198" lon="-116.56787">
        <ele>1429.0</ele>
      </trkpt>
      <trkpt lat="34.19804" lon="-116.56794">
        <ele>1429.75</ele>
      </trkpt>
      <trkpt lat="34.19807" lon="-116.56801">
        <ele>1430.58</ele>
      </trkpt>
      <trkpt lat="34.1981" lon="-116.56808">
        <ele>1431.13</ele>
      </trkpt>
      <trkpt lat="34.19813" lon="-116.56816">
        <ele>1431.83</ele>
      </trkpt>
      <trkpt lat="34.19817" lon="-116.56823">
        <ele>1432.21</ele>
      </trkpt>
      <trkpt lat="34.1982" lon="-116.5683">
        <ele>1432.84</ele>
      </trkpt>
      <trkpt lat="34.19823" lon="-116.56837">
        <ele>1433.0</ele>
      </trkpt>
      <trkpt lat="34.19826" lon="-116.56844">
        <ele>1433.33</ele>
      </trkpt>
      <trkpt lat="34.1983" lon="-116.56851">
        <ele>1433.97</ele>
      </trkpt>
      <trkpt lat="34.19833" lon="-116.56858">
        <ele>1434.0</ele>
      </trkpt>
      <trkpt lat="34.19836" lon="-116.56866">
        <ele>1434.66</ele>
      </trkpt>
      <trkpt lat="34.19839" lon="-116.56873">
        <ele>1435.0</ele>
      </trkpt>
      <trkpt lat="34.19843" lon="-116.5688">
        <ele>1435.04</ele>
      </trkpt>
      <trkpt lat="34.19846" lon="-116.56887">
        <ele>1435.37</ele>
      </trkpt>
      <trkpt lat="34.19849" lon="-116.56894">
        <ele>1435.86</ele>
      </trkpt>
      <trkpt lat="34.19852" lon="-116.56901">
        <ele>1436.0</ele>
      </trkpt>
      <trkpt lat="34.19856" lon="-116.56908">
        <ele>1436.03</ele>
      </trkpt>
      <trkpt lat="34.19857" lon="-116.56916">
        <ele>1436.52</ele>
      </trkpt>
      <trkpt lat="34.19859" lon="-116.56923">
        <ele>1436.93</ele>
      </trkpt>
      <trkpt lat="34.19861" lon="-116.5693">
        <ele>1437.0</ele>
      </trkpt>
      <trkpt lat="34.19863" lon="-116.56937">
        <ele>1437.04</ele>
      </trkpt>
      <trkpt lat="34.19865" lon="-116.56944">
        <ele>1437.4</ele>
      </trkpt>
      <trkpt lat="34.19868" lon="-116.56951">
        <ele>1437.93</ele>
      </trkpt>
      <trkpt lat="34.19871" lon="-116.56958">
        <ele>1438.03</ele>
      </trkpt>
      <trkpt lat="34.19875" lon="-116.56966">
        <ele>1438.66</ele>
      </trkpt>
      <trkpt lat="34.19878" lon="-116.56973">
        <ele>1439.0</ele>
      </trkpt>
      <trkpt lat="34.19881" lon="-116.5698">
        <ele>1439.12</ele>
      </trkpt>
      <trkpt lat="34.19884" lon="-116.56987">
        <ele>1439.79</ele>
      </trkpt>
      <trkpt lat="34.19888" lon="-116.56994">
        <ele>1440.32</ele>
      </trkpt>
      <trkpt lat="34.19891" lon="-116.57001">
        <ele>1441.23</ele>
      </trkpt>
      <trkpt lat="34.19893" lon="-116.57008">
        <ele>1441.44</ele>
      </trkpt>
      <trkpt lat="34.19895" lon="-116.57016">
        <ele>1441.66</ele>
      </trkpt>
      <trkpt lat="34.19897" lon="-116.57023">
        <ele>1441.88</ele>
      </trkpt>
      <trkpt lat="34.19897" lon="-116.5703">
        <ele>1441.88</ele>
      </trkpt>
      <trkpt lat="34.19898" lon="-116.57037">
        <ele>1441.98</ele>
      </trkpt>
      <trkpt lat="34.19898" lon="-116.57044">
        <ele>1441.98</ele>
      </trkpt>
      <trkpt lat="34.19897" lon="-116.57051">
        <ele>1441.94</ele>
      </trkpt>
      <trkpt lat="34.19897" lon="-116.57058">
        <ele>1442.0</ele>
      </trkpt>
      <trkpt lat="34.19896" lon="-116.57066">
        <ele>1442.13</ele>
      </trkpt>
      <trkpt lat="34.19895" lon="-116.57073">
        <ele>1442.88</ele>
      </trkpt>
      <trkpt lat="34.19894" lon="-116.5708">
        <ele>1443.29</ele>
      </trkpt>
      <trkpt lat="34.19893" lon="-116.57087">
        <ele>1443.73</ele>
      </trkpt>
      <trkpt lat="34.19892" lon="-116.57094">
        <ele>1444.15</ele>
      </trkpt>
      <trkpt lat="34.19892" lon="-116.57101">
        <ele>1444.91</ele>
      </trkpt>
      <trkpt lat="34.19891" lon="-116.57108">
        <ele>1445.51</ele>
      </trkpt>
      <trkpt lat="34.1989" lon="-116.57115">
        <ele>1445.93</ele>
      </trkpt>
      <trkpt lat="34.1989" lon="-116.57123">
        <ele>1446.28</ele>
      </trkpt>
      <trkpt lat="34.1989" lon="-116.5713">
        <ele>1447.0</ele>
      </trkpt>
      <trkpt lat="34.1989" lon="-116.57137">
        <ele>1447.0</ele>
      </trkpt>
      <trkpt lat="34.19889" lon="-116.57144">
        <ele>1447.55</ele>
      </trkpt>
      <trkpt lat="34.1989" lon="-116.57151">
        <ele>1448.0</ele>
      </trkpt>
      <trkpt lat="34.19889" lon="-116.57158">
        <ele>1448.06</ele>
      </trkpt>
      <trkpt lat="34.19892" lon="-116.57165">
        <ele>1448.54</ele>
      </trkpt>
      <trkpt lat="34.19894" lon="-116.57173">
        <ele>1448.83</ele>
      </trkpt>
      <trkpt lat="34.19897" lon="-116.5718">
        <ele>1449.05</ele>
      </trkpt>
      <trkpt lat="34.19901" lon="-116.57187">
        <ele>1449.14</ele>
      </trkpt>
      <trkpt lat="34.19904" lon="-116.57194">
        <ele>1449.35</ele>
      </trkpt>
      <trkpt lat="34.19907" lon="-116.57201">
        <ele>1449.72</ele>
      </trkpt>
      <trkpt lat="34.1991" lon="-116.57208">
        <ele>1449.85</ele>
      </trkpt>
      <trkpt lat="34.19914" lon="-116.57215">
        <ele>1450.0</ele>
      </trkpt>
      <trkpt lat="34.19917" lon="-116.57223">
        <ele>1450.0</ele>
      </trkpt>
      <trkpt lat="34.1992" lon="-116.5723">
        <ele>1450.0</ele>
      </trkpt>
      <trkpt lat="34.19923" lon="-116.57237">
        <ele>1450.6</ele>
      </trkpt>
      <trkpt lat="34.19926" lon="-116.57242">
        <ele>1450.99</ele>
      </trkpt>
      <trkpt lat="34.19927" lon="-116.57244">
        <ele>1450.92</ele>
      </trkpt>
      <trkpt lat="34.1993" lon="-116.57251">
        <ele>1451.0</ele>
      </trkpt>
      <trkpt lat="34.19933" lon="-116.57258">
        <ele>1451.0</ele>
      </trkpt>
      <trkpt lat="34.19936" lon="-116.57265">
        <ele>1451.0</ele>
      </trkpt>
      <trkpt lat="34.1994" lon="-116.57271">
        <ele>1451.0</ele>
      </trkpt>
      <trkpt lat="34.19944" lon="-116.57277">
        <ele>1451.0</ele>
      </trkpt>
      <trkpt lat="34.19948" lon="-116.57283">
        <ele>1451.0</ele>
      </trkpt>
      <trkpt lat="34.19952" lon="-116.57288">
        <ele>1451.0</ele>
      </trkpt>
      <trkpt lat="34.19956" lon="-116.57294">
        <ele>1451.19</ele>
      </trkpt>
      <trkpt lat="34.19959" lon="-116.57301">
        <ele>1451.79</ele>
      </trkpt>
      <trkpt lat="34.19962" lon="-116.57308">
        <ele>1452.0</ele>
      </trkpt>
      <trkpt lat="34.19966" lon="-116.57315">
        <ele>1452.34</ele>
      </trkpt>
      <trkpt lat="34.19969" lon="-116.57323">
        <ele>1452.96</ele>
      </trkpt>
      <trkpt lat="34.19972" lon="-116.5733">
        <ele>1453.64</ele>
      </trkpt>
      <trkpt lat="34.19976" lon="-116.57337">
        <ele>1454.4</ele>
      </trkpt>
      <trkpt lat="34.19979" lon="-116.57344">
        <ele>1455.19</ele>
      </trkpt>
      <trkpt lat="34.19983" lon="-116.5735">
        <ele>1455.8</ele>
      </trkpt>
      <trkpt lat="34.19987" lon="-116.57356">
        <ele>1456.63</ele>
      </trkpt>
      <trkpt lat="34.19991" lon="-116.57361">
        <ele>1456.99</ele>
      </trkpt>
      <trkpt lat="34.19995" lon="-116.57367">
        <ele>1457.64</ele>
      </trkpt>
      <trkpt lat="34.19999" lon="-116.57373">
        <ele>1458.28</ele>
      </trkpt>
      <trkpt lat="34.20002" lon="-116.5738">
        <ele>1459.0</ele>
      </trkpt>
      <trkpt lat="34.20005" lon="-116.57387">
        <ele>1459.0</ele>
      </trkpt>
      <trkpt lat="34.20009" lon="-116.57393">
        <ele>1459.01</ele>
      </trkpt>
      <trkpt lat="34.20013" lon="-116.57398">
        <ele>1459.0</ele>
      </trkpt>
      <trkpt lat="34.20017" lon="-116.57404">
        <ele>1459.63</ele>
      </trkpt>
      <trkpt lat="34.20021" lon="-116.5741">
        <ele>1460.0</ele>
      </trkpt>
      <trkpt lat="34.20025" lon="-116.57414">
        <ele>1460.0</ele>
      </trkpt>
      <trkpt lat="34.20029" lon="-116.5742">
        <ele>1460.31</ele>
      </trkpt>
      <trkpt lat="34.20033" lon="-116.57426">
        <ele>1460.44</ele>
      </trkpt>
      <trkpt lat="34.20037" lon="-116.57431">
        <ele>1460.55</ele>
      </trkpt>
      <trkpt lat="34.20041" lon="-116.57437">
        <ele>1461.11</ele>
      </trkpt>
      <trkpt lat="34.20045" lon="-116.57444">
        <ele>1461.13</ele>
      </trkpt>
      <trkpt lat="34.20048" lon="-116.57451">
        <ele>1461.71</ele>
      </trkpt>
      <trkpt lat="34.20051" lon="-116.57458">
        <ele>1462.0</ele>
      </trkpt>
      <trkpt lat="34.20054" lon="-116.57466">
        <ele>1462.33</ele>
      </trkpt>
      <trkpt lat="34.20058" lon="-116.57473">
        <ele>1462.76</ele>
      </trkpt>
      <trkpt lat="34.20061" lon="-116.5748">
        <ele>1462.91</ele>
      </trkpt>
      <trkpt lat="34.20064" lon="-116.57487">
        <ele>1463.0</ele>
      </trkpt>
      <trkpt lat="34.20067" lon="-116.57494">
        <ele>1463.0</ele>
      </trkpt>
      <trkpt lat="34.2007" lon="-116.57501">
        <ele>1463.0</ele>
      </trkpt>
      <trkpt lat="34.20074" lon="-116.57509">
        <ele>1463.0</ele>
      </trkpt>
      <trkpt lat="34.20077" lon="-116.57516">
        <ele>1463.0</ele>
      </trkpt>
      <trkpt lat="34.2008" lon="-116.57523">
        <ele>1463.0</ele>
      </trkpt>
      <trkpt lat="34.20084" lon="-116.57529">
        <ele>1463.0</ele>
      </trkpt>
      <trkpt lat="34.20088" lon="-116.57534">
        <ele>1463.0</ele>
      </trkpt>
      <trkpt lat="34.20092" lon="-116.5754">
        <ele>1463.02</ele>
      </trkpt>
      <trkpt lat="34.20097" lon="-116.57544">
        <ele>1463.0</ele>
      </trkpt>
      <trkpt lat="34.20101" lon="-116.57549">
        <ele>1463.29</ele>
      </trkpt>
      <trkpt lat="34.20106" lon="-116.57553">
        <ele>1463.72</ele>
      </trkpt>
      <trkpt lat="34.20111" lon="-116.57556">
        <ele>1464.0</ele>
      </trkpt>
      <trkpt lat="34.20117" lon="-116.57559">
        <ele>1464.24</ele>
      </trkpt>
      <trkpt lat="34.20122" lon="-116.57561">
        <ele>1464.69</ele>
      </trkpt>
      <trkpt lat="34.20127" lon="-116.57564">
        <ele>1465.56</ele>
      </trkpt>
      <trkpt lat="34.20133" lon="-116.57567">
        <ele>1465.96</ele>
      </trkpt>
      <trkpt lat="34.20138" lon="-116.57572">
        <ele>1466.57</ele>
      </trkpt>
      <trkpt lat="34.20143" lon="-116.57574">
        <ele>1466.99</ele>
      </trkpt>
      <trkpt lat="34.20148" lon="-116.57579">
        <ele>1468.06</ele>
      </trkpt>
      <trkpt lat="34.20153" lon="-116.57582">
        <ele>1468.26</ele>
      </trkpt>
      <trkpt lat="34.20158" lon="-116.57586">
        <ele>1468.62</ele>
      </trkpt>
      <trkpt lat="34.20163" lon="-116.57589">
        <ele>1469.46</ele>
      </trkpt>
      <trkpt lat="34.20168" lon="-116.57593">
        <ele>1470.04</ele>
      </trkpt>
      <trkpt lat="34.20172" lon="-116.57597">
        <ele>1470.48</ele>
      </trkpt>
      <trkpt lat="34.20177" lon="-116.57602">
        <ele>1471.02</ele>
      </trkpt>
      <trkpt lat="34.20182" lon="-116.57606">
        <ele>1471.45</ele>
      </trkpt>
      <trkpt lat="34.20186" lon="-116.57612">
        <ele>1472.09</ele>
      </trkpt>
      <trkpt lat="34.2019" lon="-116.57616">
        <ele>1472.25</ele>
      </trkpt>
      <trkpt lat="34.20195" lon="-116.5762">
        <ele>1472.0</ele>
      </trkpt>
      <trkpt lat="34.20199" lon="-116.57626">
        <ele>1472.61</ele>
      </trkpt>
      <trkpt lat="34.20203" lon="-116.5763">
        <ele>1473.04</ele>
      </trkpt>
      <trkpt lat="34.20208" lon="-116.57635">
        <ele>1473.31</ele>
      </trkpt>
      <trkpt lat="34.20213" lon="-116.57639">
        <ele>1473.01</ele>
      </trkpt>
      <trkpt lat="34.20217" lon="-116.57643">
        <ele>1473.25</ele>
      </trkpt>
      <trkpt lat="34.20222" lon="-116.57647">
        <ele>1473.02</ele>
      </trkpt>
      <trkpt lat="34.20227" lon="-116.57652">
        <ele>1473.42</ele>
      </trkpt>
      <trkpt lat="34.20231" lon="-116.57656">
        <ele>1473.85</ele>
      </trkpt>
      <trkpt lat="34.20235" lon="-116.57662">
        <ele>1473.81</ele>
      </trkpt>
      <trkpt lat="34.2024" lon="-116.57666">
        <ele>1473.93</ele>
      </trkpt>
      <trkpt lat="34.20245" lon="-116.5767">
        <ele>1474.0</ele>
      </trkpt>
      <trkpt lat="34.20249" lon="-116.57675">
        <ele>1474.0</ele>
      </trkpt>
      <trkpt lat="34.20254" lon="-116.57679">
        <ele>1474.0</ele>
      </trkpt>
      <trkpt lat="34.20259" lon="-116.57682">
        <ele>1474.0</ele>
      </trkpt>
      <trkpt lat="34.20264" lon="-116.57686">
        <ele>1474.55</ele>
      </trkpt>
      <trkpt lat="34.20269" lon="-116.57689">
        <ele>1475.0</ele>
      </trkpt>
      <trkpt lat="34.20274" lon="-116.57693">
        <ele>1475.0</ele>
      </trkpt>
      <trkpt lat="34.20279" lon="-116.57698">
        <ele>1475.0</ele>
      </trkpt>
      <trkpt lat="34.20283" lon="-116.57702">
        <ele>1475.0</ele>
      </trkpt>
      <trkpt lat="34.20288" lon="-116.57706">
        <ele>1475.1</ele>
      </trkpt>
      <trkpt lat="34.20293" lon="-116.57711">
        <ele>1475.64</ele>
      </trkpt>
      <trkpt lat="34.20297" lon="-116.57715">
        <ele>1476.02</ele>
      </trkpt>
      <trkpt lat="34.20303" lon="-116.57718">
        <ele>1476.39</ele>
      </trkpt>
      <trkpt lat="34.20307" lon="-116.57722">
        <ele>1477.13</ele>
      </trkpt>
      <trkpt lat="34.20313" lon="-116.57725">
        <ele>1477.8</ele>
      </trkpt>
      <trkpt lat="34.20317" lon="-116.57729">
        <ele>1478.24</ele>
      </trkpt>
      <trkpt lat="34.20323" lon="-116.57732">
        <ele>1478.94</ele>
      </trkpt>
      <trkpt lat="34.20328" lon="-116.57735">
        <ele>1479.8</ele>
      </trkpt>
      <trkpt lat="34.20333" lon="-116.57738">
        <ele>1480.67</ele>
      </trkpt>
      <trkpt lat="34.20339" lon="-116.57741">
        <ele>1481.05</ele>
      </trkpt>
      <trkpt lat="34.20344" lon="-116.57744">
        <ele>1481.8</ele>
      </trkpt>
      <trkpt lat="34.20349" lon="-116.57746">
        <ele>1482.43</ele>
      </trkpt>
      <trkpt lat="34.20354" lon="-116.57751">
        <ele>1483.08</ele>
      </trkpt>
      <trkpt lat="34.20359" lon="-116.57754">
        <ele>1483.1</ele>
      </trkpt>
      <trkpt lat="34.20363" lon="-116.57761">
        <ele>1483.19</ele>
      </trkpt>
      <trkpt lat="34.20367" lon="-116.57766">
        <ele>1483.73</ele>
      </trkpt>
      <trkpt lat="34.20371" lon="-116.57772">
        <ele>1484.31</ele>
      </trkpt>
      <trkpt lat="34.20375" lon="-116.57778">
        <ele>1484.52</ele>
      </trkpt>
      <trkpt lat="34.20379" lon="-116.57784">
        <ele>1484.74</ele>
      </trkpt>
      <trkpt lat="34.20383" lon="-116.57789">
        <ele>1485.13</ele>
      </trkpt>
      <trkpt lat="34.20386" lon="-116.57795">
        <ele>1485.27</ele>
      </trkpt>
      <trkpt lat="34.2039" lon="-116.57801">
        <ele>1485.45</ele>
      </trkpt>
      <trkpt lat="34.20394" lon="-116.57806">
        <ele>1485.5</ele>
      </trkpt>
      <trkpt lat="34.20398" lon="-116.57812">
        <ele>1485.71</ele>
      </trkpt>
      <trkpt lat="34.20402" lon="-116.57818">
        <ele>1486.2</ele>
      </trkpt>
      <trkpt lat="34.20406" lon="-116.57824">
        <ele>1486.15</ele>
      </trkpt>
      <trkpt lat="34.2041" lon="-116.57829">
        <ele>1486.38</ele>
      </trkpt>
      <trkpt lat="34.20414" lon="-116.57835">
        <ele>1486.42</ele>
      </trkpt>
      <trkpt lat="34.20418" lon="-116.57841">
        <ele>1486.71</ele>
      </trkpt>
      <trkpt lat="34.20422" lon="-116.57847">
        <ele>1486.7</ele>
      </trkpt>
      <trkpt lat="34.20427" lon="-116.57851">
        <ele>1486.8</ele>
      </trkpt>
      <trkpt lat="34.20431" lon="-116.57857">
        <ele>1486.76</ele>
      </trkpt>
      <trkpt lat="34.20435" lon="-116.57862">
        <ele>1487.0</ele>
      </trkpt>
      <trkpt lat="34.20439" lon="-116.57867">
        <ele>1486.85</ele>
      </trkpt>
      <trkpt lat="34.20444" lon="-116.57871">
        <ele>1487.0</ele>
      </trkpt>
      <trkpt lat="34.20448" lon="-116.57877">
        <ele>1486.89</ele>
      </trkpt>
      <trkpt lat="34.20452" lon="-116.57881">
        <ele>1487.03</ele>
      </trkpt>
      <trkpt lat="34.20457" lon="-116.57885">
        <ele>1487.0</ele>
      </trkpt>
      <trkpt lat="34.20461" lon="-116.57891">
        <ele>1487.05</ele>
      </trkpt>
      <trkpt lat="34.20465" lon="-116.57897">
        <ele>1487.22</ele>
      </trkpt>
      <trkpt lat="34.20469" lon="-116.57902">
        <ele>1488.07</ele>
      </trkpt>
      <trkpt lat="34.20471" lon="-116.5791">
        <ele>1488.62</ele>
      </trkpt>
      <trkpt lat="34.20474" lon="-116.57917">
        <ele>1488.6</ele>
      </trkpt>
      <trkpt lat="34.20473" lon="-116.57924">
        <ele>1488.91</ele>
      </trkpt>
      <trkpt lat="34.20472" lon="-116.57931">
        <ele>1489.56</ele>
      </trkpt>
      <trkpt lat="34.20472" lon="-116.57938">
        <ele>1490.33</ele>
      </trkpt>
      <trkpt lat="34.2047" lon="-116.57945">
        <ele>1491.31</ele>
      </trkpt>
      <trkpt lat="34.20471" lon="-116.57952">
        <ele>1492.06</ele>
      </trkpt>
      <trkpt lat="34.20475" lon="-116.57959">
        <ele>1491.97</ele>
      </trkpt>
      <trkpt lat="34.20478" lon="-116.57967">
        <ele>1492.19</ele>
      </trkpt>
      <trkpt lat="34.20481" lon="-116.57974">
        <ele>1492.11</ele>
      </trkpt>
      <trkpt lat="34.20484" lon="-116.57981">
        <ele>1491.99</ele>
      </trkpt>
      <trkpt lat="34.20486" lon="-116.57988">
        <ele>1492.36</ele>
      </trkpt>
      <trkpt lat="34.20488" lon="-116.57995">
        <ele>1492.62</ele>
      </trkpt>
      <trkpt lat="34.2049" lon="-116.58002">
        <ele>1493.0</ele>
      </trkpt>
      <trkpt lat="34.2049" lon="-116.58009">
        <ele>1493.0</ele>
      </trkpt>
      <trkpt lat="34.20491" lon="-116.58017">
        <ele>1493.89</ele>
      </trkpt>
      <trkpt lat="34.20492" lon="-116.58024">
        <ele>1494.86</ele>
      </trkpt>
      <trkpt lat="34.20492" lon="-116.58031">
        <ele>1495.62</ele>
      </trkpt>
      <trkpt lat="34.20491" lon="-116.58038">
        <ele>1496.16</ele>
      </trkpt>
      <trkpt lat="34.2049" lon="-116.58045">
        <ele>1496.63</ele>
      </trkpt>
      <trkpt lat="34.2049" lon="-116.58052">
        <ele>1497.38</ele>
      </trkpt>
      <trkpt lat="34.20489" lon="-116.58059">
        <ele>1497.81</ele>
      </trkpt>
      <trkpt lat="34.20487" lon="-116.58067">
        <ele>1498.16</ele>
      </trkpt>
      <trkpt lat="34.20486" lon="-116.58074">
        <ele>1498.94</ele>
      </trkpt>
      <trkpt lat="34.20485" lon="-116.58081">
        <ele>1499.55</ele>
      </trkpt>
      <trkpt lat="34.20484" lon="-116.58088">
        <ele>1500.51</ele>
      </trkpt>
      <trkpt lat="34.20483" lon="-116.58095">
        <ele>1501.5</ele>
      </trkpt>
      <trkpt lat="34.20483" lon="-116.58102">
        <ele>1503.01</ele>
      </trkpt>
      <trkpt lat="34.20482" lon="-116.58109">
        <ele>1503.19</ele>
      </trkpt>
      <trkpt lat="34.20481" lon="-116.58116">
        <ele>1503.77</ele>
      </trkpt>
      <trkpt lat="34.20479" lon="-116.58124">
        <ele>1503.78</ele>
      </trkpt>
      <trkpt lat="34.20478" lon="-116.58131">
        <ele>1503.89</ele>
      </trkpt>
      <trkpt lat="34.20477" lon="-116.58138">
        <ele>1504.0</ele>
      </trkpt>
      <trkpt lat="34.20476" lon="-116.58145">
        <ele>1503.45</ele>
      </trkpt>
      <trkpt lat="34.20475" lon="-116.58152">
        <ele>1503.09</ele>
      </trkpt>
      <trkpt lat="34.20476" lon="-116.58159">
        <ele>1504.04</ele>
      </trkpt>
      <trkpt lat="34.20475" lon="-116.58166">
        <ele>1503.5</ele>
      </trkpt>
      <trkpt lat="34.20475" lon="-116.58174">
        <ele>1503.26</ele>
      </trkpt>
      <trkpt lat="34.20472" lon="-116.58181">
        <ele>1501.95</ele>
      </trkpt>
      <trkpt lat="34.2047" lon="-116.58186">
        <ele>1501.61</ele>
      </trkpt>
      <trkpt lat="34.2047" lon="-116.58188">
        <ele>1501.82</ele>
      </trkpt>
      <trkpt lat="34.20466" lon="-116.58195">
        <ele>1501.78</ele>
      </trkpt>
      <trkpt lat="34.20463" lon="-116.58202">
        <ele>1502.64</ele>
      </trkpt>
      <trkpt lat="34.20459" lon="-116.58209">
        <ele>1503.29</ele>
      </trkpt>
      <trkpt lat="34.20456" lon="-116.58216">
        <ele>1504.23</ele>
      </trkpt>
      <trkpt lat="34.20452" lon="-116.58223">
        <ele>1504.87</ele>
      </trkpt>
      <trkpt lat="34.2045" lon="-116.58231">
        <ele>1506.66</ele>
      </trkpt>
      <trkpt lat="34.20448" lon="-116.58238">
        <ele>1506.86</ele>
      </trkpt>
      <trkpt lat="34.20446" lon="-116.58245">
        <ele>1507.04</ele>
      </trkpt>
      <trkpt lat="34.20443" lon="-116.58252">
        <ele>1506.59</ele>
      </trkpt>
      <trkpt lat="34.20443" lon="-116.58259">
        <ele>1507.35</ele>
      </trkpt>
      <trkpt lat="34.2044" lon="-116.58266">
        <ele>1506.81</ele>
      </trkpt>
      <trkpt lat="34.20438" lon="-116.58273">
        <ele>1506.85</ele>
      </trkpt>
      <trkpt lat="34.20438" lon="-116.5828">
        <ele>1507.76</ele>
      </trkpt>
      <trkpt lat="34.20437" lon="-116.58288">
        <ele>1508.08</ele>
      </trkpt>
      <trkpt lat="34.20435" lon="-116.58295">
        <ele>1507.8</ele>
      </trkpt>
      <trkpt lat="34.20434" lon="-116.58302">
        <ele>1508.15</ele>
      </trkpt>
      <trkpt lat="34.20433" lon="-116.58309">
        <ele>1508.71</ele>
      </trkpt>
      <trkpt lat="34.20432" lon="-116.58316">
        <ele>1509.41</ele>
      </trkpt>
      <trkpt lat="34.20431" lon="-116.58323">
        <ele>1509.62</ele>
      </trkpt>
      <trkpt lat="34.2043" lon="-116.5833">
        <ele>1510.2</ele>
      </trkpt>
      <trkpt lat="34.2043" lon="-116.58337">
        <ele>1510.98</ele>
      </trkpt>
      <trkpt lat="34.20429" lon="-116.58345">
        <ele>1511.08</ele>
      </trkpt>
      <trkpt lat="34.20427" lon="-116.58352">
        <ele>1510.48</ele>
      </trkpt>
      <trkpt lat="34.20424" lon="-116.58359">
        <ele>1510.15</ele>
      </trkpt>
      <trkpt lat="34.20423" lon="-116.58366">
        <ele>1510.58</ele>
      </trkpt>
      <trkpt lat="34.20421" lon="-116.58373">
        <ele>1510.56</ele>
      </trkpt>
      <trkpt lat="34.20419" lon="-116.5838">
        <ele>1510.51</ele>
      </trkpt>
      <trkpt lat="34.20417" lon="-116.58387">
        <ele>1510.1</ele>
      </trkpt>
      <trkpt lat="34.20416" lon="-116.58395">
        <ele>1510.52</ele>
      </trkpt>
      <trkpt lat="34.20413" lon="-116.58402">
        <ele>1510.21</ele>
      </trkpt>
      <trkpt lat="34.20414" lon="-116.58409">
        <ele>1510.6</ele>
      </trkpt>
      <trkpt lat="34.20415" lon="-116.58416">
        <ele>1511.57</ele>
      </trkpt>
      <trkpt lat="34.20416" lon="-116.58423">
        <ele>1511.86</ele>
      </trkpt>
      <trkpt lat="34.20416" lon="-116.5843">
        <ele>1511.86</ele>
      </trkpt>
      <trkpt lat="34.20415" lon="-116.58437">
        <ele>1511.68</ele>
      </trkpt>
      <trkpt lat="34.20414" lon="-116.58444">
        <ele>1511.7</ele>
      </trkpt>
      <trkpt lat="34.20414" lon="-116.58452">
        <ele>1511.71</ele>
      </trkpt>
      <trkpt lat="34.20413" lon="-116.58459">
        <ele>1511.6</ele>
      </trkpt>
      <trkpt lat="34.20412" lon="-116.58466">
        <ele>1511.66</ele>
      </trkpt>
      <trkpt lat="34.20412" lon="-116.58473">
        <ele>1512.0</ele>
      </trkpt>
      <trkpt lat="34.20413" lon="-116.5848">
        <ele>1512.0</ele>
      </trkpt>
      <trkpt lat="34.20414" lon="-116.58487">
        <ele>1512.42</ele>
      </trkpt>
      <trkpt lat="34.20415" lon="-116.58494">
        <ele>1512.95</ele>
      </trkpt>
      <trkpt lat="34.20417" lon="-116.58502">
        <ele>1513.4</ele>
      </trkpt>
      <trkpt lat="34.20418" lon="-116.58509">
        <ele>1514.69</ele>
      </trkpt>
      <trkpt lat="34.20421" lon="-116.58516">
        <ele>1517.07</ele>
      </trkpt>
      <trkpt lat="34.2042" lon="-116.58523">
        <ele>1516.66</ele>
      </trkpt>
      <trkpt lat="34.20419" lon="-116.5853">
        <ele>1516.24</ele>
      </trkpt>
      <trkpt lat="34.20419" lon="-116.58537">
        <ele>1517.76</ele>
      </trkpt>
      <trkpt lat="34.20418" lon="-116.58544">
        <ele>1517.87</ele>
      </trkpt>
      <trkpt lat="34.20416" lon="-116.58551">
        <ele>1517.91</ele>
      </trkpt>
      <trkpt lat="34.20415" lon="-116.58559">
        <ele>1519.07</ele>
      </trkpt>
      <trkpt lat="34.20414" lon="-116.58566">
        <ele>1519.74</ele>
      </trkpt>
      <trkpt lat="34.20412" lon="-116.58573">
        <ele>1519.36</ele>
      </trkpt>
      <trkpt lat="34.2041" lon="-116.5858">
        <ele>1519.88</ele>
      </trkpt>
      <trkpt lat="34.20409" lon="-116.58587">
        <ele>1521.39</ele>
      </trkpt>
      <trkpt lat="34.20407" lon="-116.58594">
        <ele>1522.08</ele>
      </trkpt>
      <trkpt lat="34.20404" lon="-116.58601">
        <ele>1521.98</ele>
      </trkpt>
      <trkpt lat="34.20402" lon="-116.58608">
        <ele>1522.41</ele>
      </trkpt>
      <trkpt lat="34.204" lon="-116.58616">
        <ele>1523.06</ele>
      </trkpt>
      <trkpt lat="34.20396" lon="-116.58623">
        <ele>1522.81</ele>
      </trkpt>
      <trkpt lat="34.20394" lon="-116.5863">
        <ele>1523.27</ele>
      </trkpt>
      <trkpt lat="34.20392" lon="-116.58637">
        <ele>1523.67</ele>
      </trkpt>
      <trkpt lat="34.2039" lon="-116.58644">
        <ele>1523.91</ele>
      </trkpt>
      <trkpt lat="34.20389" lon="-116.58651">
        <ele>1524.04</ele>
      </trkpt>
      <trkpt lat="34.20388" lon="-116.58658">
        <ele>1523.87</ele>
      </trkpt>
      <trkpt lat="34.20386" lon="-116.58665">
        <ele>1523.94</ele>
      </trkpt>
      <trkpt lat="34.20385" lon="-116.58673">
        <ele>1524.42</ele>
      </trkpt>
      <trkpt lat="34.20384" lon="-116.5868">
        <ele>1524.42</ele>
      </trkpt>
      <trkpt lat="34.20384" lon="-116.58687">
        <ele>1524.42</ele>
      </trkpt>
      <trkpt lat="34.20383" lon="-116.58694">
        <ele>1524.09</ele>
      </trkpt>
      <trkpt lat="34.20382" lon="-116.58701">
        <ele>1524.48</ele>
      </trkpt>
      <trkpt lat="34.20381" lon="-116.58708">
        <ele>1524.44</ele>
      </trkpt>
      <trkpt lat="34.2038" lon="-116.58715">
        <ele>1524.12</ele>
      </trkpt>
      <trkpt lat="34.20378" lon="-116.58723">
        <ele>1523.66</ele>
      </trkpt>
      <trkpt lat="34.20376" lon="-116.5873">
        <ele>1523.55</ele>
      </trkpt>
      <trkpt lat="34.20374" lon="-116.58737">
        <ele>1523.39</ele>
      </trkpt>
      <trkpt lat="34.2037" lon="-116.58744">
        <ele>1523.01</ele>
      </trkpt>
      <trkpt lat="34.20368" lon="-116.58751">
        <ele>1523.26</ele>
      </trkpt>
      <trkpt lat="34.20365" lon="-116.58758">
        <ele>1523.58</ele>
      </trkpt>
      <trkpt lat="34.20365" lon="-116.58765">
        <ele>1523.58</ele>
      </trkpt>
      <trkpt lat="34.20364" lon="-116.58772">
        <ele>1523.81</ele>
      </trkpt>
      <trkpt lat="34.20365" lon="-116.5878">
        <ele>1524.14</ele>
      </trkpt>
      <trkpt lat="34.20364" lon="-116.58787">
        <ele>1524.69</ele>
      </trkpt>
      <trkpt lat="34.20365" lon="-116.58794">
        <ele>1524.9</ele>
      </trkpt>
      <trkpt lat="34.20364" lon="-116.58801">
        <ele>1525.35</ele>
      </trkpt>
      <trkpt lat="34.20364" lon="-116.58808">
        <ele>1526.13</ele>
      </trkpt>
      <trkpt lat="34.20363" lon="-116.58815">
        <ele>1527.61</ele>
      </trkpt>
      <trkpt lat="34.20363" lon="-116.58822">
        <ele>1528.37</ele>
      </trkpt>
      <trkpt lat="34.20362" lon="-116.5883">
        <ele>1529.39</ele>
      </trkpt>
      <trkpt lat="34.20361" lon="-116.58837">
        <ele>1530.03</ele>
      </trkpt>
      <trkpt lat="34.2036" lon="-116.58844">
        <ele>1530.49</ele>
      </trkpt>
      <trkpt lat="34.20359" lon="-116.58851">
        <ele>1531.38</ele>
      </trkpt>
      <trkpt lat="34.2036" lon="-116.58858">
        <ele>1531.24</ele>
      </trkpt>
      <trkpt lat="34.20359" lon="-116.58865">
        <ele>1531.46</ele>
      </trkpt>
      <trkpt lat="34.2036" lon="-116.58872">
        <ele>1531.24</ele>
      </trkpt>
      <trkpt lat="34.20359" lon="-116.58879">
        <ele>1531.46</ele>
      </trkpt>
      <trkpt lat="34.20359" lon="-116.58887">
        <ele>1531.46</ele>
      </trkpt>
      <trkpt lat="34.20358" lon="-116.58894">
        <ele>1531.67</ele>
      </trkpt>
      <trkpt lat="34.20359" lon="-116.58901">
        <ele>1531.53</ele>
      </trkpt>
      <trkpt lat="34.20358" lon="-116.58908">
        <ele>1532.05</ele>
      </trkpt>
      <trkpt lat="34.20359" lon="-116.58915">
        <ele>1532.32</ele>
      </trkpt>
      <trkpt lat="34.20358" lon="-116.58922">
        <ele>1532.87</ele>
      </trkpt>
      <trkpt lat="34.20358" lon="-116.58929">
        <ele>1533.01</ele>
      </trkpt>
      <trkpt lat="34.20357" lon="-116.58937">
        <ele>1533.33</ele>
      </trkpt>
      <trkpt lat="34.20358" lon="-116.58944">
        <ele>1533.01</ele>
      </trkpt>
      <trkpt lat="34.20357" lon="-116.58951">
        <ele>1533.73</ele>
      </trkpt>
      <trkpt lat="34.20358" lon="-116.58958">
        <ele>1533.83</ele>
      </trkpt>
      <trkpt lat="34.20357" lon="-116.58965">
        <ele>1534.45</ele>
      </trkpt>
      <trkpt lat="34.20357" lon="-116.58972">
        <ele>1534.87</ele>
      </trkpt>
      <trkpt lat="34.20357" lon="-116.58979">
        <ele>1534.89</ele>
      </trkpt>
      <trkpt lat="34.20357" lon="-116.58986">
        <ele>1535.16</ele>
      </trkpt>
      <trkpt lat="34.20356" lon="-116.58994">
        <ele>1535.55</ele>
      </trkpt>
      <trkpt lat="34.20356" lon="-116.59001">
        <ele>1535.6</ele>
      </trkpt>
      <trkpt lat="34.20353" lon="-116.59008">
        <ele>1535.98</ele>
      </trkpt>
      <trkpt lat="34.20352" lon="-116.59015">
        <ele>1536.61</ele>
      </trkpt>
      <trkpt lat="34.20349" lon="-116.59022">
        <ele>1538.04</ele>
      </trkpt>
      <trkpt lat="34.20349" lon="-116.59029">
        <ele>1538.36</ele>
      </trkpt>
      <trkpt lat="34.20349" lon="-116.59036">
        <ele>1539.12</ele>
      </trkpt>
      <trkpt lat="34.20352" lon="-116.59044">
        <ele>1538.74</ele>
      </trkpt>
      <trkpt lat="34.20354" lon="-116.59051">
        <ele>1539.28</ele>
      </trkpt>
      <trkpt lat="34.20357" lon="-116.59058">
        <ele>1539.56</ele>
      </trkpt>
      <trkpt lat="34.2036" lon="-116.59065">
        <ele>1539.24</ele>
      </trkpt>
      <trkpt lat="34.20364" lon="-116.59072">
        <ele>1539.31</ele>
      </trkpt>
      <trkpt lat="34.20365" lon="-116.59079">
        <ele>1539.95</ele>
      </trkpt>
      <trkpt lat="34.20367" lon="-116.59086">
        <ele>1540.64</ele>
      </trkpt>
      <trkpt lat="34.20369" lon="-116.59094">
        <ele>1540.87</ele>
      </trkpt>
      <trkpt lat="34.20371" lon="-116.59101">
        <ele>1541.2</ele>
      </trkpt>
      <trkpt lat="34.20373" lon="-116.59108">
        <ele>1542.33</ele>
      </trkpt>
      <trkpt lat="34.20375" lon="-116.59115">
        <ele>1543.0</ele>
      </trkpt>
      <trkpt lat="34.20377" lon="-116.59122">
        <ele>1543.43</ele>
      </trkpt>
      <trkpt lat="34.20379" lon="-116.59129">
        <ele>1543.86</ele>
      </trkpt>
      <trkpt lat="34.2038" lon="-116.59136">
        <ele>1544.82</ele>
      </trkpt>
      <trkpt lat="34.20382" lon="-116.59144">
        <ele>1545.36</ele>
      </trkpt>
      <trkpt lat="34.20384" lon="-116.59151">
        <ele>1545.89</ele>
      </trkpt>
      <trkpt lat="34.20386" lon="-116.59158">
        <ele>1546.71</ele>
      </trkpt>
      <trkpt lat="34.20388" lon="-116.59165">
        <ele>1546.87</ele>
      </trkpt>
      <trkpt lat="34.20389" lon="-116.59172">
        <ele>1546.46</ele>
      </trkpt>
      <trkpt lat="34.20389" lon="-116.59179">
        <ele>1546.03</ele>
      </trkpt>
      <trkpt lat="34.20391" lon="-116.59186">
        <ele>1546.46</ele>
      </trkpt>
      <trkpt lat="34.20392" lon="-116.59194">
        <ele>1546.67</ele>
      </trkpt>
      <trkpt lat="34.20392" lon="-116.59201">
        <ele>1545.96</ele>
      </trkpt>
      <trkpt lat="34.20394" lon="-116.59208">
        <ele>1546.31</ele>
      </trkpt>
      <trkpt lat="34.20396" lon="-116.59215">
        <ele>1546.77</ele>
      </trkpt>
      <trkpt lat="34.20398" lon="-116.59222">
        <ele>1546.98</ele>
      </trkpt>
      <trkpt lat="34.20401" lon="-116.59229">
        <ele>1547.31</ele>
      </trkpt>
      <trkpt lat="34.20404" lon="-116.59236">
        <ele>1547.63</ele>
      </trkpt>
      <trkpt lat="34.20407" lon="-116.59244">
        <ele>1547.96</ele>
      </trkpt>
      <trkpt lat="34.20411" lon="-116.59251">
        <ele>1548.04</ele>
      </trkpt>
      <trkpt lat="34.20414" lon="-116.59258">
        <ele>1548.62</ele>
      </trkpt>
      <trkpt lat="34.20417" lon="-116.59265">
        <ele>1549.78</ele>
      </trkpt>
      <trkpt lat="34.2042" lon="-116.59272">
        <ele>1551.68</ele>
      </trkpt>
      <trkpt lat="34.20424" lon="-116.59279">
        <ele>1553.4</ele>
      </trkpt>
      <trkpt lat="34.20427" lon="-116.59286">
        <ele>1554.36</ele>
      </trkpt>
      <trkpt lat="34.2043" lon="-116.59294">
        <ele>1554.99</ele>
      </trkpt>
      <trkpt lat="34.20432" lon="-116.59301">
        <ele>1555.31</ele>
      </trkpt>
      <trkpt lat="34.20435" lon="-116.59308">
        <ele>1555.7</ele>
      </trkpt>
      <trkpt lat="34.20434" lon="-116.59315">
        <ele>1554.87</ele>
      </trkpt>
      <trkpt lat="34.20435" lon="-116.59322">
        <ele>1554.98</ele>
      </trkpt>
      <trkpt lat="34.20434" lon="-116.59329">
        <ele>1554.87</ele>
      </trkpt>
      <trkpt lat="34.20436" lon="-116.59336">
        <ele>1555.09</ele>
      </trkpt>
      <trkpt lat="34.2044" lon="-116.59342">
        <ele>1555.52</ele>
      </trkpt>
      <trkpt lat="34.20445" lon="-116.59346">
        <ele>1556.06</ele>
      </trkpt>
      <trkpt lat="34.20449" lon="-116.59352">
        <ele>1556.49</ele>
      </trkpt>
      <trkpt lat="34.20453" lon="-116.59356">
        <ele>1556.92</ele>
      </trkpt>
      <trkpt lat="34.20457" lon="-116.59362">
        <ele>1557.36</ele>
      </trkpt>
      <trkpt lat="34.20462" lon="-116.59367">
        <ele>1557.9</ele>
      </trkpt>
      <trkpt lat="34.20464" lon="-116.59372">
        <ele>1558.22</ele>
      </trkpt>
      <trkpt lat="34.20464" lon="-116.59379">
        <ele>1558.22</ele>
      </trkpt>
      <trkpt lat="34.20464" lon="-116.59386">
        <ele>1558.15</ele>
      </trkpt>
      <trkpt lat="34.20463" lon="-116.59394">
        <ele>1557.45</ele>
      </trkpt>
      <trkpt lat="34.20464" lon="-116.59401">
        <ele>1557.46</ele>
      </trkpt>
      <trkpt lat="34.20463" lon="-116.59408">
        <ele>1558.06</ele>
      </trkpt>
      <trkpt lat="34.20463" lon="-116.59415">
        <ele>1558.82</ele>
      </trkpt>
      <trkpt lat="34.2046" lon="-116.59422">
        <ele>1559.58</ele>
      </trkpt>
      <trkpt lat="34.20459" lon="-116.59429">
        <ele>1560.0</ele>
      </trkpt>
      <trkpt lat="34.20456" lon="-116.59436">
        <ele>1560.07</ele>
      </trkpt>
      <trkpt lat="34.20456" lon="-116.59443">
        <ele>1560.63</ele>
      </trkpt>
      <trkpt lat="34.20455" lon="-116.59451">
        <ele>1560.96</ele>
      </trkpt>
      <trkpt lat="34.20456" lon="-116.59458">
        <ele>1561.0</ele>
      </trkpt>
      <trkpt lat="34.20456" lon="-116.59465">
        <ele>1561.22</ele>
      </trkpt>
      <trkpt lat="34.20457" lon="-116.59472">
        <ele>1561.98</ele>
      </trkpt>
      <trkpt lat="34.20457" lon="-116.59479">
        <ele>1563.2</ele>
      </trkpt>
      <trkpt lat="34.20459" lon="-116.59486">
        <ele>1564.4</ele>
      </trkpt>
      <trkpt lat="34.2046" lon="-116.59493">
        <ele>1565.72</ele>
      </trkpt>
      <trkpt lat="34.2046" lon="-116.59501">
        <ele>1567.07</ele>
      </trkpt>
      <trkpt lat="34.20461" lon="-116.59508">
        <ele>1567.5</ele>
      </trkpt>
      <trkpt lat="34.20461" lon="-116.59515">
        <ele>1568.12</ele>
      </trkpt>
      <trkpt lat="34.20461" lon="-116.59522">
        <ele>1568.5</ele>
      </trkpt>
      <trkpt lat="34.20461" lon="-116.59529">
        <ele>1568.64</ele>
      </trkpt>
      <trkpt lat="34.2046" lon="-116.59536">
        <ele>1568.96</ele>
      </trkpt>
      <trkpt lat="34.20461" lon="-116.59543">
        <ele>1568.5</ele>
      </trkpt>
      <trkpt lat="34.2046" lon="-116.59551">
        <ele>1568.64</ele>
      </trkpt>
      <trkpt lat="34.20461" lon="-116.59558">
        <ele>1568.22</ele>
      </trkpt>
      <trkpt lat="34.2046" lon="-116.59565">
        <ele>1567.95</ele>
      </trkpt>
      <trkpt lat="34.20459" lon="-116.59572">
        <ele>1567.95</ele>
      </trkpt>
      <trkpt lat="34.20458" lon="-116.59579">
        <ele>1567.79</ele>
      </trkpt>
      <trkpt lat="34.20457" lon="-116.59586">
        <ele>1567.56</ele>
      </trkpt>
      <trkpt lat="34.20456" lon="-116.59593">
        <ele>1567.28</ele>
      </trkpt>
      <trkpt lat="34.20456" lon="-116.596">
        <ele>1567.85</ele>
      </trkpt>
      <trkpt lat="34.20459" lon="-116.59608">
        <ele>1568.38</ele>
      </trkpt>
      <trkpt lat="34.20461" lon="-116.59615">
        <ele>1569.21</ele>
      </trkpt>
      <trkpt lat="34.20463" lon="-116.59622">
        <ele>1570.0</ele>
      </trkpt>
      <trkpt lat="34.20465" lon="-116.59629">
        <ele>1570.22</ele>
      </trkpt>
      <trkpt lat="34.20465" lon="-116.59636">
        <ele>1570.22</ele>
      </trkpt>
      <trkpt lat="34.20467" lon="-116.59643">
        <ele>1570.44</ele>
      </trkpt>
      <trkpt lat="34.20471" lon="-116.59649">
        <ele>1570.87</ele>
      </trkpt>
      <trkpt lat="34.20476" lon="-116.59653">
        <ele>1571.41</ele>
      </trkpt>
      <trkpt lat="34.20479" lon="-116.59659">
        <ele>1571.73</ele>
      </trkpt>
      <trkpt lat="34.20483" lon="-116.59665">
        <ele>1572.03</ele>
      </trkpt>
      <trkpt lat="34.20487" lon="-116.59672">
        <ele>1572.0</ele>
      </trkpt>
      <trkpt lat="34.2049" lon="-116.59678">
        <ele>1572.0</ele>
      </trkpt>
      <trkpt lat="34.20494" lon="-116.59684">
        <ele>1572.35</ele>
      </trkpt>
      <trkpt lat="34.20499" lon="-116.59688">
        <ele>1572.89</ele>
      </trkpt>
      <trkpt lat="34.20505" lon="-116.59691">
        <ele>1573.0</ele>
      </trkpt>
      <trkpt lat="34.2051" lon="-116.59693">
        <ele>1573.01</ele>
      </trkpt>
      <trkpt lat="34.20515" lon="-116.59696">
        <ele>1573.17</ele>
      </trkpt>
      <trkpt lat="34.20521" lon="-116.59699">
        <ele>1573.63</ele>
      </trkpt>
      <trkpt lat="34.20526" lon="-116.59702">
        <ele>1573.96</ele>
      </trkpt>
      <trkpt lat="34.20529" lon="-116.59709">
        <ele>1575.2</ele>
      </trkpt>
      <trkpt lat="34.20533" lon="-116.59715">
        <ele>1576.22</ele>
      </trkpt>
      <trkpt lat="34.20536" lon="-116.59722">
        <ele>1576.98</ele>
      </trkpt>
      <trkpt lat="34.2054" lon="-116.59728">
        <ele>1578.25</ele>
      </trkpt>
      <trkpt lat="34.20544" lon="-116.59735">
        <ele>1579.47</ele>
      </trkpt>
      <trkpt lat="34.20549" lon="-116.59738">
        <ele>1579.7</ele>
      </trkpt>
      <trkpt lat="34.20554" lon="-116.59742">
        <ele>1580.16</ele>
      </trkpt>
      <trkpt lat="34.20559" lon="-116.59745">
        <ele>1580.09</ele>
      </trkpt>
      <trkpt lat="34.20562" lon="-116.59752">
        <ele>1580.37</ele>
      </trkpt>
      <trkpt lat="34.20566" lon="-116.59758">
        <ele>1579.87</ele>
      </trkpt>
      <trkpt lat="34.20569" lon="-116.59765">
        <ele>1580.17</ele>
      </trkpt>
      <trkpt lat="34.20573" lon="-116.59772">
        <ele>1580.16</ele>
      </trkpt>
      <trkpt lat="34.20575" lon="-116.59779">
        <ele>1580.32</ele>
      </trkpt>
      <trkpt lat="34.20577" lon="-116.59786">
        <ele>1581.24</ele>
      </trkpt>
      <trkpt lat="34.20578" lon="-116.59794">
        <ele>1582.18</ele>
      </trkpt>
      <trkpt lat="34.2058" lon="-116.59801">
        <ele>1582.64</ele>
      </trkpt>
      <trkpt lat="34.2058" lon="-116.59802">
        <ele>1582.64</ele>
      </trkpt>
      <trkpt lat="34.20582" lon="-116.59808">
        <ele>1582.89</ele>
      </trkpt>
      <trkpt lat="34.20585" lon="-116.59815">
        <ele>1583.2</ele>
      </trkpt>
      <trkpt lat="34.20589" lon="-116.59822">
        <ele>1584.39</ele>
      </trkpt>
      <trkpt lat="34.20592" lon="-116.59829">
        <ele>1584.94</ele>
      </trkpt>
      <trkpt lat="34.20595" lon="-116.59836">
        <ele>1585.81</ele>
      </trkpt>
      <trkpt lat="34.20598" lon="-116.59844">
        <ele>1587.17</ele>
      </trkpt>
      <trkpt lat="34.20602" lon="-116.59851">
        <ele>1588.03</ele>
      </trkpt>
      <trkpt lat="34.20605" lon="-116.59858">
        <ele>1588.68</ele>
      </trkpt>
      <trkpt lat="34.20608" lon="-116.59865">
        <ele>1589.33</ele>
      </trkpt>
      <trkpt lat="34.20611" lon="-116.59872">
        <ele>1590.15</ele>
      </trkpt>
      <trkpt lat="34.20615" lon="-116.59879">
        <ele>1591.8</ele>
      </trkpt>
      <trkpt lat="34.20618" lon="-116.59886">
        <ele>1592.49</ele>
      </trkpt>
      <trkpt lat="34.20621" lon="-116.59894">
        <ele>1593.17</ele>
      </trkpt>
      <trkpt lat="34.20624" lon="-116.59901">
        <ele>1593.78</ele>
      </trkpt>
      <trkpt lat="34.20628" lon="-116.59908">
        <ele>1594.65</ele>
      </trkpt>
      <trkpt lat="34.20631" lon="-116.59915">
        <ele>1595.17</ele>
      </trkpt>
      <trkpt lat="34.20635" lon="-116.5992">
        <ele>1595.58</ele>
      </trkpt>
      <trkpt lat="34.20641" lon="-116.59922">
        <ele>1596.32</ele>
      </trkpt>
      <trkpt lat="34.20647" lon="-116.59924">
        <ele>1597.06</ele>
      </trkpt>
      <trkpt lat="34.20651" lon="-116.59929">
        <ele>1597.85</ele>
      </trkpt>
      <trkpt lat="34.20654" lon="-116.59937">
        <ele>1598.83</ele>
      </trkpt>
      <trkpt lat="34.20657" lon="-116.59944">
        <ele>1599.91</ele>
      </trkpt>
      <trkpt lat="34.20661" lon="-116.59951">
        <ele>1601.48</ele>
      </trkpt>
      <trkpt lat="34.20664" lon="-116.59957">
        <ele>1602.53</ele>
      </trkpt>
      <trkpt lat="34.20668" lon="-116.59963">
        <ele>1603.29</ele>
      </trkpt>
      <trkpt lat="34.20673" lon="-116.59967">
        <ele>1604.51</ele>
      </trkpt>
      <trkpt lat="34.20678" lon="-116.59971">
        <ele>1605.22</ele>
      </trkpt>
      <trkpt lat="34.20685" lon="-116.59971">
        <ele>1605.98</ele>
      </trkpt>
      <trkpt lat="34.20691" lon="-116.59972">
        <ele>1606.63</ele>
      </trkpt>
      <trkpt lat="34.20697" lon="-116.59972">
        <ele>1607.28</ele>
      </trkpt>
      <trkpt lat="34.20704" lon="-116.59972">
        <ele>1608.06</ele>
      </trkpt>
      <trkpt lat="34.20711" lon="-116.59972">
        <ele>1608.79</ele>
      </trkpt>
      <trkpt lat="34.20718" lon="-116.59972">
        <ele>1609.01</ele>
      </trkpt>
      <trkpt lat="34.20724" lon="-116.59974">
        <ele>1609.0</ele>
      </trkpt>
      <trkpt lat="34.2073" lon="-116.59974">
        <ele>1609.65</ele>
      </trkpt>
      <trkpt lat="34.20735" lon="-116.59978">
        <ele>1609.76</ele>
      </trkpt>
      <trkpt lat="34.20741" lon="-116.59981">
        <ele>1610.08</ele>
      </trkpt>
      <trkpt lat="34.20745" lon="-116.59985">
        <ele>1610.08</ele>
      </trkpt>
      <trkpt lat="34.2075" lon="-116.59989">
        <ele>1610.19</ele>
      </trkpt>
      <trkpt lat="34.20754" lon="-116.59995">
        <ele>1609.97</ele>
      </trkpt>
      <trkpt lat="34.20758" lon="-116.60001">
        <ele>1609.86</ele>
      </trkpt>
      <trkpt lat="34.20762" lon="-116.60007">
        <ele>1610.07</ele>
      </trkpt>
      <trkpt lat="34.20766" lon="-116.60013">
        <ele>1609.89</ele>
      </trkpt>
      <trkpt lat="34.2077" lon="-116.60018">
        <ele>1610.02</ele>
      </trkpt>
      <trkpt lat="34.20774" lon="-116.60024">
        <ele>1610.0</ele>
      </trkpt>
      <trkpt lat="34.20778" lon="-116.60028">
        <ele>1610.07</ele>
      </trkpt>
      <trkpt lat="34.20782" lon="-116.60034">
        <ele>1611.28</ele>
      </trkpt>
      <trkpt lat="34.20786" lon="-116.6004">
        <ele>1611.89</ele>
      </trkpt>
      <trkpt lat="34.2079" lon="-116.60045">
        <ele>1612.32</ele>
      </trkpt>
      <trkpt lat="34.20794" lon="-116.60051">
        <ele>1613.26</ele>
      </trkpt>
      <trkpt lat="34.20797" lon="-116.60058">
        <ele>1614.06</ele>
      </trkpt>
      <trkpt lat="34.20801" lon="-116.60065">
        <ele>1614.0</ele>
      </trkpt>
      <trkpt lat="34.20804" lon="-116.60073">
        <ele>1614.0</ele>
      </trkpt>
      <trkpt lat="34.20807" lon="-116.6008">
        <ele>1614.16</ele>
      </trkpt>
      <trkpt lat="34.2081" lon="-116.60087">
        <ele>1615.08</ele>
      </trkpt>
      <trkpt lat="34.20813" lon="-116.60094">
        <ele>1616.27</ele>
      </trkpt>
      <trkpt lat="34.20817" lon="-116.60101">
        <ele>1617.86</ele>
      </trkpt>
      <trkpt lat="34.20821" lon="-116.60107">
        <ele>1618.37</ele>
      </trkpt>
      <trkpt lat="34.20825" lon="-116.60113">
        <ele>1619.08</ele>
      </trkpt>
      <trkpt lat="34.20828" lon="-116.60118">
        <ele>1619.11</ele>
      </trkpt>
      <trkpt lat="34.20833" lon="-116.60124">
        <ele>1619.0</ele>
      </trkpt>
      <trkpt lat="34.20836" lon="-116.6013">
        <ele>1619.36</ele>
      </trkpt>
      <trkpt lat="34.2084" lon="-116.60136">
        <ele>1620.6</ele>
      </trkpt>
      <trkpt lat="34.20844" lon="-116.60141">
        <ele>1621.23</ele>
      </trkpt>
      <trkpt lat="34.20848" lon="-116.60147">
        <ele>1621.88</ele>
      </trkpt>
      <trkpt lat="34.20853" lon="-116.60151">
        <ele>1622.22</ele>
      </trkpt>
      <trkpt lat="34.20858" lon="-116.60156">
        <ele>1622.75</ele>
      </trkpt>
      <trkpt lat="34.20862" lon="-116.6016">
        <ele>1623.84</ele>
      </trkpt>
      <trkpt lat="34.20867" lon="-116.60164">
        <ele>1625.14</ele>
      </trkpt>
      <trkpt lat="34.20872" lon="-116.60167">
        <ele>1625.9</ele>
      </trkpt>
      <trkpt lat="34.20877" lon="-116.60171">
        <ele>1626.22</ele>
      </trkpt>
      <trkpt lat="34.20882" lon="-116.60175">
        <ele>1626.8</ele>
      </trkpt>
      <trkpt lat="34.20886" lon="-116.60181">
        <ele>1628.27</ele>
      </trkpt>
      <trkpt lat="34.2089" lon="-116.60186">
        <ele>1629.18</ele>
      </trkpt>
      <trkpt lat="34.20894" lon="-116.60191">
        <ele>1630.26</ele>
      </trkpt>
      <trkpt lat="34.20898" lon="-116.60197">
        <ele>1631.55</ele>
      </trkpt>
      <trkpt lat="34.20902" lon="-116.60203">
        <ele>1632.85</ele>
      </trkpt>
      <trkpt lat="34.20906" lon="-116.60209">
        <ele>1634.23</ele>
      </trkpt>
      <trkpt lat="34.20909" lon="-116.60216">
        <ele>1635.81</ele>
      </trkpt>
      <trkpt lat="34.20912" lon="-116.60223">
        <ele>1637.71</ele>
      </trkpt>
      <trkpt lat="34.20916" lon="-116.6023">
        <ele>1638.81</ele>
      </trkpt>
      <trkpt lat="34.20919" lon="-116.60237">
        <ele>1640.28</ele>
      </trkpt>
      <trkpt lat="34.20922" lon="-116.60244">
        <ele>1641.55</ele>
      </trkpt>
      <trkpt lat="34.20925" lon="-116.60251">
        <ele>1642.51</ele>
      </trkpt>
      <trkpt lat="34.20929" lon="-116.60257">
        <ele>1643.94</ele>
      </trkpt>
      <trkpt lat="34.20933" lon="-116.60263">
        <ele>1645.04</ele>
      </trkpt>
      <trkpt lat="34.20937" lon="-116.60269">
        <ele>1646.29</ele>
      </trkpt>
      <trkpt lat="34.20942" lon="-116.60273">
        <ele>1647.35</ele>
      </trkpt>
      <trkpt lat="34.20947" lon="-116.60277">
        <ele>1647.92</ele>
      </trkpt>
      <trkpt lat="34.20951" lon="-116.60282">
        <ele>1648.32</ele>
      </trkpt>
      <trkpt lat="34.20957" lon="-116.60284">
        <ele>1648.67</ele>
      </trkpt>
      <trkpt lat="34.20962" lon="-116.60287">
        <ele>1649.0</ele>
      </trkpt>
      <trkpt lat="34.20967" lon="-116.6029">
        <ele>1649.32</ele>
      </trkpt>
      <trkpt lat="34.20973" lon="-116.60293">
        <ele>1649.64</ele>
      </trkpt>
      <trkpt lat="34.20978" lon="-116.60296">
        <ele>1649.97</ele>
      </trkpt>
      <trkpt lat="34.20983" lon="-116.603">
        <ele>1650.96</ele>
      </trkpt>
      <trkpt lat="34.20987" lon="-116.60304">
        <ele>1652.26</ele>
      </trkpt>
      <trkpt lat="34.20992" lon="-116.60309">
        <ele>1653.74</ele>
      </trkpt>
      <trkpt lat="34.20997" lon="-116.60313">
        <ele>1654.61</ele>
      </trkpt>
      <trkpt lat="34.21001" lon="-116.60319">
        <ele>1655.56</ele>
      </trkpt>
      <trkpt lat="34.21005" lon="-116.60325">
        <ele>1656.64</ele>
      </trkpt>
      <trkpt lat="34.21009" lon="-116.6033">
        <ele>1657.61</ele>
      </trkpt>
      <trkpt lat="34.21013" lon="-116.60336">
        <ele>1658.69</ele>
      </trkpt>
      <trkpt lat="34.21016" lon="-116.60342">
        <ele>1659.66</ele>
      </trkpt>
      <trkpt lat="34.2102" lon="-116.60347">
        <ele>1660.0</ele>
      </trkpt>
      <trkpt lat="34.21025" lon="-116.60352">
        <ele>1660.0</ele>
      </trkpt>
      <trkpt lat="34.2103" lon="-116.60355">
        <ele>1660.0</ele>
      </trkpt>
      <trkpt lat="34.21035" lon="-116.60359">
        <ele>1660.0</ele>
      </trkpt>
      <trkpt lat="34.2104" lon="-116.60362">
        <ele>1660.29</ele>
      </trkpt>
      <trkpt lat="34.21047" lon="-116.60363">
        <ele>1660.87</ele>
      </trkpt>
      <trkpt lat="34.21052" lon="-116.60366">
        <ele>1661.09</ele>
      </trkpt>
      <trkpt lat="34.21057" lon="-116.60369">
        <ele>1661.28</ele>
      </trkpt>
      <trkpt lat="34.21063" lon="-116.6037">
        <ele>1661.81</ele>
      </trkpt>
      <trkpt lat="34.21069" lon="-116.60372">
        <ele>1661.82</ele>
      </trkpt>
      <trkpt lat="34.21075" lon="-116.60373">
        <ele>1661.82</ele>
      </trkpt>
      <trkpt lat="34.21081" lon="-116.60375">
        <ele>1662.25</ele>
      </trkpt>
      <trkpt lat="34.21088" lon="-116.60375">
        <ele>1662.75</ele>
      </trkpt>
      <trkpt lat="34.21093" lon="-116.60379">
        <ele>1663.0</ele>
      </trkpt>
      <trkpt lat="34.21098" lon="-116.60382">
        <ele>1662.89</ele>
      </trkpt>
      <trkpt lat="34.21103" lon="-116.60386">
        <ele>1663.12</ele>
      </trkpt>
      <trkpt lat="34.21108" lon="-116.60389">
        <ele>1663.66</ele>
      </trkpt>
      <trkpt lat="34.21113" lon="-116.60393">
        <ele>1664.29</ele>
      </trkpt>
      <trkpt lat="34.21118" lon="-116.60396">
        <ele>1665.32</ele>
      </trkpt>
      <trkpt lat="34.21123" lon="-116.60401">
        <ele>1665.87</ele>
      </trkpt>
      <trkpt lat="34.21128" lon="-116.60403">
        <ele>1666.34</ele>
      </trkpt>
      <trkpt lat="34.21133" lon="-116.60408">
        <ele>1667.43</ele>
      </trkpt>
      <trkpt lat="34.21138" lon="-116.60411">
        <ele>1668.29</ele>
      </trkpt>
      <trkpt lat="34.21142" lon="-116.60418">
        <ele>1669.48</ele>
      </trkpt>
      <trkpt lat="34.21146" lon="-116.60424">
        <ele>1670.56</ele>
      </trkpt>
      <trkpt lat="34.21149" lon="-116.60431">
        <ele>1671.05</ele>
      </trkpt>
      <trkpt lat="34.21152" lon="-116.60438">
        <ele>1671.42</ele>
      </trkpt>
      <trkpt lat="34.21156" lon="-116.60444">
        <ele>1671.85</ele>
      </trkpt>
      <trkpt lat="34.21159" lon="-116.6045">
        <ele>1672.0</ele>
      </trkpt>
      <trkpt lat="34.21165" lon="-116.60454">
        <ele>1672.03</ele>
      </trkpt>
      <trkpt lat="34.21169" lon="-116.60458">
        <ele>1672.46</ele>
      </trkpt>
      <trkpt lat="34.21174" lon="-116.60462">
        <ele>1672.9</ele>
      </trkpt>
      <trkpt lat="34.21179" lon="-116.60466">
        <ele>1673.0</ele>
      </trkpt>
      <trkpt lat="34.21183" lon="-116.60471">
        <ele>1673.0</ele>
      </trkpt>
      <trkpt lat="34.21187" lon="-116.60476">
        <ele>1673.08</ele>
      </trkpt>
      <trkpt lat="34.21191" lon="-116.60482">
        <ele>1673.65</ele>
      </trkpt>
      <trkpt lat="34.21196" lon="-116.60486">
        <ele>1673.91</ele>
      </trkpt>
      <trkpt lat="34.21199" lon="-116.60493">
        <ele>1674.0</ele>
      </trkpt>
      <trkpt lat="34.21204" lon="-116.60497">
        <ele>1674.0</ele>
      </trkpt>
      <trkpt lat="34.21209" lon="-116.60501">
        <ele>1674.11</ele>
      </trkpt>
      <trkpt lat="34.21214" lon="-116.60504">
        <ele>1674.43</ele>
      </trkpt>
      <trkpt lat="34.2122" lon="-116.60507">
        <ele>1674.76</ele>
      </trkpt>
      <trkpt lat="34.21225" lon="-116.60509">
        <ele>1674.97</ele>
      </trkpt>
      <trkpt lat="34.21231" lon="-116.60512">
        <ele>1674.72</ele>
      </trkpt>
      <trkpt lat="34.21237" lon="-116.60514">
        <ele>1674.49</ele>
      </trkpt>
      <trkpt lat="34.21243" lon="-116.60515">
        <ele>1674.53</ele>
      </trkpt>
      <trkpt lat="34.21248" lon="-116.60518">
        <ele>1674.8</ele>
      </trkpt>
      <trkpt lat="34.21255" lon="-116.60519">
        <ele>1675.54</ele>
      </trkpt>
      <trkpt lat="34.21259" lon="-116.60522">
        <ele>1675.97</ele>
      </trkpt>
      <trkpt lat="34.21265" lon="-116.60525">
        <ele>1676.0</ele>
      </trkpt>
      <trkpt lat="34.2127" lon="-116.60528">
        <ele>1676.16</ele>
      </trkpt>
      <trkpt lat="34.21276" lon="-116.60531">
        <ele>1676.81</ele>
      </trkpt>
      <trkpt lat="34.21281" lon="-116.60534">
        <ele>1677.0</ele>
      </trkpt>
      <trkpt lat="34.21287" lon="-116.60535">
        <ele>1677.0</ele>
      </trkpt>
      <trkpt lat="34.21293" lon="-116.60537">
        <ele>1677.64</ele>
      </trkpt>
      <trkpt lat="34.21298" lon="-116.6054">
        <ele>1678.18</ele>
      </trkpt>
      <trkpt lat="34.21304" lon="-116.60541">
        <ele>1678.83</ele>
      </trkpt>
      <trkpt lat="34.21311" lon="-116.60543">
        <ele>1679.59</ele>
      </trkpt>
      <trkpt lat="34.21316" lon="-116.60546">
        <ele>1680.13</ele>
      </trkpt>
      <trkpt lat="34.21321" lon="-116.60548">
        <ele>1680.67</ele>
      </trkpt>
      <trkpt lat="34.21327" lon="-116.6055">
        <ele>1681.32</ele>
      </trkpt>
      <trkpt lat="34.21333" lon="-116.60553">
        <ele>1681.96</ele>
      </trkpt>
      <trkpt lat="34.21339" lon="-116.60555">
        <ele>1682.58</ele>
      </trkpt>
      <trkpt lat="34.21342" lon="-116.60561">
        <ele>1682.94</ele>
      </trkpt>
      <trkpt lat="34.21347" lon="-116.60566">
        <ele>1683.0</ele>
      </trkpt>
      <trkpt lat="34.21351" lon="-116.60571">
        <ele>1683.0</ele>
      </trkpt>
      <trkpt lat="34.21355" lon="-116.60577">
        <ele>1683.34</ele>
      </trkpt>
      <trkpt lat="34.21359" lon="-116.60581">
        <ele>1683.77</ele>
      </trkpt>
      <trkpt lat="34.21364" lon="-116.60586">
        <ele>1683.8</ele>
      </trkpt>
      <trkpt lat="34.21368" lon="-116.60591">
        <ele>1683.79</ele>
      </trkpt>
      <trkpt lat="34.21372" lon="-116.60596">
        <ele>1684.18</ele>
      </trkpt>
      <trkpt lat="34.21377" lon="-116.606">
        <ele>1684.72</ele>
      </trkpt>
      <trkpt lat="34.21381" lon="-116.60606">
        <ele>1685.0</ele>
      </trkpt>
      <trkpt lat="34.21386" lon="-116.6061">
        <ele>1685.0</ele>
      </trkpt>
      <trkpt lat="34.2139" lon="-116.60614">
        <ele>1685.0</ele>
      </trkpt>
      <trkpt lat="34.21394" lon="-116.6062">
        <ele>1685.0</ele>
      </trkpt>
      <trkpt lat="34.21398" lon="-116.60626">
        <ele>1685.0</ele>
      </trkpt>
      <trkpt lat="34.21403" lon="-116.6063">
        <ele>1685.0</ele>
      </trkpt>
      <trkpt lat="34.21406" lon="-116.60637">
        <ele>1685.0</ele>
      </trkpt>
      <trkpt lat="34.21412" lon="-116.6064">
        <ele>1685.0</ele>
      </trkpt>
      <trkpt lat="34.21416" lon="-116.60644">
        <ele>1685.0</ele>
      </trkpt>
      <trkpt lat="34.21422" lon="-116.60647">
        <ele>1685.0</ele>
      </trkpt>
      <trkpt lat="34.21426" lon="-116.60651">
        <ele>1684.69</ele>
      </trkpt>
      <trkpt lat="34.21432" lon="-116.60654">
        <ele>1684.78</ele>
      </trkpt>
      <trkpt lat="34.21436" lon="-116.60659">
        <ele>1684.84</ele>
      </trkpt>
      <trkpt lat="34.21441" lon="-116.60662">
        <ele>1684.82</ele>
      </trkpt>
      <trkpt lat="34.21444" lon="-116.60667">
        <ele>1684.95</ele>
      </trkpt>
      <trkpt lat="34.21445" lon="-116.60674">
        <ele>1685.0</ele>
      </trkpt>
      <trkpt lat="34.21445" lon="-116.60682">
        <ele>1684.38</ele>
      </trkpt>
      <trkpt lat="34.21446" lon="-116.60689">
        <ele>1684.17</ele>
      </trkpt>
      <trkpt lat="34.21448" lon="-116.60696">
        <ele>1684.49</ele>
      </trkpt>
      <trkpt lat="34.21448" lon="-116.60703">
        <ele>1684.95</ele>
      </trkpt>
      <trkpt lat="34.21449" lon="-116.60708">
        <ele>1685.0</ele>
      </trkpt>
      <trkpt lat="34.21449" lon="-116.6071">
        <ele>1685.0</ele>
      </trkpt>
      <trkpt lat="34.21451" lon="-116.60717">
        <ele>1685.31</ele>
      </trkpt>
      <trkpt lat="34.21451" lon="-116.60724">
        <ele>1685.76</ele>
      </trkpt>
      <trkpt lat="34.21452" lon="-116.60732">
        <ele>1686.05</ele>
      </trkpt>
      <trkpt lat="34.21452" lon="-116.60739">
        <ele>1686.66</ele>
      </trkpt>
      <trkpt lat="34.21453" lon="-116.60746">
        <ele>1687.49</ele>
      </trkpt>
      <trkpt lat="34.21452" lon="-116.60753">
        <ele>1688.14</ele>
      </trkpt>
      <trkpt lat="34.21452" lon="-116.6076">
        <ele>1688.96</ele>
      </trkpt>
      <trkpt lat="34.21452" lon="-116.60767">
        <ele>1690.33</ele>
      </trkpt>
      <trkpt lat="34.21452" lon="-116.60774">
        <ele>1690.74</ele>
      </trkpt>
      <trkpt lat="34.21451" lon="-116.60781">
        <ele>1690.71</ele>
      </trkpt>
      <trkpt lat="34.21452" lon="-116.60789">
        <ele>1690.99</ele>
      </trkpt>
      <trkpt lat="34.21451" lon="-116.60796">
        <ele>1691.39</ele>
      </trkpt>
      <trkpt lat="34.2145" lon="-116.60803">
        <ele>1691.2</ele>
      </trkpt>
      <trkpt lat="34.21449" lon="-116.6081">
        <ele>1691.23</ele>
      </trkpt>
      <trkpt lat="34.21449" lon="-116.60817">
        <ele>1691.61</ele>
      </trkpt>
      <trkpt lat="34.21446" lon="-116.60824">
        <ele>1691.33</ele>
      </trkpt>
      <trkpt lat="34.21446" lon="-116.60831">
        <ele>1691.34</ele>
      </trkpt>
      <trkpt lat="34.21445" lon="-116.60839">
        <ele>1691.73</ele>
      </trkpt>
      <trkpt lat="34.21444" lon="-116.60846">
        <ele>1692.3</ele>
      </trkpt>
      <trkpt lat="34.21443" lon="-116.60853">
        <ele>1692.71</ele>
      </trkpt>
      <trkpt lat="34.21444" lon="-116.6086">
        <ele>1692.95</ele>
      </trkpt>
      <trkpt lat="34.21443" lon="-116.60867">
        <ele>1693.48</ele>
      </trkpt>
      <trkpt lat="34.21443" lon="-116.60874">
        <ele>1693.91</ele>
      </trkpt>
      <trkpt lat="34.21442" lon="-116.60881">
        <ele>1693.96</ele>
      </trkpt>
      <trkpt lat="34.21442" lon="-116.60888">
        <ele>1693.76</ele>
      </trkpt>
      <trkpt lat="34.21441" lon="-116.60896">
        <ele>1693.63</ele>
      </trkpt>
      <trkpt lat="34.2144" lon="-116.60903">
        <ele>1692.72</ele>
      </trkpt>
      <trkpt lat="34.21439" lon="-116.6091">
        <ele>1691.44</ele>
      </trkpt>
      <trkpt lat="34.21438" lon="-116.60917">
        <ele>1689.96</ele>
      </trkpt>
      <trkpt lat="34.21437" lon="-116.60924">
        <ele>1689.21</ele>
      </trkpt>
      <trkpt lat="34.21437" lon="-116.60931">
        <ele>1688.45</ele>
      </trkpt>
      <trkpt lat="34.21436" lon="-116.60938">
        <ele>1687.97</ele>
      </trkpt>
      <trkpt lat="34.21435" lon="-116.60946">
        <ele>1687.83</ele>
      </trkpt>
      <trkpt lat="34.21434" lon="-116.60953">
        <ele>1687.08</ele>
      </trkpt>
      <trkpt lat="34.21435" lon="-116.6096">
        <ele>1687.0</ele>
      </trkpt>
      <trkpt lat="34.21434" lon="-116.60967">
        <ele>1687.0</ele>
      </trkpt>
      <trkpt lat="34.21434" lon="-116.60974">
        <ele>1687.0</ele>
      </trkpt>
      <trkpt lat="34.21434" lon="-116.60981">
        <ele>1687.0</ele>
      </trkpt>
      <trkpt lat="34.21434" lon="-116.60988">
        <ele>1687.0</ele>
      </trkpt>
      <trkpt lat="34.21433" lon="-116.60995">
        <ele>1687.0</ele>
      </trkpt>
      <trkpt lat="34.21434" lon="-116.61003">
        <ele>1687.04</ele>
      </trkpt>
      <trkpt lat="34.21433" lon="-116.6101">
        <ele>1687.3</ele>
      </trkpt>
      <trkpt lat="34.21434" lon="-116.61017">
        <ele>1687.86</ele>
      </trkpt>
      <trkpt lat="34.21433" lon="-116.61024">
        <ele>1688.0</ele>
      </trkpt>
      <trkpt lat="34.21433" lon="-116.61031">
        <ele>1688.0</ele>
      </trkpt>
      <trkpt lat="34.21434" lon="-116.61038">
        <ele>1688.0</ele>
      </trkpt>
      <trkpt lat="34.21434" lon="-116.61045">
        <ele>1688.0</ele>
      </trkpt>
      <trkpt lat="34.21435" lon="-116.61053">
        <ele>1688.0</ele>
      </trkpt>
      <trkpt lat="34.21435" lon="-116.6106">
        <ele>1688.0</ele>
      </trkpt>
      <trkpt lat="34.21436" lon="-116.61067">
        <ele>1687.91</ele>
      </trkpt>
      <trkpt lat="34.21435" lon="-116.61074">
        <ele>1688.0</ele>
      </trkpt>
      <trkpt lat="34.21435" lon="-116.61081">
        <ele>1688.0</ele>
      </trkpt>
      <trkpt lat="34.21435" lon="-116.61088">
        <ele>1688.01</ele>
      </trkpt>
      <trkpt lat="34.21435" lon="-116.61095">
        <ele>1688.02</ele>
      </trkpt>
      <trkpt lat="34.21434" lon="-116.61102">
        <ele>1688.13</ele>
      </trkpt>
      <trkpt lat="34.21435" lon="-116.6111">
        <ele>1688.02</ele>
      </trkpt>
      <trkpt lat="34.21434" lon="-116.61117">
        <ele>1688.76</ele>
      </trkpt>
      <trkpt lat="34.21433" lon="-116.61124">
        <ele>1689.24</ele>
      </trkpt>
      <trkpt lat="34.21433" lon="-116.61131">
        <ele>1689.35</ele>
      </trkpt>
      <trkpt lat="34.21432" lon="-116.61132">
        <ele>1689.51</ele>
      </trkpt>
      <trkpt lat="34.21432" lon="-116.61138">
        <ele>1689.94</ele>
      </trkpt>
      <trkpt lat="34.21431" lon="-116.61145">
        <ele>1690.3</ele>
      </trkpt>
      <trkpt lat="34.2143" lon="-116.61152">
        <ele>1690.56</ele>
      </trkpt>
      <trkpt lat="34.21429" lon="-116.6116">
        <ele>1690.67</ele>
      </trkpt>
      <trkpt lat="34.21428" lon="-116.61167">
        <ele>1690.81</ele>
      </trkpt>
      <trkpt lat="34.21428" lon="-116.61174">
        <ele>1691.57</ele>
      </trkpt>
      <trkpt lat="34.21427" lon="-116.61181">
        <ele>1691.88</ele>
      </trkpt>
      <trkpt lat="34.21426" lon="-116.61188">
        <ele>1691.69</ele>
      </trkpt>
      <trkpt lat="34.21426" lon="-116.61195">
        <ele>1690.99</ele>
      </trkpt>
      <trkpt lat="34.21426" lon="-116.61202">
        <ele>1690.99</ele>
      </trkpt>
      <trkpt lat="34.21426" lon="-116.61209">
        <ele>1690.42</ele>
      </trkpt>
      <trkpt lat="34.21425" lon="-116.61217">
        <ele>1690.2</ele>
      </trkpt>
      <trkpt lat="34.21426" lon="-116.61224">
        <ele>1689.99</ele>
      </trkpt>
      <trkpt lat="34.21425" lon="-116.61231">
        <ele>1690.2</ele>
      </trkpt>
      <trkpt lat="34.21428" lon="-116.61238">
        <ele>1689.78</ele>
      </trkpt>
      <trkpt lat="34.2143" lon="-116.61245">
        <ele>1689.36</ele>
      </trkpt>
      <trkpt lat="34.21433" lon="-116.61252">
        <ele>1688.47</ele>
      </trkpt>
      <trkpt lat="34.21437" lon="-116.61259">
        <ele>1687.61</ele>
      </trkpt>
      <trkpt lat="34.2144" lon="-116.61267">
        <ele>1686.96</ele>
      </trkpt>
      <trkpt lat="34.21443" lon="-116.61274">
        <ele>1686.31</ele>
      </trkpt>
      <trkpt lat="34.21446" lon="-116.61281">
        <ele>1686.12</ele>
      </trkpt>
      <trkpt lat="34.2145" lon="-116.61288">
        <ele>1685.8</ele>
      </trkpt>
      <trkpt lat="34.21453" lon="-116.61295">
        <ele>1685.15</ele>
      </trkpt>
      <trkpt lat="34.21456" lon="-116.61302">
        <ele>1685.46</ele>
      </trkpt>
      <trkpt lat="34.21459" lon="-116.61309">
        <ele>1685.43</ele>
      </trkpt>
      <trkpt lat="34.21463" lon="-116.61317">
        <ele>1685.24</ele>
      </trkpt>
      <trkpt lat="34.21466" lon="-116.61322">
        <ele>1685.52</ele>
      </trkpt>
      <trkpt lat="34.2147" lon="-116.61328">
        <ele>1685.56</ele>
      </trkpt>
      <trkpt lat="34.21474" lon="-116.61334">
        <ele>1685.81</ele>
      </trkpt>
      <trkpt lat="34.21478" lon="-116.6134">
        <ele>1685.38</ele>
      </trkpt>
      <trkpt lat="34.21482" lon="-116.61345">
        <ele>1685.0</ele>
      </trkpt>
      <trkpt lat="34.21486" lon="-116.61352">
        <ele>1685.0</ele>
      </trkpt>
      <trkpt lat="34.21489" lon="-116.6136">
        <ele>1685.0</ele>
      </trkpt>
      <trkpt lat="34.21493" lon="-116.61365">
        <ele>1684.44</ele>
      </trkpt>
      <trkpt lat="34.21497" lon="-116.61371">
        <ele>1683.95</ele>
      </trkpt>
      <trkpt lat="34.21501" lon="-116.61377">
        <ele>1683.18</ele>
      </trkpt>
      <trkpt lat="34.21505" lon="-116.61382">
        <ele>1682.46</ele>
      </trkpt>
      <trkpt lat="34.21508" lon="-116.61388">
        <ele>1682.14</ele>
      </trkpt>
      <trkpt lat="34.21512" lon="-116.61394">
        <ele>1681.15</ele>
      </trkpt>
      <trkpt lat="34.21516" lon="-116.614">
        <ele>1680.42</ele>
      </trkpt>
      <trkpt lat="34.2152" lon="-116.61405">
        <ele>1680.74</ele>
      </trkpt>
      <trkpt lat="34.21525" lon="-116.6141">
        <ele>1681.28</ele>
      </trkpt>
      <trkpt lat="34.2153" lon="-116.61414">
        <ele>1681.47</ele>
      </trkpt>
      <trkpt lat="34.21534" lon="-116.6142">
        <ele>1681.69</ele>
      </trkpt>
      <trkpt lat="34.21538" lon="-116.61424">
        <ele>1681.79</ele>
      </trkpt>
      <trkpt lat="34.21543" lon="-116.61428">
        <ele>1682.08</ele>
      </trkpt>
      <trkpt lat="34.21547" lon="-116.61434">
        <ele>1681.99</ele>
      </trkpt>
      <trkpt lat="34.21551" lon="-116.6144">
        <ele>1682.26</ele>
      </trkpt>
      <trkpt lat="34.21555" lon="-116.61444">
        <ele>1682.06</ele>
      </trkpt>
      <trkpt lat="34.21559" lon="-116.6145">
        <ele>1682.23</ele>
      </trkpt>
      <trkpt lat="34.21563" lon="-116.61455">
        <ele>1682.2</ele>
      </trkpt>
      <trkpt lat="34.21567" lon="-116.61461">
        <ele>1681.76</ele>
      </trkpt>
      <trkpt lat="34.21571" lon="-116.61467">
        <ele>1681.62</ele>
      </trkpt>
      <trkpt lat="34.21575" lon="-116.61473">
        <ele>1681.91</ele>
      </trkpt>
      <trkpt lat="34.21579" lon="-116.61478">
        <ele>1681.8</ele>
      </trkpt>
      <trkpt lat="34.21583" lon="-116.61484">
        <ele>1682.01</ele>
      </trkpt>
      <trkpt lat="34.21587" lon="-116.6149">
        <ele>1681.97</ele>
      </trkpt>
      <trkpt lat="34.21592" lon="-116.61494">
        <ele>1682.02</ele>
      </trkpt>
      <trkpt lat="34.21596" lon="-116.615">
        <ele>1682.0</ele>
      </trkpt>
      <trkpt lat="34.216" lon="-116.61506">
        <ele>1682.65</ele>
      </trkpt>
      <trkpt lat="34.21604" lon="-116.61511">
        <ele>1682.77</ele>
      </trkpt>
      <trkpt lat="34.21607" lon="-116.61517">
        <ele>1682.44</ele>
      </trkpt>
      <trkpt lat="34.21611" lon="-116.61524">
        <ele>1682.6</ele>
      </trkpt>
      <trkpt lat="34.21614" lon="-116.61531">
        <ele>1682.8</ele>
      </trkpt>
      <trkpt lat="34.21618" lon="-116.61537">
        <ele>1683.0</ele>
      </trkpt>
      <trkpt lat="34.21622" lon="-116.61543">
        <ele>1682.82</ele>
      </trkpt>
      <trkpt lat="34.21626" lon="-116.61548">
        <ele>1682.5</ele>
      </trkpt>
      <trkpt lat="34.2163" lon="-116.61554">
        <ele>1682.8</ele>
      </trkpt>
      <trkpt lat="34.21634" lon="-116.6156">
        <ele>1682.53</ele>
      </trkpt>
      <trkpt lat="34.21637" lon="-116.61567">
        <ele>1682.2</ele>
      </trkpt>
      <trkpt lat="34.2164" lon="-116.61574">
        <ele>1681.88</ele>
      </trkpt>
      <trkpt lat="34.21644" lon="-116.6158">
        <ele>1681.8</ele>
      </trkpt>
      <trkpt lat="34.21648" lon="-116.61586">
        <ele>1682.0</ele>
      </trkpt>
      <trkpt lat="34.21652" lon="-116.61591">
        <ele>1681.58</ele>
      </trkpt>
      <trkpt lat="34.21656" lon="-116.61597">
        <ele>1681.56</ele>
      </trkpt>
      <trkpt lat="34.21661" lon="-116.61601">
        <ele>1681.52</ele>
      </trkpt>
      <trkpt lat="34.21665" lon="-116.61607">
        <ele>1681.18</ele>
      </trkpt>
      <trkpt lat="34.21669" lon="-116.61613">
        <ele>1680.75</ele>
      </trkpt>
      <trkpt lat="34.21672" lon="-116.61619">
        <ele>1680.42</ele>
      </trkpt>
      <trkpt lat="34.21676" lon="-116.61624">
        <ele>1680.39</ele>
      </trkpt>
      <trkpt lat="34.2168" lon="-116.6163">
        <ele>1680.58</ele>
      </trkpt>
      <trkpt lat="34.21684" lon="-116.61636">
        <ele>1680.73</ele>
      </trkpt>
      <trkpt lat="34.21688" lon="-116.61641">
        <ele>1680.7</ele>
      </trkpt>
      <trkpt lat="34.21691" lon="-116.61645">
        <ele>1680.37</ele>
      </trkpt>
      <trkpt lat="34.21692" lon="-116.61647">
        <ele>1680.26</ele>
      </trkpt>
      <trkpt lat="34.21696" lon="-116.61653">
        <ele>1680.52</ele>
      </trkpt>
      <trkpt lat="34.217" lon="-116.61659">
        <ele>1681.07</ele>
      </trkpt>
      <trkpt lat="34.21704" lon="-116.61664">
        <ele>1680.99</ele>
      </trkpt>
      <trkpt lat="34.21708" lon="-116.6167">
        <ele>1681.19</ele>
      </trkpt>
      <trkpt lat="34.21712" lon="-116.61676">
        <ele>1681.11</ele>
      </trkpt>
      <trkpt lat="34.21717" lon="-116.6168">
        <ele>1681.44</ele>
      </trkpt>
      <trkpt lat="34.21721" lon="-116.61686">
        <ele>1682.0</ele>
      </trkpt>
      <trkpt lat="34.21724" lon="-116.61692">
        <ele>1681.81</ele>
      </trkpt>
      <trkpt lat="34.21728" lon="-116.61697">
        <ele>1681.55</ele>
      </trkpt>
      <trkpt lat="34.21732" lon="-116.61703">
        <ele>1681.87</ele>
      </trkpt>
      <trkpt lat="34.21736" lon="-116.6171">
        <ele>1681.84</ele>
      </trkpt>
      <trkpt lat="34.2174" lon="-116.61716">
        <ele>1682.03</ele>
      </trkpt>
      <trkpt lat="34.21744" lon="-116.61722">
        <ele>1681.99</ele>
      </trkpt>
      <trkpt lat="34.21747" lon="-116.61727">
        <ele>1682.17</ele>
      </trkpt>
      <trkpt lat="34.21751" lon="-116.61733">
        <ele>1682.15</ele>
      </trkpt>
      <trkpt lat="34.21755" lon="-116.61739">
        <ele>1682.37</ele>
      </trkpt>
      <trkpt lat="34.21759" lon="-116.61744">
        <ele>1682.37</ele>
      </trkpt>
      <trkpt lat="34.21763" lon="-116.6175">
        <ele>1682.6</ele>
      </trkpt>
      <trkpt lat="34.21767" lon="-116.61756">
        <ele>1682.16</ele>
      </trkpt>
      <trkpt lat="34.21772" lon="-116.6176">
        <ele>1682.05</ele>
      </trkpt>
      <trkpt lat="34.21777" lon="-116.61764">
        <ele>1682.04</ele>
      </trkpt>
      <trkpt lat="34.2178" lon="-116.6177">
        <ele>1682.12</ele>
      </trkpt>
      <trkpt lat="34.21785" lon="-116.61775">
        <ele>1682.15</ele>
      </trkpt>
      <trkpt lat="34.2179" lon="-116.61779">
        <ele>1682.09</ele>
      </trkpt>
      <trkpt lat="34.21794" lon="-116.61785">
        <ele>1682.19</ele>
      </trkpt>
      <trkpt lat="34.21798" lon="-116.61789">
        <ele>1682.17</ele>
      </trkpt>
      <trkpt lat="34.21803" lon="-116.61793">
        <ele>1682.18</ele>
      </trkpt>
      <trkpt lat="34.21807" lon="-116.61799">
        <ele>1682.25</ele>
      </trkpt>
      <trkpt lat="34.21811" lon="-116.61805">
        <ele>1682.39</ele>
      </trkpt>
      <trkpt lat="34.21816" lon="-116.61809">
        <ele>1682.32</ele>
      </trkpt>
      <trkpt lat="34.2182" lon="-116.61815">
        <ele>1682.45</ele>
      </trkpt>
      <trkpt lat="34.21823" lon="-116.6182">
        <ele>1682.61</ele>
      </trkpt>
      <trkpt lat="34.21828" lon="-116.61825">
        <ele>1682.62</ele>
      </trkpt>
      <trkpt lat="34.21833" lon="-116.61829">
        <ele>1682.55</ele>
      </trkpt>
      <trkpt lat="34.21837" lon="-116.61835">
        <ele>1682.68</ele>
      </trkpt>
      <trkpt lat="34.21841" lon="-116.61839">
        <ele>1682.68</ele>
      </trkpt>
      <trkpt lat="34.21846" lon="-116.61843">
        <ele>1682.63</ele>
      </trkpt>
      <trkpt lat="34.2185" lon="-116.61849">
        <ele>1682.2</ele>
      </trkpt>
      <trkpt lat="34.21854" lon="-116.61855">
        <ele>1682.26</ele>
      </trkpt>
      <trkpt lat="34.21858" lon="-116.61859">
        <ele>1682.26</ele>
      </trkpt>
      <trkpt lat="34.21863" lon="-116.61865">
        <ele>1682.33</ele>
      </trkpt>
      <trkpt lat="34.21866" lon="-116.6187">
        <ele>1682.45</ele>
      </trkpt>
      <trkpt lat="34.21871" lon="-116.61875">
        <ele>1682.47</ele>
      </trkpt>
      <trkpt lat="34.21876" lon="-116.61879">
        <ele>1682.37</ele>
      </trkpt>
      <trkpt lat="34.2188" lon="-116.61885">
        <ele>1682.56</ele>
      </trkpt>
      <trkpt lat="34.21884" lon="-116.61891">
        <ele>1682.64</ele>
      </trkpt>
      <trkpt lat="34.21888" lon="-116.61896">
        <ele>1682.79</ele>
      </trkpt>
      <trkpt lat="34.21892" lon="-116.61902">
        <ele>1682.8</ele>
      </trkpt>
      <trkpt lat="34.21896" lon="-116.61908">
        <ele>1683.01</ele>
      </trkpt>
      <trkpt lat="34.21899" lon="-116.61913">
        <ele>1682.91</ele>
      </trkpt>
      <trkpt lat="34.21903" lon="-116.61919">
        <ele>1682.73</ele>
      </trkpt>
      <trkpt lat="34.21908" lon="-116.61923">
        <ele>1682.64</ele>
      </trkpt>
      <trkpt lat="34.21912" lon="-116.61929">
        <ele>1682.67</ele>
      </trkpt>
      <trkpt lat="34.21916" lon="-116.61935">
        <ele>1682.98</ele>
      </trkpt>
      <trkpt lat="34.2192" lon="-116.61941">
        <ele>1682.87</ele>
      </trkpt>
      <trkpt lat="34.21925" lon="-116.61945">
        <ele>1683.01</ele>
      </trkpt>
      <trkpt lat="34.21929" lon="-116.61951">
        <ele>1682.67</ele>
      </trkpt>
      <trkpt lat="34.21932" lon="-116.61956">
        <ele>1682.51</ele>
      </trkpt>
      <trkpt lat="34.21936" lon="-116.61962">
        <ele>1682.82</ele>
      </trkpt>
      <trkpt lat="34.2194" lon="-116.61968">
        <ele>1682.48</ele>
      </trkpt>
      <trkpt lat="34.21944" lon="-116.61974">
        <ele>1682.23</ele>
      </trkpt>
      <trkpt lat="34.21948" lon="-116.61979">
        <ele>1682.45</ele>
      </trkpt>
      <trkpt lat="34.21952" lon="-116.61985">
        <ele>1682.18</ele>
      </trkpt>
      <trkpt lat="34.21956" lon="-116.61991">
        <ele>1681.76</ele>
      </trkpt>
      <trkpt lat="34.2196" lon="-116.61996">
        <ele>1681.71</ele>
      </trkpt>
      <trkpt lat="34.21964" lon="-116.62002">
        <ele>1681.89</ele>
      </trkpt>
      <trkpt lat="34.21968" lon="-116.62008">
        <ele>1681.46</ele>
      </trkpt>
      <trkpt lat="34.21972" lon="-116.62014">
        <ele>1681.02</ele>
      </trkpt>
      <trkpt lat="34.21977" lon="-116.62018">
        <ele>1681.0</ele>
      </trkpt>
      <trkpt lat="34.21981" lon="-116.62022">
        <ele>1681.38</ele>
      </trkpt>
      <trkpt lat="34.21985" lon="-116.62028">
        <ele>1681.63</ele>
      </trkpt>
      <trkpt lat="34.2199" lon="-116.62032">
        <ele>1681.5</ele>
      </trkpt>
      <trkpt lat="34.21995" lon="-116.62036">
        <ele>1681.89</ele>
      </trkpt>
      <trkpt lat="34.21998" lon="-116.62042">
        <ele>1682.0</ele>
      </trkpt>
      <trkpt lat="34.22002" lon="-116.62048">
        <ele>1682.14</ele>
      </trkpt>
      <trkpt lat="34.22007" lon="-116.62052">
        <ele>1682.15</ele>
      </trkpt>
      <trkpt lat="34.22011" lon="-116.62058">
        <ele>1682.21</ele>
      </trkpt>
      <trkpt lat="34.22015" lon="-116.62064">
        <ele>1682.35</ele>
      </trkpt>
      <trkpt lat="34.2202" lon="-116.62068">
        <ele>1682.29</ele>
      </trkpt>
      <trkpt lat="34.22024" lon="-116.62072">
        <ele>1682.32</ele>
      </trkpt>
      <trkpt lat="34.22029" lon="-116.62077">
        <ele>1682.27</ele>
      </trkpt>
      <trkpt lat="34.22034" lon="-116.62081">
        <ele>1682.25</ele>
      </trkpt>
      <trkpt lat="34.22038" lon="-116.62085">
        <ele>1682.16</ele>
      </trkpt>
      <trkpt lat="34.22043" lon="-116.62089">
        <ele>1682.22</ele>
      </trkpt>
      <trkpt lat="34.22048" lon="-116.62094">
        <ele>1682.12</ele>
      </trkpt>
      <trkpt lat="34.22051" lon="-116.62099">
        <ele>1682.34</ele>
      </trkpt>
      <trkpt lat="34.22055" lon="-116.62105">
        <ele>1682.38</ele>
      </trkpt>
      <trkpt lat="34.2206" lon="-116.6211">
        <ele>1682.46</ele>
      </trkpt>
      <trkpt lat="34.22064" lon="-116.62115">
        <ele>1682.47</ele>
      </trkpt>
      <trkpt lat="34.22068" lon="-116.62121">
        <ele>1682.68</ele>
      </trkpt>
      <trkpt lat="34.22072" lon="-116.62127">
        <ele>1682.78</ele>
      </trkpt>
      <trkpt lat="34.22077" lon="-116.62131">
        <ele>1682.68</ele>
      </trkpt>
      <trkpt lat="34.22081" lon="-116.62137">
        <ele>1682.25</ele>
      </trkpt>
      <trkpt lat="34.22084" lon="-116.62142">
        <ele>1682.31</ele>
      </trkpt>
      <trkpt lat="34.22089" lon="-116.62147">
        <ele>1682.34</ele>
      </trkpt>
      <trkpt lat="34.22095" lon="-116.6215">
        <ele>1682.15</ele>
      </trkpt>
      <trkpt lat="34.22099" lon="-116.62154">
        <ele>1682.19</ele>
      </trkpt>
      <trkpt lat="34.22104" lon="-116.62157">
        <ele>1681.99</ele>
      </trkpt>
      <trkpt lat="34.22107" lon="-116.62158">
        <ele>1682.03</ele>
      </trkpt>
      <trkpt lat="34.2211" lon="-116.62159">
        <ele>1682.02</ele>
      </trkpt>
      <trkpt lat="34.22115" lon="-116.62159">
        <ele>1681.65</ele>
      </trkpt>
      <trkpt lat="34.22121" lon="-116.62157">
        <ele>1681.0</ele>
      </trkpt>
      <trkpt lat="34.22127" lon="-116.62155">
        <ele>1680.81</ele>
      </trkpt>
      <trkpt lat="34.22132" lon="-116.62153">
        <ele>1680.39</ele>
      </trkpt>
      <trkpt lat="34.22139" lon="-116.62151">
        <ele>1679.99</ele>
      </trkpt>
      <trkpt lat="34.22145" lon="-116.6215">
        <ele>1679.34</ele>
      </trkpt>
      <trkpt lat="34.22151" lon="-116.62148">
        <ele>1678.69</ele>
      </trkpt>
      <trkpt lat="34.22157" lon="-116.62147">
        <ele>1678.04</ele>
      </trkpt>
      <trkpt lat="34.22164" lon="-116.62147">
        <ele>1677.91</ele>
      </trkpt>
      <trkpt lat="34.2217" lon="-116.62147">
        <ele>1677.56</ele>
      </trkpt>
      <trkpt lat="34.22177" lon="-116.62147">
        <ele>1676.88</ele>
      </trkpt>
      <trkpt lat="34.22184" lon="-116.62147">
        <ele>1676.13</ele>
      </trkpt>
      <trkpt lat="34.22191" lon="-116.62147">
        <ele>1675.37</ele>
      </trkpt>
      <trkpt lat="34.22198" lon="-116.62147">
        <ele>1674.62</ele>
      </trkpt>
      <trkpt lat="34.22204" lon="-116.62147">
        <ele>1674.0</ele>
      </trkpt>
      <trkpt lat="34.22211" lon="-116.62147">
        <ele>1673.9</ele>
      </trkpt>
      <trkpt lat="34.22218" lon="-116.62147">
        <ele>1673.4</ele>
      </trkpt>
      <trkpt lat="34.22225" lon="-116.62147">
        <ele>1672.7</ele>
      </trkpt>
      <trkpt lat="34.22231" lon="-116.62147">
        <ele>1672.05</ele>
      </trkpt>
      <trkpt lat="34.22238" lon="-116.62146">
        <ele>1671.3</ele>
      </trkpt>
      <trkpt lat="34.22244" lon="-116.62144">
        <ele>1670.65</ele>
      </trkpt>
      <trkpt lat="34.2225" lon="-116.62143">
        <ele>1670.0</ele>
      </trkpt>
      <trkpt lat="34.22255" lon="-116.6214">
        <ele>1670.0</ele>
      </trkpt>
      <trkpt lat="34.2226" lon="-116.62136">
        <ele>1669.92</ele>
      </trkpt>
      <trkpt lat="34.22266" lon="-116.62133">
        <ele>1669.27</ele>
      </trkpt>
      <trkpt lat="34.22271" lon="-116.62129">
        <ele>1668.46</ele>
      </trkpt>
      <trkpt lat="34.22275" lon="-116.62123">
        <ele>1667.6</ele>
      </trkpt>
      <trkpt lat="34.2228" lon="-116.62119">
        <ele>1666.76</ele>
      </trkpt>
      <trkpt lat="34.22284" lon="-116.62115">
        <ele>1666.33</ele>
      </trkpt>
      <trkpt lat="34.22289" lon="-116.62109">
        <ele>1666.16</ele>
      </trkpt>
      <trkpt lat="34.22293" lon="-116.62103">
        <ele>1666.08</ele>
      </trkpt>
      <trkpt lat="34.22298" lon="-116.62099">
        <ele>1666.5</ele>
      </trkpt>
      <trkpt lat="34.22301" lon="-116.62092">
        <ele>1666.98</ele>
      </trkpt>
      <trkpt lat="34.22307" lon="-116.62089">
        <ele>1668.41</ele>
      </trkpt>
      <trkpt lat="34.22312" lon="-116.62085">
        <ele>1669.52</ele>
      </trkpt>
      <trkpt lat="34.22318" lon="-116.62085">
        <ele>1670.81</ele>
      </trkpt>
      <trkpt lat="34.22324" lon="-116.62083">
        <ele>1671.95</ele>
      </trkpt>
      <trkpt lat="34.2233" lon="-116.62085">
        <ele>1672.0</ele>
      </trkpt>
      <trkpt lat="34.22336" lon="-116.62086">
        <ele>1672.08</ele>
      </trkpt>
      <trkpt lat="34.22343" lon="-116.62088">
        <ele>1672.53</ele>
      </trkpt>
      <trkpt lat="34.22348" lon="-116.62091">
        <ele>1672.93</ele>
      </trkpt>
      <trkpt lat="34.22353" lon="-116.62094">
        <ele>1673.02</ele>
      </trkpt>
      <trkpt lat="34.22359" lon="-116.62096">
        <ele>1673.28</ele>
      </trkpt>
      <trkpt lat="34.22364" lon="-116.62099">
        <ele>1673.69</ele>
      </trkpt>
      <trkpt lat="34.22369" lon="-116.62104">
        <ele>1674.0</ele>
      </trkpt>
      <trkpt lat="34.22374" lon="-116.62106">
        <ele>1674.0</ele>
      </trkpt>
      <trkpt lat="34.22379" lon="-116.62111">
        <ele>1674.0</ele>
      </trkpt>
      <trkpt lat="34.22384" lon="-116.62114">
        <ele>1674.31</ele>
      </trkpt>
      <trkpt lat="34.22389" lon="-116.62118">
        <ele>1674.74</ele>
      </trkpt>
      <trkpt lat="34.22394" lon="-116.62121">
        <ele>1674.49</ele>
      </trkpt>
      <trkpt lat="34.22399" lon="-116.62125">
        <ele>1674.55</ele>
      </trkpt>
      <trkpt lat="34.22405" lon="-116.62125">
        <ele>1674.87</ele>
      </trkpt>
      <trkpt lat="34.22411" lon="-116.62127">
        <ele>1675.0</ele>
      </trkpt>
      <trkpt lat="34.22418" lon="-116.62128">
        <ele>1675.0</ele>
      </trkpt>
      <trkpt lat="34.22424" lon="-116.6213">
        <ele>1675.0</ele>
      </trkpt>
      <trkpt lat="34.2243" lon="-116.62131">
        <ele>1675.44</ele>
      </trkpt>
      <trkpt lat="34.22436" lon="-116.62132">
        <ele>1676.0</ele>
      </trkpt>
      <trkpt lat="34.22441" lon="-116.62135">
        <ele>1676.0</ele>
      </trkpt>
      <trkpt lat="34.22447" lon="-116.62137">
        <ele>1676.0</ele>
      </trkpt>
      <trkpt lat="34.22453" lon="-116.62138">
        <ele>1676.0</ele>
      </trkpt>
      <trkpt lat="34.22459" lon="-116.6214">
        <ele>1676.62</ele>
      </trkpt>
      <trkpt lat="34.22462" lon="-116.6214">
        <ele>1676.91</ele>
      </trkpt>
      <trkpt lat="34.22465" lon="-116.62141">
        <ele>1677.0</ele>
      </trkpt>
      <trkpt lat="34.22472" lon="-116.62141">
        <ele>1677.0</ele>
      </trkpt>
      <trkpt lat="34.22479" lon="-116.62141">
        <ele>1677.0</ele>
      </trkpt>
      <trkpt lat="34.22486" lon="-116.62141">
        <ele>1676.62</ele>
      </trkpt>
      <trkpt lat="34.22492" lon="-116.62143">
        <ele>1676.44</ele>
      </trkpt>
      <trkpt lat="34.22496" lon="-116.62148">
        <ele>1676.98</ele>
      </trkpt>
      <trkpt lat="34.22497" lon="-116.62155">
        <ele>1677.0</ele>
      </trkpt>
      <trkpt lat="34.22497" lon="-116.62163">
        <ele>1677.0</ele>
      </trkpt>
      <trkpt lat="34.22497" lon="-116.6217">
        <ele>1677.36</ele>
      </trkpt>
      <trkpt lat="34.22496" lon="-116.62177">
        <ele>1678.0</ele>
      </trkpt>
      <trkpt lat="34.22497" lon="-116.62184">
        <ele>1678.0</ele>
      </trkpt>
      <trkpt lat="34.22496" lon="-116.62191">
        <ele>1678.0</ele>
      </trkpt>
      <trkpt lat="34.22497" lon="-116.62198">
        <ele>1678.38</ele>
      </trkpt>
      <trkpt lat="34.22496" lon="-116.62205">
        <ele>1679.0</ele>
      </trkpt>
      <trkpt lat="34.22496" lon="-116.62213">
        <ele>1679.0</ele>
      </trkpt>
      <trkpt lat="34.22496" lon="-116.6222">
        <ele>1679.0</ele>
      </trkpt>
      <trkpt lat="34.22496" lon="-116.62227">
        <ele>1679.22</ele>
      </trkpt>
      <trkpt lat="34.22495" lon="-116.62234">
        <ele>1679.67</ele>
      </trkpt>
      <trkpt lat="34.22496" lon="-116.62241">
        <ele>1680.0</ele>
      </trkpt>
      <trkpt lat="34.22496" lon="-116.62248">
        <ele>1680.0</ele>
      </trkpt>
      <trkpt lat="34.22497" lon="-116.62255">
        <ele>1680.17</ele>
      </trkpt>
      <trkpt lat="34.22498" lon="-116.62263">
        <ele>1680.22</ele>
      </trkpt>
      <trkpt lat="34.22498" lon="-116.6227">
        <ele>1680.34</ele>
      </trkpt>
      <trkpt lat="34.22498" lon="-116.62277">
        <ele>1680.93</ele>
      </trkpt>
      <trkpt lat="34.22498" lon="-116.62284">
        <ele>1681.0</ele>
      </trkpt>
      <trkpt lat="34.22498" lon="-116.62291">
        <ele>1681.0</ele>
      </trkpt>
      <trkpt lat="34.22497" lon="-116.62298">
        <ele>1681.18</ele>
      </trkpt>
      <trkpt lat="34.22498" lon="-116.62305">
        <ele>1681.94</ele>
      </trkpt>
      <trkpt lat="34.22497" lon="-116.62312">
        <ele>1682.0</ele>
      </trkpt>
      <trkpt lat="34.22498" lon="-116.6232">
        <ele>1682.0</ele>
      </trkpt>
      <trkpt lat="34.22497" lon="-116.62327">
        <ele>1682.1</ele>
      </trkpt>
      <trkpt lat="34.22497" lon="-116.62334">
        <ele>1682.37</ele>
      </trkpt>
      <trkpt lat="34.22496" lon="-116.62341">
        <ele>1682.9</ele>
      </trkpt>
      <trkpt lat="34.22497" lon="-116.62348">
        <ele>1683.0</ele>
      </trkpt>
      <trkpt lat="34.22496" lon="-116.62355">
        <ele>1683.0</ele>
      </trkpt>
      <trkpt lat="34.22497" lon="-116.62362">
        <ele>1683.0</ele>
      </trkpt>
      <trkpt lat="34.22496" lon="-116.6237">
        <ele>1683.0</ele>
      </trkpt>
      <trkpt lat="34.22496" lon="-116.62377">
        <ele>1683.41</ele>
      </trkpt>
      <trkpt lat="34.22496" lon="-116.62384">
        <ele>1683.77</ele>
      </trkpt>
      <trkpt lat="34.22496" lon="-116.62391">
        <ele>1684.0</ele>
      </trkpt>
      <trkpt lat="34.22495" lon="-116.62398">
        <ele>1684.0</ele>
      </trkpt>
      <trkpt lat="34.22496" lon="-116.62405">
        <ele>1684.0</ele>
      </trkpt>
      <trkpt lat="34.22495" lon="-116.62412">
        <ele>1684.5</ele>
      </trkpt>
      <trkpt lat="34.22496" lon="-116.62419">
        <ele>1685.0</ele>
      </trkpt>
      <trkpt lat="34.22495" lon="-116.62427">
        <ele>1685.0</ele>
      </trkpt>
      <trkpt lat="34.22495" lon="-116.62434">
        <ele>1685.0</ele>
      </trkpt>
      <trkpt lat="34.22496" lon="-116.62441">
        <ele>1685.27</ele>
      </trkpt>
      <trkpt lat="34.22496" lon="-116.62448">
        <ele>1685.43</ele>
      </trkpt>
      <trkpt lat="34.22497" lon="-116.62455">
        <ele>1685.42</ele>
      </trkpt>
      <trkpt lat="34.22497" lon="-116.62462">
        <ele>1685.93</ele>
      </trkpt>
      <trkpt lat="34.22498" lon="-116.62469">
        <ele>1686.0</ele>
      </trkpt>
      <trkpt lat="34.22497" lon="-116.62477">
        <ele>1686.0</ele>
      </trkpt>
      <trkpt lat="34.22498" lon="-116.62484">
        <ele>1686.0</ele>
      </trkpt>
      <trkpt lat="34.22497" lon="-116.62491">
        <ele>1686.0</ele>
      </trkpt>
      <trkpt lat="34.22497" lon="-116.62498">
        <ele>1686.0</ele>
      </trkpt>
      <trkpt lat="34.22496" lon="-116.62505">
        <ele>1686.0</ele>
      </trkpt>
      <trkpt lat="34.22497" lon="-116.62512">
        <ele>1686.0</ele>
      </trkpt>
      <trkpt lat="34.22496" lon="-116.62519">
        <ele>1686.0</ele>
      </trkpt>
      <trkpt lat="34.22497" lon="-116.62527">
        <ele>1686.0</ele>
      </trkpt>
      <trkpt lat="34.22496" lon="-116.62534">
        <ele>1686.0</ele>
      </trkpt>
      <trkpt lat="34.22496" lon="-116.62541">
        <ele>1686.0</ele>
      </trkpt>
      <trkpt lat="34.22496" lon="-116.62548">
        <ele>1686.0</ele>
      </trkpt>
      <trkpt lat="34.22496" lon="-116.62555">
        <ele>1686.0</ele>
      </trkpt>
      <trkpt lat="34.22495" lon="-116.62562">
        <ele>1686.0</ele>
      </trkpt>
      <trkpt lat="34.22496" lon="-116.62569">
        <ele>1686.0</ele>
      </trkpt>
      <trkpt lat="34.22495" lon="-116.62576">
        <ele>1686.0</ele>
      </trkpt>
      <trkpt lat="34.22495" lon="-116.62584">
        <ele>1686.0</ele>
      </trkpt>
      <trkpt lat="34.22495" lon="-116.62591">
        <ele>1686.0</ele>
      </trkpt>
      <trkpt lat="34.22495" lon="-116.62598">
        <ele>1686.0</ele>
      </trkpt>
      <trkpt lat="34.22496" lon="-116.62605">
        <ele>1686.15</ele>
      </trkpt>
      <trkpt lat="34.22496" lon="-116.62612">
        <ele>1686.43</ele>
      </trkpt>
      <trkpt lat="34.22497" lon="-116.62619">
        <ele>1686.32</ele>
      </trkpt>
      <trkpt lat="34.22499" lon="-116.62626">
        <ele>1686.65</ele>
      </trkpt>
      <trkpt lat="34.22501" lon="-116.62634">
        <ele>1687.0</ele>
      </trkpt>
      <trkpt lat="34.22502" lon="-116.62641">
        <ele>1687.18</ele>
      </trkpt>
      <trkpt lat="34.22506" lon="-116.62648">
        <ele>1687.35</ele>
      </trkpt>
      <trkpt lat="34.22509" lon="-116.62655">
        <ele>1687.75</ele>
      </trkpt>
      <trkpt lat="34.22512" lon="-116.62662">
        <ele>1688.0</ele>
      </trkpt>
      <trkpt lat="34.22515" lon="-116.62669">
        <ele>1688.1</ele>
      </trkpt>
      <trkpt lat="34.22519" lon="-116.62676">
        <ele>1688.01</ele>
      </trkpt>
      <trkpt lat="34.22522" lon="-116.62684">
        <ele>1688.87</ele>
      </trkpt>
      <trkpt lat="34.22525" lon="-116.62691">
        <ele>1689.0</ele>
      </trkpt>
      <trkpt lat="34.22528" lon="-116.62698">
        <ele>1689.0</ele>
      </trkpt>
      <trkpt lat="34.22532" lon="-116.62705">
        <ele>1689.08</ele>
      </trkpt>
      <trkpt lat="34.22535" lon="-116.62712">
        <ele>1689.2</ele>
      </trkpt>
      <trkpt lat="34.22537" lon="-116.62719">
        <ele>1689.65</ele>
      </trkpt>
      <trkpt lat="34.22539" lon="-116.62726">
        <ele>1689.87</ele>
      </trkpt>
      <trkpt lat="34.2254" lon="-116.62734">
        <ele>1690.0</ele>
      </trkpt>
      <trkpt lat="34.22542" lon="-116.62741">
        <ele>1690.01</ele>
      </trkpt>
      <trkpt lat="34.22544" lon="-116.62748">
        <ele>1690.19</ele>
      </trkpt>
      <trkpt lat="34.22547" lon="-116.62755">
        <ele>1690.0</ele>
      </trkpt>
      <trkpt lat="34.22551" lon="-116.62762">
        <ele>1690.15</ele>
      </trkpt>
      <trkpt lat="34.22554" lon="-116.62769">
        <ele>1690.17</ele>
      </trkpt>
      <trkpt lat="34.22556" lon="-116.62776">
        <ele>1689.95</ele>
      </trkpt>
      <trkpt lat="34.22558" lon="-116.62784">
        <ele>1689.74</ele>
      </trkpt>
      <trkpt lat="34.2256" lon="-116.62791">
        <ele>1689.52</ele>
      </trkpt>
      <trkpt lat="34.22561" lon="-116.62798">
        <ele>1689.41</ele>
      </trkpt>
      <trkpt lat="34.22563" lon="-116.62805">
        <ele>1689.2</ele>
      </trkpt>
      <trkpt lat="34.22567" lon="-116.62812">
        <ele>1689.0</ele>
      </trkpt>
      <trkpt lat="34.2257" lon="-116.62819">
        <ele>1689.0</ele>
      </trkpt>
      <trkpt lat="34.22572" lon="-116.62827">
        <ele>1689.0</ele>
      </trkpt>
      <trkpt lat="34.22574" lon="-116.62834">
        <ele>1689.0</ele>
      </trkpt>
      <trkpt lat="34.22576" lon="-116.62841">
        <ele>1688.79</ele>
      </trkpt>
      <trkpt lat="34.22576" lon="-116.62848">
        <ele>1688.91</ele>
      </trkpt>
      <trkpt lat="34.22577" lon="-116.62855">
        <ele>1689.0</ele>
      </trkpt>
      <trkpt lat="34.22578" lon="-116.62862">
        <ele>1689.0</ele>
      </trkpt>
      <trkpt lat="34.22579" lon="-116.62869">
        <ele>1689.0</ele>
      </trkpt>
      <trkpt lat="34.22579" lon="-116.62872">
        <ele>1689.0</ele>
      </trkpt>
      <trkpt lat="34.2258" lon="-116.62876">
        <ele>1689.0</ele>
      </trkpt>
      <trkpt lat="34.2258" lon="-116.62884">
        <ele>1689.0</ele>
      </trkpt>
      <trkpt lat="34.22581" lon="-116.62891">
        <ele>1689.06</ele>
      </trkpt>
      <trkpt lat="34.22581" lon="-116.62898">
        <ele>1689.25</ele>
      </trkpt>
      <trkpt lat="34.22581" lon="-116.62905">
        <ele>1689.81</ele>
      </trkpt>
      <trkpt lat="34.22582" lon="-116.62912">
        <ele>1690.0</ele>
      </trkpt>
      <trkpt lat="34.22583" lon="-116.62919">
        <ele>1690.0</ele>
      </trkpt>
      <trkpt lat="34.22583" lon="-116.62926">
        <ele>1690.0</ele>
      </trkpt>
      <trkpt lat="34.22584" lon="-116.62934">
        <ele>1690.0</ele>
      </trkpt>
      <trkpt lat="34.22584" lon="-116.62941">
        <ele>1690.58</ele>
      </trkpt>
      <trkpt lat="34.22585" lon="-116.62948">
        <ele>1690.89</ele>
      </trkpt>
      <trkpt lat="34.22585" lon="-116.62955">
        <ele>1691.0</ele>
      </trkpt>
      <trkpt lat="34.22586" lon="-116.62962">
        <ele>1691.0</ele>
      </trkpt>
      <trkpt lat="34.22585" lon="-116.62969">
        <ele>1691.0</ele>
      </trkpt>
      <trkpt lat="34.22584" lon="-116.62976">
        <ele>1691.38</ele>
      </trkpt>
      <trkpt lat="34.22583" lon="-116.62984">
        <ele>1692.0</ele>
      </trkpt>
      <trkpt lat="34.22583" lon="-116.62991">
        <ele>1692.0</ele>
      </trkpt>
      <trkpt lat="34.2258" lon="-116.62998">
        <ele>1692.0</ele>
      </trkpt>
      <trkpt lat="34.22579" lon="-116.63005">
        <ele>1692.0</ele>
      </trkpt>
      <trkpt lat="34.22579" lon="-116.63012">
        <ele>1692.0</ele>
      </trkpt>
      <trkpt lat="34.22576" lon="-116.63019">
        <ele>1692.05</ele>
      </trkpt>
      <trkpt lat="34.22574" lon="-116.63026">
        <ele>1692.81</ele>
      </trkpt>
      <trkpt lat="34.22573" lon="-116.63033">
        <ele>1693.0</ele>
      </trkpt>
      <trkpt lat="34.22571" lon="-116.63041">
        <ele>1693.14</ele>
      </trkpt>
      <trkpt lat="34.22569" lon="-116.63048">
        <ele>1693.55</ele>
      </trkpt>
      <trkpt lat="34.22567" lon="-116.63055">
        <ele>1693.76</ele>
      </trkpt>
      <trkpt lat="34.22565" lon="-116.63062">
        <ele>1693.99</ele>
      </trkpt>
      <trkpt lat="34.22561" lon="-116.63069">
        <ele>1694.0</ele>
      </trkpt>
      <trkpt lat="34.22559" lon="-116.63076">
        <ele>1694.13</ele>
      </trkpt>
      <trkpt lat="34.22557" lon="-116.63083">
        <ele>1694.81</ele>
      </trkpt>
      <trkpt lat="34.22555" lon="-116.6309">
        <ele>1695.0</ele>
      </trkpt>
      <trkpt lat="34.22552" lon="-116.63098">
        <ele>1695.0</ele>
      </trkpt>
      <trkpt lat="34.2255" lon="-116.63105">
        <ele>1695.2</ele>
      </trkpt>
      <trkpt lat="34.22548" lon="-116.63112">
        <ele>1695.83</ele>
      </trkpt>
      <trkpt lat="34.22546" lon="-116.63119">
        <ele>1696.03</ele>
      </trkpt>
      <trkpt lat="34.22544" lon="-116.63126">
        <ele>1696.86</ele>
      </trkpt>
      <trkpt lat="34.22543" lon="-116.63133">
        <ele>1697.36</ele>
      </trkpt>
      <trkpt lat="34.22542" lon="-116.6314">
        <ele>1697.58</ele>
      </trkpt>
      <trkpt lat="34.22541" lon="-116.63147">
        <ele>1698.45</ele>
      </trkpt>
      <trkpt lat="34.2254" lon="-116.63155">
        <ele>1698.68</ele>
      </trkpt>
      <trkpt lat="34.2254" lon="-116.63162">
        <ele>1698.68</ele>
      </trkpt>
      <trkpt lat="34.22539" lon="-116.63169">
        <ele>1698.79</ele>
      </trkpt>
      <trkpt lat="34.22538" lon="-116.63176">
        <ele>1698.9</ele>
      </trkpt>
      <trkpt lat="34.22537" lon="-116.63183">
        <ele>1699.77</ele>
      </trkpt>
      <trkpt lat="34.22536" lon="-116.6319">
        <ele>1700.22</ele>
      </trkpt>
      <trkpt lat="34.22537" lon="-116.63197">
        <ele>1700.01</ele>
      </trkpt>
      <trkpt lat="34.22537" lon="-116.63205">
        <ele>1700.01</ele>
      </trkpt>
      <trkpt lat="34.22538" lon="-116.63212">
        <ele>1699.79</ele>
      </trkpt>
      <trkpt lat="34.22538" lon="-116.63219">
        <ele>1699.79</ele>
      </trkpt>
      <trkpt lat="34.2254" lon="-116.63226">
        <ele>1699.08</ele>
      </trkpt>
      <trkpt lat="34.22541" lon="-116.63233">
        <ele>1698.57</ele>
      </trkpt>
      <trkpt lat="34.22541" lon="-116.6324">
        <ele>1698.57</ele>
      </trkpt>
      <trkpt lat="34.22543" lon="-116.63247">
        <ele>1698.6</ele>
      </trkpt>
      <trkpt lat="34.22545" lon="-116.63254">
        <ele>1698.65</ele>
      </trkpt>
      <trkpt lat="34.22546" lon="-116.63262">
        <ele>1699.03</ele>
      </trkpt>
      <trkpt lat="34.22548" lon="-116.63269">
        <ele>1699.18</ele>
      </trkpt>
      <trkpt lat="34.22549" lon="-116.63276">
        <ele>1699.29</ele>
      </trkpt>
      <trkpt lat="34.22551" lon="-116.63283">
        <ele>1699.51</ele>
      </trkpt>
      <trkpt lat="34.22552" lon="-116.6329">
        <ele>1699.81</ele>
      </trkpt>
      <trkpt lat="34.22554" lon="-116.63297">
        <ele>1700.66</ele>
      </trkpt>
      <trkpt lat="34.22555" lon="-116.63304">
        <ele>1700.88</ele>
      </trkpt>
      <trkpt lat="34.22556" lon="-116.63305">
        <ele>1701.05</ele>
      </trkpt>
      <trkpt lat="34.22557" lon="-116.63312">
        <ele>1701.16</ele>
      </trkpt>
      <trkpt lat="34.22559" lon="-116.63319">
        <ele>1701.37</ele>
      </trkpt>
      <trkpt lat="34.22563" lon="-116.63326">
        <ele>1701.8</ele>
      </trkpt>
      <trkpt lat="34.22566" lon="-116.63333">
        <ele>1702.13</ele>
      </trkpt>
      <trkpt lat="34.22569" lon="-116.6334">
        <ele>1702.45</ele>
      </trkpt>
      <trkpt lat="34.22572" lon="-116.63347">
        <ele>1702.78</ele>
      </trkpt>
      <trkpt lat="34.22576" lon="-116.63355">
        <ele>1703.14</ele>
      </trkpt>
      <trkpt lat="34.22579" lon="-116.63362">
        <ele>1702.96</ele>
      </trkpt>
      <trkpt lat="34.22582" lon="-116.63369">
        <ele>1702.88</ele>
      </trkpt>
      <trkpt lat="34.22585" lon="-116.63376">
        <ele>1703.07</ele>
      </trkpt>
      <trkpt lat="34.22588" lon="-116.63383">
        <ele>1702.82</ele>
      </trkpt>
      <trkpt lat="34.22592" lon="-116.63389">
        <ele>1702.92</ele>
      </trkpt>
      <trkpt lat="34.22596" lon="-116.63395">
        <ele>1702.34</ele>
      </trkpt>
      <trkpt lat="34.226" lon="-116.634">
        <ele>1702.0</ele>
      </trkpt>
      <trkpt lat="34.22604" lon="-116.63406">
        <ele>1702.04</ele>
      </trkpt>
      <trkpt lat="34.22608" lon="-116.63412">
        <ele>1702.0</ele>
      </trkpt>
      <trkpt lat="34.22612" lon="-116.63417">
        <ele>1702.04</ele>
      </trkpt>
      <trkpt lat="34.22616" lon="-116.63423">
        <ele>1702.68</ele>
      </trkpt>
      <trkpt lat="34.2262" lon="-116.63429">
        <ele>1703.0</ele>
      </trkpt>
      <trkpt lat="34.22624" lon="-116.63435">
        <ele>1702.99</ele>
      </trkpt>
      <trkpt lat="34.22629" lon="-116.63439">
        <ele>1703.0</ele>
      </trkpt>
      <trkpt lat="34.22632" lon="-116.63446">
        <ele>1703.0</ele>
      </trkpt>
      <trkpt lat="34.22637" lon="-116.63449">
        <ele>1703.0</ele>
      </trkpt>
      <trkpt lat="34.22643" lon="-116.63452">
        <ele>1703.53</ele>
      </trkpt>
      <trkpt lat="34.22648" lon="-116.63455">
        <ele>1703.99</ele>
      </trkpt>
      <trkpt lat="34.22653" lon="-116.63458">
        <ele>1704.8</ele>
      </trkpt>
      <trkpt lat="34.22659" lon="-116.6346">
        <ele>1705.49</ele>
      </trkpt>
      <trkpt lat="34.22664" lon="-116.63464">
        <ele>1705.71</ele>
      </trkpt>
      <trkpt lat="34.22668" lon="-116.63469">
        <ele>1706.05</ele>
      </trkpt>
      <trkpt lat="34.2267" lon="-116.63476">
        <ele>1706.0</ele>
      </trkpt>
      <trkpt lat="34.22669" lon="-116.63483">
        <ele>1706.0</ele>
      </trkpt>
      <trkpt lat="34.2267" lon="-116.6349">
        <ele>1706.0</ele>
      </trkpt>
      <trkpt lat="34.22669" lon="-116.63498">
        <ele>1706.0</ele>
      </trkpt>
      <trkpt lat="34.22669" lon="-116.63505">
        <ele>1706.0</ele>
      </trkpt>
      <trkpt lat="34.22668" lon="-116.63512">
        <ele>1706.0</ele>
      </trkpt>
      <trkpt lat="34.22669" lon="-116.63519">
        <ele>1706.0</ele>
      </trkpt>
      <trkpt lat="34.22668" lon="-116.63526">
        <ele>1706.0</ele>
      </trkpt>
      <trkpt lat="34.22669" lon="-116.63533">
        <ele>1706.0</ele>
      </trkpt>
      <trkpt lat="34.22669" lon="-116.6354">
        <ele>1706.0</ele>
      </trkpt>
      <trkpt lat="34.2267" lon="-116.63548">
        <ele>1706.0</ele>
      </trkpt>
      <trkpt lat="34.2267" lon="-116.63555">
        <ele>1706.0</ele>
      </trkpt>
      <trkpt lat="34.22671" lon="-116.63562">
        <ele>1706.0</ele>
      </trkpt>
      <trkpt lat="34.22671" lon="-116.63569">
        <ele>1706.0</ele>
      </trkpt>
      <trkpt lat="34.22672" lon="-116.63576">
        <ele>1706.0</ele>
      </trkpt>
      <trkpt lat="34.22672" lon="-116.63583">
        <ele>1706.0</ele>
      </trkpt>
      <trkpt lat="34.22673" lon="-116.6359">
        <ele>1706.49</ele>
      </trkpt>
      <trkpt lat="34.22673" lon="-116.63598">
        <ele>1706.68</ele>
      </trkpt>
      <trkpt lat="34.22674" lon="-116.63605">
        <ele>1706.86</ele>
      </trkpt>
      <trkpt lat="34.22674" lon="-116.63612">
        <ele>1707.0</ele>
      </trkpt>
      <trkpt lat="34.22675" lon="-116.63619">
        <ele>1707.0</ele>
      </trkpt>
      <trkpt lat="34.22675" lon="-116.63626">
        <ele>1707.0</ele>
      </trkpt>
      <trkpt lat="34.22676" lon="-116.63633">
        <ele>1707.0</ele>
      </trkpt>
      <trkpt lat="34.22677" lon="-116.6364">
        <ele>1707.0</ele>
      </trkpt>
      <trkpt lat="34.22676" lon="-116.63647">
        <ele>1707.0</ele>
      </trkpt>
      <trkpt lat="34.22676" lon="-116.63655">
        <ele>1707.0</ele>
      </trkpt>
      <trkpt lat="34.22675" lon="-116.63662">
        <ele>1707.55</ele>
      </trkpt>
      <trkpt lat="34.22676" lon="-116.63668">
        <ele>1708.0</ele>
      </trkpt>
      <trkpt lat="34.22676" lon="-116.63669">
        <ele>1708.0</ele>
      </trkpt>
      <trkpt lat="34.22675" lon="-116.63676">
        <ele>1708.11</ele>
      </trkpt>
      <trkpt lat="34.22676" lon="-116.63683">
        <ele>1708.76</ele>
      </trkpt>
      <trkpt lat="34.22675" lon="-116.6369">
        <ele>1709.05</ele>
      </trkpt>
      <trkpt lat="34.22675" lon="-116.63697">
        <ele>1709.35</ele>
      </trkpt>
      <trkpt lat="34.22675" lon="-116.63705">
        <ele>1710.01</ele>
      </trkpt>
      <trkpt lat="34.22675" lon="-116.63712">
        <ele>1710.09</ele>
      </trkpt>
      <trkpt lat="34.22674" lon="-116.63719">
        <ele>1710.72</ele>
      </trkpt>
      <trkpt lat="34.22673" lon="-116.63726">
        <ele>1711.13</ele>
      </trkpt>
      <trkpt lat="34.22673" lon="-116.63733">
        <ele>1711.48</ele>
      </trkpt>
      <trkpt lat="34.22672" lon="-116.6374">
        <ele>1712.34</ele>
      </trkpt>
      <trkpt lat="34.22671" lon="-116.63747">
        <ele>1712.53</ele>
      </trkpt>
      <trkpt lat="34.2267" lon="-116.63754">
        <ele>1712.8</ele>
      </trkpt>
      <trkpt lat="34.22671" lon="-116.63762">
        <ele>1713.16</ele>
      </trkpt>
      <trkpt lat="34.2267" lon="-116.63769">
        <ele>1713.69</ele>
      </trkpt>
      <trkpt lat="34.2267" lon="-116.63776">
        <ele>1714.45</ele>
      </trkpt>
      <trkpt lat="34.22669" lon="-116.63783">
        <ele>1714.75</ele>
      </trkpt>
      <trkpt lat="34.2267" lon="-116.6379">
        <ele>1714.76</ele>
      </trkpt>
      <trkpt lat="34.22669" lon="-116.63797">
        <ele>1715.06</ele>
      </trkpt>
      <trkpt lat="34.2267" lon="-116.63804">
        <ele>1715.53</ele>
      </trkpt>
      <trkpt lat="34.22669" lon="-116.63812">
        <ele>1715.75</ele>
      </trkpt>
      <trkpt lat="34.22669" lon="-116.63819">
        <ele>1715.86</ele>
      </trkpt>
      <trkpt lat="34.22669" lon="-116.63826">
        <ele>1716.0</ele>
      </trkpt>
      <trkpt lat="34.22669" lon="-116.63833">
        <ele>1716.0</ele>
      </trkpt>
      <trkpt lat="34.22668" lon="-116.6384">
        <ele>1716.62</ele>
      </trkpt>
      <trkpt lat="34.22669" lon="-116.63847">
        <ele>1716.75</ele>
      </trkpt>
      <trkpt lat="34.22668" lon="-116.63854">
        <ele>1716.86</ele>
      </trkpt>
      <trkpt lat="34.22671" lon="-116.63861">
        <ele>1716.53</ele>
      </trkpt>
      <trkpt lat="34.22673" lon="-116.63869">
        <ele>1716.9</ele>
      </trkpt>
      <trkpt lat="34.22676" lon="-116.63876">
        <ele>1717.0</ele>
      </trkpt>
      <trkpt lat="34.2268" lon="-116.63883">
        <ele>1717.0</ele>
      </trkpt>
      <trkpt lat="34.22684" lon="-116.63888">
        <ele>1717.0</ele>
      </trkpt>
      <trkpt lat="34.2269" lon="-116.6389">
        <ele>1717.0</ele>
      </trkpt>
      <trkpt lat="34.22696" lon="-116.6389">
        <ele>1716.85</ele>
      </trkpt>
      <trkpt lat="34.22703" lon="-116.6389">
        <ele>1716.19</ele>
      </trkpt>
      <trkpt lat="34.2271" lon="-116.6389">
        <ele>1716.04</ele>
      </trkpt>
      <trkpt lat="34.22717" lon="-116.6389">
        <ele>1716.0</ele>
      </trkpt>
      <trkpt lat="34.22723" lon="-116.6389">
        <ele>1716.0</ele>
      </trkpt>
      <trkpt lat="34.2273" lon="-116.6389">
        <ele>1716.0</ele>
      </trkpt>
      <trkpt lat="34.22737" lon="-116.6389">
        <ele>1716.0</ele>
      </trkpt>
      <trkpt lat="34.22744" lon="-116.6389">
        <ele>1715.69</ele>
      </trkpt>
      <trkpt lat="34.22751" lon="-116.6389">
        <ele>1715.11</ele>
      </trkpt>
      <trkpt lat="34.22753" lon="-116.6389">
        <ele>1715.08</ele>
      </trkpt>
      <trkpt lat="34.22757" lon="-116.6389">
        <ele>1715.03</ele>
      </trkpt>
      <trkpt lat="34.22764" lon="-116.6389">
        <ele>1715.0</ele>
      </trkpt>
      <trkpt lat="34.22771" lon="-116.6389">
        <ele>1715.0</ele>
      </trkpt>
      <trkpt lat="34.22778" lon="-116.6389">
        <ele>1715.0</ele>
      </trkpt>
      <trkpt lat="34.22784" lon="-116.6389">
        <ele>1715.0</ele>
      </trkpt>
      <trkpt lat="34.22791" lon="-116.63891">
        <ele>1715.1</ele>
      </trkpt>
      <trkpt lat="34.22798" lon="-116.63891">
        <ele>1715.37</ele>
      </trkpt>
      <trkpt lat="34.22805" lon="-116.63891">
        <ele>1715.95</ele>
      </trkpt>
      <trkpt lat="34.22812" lon="-116.63891">
        <ele>1716.0</ele>
      </trkpt>
      <trkpt lat="34.22818" lon="-116.63891">
        <ele>1716.0</ele>
      </trkpt>
      <trkpt lat="34.22825" lon="-116.63891">
        <ele>1716.02</ele>
      </trkpt>
      <trkpt lat="34.22832" lon="-116.63891">
        <ele>1716.2</ele>
      </trkpt>
      <trkpt lat="34.22839" lon="-116.63891">
        <ele>1716.7</ele>
      </trkpt>
      <trkpt lat="34.22845" lon="-116.63891">
        <ele>1717.0</ele>
      </trkpt>
      <trkpt lat="34.22852" lon="-116.63891">
        <ele>1717.0</ele>
      </trkpt>
      <trkpt lat="34.22859" lon="-116.63891">
        <ele>1717.0</ele>
      </trkpt>
      <trkpt lat="34.22866" lon="-116.63891">
        <ele>1717.53</ele>
      </trkpt>
      <trkpt lat="34.22872" lon="-116.63891">
        <ele>1718.0</ele>
      </trkpt>
      <trkpt lat="34.22879" lon="-116.63891">
        <ele>1718.0</ele>
      </trkpt>
      <trkpt lat="34.22886" lon="-116.63891">
        <ele>1718.0</ele>
      </trkpt>
      <trkpt lat="34.22947" lon="-116.63886">
        <ele>1720.28</ele>
      </trkpt>
      <trkpt lat="34.22948" lon="-116.63886">
        <ele>1720.38</ele>
      </trkpt>
      <trkpt lat="34.23002" lon="-116.63887">
        <ele>1726.59</ele>
      </trkpt>
      <trkpt lat="34.23004" lon="-116.63887">
        <ele>1726.98</ele>
      </trkpt>
      <trkpt lat="34.23089" lon="-116.63888">
        <ele>1731.65</ele>
      </trkpt>
      <trkpt lat="34.23089" lon="-116.63888">
        <ele>1731.65</ele>
      </trkpt>
      <trkpt lat="34.23151" lon="-116.63888">
        <ele>1734.37</ele>
      </trkpt>
      <trkpt lat="34.23152" lon="-116.63888">
        <ele>1734.47</ele>
      </trkpt>
      <trkpt lat="34.23202" lon="-116.63889">
        <ele>1736.0</ele>
      </trkpt>
      <trkpt lat="34.23203" lon="-116.6389">
        <ele>1735.99</ele>
      </trkpt>
      <trkpt lat="34.23212" lon="-116.63897">
        <ele>1736.0</ele>
      </trkpt>
      <trkpt lat="34.23212" lon="-116.63897">
        <ele>1736.0</ele>
      </trkpt>
      <trkpt lat="34.23212" lon="-116.63914">
        <ele>1735.26</ele>
      </trkpt>
      <trkpt lat="34.23212" lon="-116.63914">
        <ele>1735.26</ele>
      </trkpt>
      <trkpt lat="34.23213" lon="-116.63914">
        <ele>1735.29</ele>
      </trkpt>
      <trkpt lat="34.23212" lon="-116.63921">
        <ele>1734.95</ele>
      </trkpt>
      <trkpt lat="34.23213" lon="-116.63928">
        <ele>1734.78</ele>
      </trkpt>
      <trkpt lat="34.23212" lon="-116.63935">
        <ele>1734.02</ele>
      </trkpt>
      <trkpt lat="34.23212" lon="-116.63942">
        <ele>1734.0</ele>
      </trkpt>
      <trkpt lat="34.23212" lon="-116.63949">
        <ele>1733.95</ele>
      </trkpt>
      <trkpt lat="34.23212" lon="-116.63956">
        <ele>1733.9</ele>
      </trkpt>
      <trkpt lat="34.23211" lon="-116.63964">
        <ele>1733.7</ele>
      </trkpt>
      <trkpt lat="34.23212" lon="-116.63971">
        <ele>1733.12</ele>
      </trkpt>
      <trkpt lat="34.23212" lon="-116.63978">
        <ele>1733.0</ele>
      </trkpt>
      <trkpt lat="34.23213" lon="-116.63985">
        <ele>1733.0</ele>
      </trkpt>
      <trkpt lat="34.23213" lon="-116.63992">
        <ele>1733.0</ele>
      </trkpt>
      <trkpt lat="34.23214" lon="-116.63999">
        <ele>1733.0</ele>
      </trkpt>
      <trkpt lat="34.23214" lon="-116.64006">
        <ele>1732.42</ele>
      </trkpt>
      <trkpt lat="34.23214" lon="-116.64014">
        <ele>1732.05</ele>
      </trkpt>
      <trkpt lat="34.23214" lon="-116.64021">
        <ele>1732.0</ele>
      </trkpt>
      <trkpt lat="34.23213" lon="-116.64028">
        <ele>1732.0</ele>
      </trkpt>
      <trkpt lat="34.23214" lon="-116.64035">
        <ele>1732.0</ele>
      </trkpt>
      <trkpt lat="34.23213" lon="-116.64042">
        <ele>1732.0</ele>
      </trkpt>
      <trkpt lat="34.23214" lon="-116.64049">
        <ele>1732.26</ele>
      </trkpt>
      <trkpt lat="34.23213" lon="-116.64056">
        <ele>1733.0</ele>
      </trkpt>
      <trkpt lat="34.23213" lon="-116.64064">
        <ele>1733.0</ele>
      </trkpt>
      <trkpt lat="34.23212" lon="-116.64071">
        <ele>1733.0</ele>
      </trkpt>
      <trkpt lat="34.23213" lon="-116.64078">
        <ele>1733.0</ele>
      </trkpt>
      <trkpt lat="34.23212" lon="-116.64085">
        <ele>1733.0</ele>
      </trkpt>
      <trkpt lat="34.23213" lon="-116.64092">
        <ele>1733.0</ele>
      </trkpt>
      <trkpt lat="34.23212" lon="-116.64099">
        <ele>1733.69</ele>
      </trkpt>
      <trkpt lat="34.23212" lon="-116.64106">
        <ele>1734.0</ele>
      </trkpt>
      <trkpt lat="34.23212" lon="-116.64113">
        <ele>1734.18</ele>
      </trkpt>
      <trkpt lat="34.23212" lon="-116.64121">
        <ele>1734.9</ele>
      </trkpt>
      <trkpt lat="34.23211" lon="-116.64128">
        <ele>1734.96</ele>
      </trkpt>
      <trkpt lat="34.23212" lon="-116.64135">
        <ele>1735.0</ele>
      </trkpt>
      <trkpt lat="34.23211" lon="-116.64142">
        <ele>1735.0</ele>
      </trkpt>
      <trkpt lat="34.23211" lon="-116.64144">
        <ele>1735.0</ele>
      </trkpt>
      <trkpt lat="34.23211" lon="-116.64149">
        <ele>1735.07</ele>
      </trkpt>
      <trkpt lat="34.23211" lon="-116.64156">
        <ele>1735.67</ele>
      </trkpt>
      <trkpt lat="34.23211" lon="-116.64163">
        <ele>1735.79</ele>
      </trkpt>
      <trkpt lat="34.2321" lon="-116.64171">
        <ele>1735.83</ele>
      </trkpt>
      <trkpt lat="34.23211" lon="-116.64178">
        <ele>1736.0</ele>
      </trkpt>
      <trkpt lat="34.23211" lon="-116.64185">
        <ele>1736.0</ele>
      </trkpt>
      <trkpt lat="34.23212" lon="-116.64192">
        <ele>1736.66</ele>
      </trkpt>
      <trkpt lat="34.23212" lon="-116.64199">
        <ele>1736.9</ele>
      </trkpt>
      <trkpt lat="34.23213" lon="-116.64206">
        <ele>1737.0</ele>
      </trkpt>
      <trkpt lat="34.23213" lon="-116.64213">
        <ele>1737.0</ele>
      </trkpt>
      <trkpt lat="34.23213" lon="-116.6422">
        <ele>1737.0</ele>
      </trkpt>
      <trkpt lat="34.23213" lon="-116.64228">
        <ele>1737.63</ele>
      </trkpt>
      <trkpt lat="34.23212" lon="-116.64235">
        <ele>1738.0</ele>
      </trkpt>
      <trkpt lat="34.23213" lon="-116.64242">
        <ele>1738.14</ele>
      </trkpt>
      <trkpt lat="34.23212" lon="-116.64249">
        <ele>1738.8</ele>
      </trkpt>
      <trkpt lat="34.23213" lon="-116.64256">
        <ele>1739.0</ele>
      </trkpt>
      <trkpt lat="34.23212" lon="-116.64263">
        <ele>1739.0</ele>
      </trkpt>
      <trkpt lat="34.23212" lon="-116.6427">
        <ele>1739.16</ele>
      </trkpt>
      <trkpt lat="34.23211" lon="-116.64278">
        <ele>1740.0</ele>
      </trkpt>
      <trkpt lat="34.23211" lon="-116.64285">
        <ele>1740.0</ele>
      </trkpt>
      <trkpt lat="34.2321" lon="-116.64292">
        <ele>1740.54</ele>
      </trkpt>
      <trkpt lat="34.23209" lon="-116.64299">
        <ele>1741.0</ele>
      </trkpt>
      <trkpt lat="34.23208" lon="-116.64306">
        <ele>1741.02</ele>
      </trkpt>
      <trkpt lat="34.23208" lon="-116.64313">
        <ele>1741.37</ele>
      </trkpt>
      <trkpt lat="34.2321" lon="-116.6432">
        <ele>1741.86</ele>
      </trkpt>
      <trkpt lat="34.23212" lon="-116.64328">
        <ele>1742.0</ele>
      </trkpt>
      <trkpt lat="34.23216" lon="-116.64333">
        <ele>1742.0</ele>
      </trkpt>
      <trkpt lat="34.2322" lon="-116.64339">
        <ele>1742.61</ele>
      </trkpt>
      <trkpt lat="34.23224" lon="-116.64345">
        <ele>1743.0</ele>
      </trkpt>
      <trkpt lat="34.23229" lon="-116.64349">
        <ele>1743.0</ele>
      </trkpt>
      <trkpt lat="34.23234" lon="-116.64353">
        <ele>1743.27</ele>
      </trkpt>
      <trkpt lat="34.23237" lon="-116.64359">
        <ele>1743.6</ele>
      </trkpt>
      <trkpt lat="34.23242" lon="-116.64363">
        <ele>1744.03</ele>
      </trkpt>
      <trkpt lat="34.23247" lon="-116.64368">
        <ele>1744.5</ele>
      </trkpt>
      <trkpt lat="34.23251" lon="-116.64372">
        <ele>1745.0</ele>
      </trkpt>
      <trkpt lat="34.23256" lon="-116.64376">
        <ele>1745.0</ele>
      </trkpt>
      <trkpt lat="34.23261" lon="-116.64379">
        <ele>1745.0</ele>
      </trkpt>
      <trkpt lat="34.23266" lon="-116.64383">
        <ele>1745.0</ele>
      </trkpt>
      <trkpt lat="34.23272" lon="-116.64386">
        <ele>1745.38</ele>
      </trkpt>
      <trkpt lat="34.23276" lon="-116.64391">
        <ele>1746.04</ele>
      </trkpt>
      <trkpt lat="34.23281" lon="-116.64395">
        <ele>1746.78</ele>
      </trkpt>
      <trkpt lat="34.23285" lon="-116.64399">
        <ele>1747.07</ele>
      </trkpt>
      <trkpt lat="34.2329" lon="-116.64403">
        <ele>1747.52</ele>
      </trkpt>
      <trkpt lat="34.23295" lon="-116.64408">
        <ele>1748.06</ele>
      </trkpt>
      <trkpt lat="34.233" lon="-116.64411">
        <ele>1748.39</ele>
      </trkpt>
      <trkpt lat="34.23306" lon="-116.64414">
        <ele>1748.71</ele>
      </trkpt>
      <trkpt lat="34.23311" lon="-116.64416">
        <ele>1748.93</ele>
      </trkpt>
      <trkpt lat="34.23317" lon="-116.64418">
        <ele>1748.8</ele>
      </trkpt>
      <trkpt lat="34.23322" lon="-116.64421">
        <ele>1748.59</ele>
      </trkpt>
      <trkpt lat="34.23328" lon="-116.64424">
        <ele>1748.88</ele>
      </trkpt>
      <trkpt lat="34.23329" lon="-116.64424">
        <ele>1748.9</ele>
      </trkpt>
      <trkpt lat="34.23333" lon="-116.64426">
        <ele>1749.0</ele>
      </trkpt>
      <trkpt lat="34.23338" lon="-116.64429">
        <ele>1749.17</ele>
      </trkpt>
      <trkpt lat="34.23343" lon="-116.64434">
        <ele>1749.87</ele>
      </trkpt>
      <trkpt lat="34.23348" lon="-116.64438">
        <ele>1750.0</ele>
      </trkpt>
      <trkpt lat="34.23352" lon="-116.64442">
        <ele>1750.0</ele>
      </trkpt>
      <trkpt lat="34.23357" lon="-116.64447">
        <ele>1750.28</ele>
      </trkpt>
      <trkpt lat="34.23361" lon="-116.64452">
        <ele>1750.82</ele>
      </trkpt>
      <trkpt lat="34.23365" lon="-116.64458">
        <ele>1751.19</ele>
      </trkpt>
      <trkpt lat="34.23369" lon="-116.64462">
        <ele>1751.76</ele>
      </trkpt>
      <trkpt lat="34.23373" lon="-116.64468">
        <ele>1752.0</ele>
      </trkpt>
      <trkpt lat="34.23377" lon="-116.64474">
        <ele>1752.19</ele>
      </trkpt>
      <trkpt lat="34.23381" lon="-116.64479">
        <ele>1752.77</ele>
      </trkpt>
      <trkpt lat="34.23385" lon="-116.64485">
        <ele>1753.38</ele>
      </trkpt>
      <trkpt lat="34.23389" lon="-116.64492">
        <ele>1754.0</ele>
      </trkpt>
      <trkpt lat="34.23392" lon="-116.64499">
        <ele>1754.3</ele>
      </trkpt>
      <trkpt lat="34.23395" lon="-116.64507">
        <ele>1754.92</ele>
      </trkpt>
      <trkpt lat="34.23397" lon="-116.64514">
        <ele>1755.51</ele>
      </trkpt>
      <trkpt lat="34.23399" lon="-116.64521">
        <ele>1756.0</ele>
      </trkpt>
      <trkpt lat="34.23401" lon="-116.64528">
        <ele>1756.02</ele>
      </trkpt>
      <trkpt lat="34.23403" lon="-116.64535">
        <ele>1756.78</ele>
      </trkpt>
      <trkpt lat="34.23404" lon="-116.64542">
        <ele>1757.0</ele>
      </trkpt>
      <trkpt lat="34.23408" lon="-116.6455">
        <ele>1757.03</ele>
      </trkpt>
      <trkpt lat="34.2341" lon="-116.64557">
        <ele>1757.39</ele>
      </trkpt>
      <trkpt lat="34.23411" lon="-116.64564">
        <ele>1757.95</ele>
      </trkpt>
      <trkpt lat="34.23413" lon="-116.64571">
        <ele>1758.0</ele>
      </trkpt>
      <trkpt lat="34.23415" lon="-116.64578">
        <ele>1758.0</ele>
      </trkpt>
      <trkpt lat="34.23417" lon="-116.64585">
        <ele>1758.18</ele>
      </trkpt>
      <trkpt lat="34.2342" lon="-116.64592">
        <ele>1758.94</ele>
      </trkpt>
      <trkpt lat="34.23424" lon="-116.646">
        <ele>1759.0</ele>
      </trkpt>
      <trkpt lat="34.23425" lon="-116.64607">
        <ele>1759.0</ele>
      </trkpt>
      <trkpt lat="34.23427" lon="-116.64614">
        <ele>1759.31</ele>
      </trkpt>
      <trkpt lat="34.23429" lon="-116.64621">
        <ele>1760.0</ele>
      </trkpt>
      <trkpt lat="34.23431" lon="-116.64628">
        <ele>1760.0</ele>
      </trkpt>
      <trkpt lat="34.23432" lon="-116.64635">
        <ele>1760.58</ele>
      </trkpt>
      <trkpt lat="34.23434" lon="-116.64642">
        <ele>1761.0</ele>
      </trkpt>
      <trkpt lat="34.23435" lon="-116.6465">
        <ele>1761.0</ele>
      </trkpt>
      <trkpt lat="34.23436" lon="-116.64657">
        <ele>1761.0</ele>
      </trkpt>
      <trkpt lat="34.23436" lon="-116.64664">
        <ele>1761.71</ele>
      </trkpt>
      <trkpt lat="34.23438" lon="-116.64671">
        <ele>1762.0</ele>
      </trkpt>
      <trkpt lat="34.23439" lon="-116.64678">
        <ele>1762.22</ele>
      </trkpt>
      <trkpt lat="34.23439" lon="-116.64685">
        <ele>1762.98</ele>
      </trkpt>
      <trkpt lat="34.23441" lon="-116.64692">
        <ele>1763.0</ele>
      </trkpt>
      <trkpt lat="34.23442" lon="-116.64699">
        <ele>1763.0</ele>
      </trkpt>
      <trkpt lat="34.23442" lon="-116.64707">
        <ele>1763.36</ele>
      </trkpt>
      <trkpt lat="34.23443" lon="-116.64714">
        <ele>1764.0</ele>
      </trkpt>
      <trkpt lat="34.23443" lon="-116.64721">
        <ele>1764.0</ele>
      </trkpt>
      <trkpt lat="34.23443" lon="-116.64728">
        <ele>1764.62</ele>
      </trkpt>
      <trkpt lat="34.23443" lon="-116.64735">
        <ele>1765.0</ele>
      </trkpt>
      <trkpt lat="34.23444" lon="-116.64742">
        <ele>1765.01</ele>
      </trkpt>
      <trkpt lat="34.23444" lon="-116.64749">
        <ele>1765.04</ele>
      </trkpt>
      <trkpt lat="34.23445" lon="-116.64757">
        <ele>1765.71</ele>
      </trkpt>
      <trkpt lat="34.23445" lon="-116.64764">
        <ele>1765.97</ele>
      </trkpt>
      <trkpt lat="34.23444" lon="-116.64771">
        <ele>1766.0</ele>
      </trkpt>
      <trkpt lat="34.23444" lon="-116.64778">
        <ele>1766.02</ele>
      </trkpt>
      <trkpt lat="34.23443" lon="-116.64785">
        <ele>1766.78</ele>
      </trkpt>
      <trkpt lat="34.2344" lon="-116.64792">
        <ele>1767.0</ele>
      </trkpt>
      <trkpt lat="34.2344" lon="-116.64799">
        <ele>1767.29</ele>
      </trkpt>
      <trkpt lat="34.23439" lon="-116.64807">
        <ele>1768.0</ele>
      </trkpt>
      <trkpt lat="34.23437" lon="-116.64814">
        <ele>1768.0</ele>
      </trkpt>
      <trkpt lat="34.23434" lon="-116.64821">
        <ele>1768.58</ele>
      </trkpt>
      <trkpt lat="34.23434" lon="-116.64828">
        <ele>1768.93</ele>
      </trkpt>
      <trkpt lat="34.23431" lon="-116.64835">
        <ele>1769.0</ele>
      </trkpt>
      <trkpt lat="34.23429" lon="-116.64842">
        <ele>1769.0</ele>
      </trkpt>
      <trkpt lat="34.23427" lon="-116.64849">
        <ele>1769.69</ele>
      </trkpt>
      <trkpt lat="34.23426" lon="-116.64856">
        <ele>1770.0</ele>
      </trkpt>
      <trkpt lat="34.23424" lon="-116.64864">
        <ele>1770.31</ele>
      </trkpt>
      <trkpt lat="34.23422" lon="-116.64871">
        <ele>1771.03</ele>
      </trkpt>
      <trkpt lat="34.2342" lon="-116.64878">
        <ele>1771.53</ele>
      </trkpt>
      <trkpt lat="34.23419" lon="-116.64885">
        <ele>1771.89</ele>
      </trkpt>
      <trkpt lat="34.23417" lon="-116.64892">
        <ele>1772.0</ele>
      </trkpt>
      <trkpt lat="34.23415" lon="-116.64899">
        <ele>1772.26</ele>
      </trkpt>
      <trkpt lat="34.23414" lon="-116.64906">
        <ele>1772.89</ele>
      </trkpt>
      <trkpt lat="34.23413" lon="-116.64913">
        <ele>1773.24</ele>
      </trkpt>
      <trkpt lat="34.23411" lon="-116.64921">
        <ele>1773.79</ele>
      </trkpt>
      <trkpt lat="34.2341" lon="-116.64928">
        <ele>1774.0</ele>
      </trkpt>
      <trkpt lat="34.23409" lon="-116.64935">
        <ele>1774.0</ele>
      </trkpt>
      <trkpt lat="34.23407" lon="-116.64942">
        <ele>1774.78</ele>
      </trkpt>
      <trkpt lat="34.23405" lon="-116.64949">
        <ele>1775.26</ele>
      </trkpt>
      <trkpt lat="34.23404" lon="-116.64956">
        <ele>1775.37</ele>
      </trkpt>
      <trkpt lat="34.23402" lon="-116.64963">
        <ele>1775.59</ele>
      </trkpt>
      <trkpt lat="34.23399" lon="-116.6497">
        <ele>1775.98</ele>
      </trkpt>
      <trkpt lat="34.23399" lon="-116.64978">
        <ele>1776.57</ele>
      </trkpt>
      <trkpt lat="34.23398" lon="-116.64985">
        <ele>1777.01</ele>
      </trkpt>
      <trkpt lat="34.23396" lon="-116.64992">
        <ele>1777.37</ele>
      </trkpt>
      <trkpt lat="34.23393" lon="-116.64999">
        <ele>1778.45</ele>
      </trkpt>
      <trkpt lat="34.23393" lon="-116.65006">
        <ele>1779.2</ele>
      </trkpt>
      <trkpt lat="34.2339" lon="-116.65013">
        <ele>1780.33</ele>
      </trkpt>
      <trkpt lat="34.23388" lon="-116.6502">
        <ele>1781.0</ele>
      </trkpt>
      <trkpt lat="34.23387" lon="-116.65027">
        <ele>1781.0</ele>
      </trkpt>
      <trkpt lat="34.23387" lon="-116.65035">
        <ele>1781.62</ele>
      </trkpt>
      <trkpt lat="34.23384" lon="-116.65042">
        <ele>1781.76</ele>
      </trkpt>
      <trkpt lat="34.23382" lon="-116.65049">
        <ele>1782.0</ele>
      </trkpt>
      <trkpt lat="34.2338" lon="-116.65056">
        <ele>1782.0</ele>
      </trkpt>
      <trkpt lat="34.23376" lon="-116.65063">
        <ele>1781.92</ele>
      </trkpt>
      <trkpt lat="34.23373" lon="-116.6507">
        <ele>1782.16</ele>
      </trkpt>
      <trkpt lat="34.23371" lon="-116.65077">
        <ele>1782.36</ele>
      </trkpt>
      <trkpt lat="34.23369" lon="-116.65084">
        <ele>1783.21</ele>
      </trkpt>
      <trkpt lat="34.23366" lon="-116.65092">
        <ele>1783.97</ele>
      </trkpt>
      <trkpt lat="34.23364" lon="-116.65099">
        <ele>1784.48</ele>
      </trkpt>
      <trkpt lat="34.23362" lon="-116.65106">
        <ele>1784.9</ele>
      </trkpt>
      <trkpt lat="34.23358" lon="-116.65112">
        <ele>1785.37</ele>
      </trkpt>
      <trkpt lat="34.23354" lon="-116.65117">
        <ele>1786.26</ele>
      </trkpt>
      <trkpt lat="34.23349" lon="-116.65123">
        <ele>1787.31</ele>
      </trkpt>
      <trkpt lat="34.23345" lon="-116.65129">
        <ele>1787.74</ele>
      </trkpt>
      <trkpt lat="34.23341" lon="-116.65134">
        <ele>1788.73</ele>
      </trkpt>
      <trkpt lat="34.23338" lon="-116.65141">
        <ele>1789.5</ele>
      </trkpt>
      <trkpt lat="34.23334" lon="-116.65149">
        <ele>1789.93</ele>
      </trkpt>
      <trkpt lat="34.2333" lon="-116.65156">
        <ele>1790.36</ele>
      </trkpt>
      <trkpt lat="34.23327" lon="-116.65163">
        <ele>1791.1</ele>
      </trkpt>
      <trkpt lat="34.23325" lon="-116.6517">
        <ele>1791.84</ele>
      </trkpt>
      <trkpt lat="34.23322" lon="-116.65177">
        <ele>1792.22</ele>
      </trkpt>
      <trkpt lat="34.2332" lon="-116.65184">
        <ele>1792.44</ele>
      </trkpt>
      <trkpt lat="34.23318" lon="-116.65191">
        <ele>1792.87</ele>
      </trkpt>
      <trkpt lat="34.23317" lon="-116.65198">
        <ele>1793.29</ele>
      </trkpt>
      <trkpt lat="34.23315" lon="-116.65206">
        <ele>1794.23</ele>
      </trkpt>
      <trkpt lat="34.23313" lon="-116.65213">
        <ele>1795.2</ele>
      </trkpt>
      <trkpt lat="34.23312" lon="-116.6522">
        <ele>1795.3</ele>
      </trkpt>
      <trkpt lat="34.23311" lon="-116.65227">
        <ele>1795.93</ele>
      </trkpt>
      <trkpt lat="34.2331" lon="-116.65234">
        <ele>1796.52</ele>
      </trkpt>
      <trkpt lat="34.2331" lon="-116.65241">
        <ele>1796.52</ele>
      </trkpt>
      <trkpt lat="34.2331" lon="-116.65248">
        <ele>1796.52</ele>
      </trkpt>
      <trkpt lat="34.23309" lon="-116.65255">
        <ele>1796.63</ele>
      </trkpt>
      <trkpt lat="34.23309" lon="-116.65263">
        <ele>1796.63</ele>
      </trkpt>
      <trkpt lat="34.23308" lon="-116.6527">
        <ele>1796.58</ele>
      </trkpt>
      <trkpt lat="34.23307" lon="-116.65277">
        <ele>1795.93</ele>
      </trkpt>
      <trkpt lat="34.23305" lon="-116.65284">
        <ele>1796.08</ele>
      </trkpt>
      <trkpt lat="34.23304" lon="-116.65291">
        <ele>1796.17</ele>
      </trkpt>
      <trkpt lat="34.23303" lon="-116.65298">
        <ele>1796.28</ele>
      </trkpt>
      <trkpt lat="34.23301" lon="-116.65305">
        <ele>1796.49</ele>
      </trkpt>
      <trkpt lat="34.23299" lon="-116.65313">
        <ele>1796.71</ele>
      </trkpt>
      <trkpt lat="34.23298" lon="-116.6532">
        <ele>1796.82</ele>
      </trkpt>
      <trkpt lat="34.23295" lon="-116.65327">
        <ele>1797.14</ele>
      </trkpt>
      <trkpt lat="34.23293" lon="-116.65334">
        <ele>1797.43</ele>
      </trkpt>
      <trkpt lat="34.23291" lon="-116.65341">
        <ele>1798.4</ele>
      </trkpt>
      <trkpt lat="34.23289" lon="-116.65348">
        <ele>1798.91</ele>
      </trkpt>
      <trkpt lat="34.23286" lon="-116.65355">
        <ele>1799.45</ele>
      </trkpt>
      <trkpt lat="34.23282" lon="-116.65362">
        <ele>1800.59</ele>
      </trkpt>
      <trkpt lat="34.23282" lon="-116.65362">
        <ele>1800.59</ele>
      </trkpt>
      <trkpt lat="34.23278" lon="-116.6537">
        <ele>1801.0</ele>
      </trkpt>
      <trkpt lat="34.23275" lon="-116.65377">
        <ele>1802.02</ele>
      </trkpt>
      <trkpt lat="34.23271" lon="-116.65384">
        <ele>1802.73</ele>
      </trkpt>
      <trkpt lat="34.23268" lon="-116.65391">
        <ele>1803.06</ele>
      </trkpt>
      <trkpt lat="34.23264" lon="-116.65398">
        <ele>1803.49</ele>
      </trkpt>
      <trkpt lat="34.23261" lon="-116.65405">
        <ele>1803.95</ele>
      </trkpt>
      <trkpt lat="34.23257" lon="-116.65412">
        <ele>1804.24</ele>
      </trkpt>
      <trkpt lat="34.23254" lon="-116.65419">
        <ele>1804.57</ele>
      </trkpt>
      <trkpt lat="34.2325" lon="-116.65426">
        <ele>1805.0</ele>
      </trkpt>
      <trkpt lat="34.23247" lon="-116.65434">
        <ele>1805.04</ele>
      </trkpt>
      <trkpt lat="34.23243" lon="-116.65441">
        <ele>1805.0</ele>
      </trkpt>
      <trkpt lat="34.23239" lon="-116.65448">
        <ele>1805.19</ele>
      </trkpt>
      <trkpt lat="34.23237" lon="-116.65455">
        <ele>1805.35</ele>
      </trkpt>
      <trkpt lat="34.23235" lon="-116.65462">
        <ele>1805.06</ele>
      </trkpt>
      <trkpt lat="34.23233" lon="-116.65469">
        <ele>1805.0</ele>
      </trkpt>
      <trkpt lat="34.23231" lon="-116.65476">
        <ele>1805.03</ele>
      </trkpt>
      <trkpt lat="34.23228" lon="-116.65483">
        <ele>1805.0</ele>
      </trkpt>
      <trkpt lat="34.23225" lon="-116.65491">
        <ele>1805.0</ele>
      </trkpt>
      <trkpt lat="34.23221" lon="-116.65498">
        <ele>1805.24</ele>
      </trkpt>
      <trkpt lat="34.23218" lon="-116.65505">
        <ele>1806.45</ele>
      </trkpt>
      <trkpt lat="34.23216" lon="-116.65512">
        <ele>1807.34</ele>
      </trkpt>
      <trkpt lat="34.23214" lon="-116.65519">
        <ele>1807.83</ele>
      </trkpt>
      <trkpt lat="34.23211" lon="-116.65526">
        <ele>1809.44</ele>
      </trkpt>
      <trkpt lat="34.23209" lon="-116.65533">
        <ele>1810.28</ele>
      </trkpt>
      <trkpt lat="34.23207" lon="-116.6554">
        <ele>1811.25</ele>
      </trkpt>
      <trkpt lat="34.23205" lon="-116.65548">
        <ele>1812.63</ele>
      </trkpt>
      <trkpt lat="34.23203" lon="-116.65555">
        <ele>1813.15</ele>
      </trkpt>
      <trkpt lat="34.232" lon="-116.65562">
        <ele>1814.5</ele>
      </trkpt>
      <trkpt lat="34.232" lon="-116.65569">
        <ele>1814.8</ele>
      </trkpt>
      <trkpt lat="34.23199" lon="-116.65576">
        <ele>1815.12</ele>
      </trkpt>
      <trkpt lat="34.23197" lon="-116.65583">
        <ele>1815.71</ele>
      </trkpt>
      <trkpt lat="34.23194" lon="-116.6559">
        <ele>1815.33</ele>
      </trkpt>
      <trkpt lat="34.23194" lon="-116.65597">
        <ele>1815.05</ele>
      </trkpt>
      <trkpt lat="34.2319" lon="-116.65605">
        <ele>1815.48</ele>
      </trkpt>
      <trkpt lat="34.2319" lon="-116.65612">
        <ele>1815.48</ele>
      </trkpt>
      <trkpt lat="34.2319" lon="-116.65619">
        <ele>1815.48</ele>
      </trkpt>
      <trkpt lat="34.2319" lon="-116.65626">
        <ele>1815.8</ele>
      </trkpt>
      <trkpt lat="34.23187" lon="-116.65633">
        <ele>1816.0</ele>
      </trkpt>
      <trkpt lat="34.23185" lon="-116.6564">
        <ele>1816.02</ele>
      </trkpt>
      <trkpt lat="34.23181" lon="-116.65647">
        <ele>1816.45</ele>
      </trkpt>
      <trkpt lat="34.23179" lon="-116.65654">
        <ele>1816.88</ele>
      </trkpt>
      <trkpt lat="34.23177" lon="-116.65662">
        <ele>1817.0</ele>
      </trkpt>
      <trkpt lat="34.23174" lon="-116.65669">
        <ele>1817.62</ele>
      </trkpt>
      <trkpt lat="34.23172" lon="-116.65676">
        <ele>1818.43</ele>
      </trkpt>
      <trkpt lat="34.23171" lon="-116.65683">
        <ele>1818.94</ele>
      </trkpt>
      <trkpt lat="34.23169" lon="-116.6569">
        <ele>1819.63</ele>
      </trkpt>
      <trkpt lat="34.23167" lon="-116.65697">
        <ele>1820.24</ele>
      </trkpt>
      <trkpt lat="34.23165" lon="-116.65704">
        <ele>1821.39</ele>
      </trkpt>
      <trkpt lat="34.23163" lon="-116.65711">
        <ele>1822.27</ele>
      </trkpt>
      <trkpt lat="34.23161" lon="-116.65719">
        <ele>1823.01</ele>
      </trkpt>
      <trkpt lat="34.23158" lon="-116.65726">
        <ele>1823.9</ele>
      </trkpt>
      <trkpt lat="34.23156" lon="-116.65733">
        <ele>1824.44</ele>
      </trkpt>
      <trkpt lat="34.23154" lon="-116.6574">
        <ele>1825.32</ele>
      </trkpt>
      <trkpt lat="34.23153" lon="-116.65747">
        <ele>1826.15</ele>
      </trkpt>
      <trkpt lat="34.23151" lon="-116.65754">
        <ele>1826.69</ele>
      </trkpt>
      <trkpt lat="34.23149" lon="-116.65761">
        <ele>1826.93</ele>
      </trkpt>
      <trkpt lat="34.23148" lon="-116.65769">
        <ele>1827.07</ele>
      </trkpt>
      <trkpt lat="34.23147" lon="-116.65776">
        <ele>1827.93</ele>
      </trkpt>
      <trkpt lat="34.23146" lon="-116.65783">
        <ele>1828.23</ele>
      </trkpt>
      <trkpt lat="34.23145" lon="-116.6579">
        <ele>1828.34</ele>
      </trkpt>
      <trkpt lat="34.23146" lon="-116.65797">
        <ele>1828.23</ele>
      </trkpt>
      <trkpt lat="34.23142" lon="-116.65804">
        <ele>1828.66</ele>
      </trkpt>
      <trkpt lat="34.2314" lon="-116.65811">
        <ele>1828.36</ele>
      </trkpt>
      <trkpt lat="34.23137" lon="-116.65818">
        <ele>1828.2</ele>
      </trkpt>
      <trkpt lat="34.23133" lon="-116.65826">
        <ele>1828.5</ele>
      </trkpt>
      <trkpt lat="34.23129" lon="-116.65831">
        <ele>1828.32</ele>
      </trkpt>
      <trkpt lat="34.23125" lon="-116.65837">
        <ele>1828.3</ele>
      </trkpt>
      <trkpt lat="34.23121" lon="-116.65843">
        <ele>1827.96</ele>
      </trkpt>
      <trkpt lat="34.23116" lon="-116.65847">
        <ele>1828.0</ele>
      </trkpt>
      <trkpt lat="34.23111" lon="-116.65851">
        <ele>1828.1</ele>
      </trkpt>
      <trkpt lat="34.23107" lon="-116.65857">
        <ele>1827.33</ele>
      </trkpt>
      <trkpt lat="34.23102" lon="-116.65861">
        <ele>1827.01</ele>
      </trkpt>
      <trkpt lat="34.23098" lon="-116.65868">
        <ele>1825.93</ele>
      </trkpt>
      <trkpt lat="34.23096" lon="-116.65875">
        <ele>1824.63</ele>
      </trkpt>
      <trkpt lat="34.23097" lon="-116.65882">
        <ele>1823.13</ele>
      </trkpt>
      <trkpt lat="34.23096" lon="-116.6589">
        <ele>1821.88</ele>
      </trkpt>
      <trkpt lat="34.23096" lon="-116.65897">
        <ele>1821.12</ele>
      </trkpt>
      <trkpt lat="34.23096" lon="-116.65904">
        <ele>1820.37</ele>
      </trkpt>
      <trkpt lat="34.23099" lon="-116.65911">
        <ele>1819.61</ele>
      </trkpt>
      <trkpt lat="34.23101" lon="-116.65918">
        <ele>1818.86</ele>
      </trkpt>
      <trkpt lat="34.23105" lon="-116.65924">
        <ele>1818.14</ele>
      </trkpt>
      <trkpt lat="34.23109" lon="-116.6593">
        <ele>1817.56</ele>
      </trkpt>
      <trkpt lat="34.23113" lon="-116.65934">
        <ele>1816.92</ele>
      </trkpt>
      <trkpt lat="34.23115" lon="-116.6594">
        <ele>1816.06</ele>
      </trkpt>
      <trkpt lat="34.23116" lon="-116.65947">
        <ele>1815.34</ele>
      </trkpt>
      <trkpt lat="34.23117" lon="-116.65954">
        <ele>1814.97</ele>
      </trkpt>
      <trkpt lat="34.23117" lon="-116.65961">
        <ele>1814.21</ele>
      </trkpt>
      <trkpt lat="34.23119" lon="-116.65968">
        <ele>1813.54</ele>
      </trkpt>
      <trkpt lat="34.23121" lon="-116.65975">
        <ele>1812.7</ele>
      </trkpt>
      <trkpt lat="34.23122" lon="-116.65982">
        <ele>1811.94</ele>
      </trkpt>
      <trkpt lat="34.23124" lon="-116.6599">
        <ele>1811.08</ele>
      </trkpt>
      <trkpt lat="34.23125" lon="-116.65997">
        <ele>1809.99</ele>
      </trkpt>
      <trkpt lat="34.23127" lon="-116.66004">
        <ele>1808.85</ele>
      </trkpt>
      <trkpt lat="34.23129" lon="-116.66011">
        <ele>1807.87</ele>
      </trkpt>
      <trkpt lat="34.23131" lon="-116.66018">
        <ele>1807.06</ele>
      </trkpt>
      <trkpt lat="34.23133" lon="-116.66025">
        <ele>1805.85</ele>
      </trkpt>
      <trkpt lat="34.23135" lon="-116.66032">
        <ele>1805.32</ele>
      </trkpt>
      <trkpt lat="34.23137" lon="-116.6604">
        <ele>1805.0</ele>
      </trkpt>
      <trkpt lat="34.23139" lon="-116.66047">
        <ele>1804.92</ele>
      </trkpt>
      <trkpt lat="34.2314" lon="-116.66051">
        <ele>1804.49</ele>
      </trkpt>
      <trkpt lat="34.23142" lon="-116.66054">
        <ele>1804.17</ele>
      </trkpt>
      <trkpt lat="34.23144" lon="-116.66061">
        <ele>1804.0</ele>
      </trkpt>
      <trkpt lat="34.23147" lon="-116.66068">
        <ele>1804.0</ele>
      </trkpt>
      <trkpt lat="34.23146" lon="-116.66075">
        <ele>1803.92</ele>
      </trkpt>
      <trkpt lat="34.23146" lon="-116.66082">
        <ele>1803.34</ele>
      </trkpt>
      <trkpt lat="34.23143" lon="-116.6609">
        <ele>1803.56</ele>
      </trkpt>
      <trkpt lat="34.23141" lon="-116.66097">
        <ele>1803.77</ele>
      </trkpt>
      <trkpt lat="34.23137" lon="-116.66104">
        <ele>1804.2</ele>
      </trkpt>
      <trkpt lat="34.23133" lon="-116.66109">
        <ele>1804.64</ele>
      </trkpt>
      <trkpt lat="34.23129" lon="-116.66115">
        <ele>1804.61</ele>
      </trkpt>
      <trkpt lat="34.23125" lon="-116.66121">
        <ele>1804.43</ele>
      </trkpt>
      <trkpt lat="34.23121" lon="-116.66127">
        <ele>1804.22</ele>
      </trkpt>
      <trkpt lat="34.23116" lon="-116.66132">
        <ele>1804.22</ele>
      </trkpt>
      <trkpt lat="34.23113" lon="-116.66139">
        <ele>1803.78</ele>
      </trkpt>
      <trkpt lat="34.23109" lon="-116.66146">
        <ele>1803.46</ele>
      </trkpt>
      <trkpt lat="34.23105" lon="-116.66152">
        <ele>1803.24</ele>
      </trkpt>
      <trkpt lat="34.23101" lon="-116.66158">
        <ele>1802.94</ele>
      </trkpt>
      <trkpt lat="34.23097" lon="-116.66164">
        <ele>1802.29</ele>
      </trkpt>
      <trkpt lat="34.23093" lon="-116.66169">
        <ele>1801.75</ele>
      </trkpt>
      <trkpt lat="34.23088" lon="-116.66173">
        <ele>1801.66</ele>
      </trkpt>
      <trkpt lat="34.23084" lon="-116.66179">
        <ele>1801.62</ele>
      </trkpt>
      <trkpt lat="34.23079" lon="-116.66185">
        <ele>1801.02</ele>
      </trkpt>
      <trkpt lat="34.23075" lon="-116.66191">
        <ele>1800.37</ele>
      </trkpt>
      <trkpt lat="34.2307" lon="-116.66195">
        <ele>1800.5</ele>
      </trkpt>
      <trkpt lat="34.23067" lon="-116.66202">
        <ele>1801.58</ele>
      </trkpt>
      <trkpt lat="34.23061" lon="-116.66203">
        <ele>1802.34</ele>
      </trkpt>
      <trkpt lat="34.23054" lon="-116.66203">
        <ele>1803.25</ele>
      </trkpt>
      <trkpt lat="34.23047" lon="-116.66203">
        <ele>1804.7</ele>
      </trkpt>
      <trkpt lat="34.2304" lon="-116.66203">
        <ele>1806.21</ele>
      </trkpt>
      <trkpt lat="34.23034" lon="-116.66203">
        <ele>1807.18</ele>
      </trkpt>
      <trkpt lat="34.23027" lon="-116.66205">
        <ele>1808.14</ele>
      </trkpt>
      <trkpt lat="34.23021" lon="-116.66205">
        <ele>1808.14</ele>
      </trkpt>
      <trkpt lat="34.23016" lon="-116.66209">
        <ele>1808.57</ele>
      </trkpt>
      <trkpt lat="34.23011" lon="-116.66212">
        <ele>1808.9</ele>
      </trkpt>
      <trkpt lat="34.23006" lon="-116.66217">
        <ele>1809.44</ele>
      </trkpt>
      <trkpt lat="34.23004" lon="-116.66225">
        <ele>1810.43</ele>
      </trkpt>
      <trkpt lat="34.23003" lon="-116.66232">
        <ele>1811.4</ele>
      </trkpt>
      <trkpt lat="34.23001" lon="-116.66239">
        <ele>1812.01</ele>
      </trkpt>
      <trkpt lat="34.22999" lon="-116.66246">
        <ele>1812.57</ele>
      </trkpt>
      <trkpt lat="34.22995" lon="-116.66253">
        <ele>1813.32</ele>
      </trkpt>
      <trkpt lat="34.22992" lon="-116.6626">
        <ele>1814.01</ele>
      </trkpt>
      <trkpt lat="34.22988" lon="-116.66266">
        <ele>1814.22</ele>
      </trkpt>
      <trkpt lat="34.22983" lon="-116.66271">
        <ele>1814.92</ele>
      </trkpt>
      <trkpt lat="34.22979" lon="-116.66277">
        <ele>1815.25</ele>
      </trkpt>
      <trkpt lat="34.22975" lon="-116.66283">
        <ele>1815.87</ele>
      </trkpt>
      <trkpt lat="34.22971" lon="-116.66289">
        <ele>1816.26</ele>
      </trkpt>
      <trkpt lat="34.22966" lon="-116.66294">
        <ele>1817.34</ele>
      </trkpt>
      <trkpt lat="34.22963" lon="-116.66301">
        <ele>1817.99</ele>
      </trkpt>
      <trkpt lat="34.22957" lon="-116.66304">
        <ele>1819.18</ele>
      </trkpt>
      <trkpt lat="34.22953" lon="-116.66308">
        <ele>1820.02</ele>
      </trkpt>
      <trkpt lat="34.22947" lon="-116.66312">
        <ele>1820.5</ele>
      </trkpt>
      <trkpt lat="34.22944" lon="-116.66318">
        <ele>1821.33</ele>
      </trkpt>
      <trkpt lat="34.22939" lon="-116.66324">
        <ele>1821.41</ele>
      </trkpt>
      <trkpt lat="34.22936" lon="-116.66331">
        <ele>1821.84</ele>
      </trkpt>
      <trkpt lat="34.22932" lon="-116.66338">
        <ele>1822.16</ele>
      </trkpt>
      <trkpt lat="34.2293" lon="-116.66345">
        <ele>1822.81</ele>
      </trkpt>
      <trkpt lat="34.22927" lon="-116.66353">
        <ele>1823.36</ele>
      </trkpt>
      <trkpt lat="34.22927" lon="-116.6636">
        <ele>1824.11</ele>
      </trkpt>
      <trkpt lat="34.22927" lon="-116.66367">
        <ele>1824.87</ele>
      </trkpt>
      <trkpt lat="34.2293" lon="-116.66374">
        <ele>1826.1</ele>
      </trkpt>
      <trkpt lat="34.2293" lon="-116.66381">
        <ele>1826.52</ele>
      </trkpt>
      <trkpt lat="34.22932" lon="-116.66388">
        <ele>1826.97</ele>
      </trkpt>
      <trkpt lat="34.22934" lon="-116.66395">
        <ele>1827.66</ele>
      </trkpt>
      <trkpt lat="34.22934" lon="-116.66403">
        <ele>1828.0</ele>
      </trkpt>
      <trkpt lat="34.22935" lon="-116.6641">
        <ele>1828.28</ele>
      </trkpt>
      <trkpt lat="34.22936" lon="-116.66417">
        <ele>1829.0</ele>
      </trkpt>
      <trkpt lat="34.22936" lon="-116.66424">
        <ele>1829.0</ele>
      </trkpt>
      <trkpt lat="34.22937" lon="-116.66431">
        <ele>1829.0</ele>
      </trkpt>
      <trkpt lat="34.22937" lon="-116.66438">
        <ele>1829.3</ele>
      </trkpt>
      <trkpt lat="34.22939" lon="-116.66445">
        <ele>1830.12</ele>
      </trkpt>
      <trkpt lat="34.22937" lon="-116.66453">
        <ele>1831.85</ele>
      </trkpt>
      <trkpt lat="34.22932" lon="-116.66458">
        <ele>1832.93</ele>
      </trkpt>
      <trkpt lat="34.22927" lon="-116.6646">
        <ele>1833.36</ele>
      </trkpt>
      <trkpt lat="34.22921" lon="-116.66458">
        <ele>1833.99</ele>
      </trkpt>
      <trkpt lat="34.22916" lon="-116.66454">
        <ele>1834.28</ele>
      </trkpt>
      <trkpt lat="34.2291" lon="-116.66451">
        <ele>1835.66</ele>
      </trkpt>
      <trkpt lat="34.22907" lon="-116.66444">
        <ele>1834.99</ele>
      </trkpt>
      <trkpt lat="34.22903" lon="-116.66439">
        <ele>1834.78</ele>
      </trkpt>
      <trkpt lat="34.22899" lon="-116.66433">
        <ele>1834.58</ele>
      </trkpt>
      <trkpt lat="34.22894" lon="-116.66429">
        <ele>1834.93</ele>
      </trkpt>
      <trkpt lat="34.22889" lon="-116.66426">
        <ele>1835.0</ele>
      </trkpt>
      <trkpt lat="34.22882" lon="-116.66425">
        <ele>1836.31</ele>
      </trkpt>
      <trkpt lat="34.22876" lon="-116.66424">
        <ele>1836.98</ele>
      </trkpt>
      <trkpt lat="34.2287" lon="-116.66422">
        <ele>1837.19</ele>
      </trkpt>
      <trkpt lat="34.22865" lon="-116.66422">
        <ele>1837.73</ele>
      </trkpt>
      <trkpt lat="34.2286" lon="-116.6642">
        <ele>1837.72</ele>
      </trkpt>
      <trkpt lat="34.22858" lon="-116.66421">
        <ele>1837.94</ele>
      </trkpt>
      <trkpt lat="34.22847" lon="-116.66424">
        <ele>1838.48</ele>
      </trkpt>
      <trkpt lat="34.22845" lon="-116.66427">
        <ele>1839.23</ele>
      </trkpt>
      <trkpt lat="34.22839" lon="-116.66437">
        <ele>1840.5</ele>
      </trkpt>
      <trkpt lat="34.22839" lon="-116.66438">
        <ele>1840.65</ele>
      </trkpt>
      <trkpt lat="34.22836" lon="-116.6646">
        <ele>1843.16</ele>
      </trkpt>
      <trkpt lat="34.22835" lon="-116.66462">
        <ele>1843.24</ele>
      </trkpt>
      <trkpt lat="34.22835" lon="-116.66466">
        <ele>1843.69</ele>
      </trkpt>
      <trkpt lat="34.22834" lon="-116.66473">
        <ele>1844.23</ele>
      </trkpt>
      <trkpt lat="34.22833" lon="-116.66481">
        <ele>1844.84</ele>
      </trkpt>
      <trkpt lat="34.22832" lon="-116.66488">
        <ele>1845.27</ele>
      </trkpt>
      <trkpt lat="34.22831" lon="-116.66495">
        <ele>1845.7</ele>
      </trkpt>
      <trkpt lat="34.22831" lon="-116.66502">
        <ele>1846.62</ele>
      </trkpt>
      <trkpt lat="34.2283" lon="-116.66509">
        <ele>1847.51</ele>
      </trkpt>
      <trkpt lat="34.22829" lon="-116.66516">
        <ele>1848.2</ele>
      </trkpt>
      <trkpt lat="34.22828" lon="-116.66523">
        <ele>1848.76</ele>
      </trkpt>
      <trkpt lat="34.22827" lon="-116.6653">
        <ele>1849.11</ele>
      </trkpt>
      <trkpt lat="34.22827" lon="-116.66538">
        <ele>1849.74</ele>
      </trkpt>
      <trkpt lat="34.22826" lon="-116.66545">
        <ele>1850.28</ele>
      </trkpt>
      <trkpt lat="34.22825" lon="-116.66552">
        <ele>1850.2</ele>
      </trkpt>
      <trkpt lat="34.22824" lon="-116.66559">
        <ele>1850.36</ele>
      </trkpt>
      <trkpt lat="34.22827" lon="-116.66566">
        <ele>1851.44</ele>
      </trkpt>
      <trkpt lat="34.22829" lon="-116.66573">
        <ele>1852.42</ele>
      </trkpt>
      <trkpt lat="34.22832" lon="-116.6658">
        <ele>1853.5</ele>
      </trkpt>
      <trkpt lat="34.22834" lon="-116.66588">
        <ele>1854.58</ele>
      </trkpt>
      <trkpt lat="34.22836" lon="-116.66595">
        <ele>1855.36</ele>
      </trkpt>
      <trkpt lat="34.22838" lon="-116.66602">
        <ele>1856.01</ele>
      </trkpt>
      <trkpt lat="34.2284" lon="-116.66609">
        <ele>1856.44</ele>
      </trkpt>
      <trkpt lat="34.22842" lon="-116.66616">
        <ele>1856.87</ele>
      </trkpt>
      <trkpt lat="34.22844" lon="-116.66623">
        <ele>1857.35</ele>
      </trkpt>
      <trkpt lat="34.22845" lon="-116.6663">
        <ele>1857.78</ele>
      </trkpt>
      <trkpt lat="34.22847" lon="-116.66638">
        <ele>1858.43</ele>
      </trkpt>
      <trkpt lat="34.22849" lon="-116.66645">
        <ele>1859.28</ele>
      </trkpt>
      <trkpt lat="34.22851" lon="-116.66652">
        <ele>1859.82</ele>
      </trkpt>
      <trkpt lat="34.22853" lon="-116.66659">
        <ele>1860.4</ele>
      </trkpt>
      <trkpt lat="34.22856" lon="-116.66666">
        <ele>1861.41</ele>
      </trkpt>
      <trkpt lat="34.22855" lon="-116.66673">
        <ele>1861.34</ele>
      </trkpt>
      <trkpt lat="34.22856" lon="-116.6668">
        <ele>1861.89</ele>
      </trkpt>
      <trkpt lat="34.22852" lon="-116.66688">
        <ele>1862.02</ele>
      </trkpt>
      <trkpt lat="34.2285" lon="-116.66695">
        <ele>1862.05</ele>
      </trkpt>
      <trkpt lat="34.22847" lon="-116.66702">
        <ele>1862.39</ele>
      </trkpt>
      <trkpt lat="34.22843" lon="-116.66707">
        <ele>1862.4</ele>
      </trkpt>
      <trkpt lat="34.22838" lon="-116.66713">
        <ele>1863.0</ele>
      </trkpt>
      <trkpt lat="34.22834" lon="-116.66718">
        <ele>1863.54</ele>
      </trkpt>
      <trkpt lat="34.22829" lon="-116.66723">
        <ele>1864.04</ele>
      </trkpt>
      <trkpt lat="34.22827" lon="-116.6673">
        <ele>1864.57</ele>
      </trkpt>
      <trkpt lat="34.22826" lon="-116.66737">
        <ele>1865.39</ele>
      </trkpt>
      <trkpt lat="34.22825" lon="-116.66745">
        <ele>1866.36</ele>
      </trkpt>
      <trkpt lat="34.22825" lon="-116.66752">
        <ele>1867.12</ele>
      </trkpt>
      <trkpt lat="34.22822" lon="-116.66759">
        <ele>1867.97</ele>
      </trkpt>
      <trkpt lat="34.2282" lon="-116.66766">
        <ele>1868.32</ele>
      </trkpt>
      <trkpt lat="34.22819" lon="-116.66773">
        <ele>1868.77</ele>
      </trkpt>
      <trkpt lat="34.22816" lon="-116.6678">
        <ele>1869.03</ele>
      </trkpt>
      <trkpt lat="34.22816" lon="-116.66787">
        <ele>1869.13</ele>
      </trkpt>
      <trkpt lat="34.22816" lon="-116.66792">
        <ele>1869.66</ele>
      </trkpt>
      <trkpt lat="34.22816" lon="-116.66794">
        <ele>1869.88</ele>
      </trkpt>
      <trkpt lat="34.22816" lon="-116.66802">
        <ele>1870.21</ele>
      </trkpt>
      <trkpt lat="34.22815" lon="-116.66809">
        <ele>1870.41</ele>
      </trkpt>
      <trkpt lat="34.22816" lon="-116.66816">
        <ele>1871.37</ele>
      </trkpt>
      <trkpt lat="34.22815" lon="-116.66823">
        <ele>1871.91</ele>
      </trkpt>
      <trkpt lat="34.22816" lon="-116.6683">
        <ele>1872.77</ele>
      </trkpt>
      <trkpt lat="34.22815" lon="-116.66837">
        <ele>1873.8</ele>
      </trkpt>
      <trkpt lat="34.22815" lon="-116.66844">
        <ele>1875.45</ele>
      </trkpt>
      <trkpt lat="34.22814" lon="-116.66851">
        <ele>1877.82</ele>
      </trkpt>
      <trkpt lat="34.22815" lon="-116.66859">
        <ele>1879.52</ele>
      </trkpt>
      <trkpt lat="34.22814" lon="-116.66866">
        <ele>1880.05</ele>
      </trkpt>
      <trkpt lat="34.22815" lon="-116.66873">
        <ele>1880.0</ele>
      </trkpt>
      <trkpt lat="34.22815" lon="-116.6688">
        <ele>1880.04</ele>
      </trkpt>
      <trkpt lat="34.22816" lon="-116.66887">
        <ele>1880.69</ele>
      </trkpt>
      <trkpt lat="34.22816" lon="-116.66894">
        <ele>1880.94</ele>
      </trkpt>
      <trkpt lat="34.22817" lon="-116.66901">
        <ele>1881.07</ele>
      </trkpt>
      <trkpt lat="34.22817" lon="-116.66909">
        <ele>1881.41</ele>
      </trkpt>
      <trkpt lat="34.22818" lon="-116.66916">
        <ele>1882.27</ele>
      </trkpt>
      <trkpt lat="34.22818" lon="-116.66923">
        <ele>1883.26</ele>
      </trkpt>
      <trkpt lat="34.22819" lon="-116.6693">
        <ele>1884.1</ele>
      </trkpt>
      <trkpt lat="34.22819" lon="-116.66937">
        <ele>1884.55</ele>
      </trkpt>
      <trkpt lat="34.2282" lon="-116.66944">
        <ele>1885.63</ele>
      </trkpt>
      <trkpt lat="34.22819" lon="-116.66951">
        <ele>1885.74</ele>
      </trkpt>
      <trkpt lat="34.2282" lon="-116.66959">
        <ele>1886.44</ele>
      </trkpt>
      <trkpt lat="34.22819" lon="-116.66966">
        <ele>1886.54</ele>
      </trkpt>
      <trkpt lat="34.22818" lon="-116.66973">
        <ele>1886.74</ele>
      </trkpt>
      <trkpt lat="34.22817" lon="-116.6698">
        <ele>1887.11</ele>
      </trkpt>
      <trkpt lat="34.22816" lon="-116.66987">
        <ele>1887.65</ele>
      </trkpt>
      <trkpt lat="34.22814" lon="-116.66994">
        <ele>1888.26</ele>
      </trkpt>
      <trkpt lat="34.22812" lon="-116.67001">
        <ele>1888.84</ele>
      </trkpt>
      <trkpt lat="34.22811" lon="-116.67008">
        <ele>1889.81</ele>
      </trkpt>
      <trkpt lat="34.22809" lon="-116.67016">
        <ele>1890.73</ele>
      </trkpt>
      <trkpt lat="34.22807" lon="-116.67023">
        <ele>1891.56</ele>
      </trkpt>
      <trkpt lat="34.22805" lon="-116.6703">
        <ele>1892.18</ele>
      </trkpt>
      <trkpt lat="34.22804" lon="-116.67037">
        <ele>1892.83</ele>
      </trkpt>
      <trkpt lat="34.22801" lon="-116.67044">
        <ele>1893.26</ele>
      </trkpt>
      <trkpt lat="34.22799" lon="-116.67051">
        <ele>1893.29</ele>
      </trkpt>
      <trkpt lat="34.22797" lon="-116.67058">
        <ele>1893.34</ele>
      </trkpt>
      <trkpt lat="34.22796" lon="-116.67065">
        <ele>1893.97</ele>
      </trkpt>
      <trkpt lat="34.22794" lon="-116.67073">
        <ele>1893.75</ele>
      </trkpt>
      <trkpt lat="34.22792" lon="-116.6708">
        <ele>1894.18</ele>
      </trkpt>
      <trkpt lat="34.2279" lon="-116.67087">
        <ele>1894.45</ele>
      </trkpt>
      <trkpt lat="34.22789" lon="-116.67094">
        <ele>1894.58</ele>
      </trkpt>
      <trkpt lat="34.22787" lon="-116.67101">
        <ele>1894.9</ele>
      </trkpt>
      <trkpt lat="34.22786" lon="-116.67108">
        <ele>1896.14</ele>
      </trkpt>
      <trkpt lat="34.22784" lon="-116.67115">
        <ele>1896.9</ele>
      </trkpt>
      <trkpt lat="34.22779" lon="-116.67121">
        <ele>1897.27</ele>
      </trkpt>
      <trkpt lat="34.22774" lon="-116.67124">
        <ele>1897.38</ele>
      </trkpt>
      <trkpt lat="34.22769" lon="-116.67128">
        <ele>1897.7</ele>
      </trkpt>
      <trkpt lat="34.22764" lon="-116.67131">
        <ele>1897.81</ele>
      </trkpt>
      <trkpt lat="34.22759" lon="-116.67135">
        <ele>1898.14</ele>
      </trkpt>
      <trkpt lat="34.22753" lon="-116.67138">
        <ele>1898.2</ele>
      </trkpt>
      <trkpt lat="34.22749" lon="-116.67142">
        <ele>1898.23</ele>
      </trkpt>
      <trkpt lat="34.22743" lon="-116.67145">
        <ele>1897.9</ele>
      </trkpt>
      <trkpt lat="34.22739" lon="-116.67151">
        <ele>1897.62</ele>
      </trkpt>
      <trkpt lat="34.22735" lon="-116.67158">
        <ele>1896.76</ele>
      </trkpt>
      <trkpt lat="34.22733" lon="-116.67165">
        <ele>1896.33</ele>
      </trkpt>
      <trkpt lat="34.22734" lon="-116.67172">
        <ele>1896.7</ele>
      </trkpt>
      <trkpt lat="34.22733" lon="-116.67179">
        <ele>1896.49</ele>
      </trkpt>
      <trkpt lat="34.22733" lon="-116.67186">
        <ele>1896.49</ele>
      </trkpt>
      <trkpt lat="34.22733" lon="-116.67194">
        <ele>1896.49</ele>
      </trkpt>
      <trkpt lat="34.22736" lon="-116.67201">
        <ele>1897.46</ele>
      </trkpt>
      <trkpt lat="34.22736" lon="-116.67208">
        <ele>1897.46</ele>
      </trkpt>
      <trkpt lat="34.22738" lon="-116.67215">
        <ele>1898.11</ele>
      </trkpt>
      <trkpt lat="34.2274" lon="-116.67222">
        <ele>1898.76</ele>
      </trkpt>
      <trkpt lat="34.22742" lon="-116.67229">
        <ele>1898.64</ele>
      </trkpt>
      <trkpt lat="34.22744" lon="-116.67236">
        <ele>1898.88</ele>
      </trkpt>
      <trkpt lat="34.22746" lon="-116.67244">
        <ele>1899.14</ele>
      </trkpt>
      <trkpt lat="34.22748" lon="-116.67251">
        <ele>1899.46</ele>
      </trkpt>
      <trkpt lat="34.22749" lon="-116.67258">
        <ele>1898.92</ele>
      </trkpt>
      <trkpt lat="34.2275" lon="-116.67265">
        <ele>1899.0</ele>
      </trkpt>
      <trkpt lat="34.2275" lon="-116.67272">
        <ele>1899.0</ele>
      </trkpt>
      <trkpt lat="34.22752" lon="-116.67279">
        <ele>1899.11</ele>
      </trkpt>
      <trkpt lat="34.22754" lon="-116.67286">
        <ele>1898.93</ele>
      </trkpt>
      <trkpt lat="34.22756" lon="-116.67294">
        <ele>1898.81</ele>
      </trkpt>
      <trkpt lat="34.22756" lon="-116.67294">
        <ele>1898.81</ele>
      </trkpt>
      <trkpt lat="34.22758" lon="-116.67301">
        <ele>1898.79</ele>
      </trkpt>
      <trkpt lat="34.2276" lon="-116.67308">
        <ele>1898.9</ele>
      </trkpt>
      <trkpt lat="34.22762" lon="-116.67315">
        <ele>1898.57</ele>
      </trkpt>
      <trkpt lat="34.22764" lon="-116.67322">
        <ele>1898.25</ele>
      </trkpt>
      <trkpt lat="34.22766" lon="-116.67329">
        <ele>1898.07</ele>
      </trkpt>
      <trkpt lat="34.22769" lon="-116.67336">
        <ele>1897.82</ele>
      </trkpt>
      <trkpt lat="34.22772" lon="-116.67344">
        <ele>1897.6</ele>
      </trkpt>
      <trkpt lat="34.22775" lon="-116.67351">
        <ele>1897.49</ele>
      </trkpt>
      <trkpt lat="34.22778" lon="-116.67358">
        <ele>1897.38</ele>
      </trkpt>
      <trkpt lat="34.22782" lon="-116.67365">
        <ele>1897.49</ele>
      </trkpt>
      <trkpt lat="34.22785" lon="-116.67372">
        <ele>1897.38</ele>
      </trkpt>
      <trkpt lat="34.22788" lon="-116.67379">
        <ele>1897.28</ele>
      </trkpt>
      <trkpt lat="34.22791" lon="-116.67386">
        <ele>1897.86</ele>
      </trkpt>
      <trkpt lat="34.22795" lon="-116.67394">
        <ele>1899.27</ele>
      </trkpt>
      <trkpt lat="34.22796" lon="-116.67401">
        <ele>1900.24</ele>
      </trkpt>
      <trkpt lat="34.22798" lon="-116.67408">
        <ele>1901.25</ele>
      </trkpt>
      <trkpt lat="34.228" lon="-116.67415">
        <ele>1902.22</ele>
      </trkpt>
      <trkpt lat="34.22802" lon="-116.67422">
        <ele>1903.77</ele>
      </trkpt>
      <trkpt lat="34.22804" lon="-116.67429">
        <ele>1905.44</ele>
      </trkpt>
      <trkpt lat="34.22806" lon="-116.67436">
        <ele>1907.18</ele>
      </trkpt>
      <trkpt lat="34.22808" lon="-116.67444">
        <ele>1908.48</ele>
      </trkpt>
      <trkpt lat="34.2281" lon="-116.67451">
        <ele>1909.3</ele>
      </trkpt>
      <trkpt lat="34.2281" lon="-116.67458">
        <ele>1909.9</ele>
      </trkpt>
      <trkpt lat="34.22811" lon="-116.67465">
        <ele>1911.07</ele>
      </trkpt>
      <trkpt lat="34.22813" lon="-116.67472">
        <ele>1912.58</ele>
      </trkpt>
      <trkpt lat="34.22813" lon="-116.67479">
        <ele>1914.07</ele>
      </trkpt>
      <trkpt lat="34.22814" lon="-116.67486">
        <ele>1915.76</ele>
      </trkpt>
      <trkpt lat="34.22814" lon="-116.67494">
        <ele>1916.74</ele>
      </trkpt>
      <trkpt lat="34.22815" lon="-116.67501">
        <ele>1917.06</ele>
      </trkpt>
      <trkpt lat="34.22815" lon="-116.67508">
        <ele>1917.06</ele>
      </trkpt>
      <trkpt lat="34.22816" lon="-116.67515">
        <ele>1918.0</ele>
      </trkpt>
      <trkpt lat="34.22816" lon="-116.67522">
        <ele>1918.43</ele>
      </trkpt>
      <trkpt lat="34.22817" lon="-116.67529">
        <ele>1919.08</ele>
      </trkpt>
      <trkpt lat="34.22817" lon="-116.67536">
        <ele>1919.83</ele>
      </trkpt>
      <trkpt lat="34.22818" lon="-116.67543">
        <ele>1920.38</ele>
      </trkpt>
      <trkpt lat="34.22818" lon="-116.67551">
        <ele>1920.38</ele>
      </trkpt>
      <trkpt lat="34.22819" lon="-116.67558">
        <ele>1920.81</ele>
      </trkpt>
      <trkpt lat="34.22819" lon="-116.6756">
        <ele>1920.81</ele>
      </trkpt>
      <trkpt lat="34.22823" lon="-116.67582">
        <ele>1920.8</ele>
      </trkpt>
      <trkpt lat="34.22824" lon="-116.67583">
        <ele>1921.01</ele>
      </trkpt>
      <trkpt lat="34.22836" lon="-116.67599">
        <ele>1922.59</ele>
      </trkpt>
      <trkpt lat="34.22836" lon="-116.67599">
        <ele>1922.59</ele>
      </trkpt>
      <trkpt lat="34.22841" lon="-116.67601">
        <ele>1924.34</ele>
      </trkpt>
      <trkpt lat="34.22846" lon="-116.67604">
        <ele>1925.74</ele>
      </trkpt>
      <trkpt lat="34.22852" lon="-116.67606">
        <ele>1927.05</ele>
      </trkpt>
      <trkpt lat="34.22857" lon="-116.67609">
        <ele>1928.67</ele>
      </trkpt>
      <trkpt lat="34.22862" lon="-116.67614">
        <ele>1930.16</ele>
      </trkpt>
      <trkpt lat="34.22867" lon="-116.67617">
        <ele>1930.87</ele>
      </trkpt>
      <trkpt lat="34.22872" lon="-116.67621">
        <ele>1931.16</ele>
      </trkpt>
      <trkpt lat="34.22877" lon="-116.67624">
        <ele>1931.44</ele>
      </trkpt>
      <trkpt lat="34.22882" lon="-116.67628">
        <ele>1931.69</ele>
      </trkpt>
      <trkpt lat="34.22887" lon="-116.67631">
        <ele>1932.33</ele>
      </trkpt>
      <trkpt lat="34.22892" lon="-116.67635">
        <ele>1932.37</ele>
      </trkpt>
      <trkpt lat="34.22897" lon="-116.67638">
        <ele>1932.86</ele>
      </trkpt>
      <trkpt lat="34.22902" lon="-116.67642">
        <ele>1933.02</ele>
      </trkpt>
      <trkpt lat="34.22907" lon="-116.67646">
        <ele>1933.89</ele>
      </trkpt>
      <trkpt lat="34.22911" lon="-116.67651">
        <ele>1935.2</ele>
      </trkpt>
      <trkpt lat="34.22913" lon="-116.67658">
        <ele>1936.9</ele>
      </trkpt>
      <trkpt lat="34.22914" lon="-116.67665">
        <ele>1938.19</ele>
      </trkpt>
      <trkpt lat="34.22914" lon="-116.67672">
        <ele>1939.58</ele>
      </trkpt>
      <trkpt lat="34.22915" lon="-116.6768">
        <ele>1941.08</ele>
      </trkpt>
      <trkpt lat="34.22915" lon="-116.67687">
        <ele>1941.68</ele>
      </trkpt>
      <trkpt lat="34.22918" lon="-116.67692">
        <ele>1942.14</ele>
      </trkpt>
      <trkpt lat="34.22923" lon="-116.67695">
        <ele>1942.62</ele>
      </trkpt>
      <trkpt lat="34.22928" lon="-116.677">
        <ele>1942.62</ele>
      </trkpt>
      <trkpt lat="34.22933" lon="-116.67702">
        <ele>1942.95</ele>
      </trkpt>
      <trkpt lat="34.22938" lon="-116.67707">
        <ele>1943.14</ele>
      </trkpt>
      <trkpt lat="34.22943" lon="-116.6771">
        <ele>1943.43</ele>
      </trkpt>
      <trkpt lat="34.22948" lon="-116.67714">
        <ele>1943.16</ele>
      </trkpt>
      <trkpt lat="34.22953" lon="-116.67717">
        <ele>1943.05</ele>
      </trkpt>
      <trkpt lat="34.22958" lon="-116.67721">
        <ele>1943.25</ele>
      </trkpt>
      <trkpt lat="34.22963" lon="-116.67724">
        <ele>1943.24</ele>
      </trkpt>
      <trkpt lat="34.22968" lon="-116.67728">
        <ele>1942.93</ele>
      </trkpt>
      <trkpt lat="34.22973" lon="-116.67731">
        <ele>1943.49</ele>
      </trkpt>
      <trkpt lat="34.22978" lon="-116.67735">
        <ele>1944.36</ele>
      </trkpt>
      <trkpt lat="34.22982" lon="-116.6774">
        <ele>1944.52</ele>
      </trkpt>
      <trkpt lat="34.22987" lon="-116.67744">
        <ele>1946.13</ele>
      </trkpt>
      <trkpt lat="34.22992" lon="-116.67748">
        <ele>1948.38</ele>
      </trkpt>
      <trkpt lat="34.22996" lon="-116.67754">
        <ele>1949.93</ele>
      </trkpt>
      <trkpt lat="34.23" lon="-116.6776">
        <ele>1951.76</ele>
      </trkpt>
      <trkpt lat="34.23004" lon="-116.67765">
        <ele>1952.57</ele>
      </trkpt>
      <trkpt lat="34.23007" lon="-116.67773">
        <ele>1952.45</ele>
      </trkpt>
      <trkpt lat="34.2301" lon="-116.6778">
        <ele>1952.94</ele>
      </trkpt>
      <trkpt lat="34.23013" lon="-116.67787">
        <ele>1953.43</ele>
      </trkpt>
      <trkpt lat="34.23017" lon="-116.67794">
        <ele>1955.14</ele>
      </trkpt>
      <trkpt lat="34.2302" lon="-116.67801">
        <ele>1956.13</ele>
      </trkpt>
      <trkpt lat="34.23023" lon="-116.67808">
        <ele>1956.54</ele>
      </trkpt>
      <trkpt lat="34.23026" lon="-116.67816">
        <ele>1956.81</ele>
      </trkpt>
      <trkpt lat="34.23027" lon="-116.67817">
        <ele>1957.13</ele>
      </trkpt>
      <trkpt lat="34.23041" lon="-116.67856">
        <ele>1957.26</ele>
      </trkpt>
      <trkpt lat="34.23041" lon="-116.67857">
        <ele>1957.16</ele>
      </trkpt>
      <trkpt lat="34.23051" lon="-116.67878">
        <ele>1958.3</ele>
      </trkpt>
      <trkpt lat="34.23052" lon="-116.6788">
        <ele>1958.4</ele>
      </trkpt>
      <trkpt lat="34.23058" lon="-116.67893">
        <ele>1958.49</ele>
      </trkpt>
      <trkpt lat="34.23058" lon="-116.67893">
        <ele>1958.49</ele>
      </trkpt>
      <trkpt lat="34.23075" lon="-116.679">
        <ele>1965.18</ele>
      </trkpt>
      <trkpt lat="34.23077" lon="-116.67901">
        <ele>1965.86</ele>
      </trkpt>
      <trkpt lat="34.23086" lon="-116.67906">
        <ele>1968.17</ele>
      </trkpt>
      <trkpt lat="34.23087" lon="-116.67907">
        <ele>1968.28</ele>
      </trkpt>
      <trkpt lat="34.23096" lon="-116.67918">
        <ele>1969.33</ele>
      </trkpt>
      <trkpt lat="34.23097" lon="-116.6792">
        <ele>1969.54</ele>
      </trkpt>
      <trkpt lat="34.23102" lon="-116.67946">
        <ele>1967.89</ele>
      </trkpt>
      <trkpt lat="34.23102" lon="-116.67946">
        <ele>1967.89</ele>
      </trkpt>
      <trkpt lat="34.23106" lon="-116.67953">
        <ele>1968.04</ele>
      </trkpt>
      <trkpt lat="34.23106" lon="-116.67953">
        <ele>1968.04</ele>
      </trkpt>
      <trkpt lat="34.23107" lon="-116.67953">
        <ele>1968.27</ele>
      </trkpt>
      <trkpt lat="34.23113" lon="-116.67956">
        <ele>1969.07</ele>
      </trkpt>
      <trkpt lat="34.23118" lon="-116.67959">
        <ele>1969.66</ele>
      </trkpt>
      <trkpt lat="34.23123" lon="-116.67962">
        <ele>1969.88</ele>
      </trkpt>
      <trkpt lat="34.23129" lon="-116.67964">
        <ele>1970.54</ele>
      </trkpt>
      <trkpt lat="34.23134" lon="-116.67967">
        <ele>1970.64</ele>
      </trkpt>
      <trkpt lat="34.23139" lon="-116.67971">
        <ele>1970.4</ele>
      </trkpt>
      <trkpt lat="34.23145" lon="-116.67972">
        <ele>1970.09</ele>
      </trkpt>
      <trkpt lat="34.23152" lon="-116.67973">
        <ele>1970.59</ele>
      </trkpt>
      <trkpt lat="34.23158" lon="-116.67973">
        <ele>1971.73</ele>
      </trkpt>
      <trkpt lat="34.23165" lon="-116.67973">
        <ele>1972.55</ele>
      </trkpt>
      <trkpt lat="34.23172" lon="-116.67973">
        <ele>1973.95</ele>
      </trkpt>
      <trkpt lat="34.23178" lon="-116.67975">
        <ele>1975.21</ele>
      </trkpt>
      <trkpt lat="34.23182" lon="-116.6798">
        <ele>1976.39</ele>
      </trkpt>
      <trkpt lat="34.23185" lon="-116.67987">
        <ele>1977.89</ele>
      </trkpt>
      <trkpt lat="34.23187" lon="-116.67995">
        <ele>1978.52</ele>
      </trkpt>
      <trkpt lat="34.23189" lon="-116.68002">
        <ele>1978.84</ele>
      </trkpt>
      <trkpt lat="34.23191" lon="-116.68009">
        <ele>1979.17</ele>
      </trkpt>
      <trkpt lat="34.23193" lon="-116.68016">
        <ele>1979.49</ele>
      </trkpt>
      <trkpt lat="34.23195" lon="-116.68023">
        <ele>1979.33</ele>
      </trkpt>
      <trkpt lat="34.23198" lon="-116.6803">
        <ele>1979.59</ele>
      </trkpt>
      <trkpt lat="34.23202" lon="-116.68036">
        <ele>1980.47</ele>
      </trkpt>
      <trkpt lat="34.23206" lon="-116.68042">
        <ele>1980.27</ele>
      </trkpt>
      <trkpt lat="34.2321" lon="-116.68048">
        <ele>1980.35</ele>
      </trkpt>
      <trkpt lat="34.2321" lon="-116.68048">
        <ele>1980.35</ele>
      </trkpt>
      <trkpt lat="34.23214" lon="-116.68053">
        <ele>1981.08</ele>
      </trkpt>
      <trkpt lat="34.23218" lon="-116.68059">
        <ele>1982.35</ele>
      </trkpt>
      <trkpt lat="34.23221" lon="-116.68066">
        <ele>1983.21</ele>
      </trkpt>
      <trkpt lat="34.23223" lon="-116.68073">
        <ele>1983.55</ele>
      </trkpt>
      <trkpt lat="34.23225" lon="-116.6808">
        <ele>1983.67</ele>
      </trkpt>
      <trkpt lat="34.23226" lon="-116.68088">
        <ele>1983.63</ele>
      </trkpt>
      <trkpt lat="34.23228" lon="-116.68095">
        <ele>1984.66</ele>
      </trkpt>
      <trkpt lat="34.23229" lon="-116.68102">
        <ele>1985.68</ele>
      </trkpt>
      <trkpt lat="34.23231" lon="-116.68109">
        <ele>1987.51</ele>
      </trkpt>
      <trkpt lat="34.23232" lon="-116.68116">
        <ele>1988.72</ele>
      </trkpt>
      <trkpt lat="34.23233" lon="-116.68123">
        <ele>1989.21</ele>
      </trkpt>
      <trkpt lat="34.23237" lon="-116.68129">
        <ele>1989.86</ele>
      </trkpt>
      <trkpt lat="34.23242" lon="-116.68132">
        <ele>1990.9</ele>
      </trkpt>
      <trkpt lat="34.23247" lon="-116.68136">
        <ele>1991.65</ele>
      </trkpt>
      <trkpt lat="34.23252" lon="-116.68139">
        <ele>1992.63</ele>
      </trkpt>
      <trkpt lat="34.23256" lon="-116.68145">
        <ele>1993.05</ele>
      </trkpt>
      <trkpt lat="34.23258" lon="-116.68152">
        <ele>1993.87</ele>
      </trkpt>
      <trkpt lat="34.23255" lon="-116.68157">
        <ele>1993.12</ele>
      </trkpt>
      <trkpt lat="34.2325" lon="-116.6816">
        <ele>1991.84</ele>
      </trkpt>
      <trkpt lat="34.23245" lon="-116.68165">
        <ele>1992.38</ele>
      </trkpt>
      <trkpt lat="34.2324" lon="-116.68168">
        <ele>1992.27</ele>
      </trkpt>
      <trkpt lat="34.23235" lon="-116.68172">
        <ele>1992.49</ele>
      </trkpt>
      <trkpt lat="34.23229" lon="-116.68175">
        <ele>1992.16</ele>
      </trkpt>
      <trkpt lat="34.23224" lon="-116.68179">
        <ele>1992.11</ele>
      </trkpt>
      <trkpt lat="34.23219" lon="-116.68182">
        <ele>1991.27</ele>
      </trkpt>
      <trkpt lat="34.23215" lon="-116.68187">
        <ele>1991.05</ele>
      </trkpt>
      <trkpt lat="34.23211" lon="-116.68195">
        <ele>1991.36</ele>
      </trkpt>
      <trkpt lat="34.23209" lon="-116.68202">
        <ele>1990.72</ele>
      </trkpt>
      <trkpt lat="34.23211" lon="-116.68209">
        <ele>1991.81</ele>
      </trkpt>
      <trkpt lat="34.23211" lon="-116.68216">
        <ele>1992.41</ele>
      </trkpt>
      <trkpt lat="34.23212" lon="-116.68223">
        <ele>1993.57</ele>
      </trkpt>
      <trkpt lat="34.23213" lon="-116.6823">
        <ele>1994.85</ele>
      </trkpt>
      <trkpt lat="34.23212" lon="-116.68237">
        <ele>1996.37</ele>
      </trkpt>
      <trkpt lat="34.23211" lon="-116.68244">
        <ele>1997.93</ele>
      </trkpt>
      <trkpt lat="34.2321" lon="-116.68252">
        <ele>1999.69</ele>
      </trkpt>
      <trkpt lat="34.2321" lon="-116.68259">
        <ele>2001.96</ele>
      </trkpt>
      <trkpt lat="34.2321" lon="-116.68266">
        <ele>2002.77</ele>
      </trkpt>
      <trkpt lat="34.2321" lon="-116.68273">
        <ele>2003.04</ele>
      </trkpt>
      <trkpt lat="34.23211" lon="-116.6828">
        <ele>2003.55</ele>
      </trkpt>
      <trkpt lat="34.23211" lon="-116.68287">
        <ele>2004.15</ele>
      </trkpt>
      <trkpt lat="34.2321" lon="-116.68294">
        <ele>2003.72</ele>
      </trkpt>
      <trkpt lat="34.23211" lon="-116.68301">
        <ele>2003.75</ele>
      </trkpt>
      <trkpt lat="34.2321" lon="-116.68309">
        <ele>2003.04</ele>
      </trkpt>
      <trkpt lat="34.23212" lon="-116.68316">
        <ele>2003.57</ele>
      </trkpt>
      <trkpt lat="34.23216" lon="-116.68321">
        <ele>2004.32</ele>
      </trkpt>
      <trkpt lat="34.23223" lon="-116.68322">
        <ele>2006.39</ele>
      </trkpt>
      <trkpt lat="34.23228" lon="-116.68324">
        <ele>2007.26</ele>
      </trkpt>
      <trkpt lat="34.23234" lon="-116.68326">
        <ele>2007.86</ele>
      </trkpt>
      <trkpt lat="34.2324" lon="-116.68327">
        <ele>2008.29</ele>
      </trkpt>
      <trkpt lat="34.23246" lon="-116.68329">
        <ele>2008.5</ele>
      </trkpt>
      <trkpt lat="34.23252" lon="-116.6833">
        <ele>2008.94</ele>
      </trkpt>
      <trkpt lat="34.23259" lon="-116.6833">
        <ele>2009.69</ele>
      </trkpt>
      <trkpt lat="34.23266" lon="-116.6833">
        <ele>2011.18</ele>
      </trkpt>
      <trkpt lat="34.23272" lon="-116.68329">
        <ele>2012.89</ele>
      </trkpt>
      <trkpt lat="34.23279" lon="-116.68329">
        <ele>2014.6</ele>
      </trkpt>
      <trkpt lat="34.23284" lon="-116.68325">
        <ele>2015.57</ele>
      </trkpt>
      <trkpt lat="34.23289" lon="-116.6832">
        <ele>2016.79</ele>
      </trkpt>
      <trkpt lat="34.23293" lon="-116.68316">
        <ele>2017.18</ele>
      </trkpt>
      <trkpt lat="34.23298" lon="-116.68312">
        <ele>2017.42</ele>
      </trkpt>
      <trkpt lat="34.23303" lon="-116.68308">
        <ele>2017.75</ele>
      </trkpt>
      <trkpt lat="34.23308" lon="-116.68304">
        <ele>2018.12</ele>
      </trkpt>
      <trkpt lat="34.23314" lon="-116.68302">
        <ele>2018.21</ele>
      </trkpt>
      <trkpt lat="34.23321" lon="-116.68302">
        <ele>2019.23</ele>
      </trkpt>
      <trkpt lat="34.23327" lon="-116.68304">
        <ele>2019.65</ele>
      </trkpt>
      <trkpt lat="34.23331" lon="-116.68308">
        <ele>2019.15</ele>
      </trkpt>
      <trkpt lat="34.23336" lon="-116.68312">
        <ele>2019.47</ele>
      </trkpt>
      <trkpt lat="34.23341" lon="-116.68316">
        <ele>2020.23</ele>
      </trkpt>
      <trkpt lat="34.23345" lon="-116.68321">
        <ele>2020.36</ele>
      </trkpt>
      <trkpt lat="34.23349" lon="-116.68326">
        <ele>2021.01</ele>
      </trkpt>
      <trkpt lat="34.23353" lon="-116.68332">
        <ele>2022.5</ele>
      </trkpt>
      <trkpt lat="34.23357" lon="-116.68338">
        <ele>2024.22</ele>
      </trkpt>
      <trkpt lat="34.2336" lon="-116.68345">
        <ele>2025.49</ele>
      </trkpt>
      <trkpt lat="34.23364" lon="-116.68351">
        <ele>2026.65</ele>
      </trkpt>
      <trkpt lat="34.23368" lon="-116.68356">
        <ele>2026.93</ele>
      </trkpt>
      <trkpt lat="34.23373" lon="-116.68361">
        <ele>2027.86</ele>
      </trkpt>
      <trkpt lat="34.23377" lon="-116.68366">
        <ele>2028.62</ele>
      </trkpt>
      <trkpt lat="34.23378" lon="-116.68374">
        <ele>2028.47</ele>
      </trkpt>
      <trkpt lat="34.23377" lon="-116.68381">
        <ele>2028.3</ele>
      </trkpt>
      <trkpt lat="34.23373" lon="-116.68388">
        <ele>2027.76</ele>
      </trkpt>
      <trkpt lat="34.23368" lon="-116.68392">
        <ele>2027.08</ele>
      </trkpt>
      <trkpt lat="34.23364" lon="-116.68397">
        <ele>2027.19</ele>
      </trkpt>
      <trkpt lat="34.23361" lon="-116.68402">
        <ele>2027.41</ele>
      </trkpt>
      <trkpt lat="34.23363" lon="-116.68409">
        <ele>2028.03</ele>
      </trkpt>
      <trkpt lat="34.23363" lon="-116.68416">
        <ele>2027.28</ele>
      </trkpt>
      <trkpt lat="34.23365" lon="-116.68423">
        <ele>2027.02</ele>
      </trkpt>
      <trkpt lat="34.23367" lon="-116.68431">
        <ele>2027.07</ele>
      </trkpt>
      <trkpt lat="34.23369" lon="-116.68438">
        <ele>2027.6</ele>
      </trkpt>
      <trkpt lat="34.23371" lon="-116.68445">
        <ele>2028.08</ele>
      </trkpt>
      <trkpt lat="34.23372" lon="-116.68452">
        <ele>2027.68</ele>
      </trkpt>
      <trkpt lat="34.23374" lon="-116.68459">
        <ele>2028.18</ele>
      </trkpt>
      <trkpt lat="34.23375" lon="-116.68466">
        <ele>2028.5</ele>
      </trkpt>
      <trkpt lat="34.23376" lon="-116.68473">
        <ele>2028.91</ele>
      </trkpt>
      <trkpt lat="34.23375" lon="-116.68481">
        <ele>2029.45</ele>
      </trkpt>
      <trkpt lat="34.23371" lon="-116.68488">
        <ele>2029.56</ele>
      </trkpt>
      <trkpt lat="34.23368" lon="-116.68493">
        <ele>2029.98</ele>
      </trkpt>
      <trkpt lat="34.23356" lon="-116.68512">
        <ele>2030.64</ele>
      </trkpt>
      <trkpt lat="34.23356" lon="-116.68513">
        <ele>2030.75</ele>
      </trkpt>
      <trkpt lat="34.23354" lon="-116.68524">
        <ele>2030.7</ele>
      </trkpt>
      <trkpt lat="34.23354" lon="-116.68524">
        <ele>2030.7</ele>
      </trkpt>
      <trkpt lat="34.23353" lon="-116.68535">
        <ele>2030.37</ele>
      </trkpt>
      <trkpt lat="34.23354" lon="-116.68538">
        <ele>2030.62</ele>
      </trkpt>
      <trkpt lat="34.23357" lon="-116.68546">
        <ele>2031.24</ele>
      </trkpt>
      <trkpt lat="34.23357" lon="-116.68547">
        <ele>2031.11</ele>
      </trkpt>
      <trkpt lat="34.23359" lon="-116.68552">
        <ele>2031.0</ele>
      </trkpt>
      <trkpt lat="34.23363" lon="-116.68559">
        <ele>2031.44</ele>
      </trkpt>
      <trkpt lat="34.23366" lon="-116.68566">
        <ele>2031.86</ele>
      </trkpt>
      <trkpt lat="34.2337" lon="-116.68572">
        <ele>2032.29</ele>
      </trkpt>
      <trkpt lat="34.23374" lon="-116.68578">
        <ele>2033.18</ele>
      </trkpt>
      <trkpt lat="34.23378" lon="-116.68583">
        <ele>2034.47</ele>
      </trkpt>
      <trkpt lat="34.23382" lon="-116.68588">
        <ele>2035.77</ele>
      </trkpt>
      <trkpt lat="34.23387" lon="-116.68592">
        <ele>2037.39</ele>
      </trkpt>
      <trkpt lat="34.23392" lon="-116.68596">
        <ele>2038.3</ele>
      </trkpt>
      <trkpt lat="34.23396" lon="-116.68601">
        <ele>2038.63</ele>
      </trkpt>
      <trkpt lat="34.23402" lon="-116.68603">
        <ele>2039.58</ele>
      </trkpt>
      <trkpt lat="34.23407" lon="-116.68606">
        <ele>2040.02</ele>
      </trkpt>
      <trkpt lat="34.23412" lon="-116.68609">
        <ele>2039.95</ele>
      </trkpt>
      <trkpt lat="34.23418" lon="-116.68612">
        <ele>2040.1</ele>
      </trkpt>
      <trkpt lat="34.23423" lon="-116.68615">
        <ele>2040.53</ele>
      </trkpt>
      <trkpt lat="34.23428" lon="-116.68618">
        <ele>2041.13</ele>
      </trkpt>
      <trkpt lat="34.23432" lon="-116.68625">
        <ele>2041.14</ele>
      </trkpt>
      <trkpt lat="34.23436" lon="-116.68629">
        <ele>2041.39</ele>
      </trkpt>
      <trkpt lat="34.2344" lon="-116.68635">
        <ele>2041.1</ele>
      </trkpt>
      <trkpt lat="34.23444" lon="-116.68641">
        <ele>2040.67</ele>
      </trkpt>
      <trkpt lat="34.23449" lon="-116.68645">
        <ele>2041.82</ele>
      </trkpt>
      <trkpt lat="34.23452" lon="-116.68652">
        <ele>2042.45</ele>
      </trkpt>
      <trkpt lat="34.23453" lon="-116.68659">
        <ele>2042.77</ele>
      </trkpt>
      <trkpt lat="34.23454" lon="-116.68666">
        <ele>2043.07</ele>
      </trkpt>
      <trkpt lat="34.23455" lon="-116.68674">
        <ele>2042.6</ele>
      </trkpt>
      <trkpt lat="34.23456" lon="-116.68681">
        <ele>2042.61</ele>
      </trkpt>
      <trkpt lat="34.23457" lon="-116.68688">
        <ele>2042.41</ele>
      </trkpt>
      <trkpt lat="34.23459" lon="-116.68695">
        <ele>2042.05</ele>
      </trkpt>
      <trkpt lat="34.23461" lon="-116.68702">
        <ele>2041.12</ele>
      </trkpt>
      <trkpt lat="34.23465" lon="-116.68709">
        <ele>2040.3</ele>
      </trkpt>
      <trkpt lat="34.23468" lon="-116.68715">
        <ele>2039.75</ele>
      </trkpt>
      <trkpt lat="34.23472" lon="-116.68721">
        <ele>2039.24</ele>
      </trkpt>
      <trkpt lat="34.23476" lon="-116.68726">
        <ele>2039.0</ele>
      </trkpt>
      <trkpt lat="34.2348" lon="-116.68732">
        <ele>2038.57</ele>
      </trkpt>
      <trkpt lat="34.23485" lon="-116.68736">
        <ele>2039.16</ele>
      </trkpt>
      <trkpt lat="34.23488" lon="-116.68743">
        <ele>2038.87</ele>
      </trkpt>
      <trkpt lat="34.23493" lon="-116.68747">
        <ele>2040.06</ele>
      </trkpt>
      <trkpt lat="34.23498" lon="-116.68751">
        <ele>2041.27</ele>
      </trkpt>
      <trkpt lat="34.23504" lon="-116.68754">
        <ele>2042.25</ele>
      </trkpt>
      <trkpt lat="34.23508" lon="-116.68758">
        <ele>2042.12</ele>
      </trkpt>
      <trkpt lat="34.23515" lon="-116.68758">
        <ele>2043.51</ele>
      </trkpt>
      <trkpt lat="34.2352" lon="-116.68761">
        <ele>2043.78</ele>
      </trkpt>
      <trkpt lat="34.23526" lon="-116.68762">
        <ele>2044.22</ele>
      </trkpt>
      <trkpt lat="34.23532" lon="-116.68764">
        <ele>2044.43</ele>
      </trkpt>
      <trkpt lat="34.23535" lon="-116.68765">
        <ele>2044.54</ele>
      </trkpt>
      <trkpt lat="34.23555" lon="-116.68766">
        <ele>2045.23</ele>
      </trkpt>
      <trkpt lat="34.23556" lon="-116.68767">
        <ele>2045.22</ele>
      </trkpt>
      <trkpt lat="34.23564" lon="-116.68773">
        <ele>2045.43</ele>
      </trkpt>
      <trkpt lat="34.23565" lon="-116.68774">
        <ele>2045.45</ele>
      </trkpt>
      <trkpt lat="34.23579" lon="-116.68787">
        <ele>2046.07</ele>
      </trkpt>
      <trkpt lat="34.23579" lon="-116.68787">
        <ele>2046.07</ele>
      </trkpt>
      <trkpt lat="34.23581" lon="-116.6879">
        <ele>2045.94</ele>
      </trkpt>
      <trkpt lat="34.23585" lon="-116.68794">
        <ele>2045.68</ele>
      </trkpt>
      <trkpt lat="34.23591" lon="-116.68797">
        <ele>2045.75</ele>
      </trkpt>
      <trkpt lat="34.23595" lon="-116.68801">
        <ele>2045.75</ele>
      </trkpt>
      <trkpt lat="34.23601" lon="-116.68804">
        <ele>2046.08</ele>
      </trkpt>
      <trkpt lat="34.23606" lon="-116.68808">
        <ele>2045.47</ele>
      </trkpt>
      <trkpt lat="34.23612" lon="-116.68808">
        <ele>2045.47</ele>
      </trkpt>
      <trkpt lat="34.23618" lon="-116.6881">
        <ele>2045.04</ele>
      </trkpt>
      <trkpt lat="34.23625" lon="-116.6881">
        <ele>2045.04</ele>
      </trkpt>
      <trkpt lat="34.23631" lon="-116.68808">
        <ele>2045.51</ele>
      </trkpt>
      <trkpt lat="34.23635" lon="-116.68803">
        <ele>2046.39</ele>
      </trkpt>
      <trkpt lat="34.23639" lon="-116.68796">
        <ele>2047.08</ele>
      </trkpt>
      <trkpt lat="34.23642" lon="-116.68789">
        <ele>2048.38</ele>
      </trkpt>
      <trkpt lat="34.23647" lon="-116.68783">
        <ele>2048.56</ele>
      </trkpt>
      <trkpt lat="34.23652" lon="-116.68783">
        <ele>2048.67</ele>
      </trkpt>
      <trkpt lat="34.23657" lon="-116.68787">
        <ele>2048.96</ele>
      </trkpt>
      <trkpt lat="34.23662" lon="-116.6879">
        <ele>2050.49</ele>
      </trkpt>
      <trkpt lat="34.23665" lon="-116.68797">
        <ele>2051.4</ele>
      </trkpt>
      <trkpt lat="34.23669" lon="-116.68803">
        <ele>2051.78</ele>
      </trkpt>
      <trkpt lat="34.23672" lon="-116.6881">
        <ele>2052.15</ele>
      </trkpt>
      <trkpt lat="34.23676" lon="-116.68816">
        <ele>2052.89</ele>
      </trkpt>
      <trkpt lat="34.2368" lon="-116.68823">
        <ele>2053.0</ele>
      </trkpt>
      <trkpt lat="34.23685" lon="-116.68826">
        <ele>2053.75</ele>
      </trkpt>
      <trkpt lat="34.2369" lon="-116.6883">
        <ele>2053.88</ele>
      </trkpt>
      <trkpt lat="34.23695" lon="-116.68833">
        <ele>2054.16</ele>
      </trkpt>
      <trkpt lat="34.237" lon="-116.68837">
        <ele>2054.8</ele>
      </trkpt>
      <trkpt lat="34.23704" lon="-116.68842">
        <ele>2055.13</ele>
      </trkpt>
      <trkpt lat="34.23709" lon="-116.68846">
        <ele>2055.78</ele>
      </trkpt>
      <trkpt lat="34.23714" lon="-116.6885">
        <ele>2056.42</ele>
      </trkpt>
      <trkpt lat="34.23718" lon="-116.68855">
        <ele>2056.75</ele>
      </trkpt>
      <trkpt lat="34.23723" lon="-116.68859">
        <ele>2057.31</ele>
      </trkpt>
      <trkpt lat="34.23728" lon="-116.68862">
        <ele>2057.53</ele>
      </trkpt>
      <trkpt lat="34.23733" lon="-116.68866">
        <ele>2057.64</ele>
      </trkpt>
      <trkpt lat="34.23738" lon="-116.68869">
        <ele>2057.85</ele>
      </trkpt>
      <trkpt lat="34.23743" lon="-116.68873">
        <ele>2058.24</ele>
      </trkpt>
      <trkpt lat="34.23748" lon="-116.68876">
        <ele>2058.78</ele>
      </trkpt>
      <trkpt lat="34.23753" lon="-116.6888">
        <ele>2059.32</ele>
      </trkpt>
      <trkpt lat="34.23758" lon="-116.68885">
        <ele>2059.86</ele>
      </trkpt>
      <trkpt lat="34.23762" lon="-116.68889">
        <ele>2060.31</ele>
      </trkpt>
      <trkpt lat="34.23767" lon="-116.68893">
        <ele>2061.28</ele>
      </trkpt>
      <trkpt lat="34.23771" lon="-116.68898">
        <ele>2062.25</ele>
      </trkpt>
      <trkpt lat="34.23793" lon="-116.68911">
        <ele>2066.68</ele>
      </trkpt>
      <trkpt lat="34.23794" lon="-116.68912">
        <ele>2066.88</ele>
      </trkpt>
      <trkpt lat="34.23818" lon="-116.68926">
        <ele>2069.69</ele>
      </trkpt>
      <trkpt lat="34.23818" lon="-116.68926">
        <ele>2069.69</ele>
      </trkpt>
      <trkpt lat="34.23818" lon="-116.68926">
        <ele>2069.69</ele>
      </trkpt>
      <trkpt lat="34.23823" lon="-116.68931">
        <ele>2070.28</ele>
      </trkpt>
      <trkpt lat="34.23828" lon="-116.68934">
        <ele>2070.92</ele>
      </trkpt>
      <trkpt lat="34.23833" lon="-116.68938">
        <ele>2071.93</ele>
      </trkpt>
      <trkpt lat="34.23838" lon="-116.68941">
        <ele>2072.82</ele>
      </trkpt>
      <trkpt lat="34.23843" lon="-116.68945">
        <ele>2074.09</ele>
      </trkpt>
      <trkpt lat="34.23848" lon="-116.68949">
        <ele>2075.17</ele>
      </trkpt>
      <trkpt lat="34.23852" lon="-116.68954">
        <ele>2076.05</ele>
      </trkpt>
      <trkpt lat="34.23857" lon="-116.68958">
        <ele>2077.67</ele>
      </trkpt>
      <trkpt lat="34.23861" lon="-116.68964">
        <ele>2078.96</ele>
      </trkpt>
      <trkpt lat="34.23866" lon="-116.68968">
        <ele>2080.06</ele>
      </trkpt>
      <trkpt lat="34.2387" lon="-116.68972">
        <ele>2080.92</ele>
      </trkpt>
      <trkpt lat="34.23874" lon="-116.68978">
        <ele>2081.78</ele>
      </trkpt>
      <trkpt lat="34.23878" lon="-116.68984">
        <ele>2082.65</ele>
      </trkpt>
      <trkpt lat="34.23883" lon="-116.68988">
        <ele>2083.62</ele>
      </trkpt>
      <trkpt lat="34.23887" lon="-116.68994">
        <ele>2084.87</ele>
      </trkpt>
      <trkpt lat="34.23891" lon="-116.68999">
        <ele>2086.35</ele>
      </trkpt>
      <trkpt lat="34.23895" lon="-116.69005">
        <ele>2087.32</ele>
      </trkpt>
      <trkpt lat="34.23899" lon="-116.69011">
        <ele>2087.92</ele>
      </trkpt>
      <trkpt lat="34.23902" lon="-116.69018">
        <ele>2087.86</ele>
      </trkpt>
      <trkpt lat="34.23905" lon="-116.69025">
        <ele>2087.78</ele>
      </trkpt>
      <trkpt lat="34.23908" lon="-116.69032">
        <ele>2088.1</ele>
      </trkpt>
      <trkpt lat="34.23911" lon="-116.69039">
        <ele>2088.26</ele>
      </trkpt>
      <trkpt lat="34.23915" lon="-116.69047">
        <ele>2088.56</ele>
      </trkpt>
      <trkpt lat="34.23919" lon="-116.69052">
        <ele>2088.64</ele>
      </trkpt>
      <trkpt lat="34.23922" lon="-116.69058">
        <ele>2088.2</ele>
      </trkpt>
      <trkpt lat="34.23927" lon="-116.69064">
        <ele>2088.2</ele>
      </trkpt>
      <trkpt lat="34.23931" lon="-116.69068">
        <ele>2088.2</ele>
      </trkpt>
      <trkpt lat="34.23937" lon="-116.69071">
        <ele>2088.72</ele>
      </trkpt>
      <trkpt lat="34.23941" lon="-116.69075">
        <ele>2089.16</ele>
      </trkpt>
      <trkpt lat="34.23947" lon="-116.69078">
        <ele>2090.25</ele>
      </trkpt>
      <trkpt lat="34.23952" lon="-116.69081">
        <ele>2091.49</ele>
      </trkpt>
      <trkpt lat="34.23957" lon="-116.69084">
        <ele>2092.71</ele>
      </trkpt>
      <trkpt lat="34.23961" lon="-116.6909">
        <ele>2093.58</ele>
      </trkpt>
      <trkpt lat="34.23964" lon="-116.69097">
        <ele>2094.22</ele>
      </trkpt>
      <trkpt lat="34.23965" lon="-116.69104">
        <ele>2094.67</ele>
      </trkpt>
      <trkpt lat="34.23966" lon="-116.69111">
        <ele>2095.64</ele>
      </trkpt>
      <trkpt lat="34.23967" lon="-116.69118">
        <ele>2095.87</ele>
      </trkpt>
      <trkpt lat="34.23971" lon="-116.69124">
        <ele>2096.74</ele>
      </trkpt>
      <trkpt lat="34.23977" lon="-116.69127">
        <ele>2098.03</ele>
      </trkpt>
      <trkpt lat="34.23982" lon="-116.6913">
        <ele>2099.11</ele>
      </trkpt>
      <trkpt lat="34.23987" lon="-116.69133">
        <ele>2099.98</ele>
      </trkpt>
      <trkpt lat="34.23993" lon="-116.69135">
        <ele>2100.81</ele>
      </trkpt>
      <trkpt lat="34.23999" lon="-116.69137">
        <ele>2101.81</ele>
      </trkpt>
      <trkpt lat="34.24004" lon="-116.6914">
        <ele>2102.74</ele>
      </trkpt>
      <trkpt lat="34.2401" lon="-116.69142">
        <ele>2103.82</ele>
      </trkpt>
      <trkpt lat="34.24014" lon="-116.69147">
        <ele>2104.15</ele>
      </trkpt>
      <trkpt lat="34.24016" lon="-116.69154">
        <ele>2104.46</ele>
      </trkpt>
      <trkpt lat="34.24015" lon="-116.69161">
        <ele>2104.24</ele>
      </trkpt>
      <trkpt lat="34.24016" lon="-116.69168">
        <ele>2104.46</ele>
      </trkpt>
      <trkpt lat="34.24016" lon="-116.69176">
        <ele>2104.46</ele>
      </trkpt>
      <trkpt lat="34.24017" lon="-116.69183">
        <ele>2104.67</ele>
      </trkpt>
      <trkpt lat="34.24017" lon="-116.6919">
        <ele>2104.67</ele>
      </trkpt>
      <trkpt lat="34.24018" lon="-116.69197">
        <ele>2104.89</ele>
      </trkpt>
      <trkpt lat="34.2402" lon="-116.69204">
        <ele>2105.13</ele>
      </trkpt>
      <trkpt lat="34.24024" lon="-116.69209">
        <ele>2105.36</ele>
      </trkpt>
      <trkpt lat="34.24028" lon="-116.69214">
        <ele>2105.94</ele>
      </trkpt>
      <trkpt lat="34.24032" lon="-116.6922">
        <ele>2106.15</ele>
      </trkpt>
      <trkpt lat="34.24036" lon="-116.69226">
        <ele>2106.37</ele>
      </trkpt>
      <trkpt lat="34.2404" lon="-116.69231">
        <ele>2106.68</ele>
      </trkpt>
      <trkpt lat="34.24044" lon="-116.69237">
        <ele>2107.5</ele>
      </trkpt>
      <trkpt lat="34.24048" lon="-116.69243">
        <ele>2108.37</ele>
      </trkpt>
      <trkpt lat="34.24053" lon="-116.69247">
        <ele>2109.45</ele>
      </trkpt>
      <trkpt lat="34.24058" lon="-116.6925">
        <ele>2110.26</ele>
      </trkpt>
      <trkpt lat="34.24063" lon="-116.69254">
        <ele>2110.72</ele>
      </trkpt>
      <trkpt lat="34.24068" lon="-116.69257">
        <ele>2111.43</ele>
      </trkpt>
      <trkpt lat="34.24074" lon="-116.69259">
        <ele>2112.02</ele>
      </trkpt>
      <trkpt lat="34.2408" lon="-116.69261">
        <ele>2112.45</ele>
      </trkpt>
      <trkpt lat="34.24085" lon="-116.69264">
        <ele>2112.67</ele>
      </trkpt>
      <trkpt lat="34.2409" lon="-116.69267">
        <ele>2112.88</ele>
      </trkpt>
      <trkpt lat="34.24095" lon="-116.6927">
        <ele>2113.36</ele>
      </trkpt>
      <trkpt lat="34.241" lon="-116.69276">
        <ele>2113.79</ele>
      </trkpt>
      <trkpt lat="34.24103" lon="-116.69283">
        <ele>2113.07</ele>
      </trkpt>
      <trkpt lat="34.24103" lon="-116.6929">
        <ele>2112.25</ele>
      </trkpt>
      <trkpt lat="34.24105" lon="-116.69297">
        <ele>2112.6</ele>
      </trkpt>
      <trkpt lat="34.24107" lon="-116.69304">
        <ele>2112.28</ele>
      </trkpt>
      <trkpt lat="34.24108" lon="-116.69311">
        <ele>2112.33</ele>
      </trkpt>
      <trkpt lat="34.24109" lon="-116.69319">
        <ele>2112.2</ele>
      </trkpt>
      <trkpt lat="34.24111" lon="-116.69326">
        <ele>2111.99</ele>
      </trkpt>
      <trkpt lat="34.24112" lon="-116.69333">
        <ele>2112.19</ele>
      </trkpt>
      <trkpt lat="34.24115" lon="-116.6934">
        <ele>2112.54</ele>
      </trkpt>
      <trkpt lat="34.2412" lon="-116.69344">
        <ele>2112.96</ele>
      </trkpt>
      <trkpt lat="34.24124" lon="-116.69349">
        <ele>2113.51</ele>
      </trkpt>
      <trkpt lat="34.24127" lon="-116.69354">
        <ele>2113.72</ele>
      </trkpt>
      <trkpt lat="34.24127" lon="-116.69362">
        <ele>2113.62</ele>
      </trkpt>
      <trkpt lat="34.24129" lon="-116.69369">
        <ele>2113.08</ele>
      </trkpt>
      <trkpt lat="34.24131" lon="-116.69376">
        <ele>2112.54</ele>
      </trkpt>
      <trkpt lat="34.24134" lon="-116.69383">
        <ele>2112.47</ele>
      </trkpt>
      <trkpt lat="34.24138" lon="-116.6939">
        <ele>2112.78</ele>
      </trkpt>
      <trkpt lat="34.24141" lon="-116.69397">
        <ele>2112.35</ele>
      </trkpt>
      <trkpt lat="34.24144" lon="-116.69404">
        <ele>2112.27</ele>
      </trkpt>
      <trkpt lat="34.24147" lon="-116.69412">
        <ele>2112.32</ele>
      </trkpt>
      <trkpt lat="34.24149" lon="-116.69419">
        <ele>2112.16</ele>
      </trkpt>
      <trkpt lat="34.24152" lon="-116.69426">
        <ele>2112.42</ele>
      </trkpt>
      <trkpt lat="34.24152" lon="-116.69433">
        <ele>2112.42</ele>
      </trkpt>
      <trkpt lat="34.24152" lon="-116.6944">
        <ele>2112.11</ele>
      </trkpt>
      <trkpt lat="34.24153" lon="-116.69447">
        <ele>2111.9</ele>
      </trkpt>
      <trkpt lat="34.24153" lon="-116.69454">
        <ele>2111.52</ele>
      </trkpt>
      <trkpt lat="34.24154" lon="-116.69462">
        <ele>2111.63</ele>
      </trkpt>
      <trkpt lat="34.24156" lon="-116.69469">
        <ele>2111.2</ele>
      </trkpt>
      <trkpt lat="34.24156" lon="-116.69476">
        <ele>2110.85</ele>
      </trkpt>
      <trkpt lat="34.24157" lon="-116.69483">
        <ele>2110.79</ele>
      </trkpt>
      <trkpt lat="34.24159" lon="-116.6949">
        <ele>2110.08</ele>
      </trkpt>
      <trkpt lat="34.24159" lon="-116.69497">
        <ele>2109.44</ele>
      </trkpt>
      <trkpt lat="34.2416" lon="-116.69504">
        <ele>2109.16</ele>
      </trkpt>
      <trkpt lat="34.24162" lon="-116.69511">
        <ele>2108.91</ele>
      </trkpt>
      <trkpt lat="34.24162" lon="-116.69519">
        <ele>2108.5</ele>
      </trkpt>
      <trkpt lat="34.24163" lon="-116.69526">
        <ele>2108.6</ele>
      </trkpt>
      <trkpt lat="34.24164" lon="-116.69533">
        <ele>2108.71</ele>
      </trkpt>
      <trkpt lat="34.24165" lon="-116.6954">
        <ele>2108.82</ele>
      </trkpt>
      <trkpt lat="34.24165" lon="-116.69547">
        <ele>2108.76</ele>
      </trkpt>
      <trkpt lat="34.24167" lon="-116.69554">
        <ele>2108.2</ele>
      </trkpt>
      <trkpt lat="34.24168" lon="-116.69561">
        <ele>2108.14</ele>
      </trkpt>
      <trkpt lat="34.24168" lon="-116.69569">
        <ele>2108.14</ele>
      </trkpt>
      <trkpt lat="34.2417" lon="-116.69576">
        <ele>2108.36</ele>
      </trkpt>
      <trkpt lat="34.24171" lon="-116.69583">
        <ele>2108.47</ele>
      </trkpt>
      <trkpt lat="34.2417" lon="-116.6959">
        <ele>2108.36</ele>
      </trkpt>
      <trkpt lat="34.24171" lon="-116.69597">
        <ele>2108.25</ele>
      </trkpt>
      <trkpt lat="34.2417" lon="-116.69604">
        <ele>2108.0</ele>
      </trkpt>
      <trkpt lat="34.24167" lon="-116.69611">
        <ele>2108.0</ele>
      </trkpt>
      <trkpt lat="34.24167" lon="-116.69619">
        <ele>2108.0</ele>
      </trkpt>
      <trkpt lat="34.24166" lon="-116.69626">
        <ele>2108.0</ele>
      </trkpt>
      <trkpt lat="34.24166" lon="-116.69627">
        <ele>2108.0</ele>
      </trkpt>
      <trkpt lat="34.24165" lon="-116.69633">
        <ele>2108.0</ele>
      </trkpt>
      <trkpt lat="34.24164" lon="-116.6964">
        <ele>2108.0</ele>
      </trkpt>
      <trkpt lat="34.24165" lon="-116.69647">
        <ele>2108.0</ele>
      </trkpt>
      <trkpt lat="34.24165" lon="-116.69654">
        <ele>2108.0</ele>
      </trkpt>
      <trkpt lat="34.24166" lon="-116.69661">
        <ele>2108.0</ele>
      </trkpt>
      <trkpt lat="34.24166" lon="-116.69668">
        <ele>2108.0</ele>
      </trkpt>
      <trkpt lat="34.24168" lon="-116.69676">
        <ele>2108.0</ele>
      </trkpt>
      <trkpt lat="34.2417" lon="-116.69683">
        <ele>2108.0</ele>
      </trkpt>
      <trkpt lat="34.24172" lon="-116.6969">
        <ele>2108.0</ele>
      </trkpt>
      <trkpt lat="34.24175" lon="-116.69697">
        <ele>2108.0</ele>
      </trkpt>
      <trkpt lat="34.24178" lon="-116.69704">
        <ele>2108.0</ele>
      </trkpt>
      <trkpt lat="34.24182" lon="-116.6971">
        <ele>2108.0</ele>
      </trkpt>
      <trkpt lat="34.24186" lon="-116.69716">
        <ele>2108.0</ele>
      </trkpt>
      <trkpt lat="34.2419" lon="-116.69721">
        <ele>2108.0</ele>
      </trkpt>
      <trkpt lat="34.24195" lon="-116.69726">
        <ele>2108.0</ele>
      </trkpt>
      <trkpt lat="34.24199" lon="-116.6973">
        <ele>2108.0</ele>
      </trkpt>
      <trkpt lat="34.24203" lon="-116.69736">
        <ele>2108.0</ele>
      </trkpt>
      <trkpt lat="34.24207" lon="-116.69741">
        <ele>2107.98</ele>
      </trkpt>
      <trkpt lat="34.24211" lon="-116.69747">
        <ele>2107.86</ele>
      </trkpt>
      <trkpt lat="34.24215" lon="-116.69754">
        <ele>2108.0</ele>
      </trkpt>
      <trkpt lat="34.24218" lon="-116.6976">
        <ele>2107.92</ele>
      </trkpt>
      <trkpt lat="34.24222" lon="-116.69766">
        <ele>2107.27</ele>
      </trkpt>
      <trkpt lat="34.24227" lon="-116.6977">
        <ele>2107.0</ele>
      </trkpt>
      <trkpt lat="34.24231" lon="-116.69776">
        <ele>2107.0</ele>
      </trkpt>
      <trkpt lat="34.24233" lon="-116.69783">
        <ele>2107.0</ele>
      </trkpt>
      <trkpt lat="34.24233" lon="-116.6979">
        <ele>2107.0</ele>
      </trkpt>
      <trkpt lat="34.24235" lon="-116.69797">
        <ele>2107.0</ele>
      </trkpt>
      <trkpt lat="34.24237" lon="-116.69804">
        <ele>2107.0</ele>
      </trkpt>
      <trkpt lat="34.2424" lon="-116.69812">
        <ele>2106.36</ele>
      </trkpt>
      <trkpt lat="34.24244" lon="-116.69817">
        <ele>2106.0</ele>
      </trkpt>
      <trkpt lat="34.24248" lon="-116.69823">
        <ele>2106.0</ele>
      </trkpt>
      <trkpt lat="34.24252" lon="-116.69829">
        <ele>2106.0</ele>
      </trkpt>
      <trkpt lat="34.24256" lon="-116.69834">
        <ele>2105.95</ele>
      </trkpt>
      <trkpt lat="34.2426" lon="-116.6984">
        <ele>2105.28</ele>
      </trkpt>
      <trkpt lat="34.24263" lon="-116.69847">
        <ele>2105.0</ele>
      </trkpt>
      <trkpt lat="34.24267" lon="-116.69853">
        <ele>2105.0</ele>
      </trkpt>
      <trkpt lat="34.24271" lon="-116.69859">
        <ele>2104.79</ele>
      </trkpt>
      <trkpt lat="34.24275" lon="-116.69864">
        <ele>2104.3</ele>
      </trkpt>
      <trkpt lat="34.24279" lon="-116.6987">
        <ele>2104.0</ele>
      </trkpt>
      <trkpt lat="34.24284" lon="-116.69875">
        <ele>2104.0</ele>
      </trkpt>
      <trkpt lat="34.24288" lon="-116.6988">
        <ele>2103.86</ele>
      </trkpt>
      <trkpt lat="34.24292" lon="-116.69886">
        <ele>2102.78</ele>
      </trkpt>
      <trkpt lat="34.24296" lon="-116.6989">
        <ele>2102.03</ele>
      </trkpt>
      <trkpt lat="34.24301" lon="-116.69895">
        <ele>2101.66</ele>
      </trkpt>
      <trkpt lat="34.24305" lon="-116.699">
        <ele>2100.86</ele>
      </trkpt>
      <trkpt lat="34.24309" lon="-116.69905">
        <ele>2100.26</ele>
      </trkpt>
      <trkpt lat="34.24314" lon="-116.69909">
        <ele>2099.83</ele>
      </trkpt>
      <trkpt lat="34.24319" lon="-116.69913">
        <ele>2099.4</ele>
      </trkpt>
      <trkpt lat="34.24324" lon="-116.69917">
        <ele>2098.96</ele>
      </trkpt>
      <trkpt lat="34.2433" lon="-116.69918">
        <ele>2099.5</ele>
      </trkpt>
      <trkpt lat="34.24336" lon="-116.6992">
        <ele>2099.46</ele>
      </trkpt>
      <trkpt lat="34.24337" lon="-116.69921">
        <ele>2099.32</ele>
      </trkpt>
      <trkpt lat="34.24369" lon="-116.69932">
        <ele>2097.05</ele>
      </trkpt>
      <trkpt lat="34.24371" lon="-116.69933">
        <ele>2097.0</ele>
      </trkpt>
      <trkpt lat="34.2439" lon="-116.69949">
        <ele>2096.0</ele>
      </trkpt>
      <trkpt lat="34.24392" lon="-116.69951">
        <ele>2096.0</ele>
      </trkpt>
      <trkpt lat="34.24401" lon="-116.69965">
        <ele>2095.24</ele>
      </trkpt>
      <trkpt lat="34.24401" lon="-116.69965">
        <ele>2095.24</ele>
      </trkpt>
      <trkpt lat="34.2442" lon="-116.70001">
        <ele>2094.32</ele>
      </trkpt>
      <trkpt lat="34.24421" lon="-116.70003">
        <ele>2094.32</ele>
      </trkpt>
      <trkpt lat="34.24431" lon="-116.70025">
        <ele>2094.0</ele>
      </trkpt>
      <trkpt lat="34.24431" lon="-116.70025">
        <ele>2094.0</ele>
      </trkpt>
      <trkpt lat="34.24431" lon="-116.70025">
        <ele>2094.0</ele>
      </trkpt>
      <trkpt lat="34.24432" lon="-116.70026">
        <ele>2094.0</ele>
      </trkpt>
      <trkpt lat="34.24436" lon="-116.70034">
        <ele>2094.0</ele>
      </trkpt>
      <trkpt lat="34.24439" lon="-116.70039">
        <ele>2093.88</ele>
      </trkpt>
      <trkpt lat="34.24443" lon="-116.70045">
        <ele>2093.87</ele>
      </trkpt>
      <trkpt lat="34.24447" lon="-116.70051">
        <ele>2093.49</ele>
      </trkpt>
      <trkpt lat="34.24451" lon="-116.70057">
        <ele>2093.0</ele>
      </trkpt>
      <trkpt lat="34.24455" lon="-116.70062">
        <ele>2093.0</ele>
      </trkpt>
      <trkpt lat="34.24459" lon="-116.70068">
        <ele>2093.0</ele>
      </trkpt>
      <trkpt lat="34.24463" lon="-116.70074">
        <ele>2093.0</ele>
      </trkpt>
      <trkpt lat="34.24467" lon="-116.70079">
        <ele>2092.47</ele>
      </trkpt>
      <trkpt lat="34.24471" lon="-116.70085">
        <ele>2092.0</ele>
      </trkpt>
      <trkpt lat="34.24475" lon="-116.70091">
        <ele>2092.0</ele>
      </trkpt>
      <trkpt lat="34.24478" lon="-116.70098">
        <ele>2091.42</ele>
      </trkpt>
      <trkpt lat="34.24482" lon="-116.70104">
        <ele>2090.99</ele>
      </trkpt>
      <trkpt lat="34.24486" lon="-116.70109">
        <ele>2090.62</ele>
      </trkpt>
      <trkpt lat="34.2449" lon="-116.70115">
        <ele>2089.66</ele>
      </trkpt>
      <trkpt lat="34.24494" lon="-116.70121">
        <ele>2088.98</ele>
      </trkpt>
      <trkpt lat="34.24498" lon="-116.70127">
        <ele>2088.44</ele>
      </trkpt>
      <trkpt lat="34.24502" lon="-116.70132">
        <ele>2088.0</ele>
      </trkpt>
      <trkpt lat="34.24506" lon="-116.70138">
        <ele>2088.0</ele>
      </trkpt>
      <trkpt lat="34.2451" lon="-116.70144">
        <ele>2087.49</ele>
      </trkpt>
      <trkpt lat="34.24514" lon="-116.70149">
        <ele>2087.46</ele>
      </trkpt>
      <trkpt lat="34.24517" lon="-116.70154">
        <ele>2087.31</ele>
      </trkpt>
      <trkpt lat="34.24518" lon="-116.70155">
        <ele>2087.25</ele>
      </trkpt>
      <trkpt lat="34.24521" lon="-116.70162">
        <ele>2086.5</ele>
      </trkpt>
      <trkpt lat="34.24525" lon="-116.70168">
        <ele>2086.0</ele>
      </trkpt>
      <trkpt lat="34.24528" lon="-116.70175">
        <ele>2086.0</ele>
      </trkpt>
      <trkpt lat="34.24533" lon="-116.70178">
        <ele>2085.78</ele>
      </trkpt>
      <trkpt lat="34.24538" lon="-116.70182">
        <ele>2085.34</ele>
      </trkpt>
      <trkpt lat="34.24543" lon="-116.70187">
        <ele>2084.87</ele>
      </trkpt>
      <trkpt lat="34.24547" lon="-116.70191">
        <ele>2084.37</ele>
      </trkpt>
      <trkpt lat="34.24552" lon="-116.70195">
        <ele>2084.0</ele>
      </trkpt>
      <trkpt lat="34.24556" lon="-116.70201">
        <ele>2084.01</ele>
      </trkpt>
      <trkpt lat="34.2456" lon="-116.70205">
        <ele>2084.0</ele>
      </trkpt>
      <trkpt lat="34.24565" lon="-116.7021">
        <ele>2084.0</ele>
      </trkpt>
      <trkpt lat="34.24569" lon="-116.70215">
        <ele>2083.78</ele>
      </trkpt>
      <trkpt lat="34.24573" lon="-116.70221">
        <ele>2083.13</ele>
      </trkpt>
      <trkpt lat="34.24578" lon="-116.70225">
        <ele>2082.7</ele>
      </trkpt>
      <trkpt lat="34.24582" lon="-116.70231">
        <ele>2082.05</ele>
      </trkpt>
      <trkpt lat="34.24586" lon="-116.70237">
        <ele>2081.83</ele>
      </trkpt>
      <trkpt lat="34.2459" lon="-116.70241">
        <ele>2081.27</ele>
      </trkpt>
      <trkpt lat="34.24595" lon="-116.70246">
        <ele>2081.0</ele>
      </trkpt>
      <trkpt lat="34.24599" lon="-116.70251">
        <ele>2080.89</ele>
      </trkpt>
      <trkpt lat="34.24603" lon="-116.70257">
        <ele>2080.21</ele>
      </trkpt>
      <trkpt lat="34.24607" lon="-116.70261">
        <ele>2079.81</ele>
      </trkpt>
      <trkpt lat="34.24611" lon="-116.70267">
        <ele>2079.16</ele>
      </trkpt>
      <trkpt lat="34.24615" lon="-116.70273">
        <ele>2078.52</ele>
      </trkpt>
      <trkpt lat="34.24619" lon="-116.70278">
        <ele>2078.0</ele>
      </trkpt>
      <trkpt lat="34.24624" lon="-116.70283">
        <ele>2077.78</ele>
      </trkpt>
      <trkpt lat="34.24628" lon="-116.70288">
        <ele>2077.16</ele>
      </trkpt>
      <trkpt lat="34.24632" lon="-116.70294">
        <ele>2076.81</ele>
      </trkpt>
      <trkpt lat="34.24636" lon="-116.70298">
        <ele>2076.25</ele>
      </trkpt>
      <trkpt lat="34.24641" lon="-116.70303">
        <ele>2075.83</ele>
      </trkpt>
      <trkpt lat="34.24645" lon="-116.70309">
        <ele>2075.21</ele>
      </trkpt>
      <trkpt lat="34.2465" lon="-116.70313">
        <ele>2074.84</ele>
      </trkpt>
      <trkpt lat="34.24654" lon="-116.70317">
        <ele>2074.28</ele>
      </trkpt>
      <trkpt lat="34.24658" lon="-116.70323">
        <ele>2073.94</ele>
      </trkpt>
      <trkpt lat="34.24663" lon="-116.70327">
        <ele>2073.4</ele>
      </trkpt>
      <trkpt lat="34.24668" lon="-116.70331">
        <ele>2073.0</ele>
      </trkpt>
      <trkpt lat="34.24672" lon="-116.70337">
        <ele>2073.0</ele>
      </trkpt>
      <trkpt lat="34.24676" lon="-116.70341">
        <ele>2073.0</ele>
      </trkpt>
      <trkpt lat="34.24681" lon="-116.70346">
        <ele>2073.0</ele>
      </trkpt>
      <trkpt lat="34.24685" lon="-116.70352">
        <ele>2073.0</ele>
      </trkpt>
      <trkpt lat="34.24689" lon="-116.70356">
        <ele>2072.82</ele>
      </trkpt>
      <trkpt lat="34.24694" lon="-116.7036">
        <ele>2072.16</ele>
      </trkpt>
      <trkpt lat="34.24698" lon="-116.70366">
        <ele>2072.0</ele>
      </trkpt>
      <trkpt lat="34.24703" lon="-116.7037">
        <ele>2072.0</ele>
      </trkpt>
      <trkpt lat="34.24707" lon="-116.70374">
        <ele>2072.0</ele>
      </trkpt>
      <trkpt lat="34.24711" lon="-116.7038">
        <ele>2072.0</ele>
      </trkpt>
      <trkpt lat="34.24716" lon="-116.70384">
        <ele>2072.0</ele>
      </trkpt>
      <trkpt lat="34.24721" lon="-116.70389">
        <ele>2071.99</ele>
      </trkpt>
      <trkpt lat="34.24725" lon="-116.70395">
        <ele>2071.34</ele>
      </trkpt>
      <trkpt lat="34.24728" lon="-116.704">
        <ele>2071.0</ele>
      </trkpt>
      <trkpt lat="34.24733" lon="-116.70405">
        <ele>2071.0</ele>
      </trkpt>
      <trkpt lat="34.24737" lon="-116.70411">
        <ele>2071.0</ele>
      </trkpt>
      <trkpt lat="34.24742" lon="-116.70415">
        <ele>2071.0</ele>
      </trkpt>
      <trkpt lat="34.24746" lon="-116.70419">
        <ele>2070.75</ele>
      </trkpt>
      <trkpt lat="34.24752" lon="-116.70422">
        <ele>2070.33</ele>
      </trkpt>
      <trkpt lat="34.24757" lon="-116.70425">
        <ele>2070.02</ele>
      </trkpt>
      <trkpt lat="34.24762" lon="-116.70428">
        <ele>2070.0</ele>
      </trkpt>
      <trkpt lat="34.24768" lon="-116.7043">
        <ele>2070.0</ele>
      </trkpt>
      <trkpt lat="34.24774" lon="-116.70432">
        <ele>2070.0</ele>
      </trkpt>
      <trkpt lat="34.24779" lon="-116.70435">
        <ele>2070.0</ele>
      </trkpt>
      <trkpt lat="34.24785" lon="-116.70438">
        <ele>2069.7</ele>
      </trkpt>
      <trkpt lat="34.24791" lon="-116.70439">
        <ele>2069.59</ele>
      </trkpt>
      <trkpt lat="34.24797" lon="-116.70441">
        <ele>2069.37</ele>
      </trkpt>
      <trkpt lat="34.24803" lon="-116.70442">
        <ele>2069.26</ele>
      </trkpt>
      <trkpt lat="34.2481" lon="-116.70442">
        <ele>2069.26</ele>
      </trkpt>
      <trkpt lat="34.24816" lon="-116.70443">
        <ele>2069.14</ele>
      </trkpt>
      <trkpt lat="34.24822" lon="-116.70445">
        <ele>2069.0</ele>
      </trkpt>
      <trkpt lat="34.24828" lon="-116.70446">
        <ele>2069.0</ele>
      </trkpt>
      <trkpt lat="34.24834" lon="-116.70448">
        <ele>2068.97</ele>
      </trkpt>
      <trkpt lat="34.24834" lon="-116.70448">
        <ele>2068.97</ele>
      </trkpt>
      <trkpt lat="34.24839" lon="-116.70451">
        <ele>2068.57</ele>
      </trkpt>
      <trkpt lat="34.24845" lon="-116.70452">
        <ele>2068.18</ele>
      </trkpt>
      <trkpt lat="34.24851" lon="-116.70454">
        <ele>2068.0</ele>
      </trkpt>
      <trkpt lat="34.24857" lon="-116.70457">
        <ele>2068.0</ele>
      </trkpt>
      <trkpt lat="34.24862" lon="-116.70459">
        <ele>2068.0</ele>
      </trkpt>
      <trkpt lat="34.24867" lon="-116.70462">
        <ele>2068.0</ele>
      </trkpt>
      <trkpt lat="34.24873" lon="-116.70465">
        <ele>2067.78</ele>
      </trkpt>
      <trkpt lat="34.24878" lon="-116.70468">
        <ele>2067.46</ele>
      </trkpt>
      <trkpt lat="34.24883" lon="-116.70471">
        <ele>2067.08</ele>
      </trkpt>
      <trkpt lat="34.24889" lon="-116.70474">
        <ele>2067.0</ele>
      </trkpt>
      <trkpt lat="34.24894" lon="-116.70477">
        <ele>2067.0</ele>
      </trkpt>
      <trkpt lat="34.249" lon="-116.7048">
        <ele>2066.83</ele>
      </trkpt>
      <trkpt lat="34.24905" lon="-116.70482">
        <ele>2066.25</ele>
      </trkpt>
      <trkpt lat="34.2491" lon="-116.70485">
        <ele>2066.0</ele>
      </trkpt>
      <trkpt lat="34.24916" lon="-116.70488">
        <ele>2066.0</ele>
      </trkpt>
      <trkpt lat="34.24922" lon="-116.7049">
        <ele>2066.0</ele>
      </trkpt>
      <trkpt lat="34.24927" lon="-116.70493">
        <ele>2065.67</ele>
      </trkpt>
      <trkpt lat="34.24932" lon="-116.70495">
        <ele>2065.19</ele>
      </trkpt>
      <trkpt lat="34.24938" lon="-116.70498">
        <ele>2065.0</ele>
      </trkpt>
      <trkpt lat="34.24943" lon="-116.70501">
        <ele>2064.91</ele>
      </trkpt>
      <trkpt lat="34.24948" lon="-116.70504">
        <ele>2064.57</ele>
      </trkpt>
      <trkpt lat="34.24954" lon="-116.70507">
        <ele>2064.24</ele>
      </trkpt>
      <trkpt lat="34.24959" lon="-116.7051">
        <ele>2063.95</ele>
      </trkpt>
      <trkpt lat="34.24965" lon="-116.70513">
        <ele>2063.6</ele>
      </trkpt>
      <trkpt lat="34.2497" lon="-116.70516">
        <ele>2063.27</ele>
      </trkpt>
      <trkpt lat="34.24975" lon="-116.70518">
        <ele>2063.06</ele>
      </trkpt>
      <trkpt lat="34.24981" lon="-116.70521">
        <ele>2062.73</ele>
      </trkpt>
      <trkpt lat="34.24986" lon="-116.70524">
        <ele>2062.41</ele>
      </trkpt>
      <trkpt lat="34.24992" lon="-116.70526">
        <ele>2062.19</ele>
      </trkpt>
      <trkpt lat="34.24997" lon="-116.70529">
        <ele>2062.0</ele>
      </trkpt>
      <trkpt lat="34.25003" lon="-116.70531">
        <ele>2062.0</ele>
      </trkpt>
      <trkpt lat="34.25009" lon="-116.70533">
        <ele>2062.0</ele>
      </trkpt>
      <trkpt lat="34.25015" lon="-116.70534">
        <ele>2061.58</ele>
      </trkpt>
      <trkpt lat="34.25021" lon="-116.70536">
        <ele>2061.35</ele>
      </trkpt>
      <trkpt lat="34.25027" lon="-116.70536">
        <ele>2061.93</ele>
      </trkpt>
      <trkpt lat="34.25057" lon="-116.70539">
        <ele>2062.12</ele>
      </trkpt>
      <trkpt lat="34.25059" lon="-116.70539">
        <ele>2062.29</ele>
      </trkpt>
      <trkpt lat="34.25079" lon="-116.7054">
        <ele>2062.68</ele>
      </trkpt>
      <trkpt lat="34.25079" lon="-116.7054">
        <ele>2062.68</ele>
      </trkpt>
      <trkpt lat="34.2508" lon="-116.7054">
        <ele>2062.68</ele>
      </trkpt>
      <trkpt lat="34.25086" lon="-116.70542">
        <ele>2062.33</ele>
      </trkpt>
      <trkpt lat="34.25092" lon="-116.70543">
        <ele>2062.02</ele>
      </trkpt>
      <trkpt lat="34.25099" lon="-116.70543">
        <ele>2062.0</ele>
      </trkpt>
      <trkpt lat="34.25105" lon="-116.70545">
        <ele>2061.66</ele>
      </trkpt>
      <trkpt lat="34.25111" lon="-116.70545">
        <ele>2061.01</ele>
      </trkpt>
      <trkpt lat="34.25116" lon="-116.70549">
        <ele>2061.0</ele>
      </trkpt>
      <trkpt lat="34.25122" lon="-116.70552">
        <ele>2061.0</ele>
      </trkpt>
      <trkpt lat="34.25126" lon="-116.70556">
        <ele>2061.0</ele>
      </trkpt>
      <trkpt lat="34.25132" lon="-116.70559">
        <ele>2061.0</ele>
      </trkpt>
      <trkpt lat="34.25136" lon="-116.70563">
        <ele>2061.0</ele>
      </trkpt>
      <trkpt lat="34.25141" lon="-116.70568">
        <ele>2060.73</ele>
      </trkpt>
      <trkpt lat="34.25146" lon="-116.70572">
        <ele>2060.82</ele>
      </trkpt>
      <trkpt lat="34.2515" lon="-116.70576">
        <ele>2060.79</ele>
      </trkpt>
      <trkpt lat="34.25154" lon="-116.70582">
        <ele>2060.14</ele>
      </trkpt>
      <trkpt lat="34.25159" lon="-116.70586">
        <ele>2060.0</ele>
      </trkpt>
      <trkpt lat="34.25163" lon="-116.70591">
        <ele>2060.0</ele>
      </trkpt>
      <trkpt lat="34.25167" lon="-116.70596">
        <ele>2060.0</ele>
      </trkpt>
      <trkpt lat="34.25172" lon="-116.70601">
        <ele>2060.0</ele>
      </trkpt>
      <trkpt lat="34.25177" lon="-116.70605">
        <ele>2060.0</ele>
      </trkpt>
      <trkpt lat="34.25181" lon="-116.70611">
        <ele>2060.0</ele>
      </trkpt>
      <trkpt lat="34.25185" lon="-116.70616">
        <ele>2059.99</ele>
      </trkpt>
      <trkpt lat="34.25189" lon="-116.70621">
        <ele>2059.96</ele>
      </trkpt>
      <trkpt lat="34.25193" lon="-116.70626">
        <ele>2059.91</ele>
      </trkpt>
      <trkpt lat="34.25197" lon="-116.70632">
        <ele>2059.81</ele>
      </trkpt>
      <trkpt lat="34.25199" lon="-116.70635">
        <ele>2059.71</ele>
      </trkpt>
      <trkpt lat="34.25201" lon="-116.70638">
        <ele>2059.74</ele>
      </trkpt>
      <trkpt lat="34.25205" lon="-116.70644">
        <ele>2059.53</ele>
      </trkpt>
      <trkpt lat="34.25209" lon="-116.70649">
        <ele>2059.57</ele>
      </trkpt>
      <trkpt lat="34.25213" lon="-116.70655">
        <ele>2060.0</ele>
      </trkpt>
      <trkpt lat="34.25217" lon="-116.70661">
        <ele>2060.0</ele>
      </trkpt>
      <trkpt lat="34.25221" lon="-116.70667">
        <ele>2060.0</ele>
      </trkpt>
      <trkpt lat="34.25225" lon="-116.70672">
        <ele>2060.0</ele>
      </trkpt>
      <trkpt lat="34.25227" lon="-116.70679">
        <ele>2060.0</ele>
      </trkpt>
      <trkpt lat="34.25228" lon="-116.70687">
        <ele>2059.93</ele>
      </trkpt>
      <trkpt lat="34.2523" lon="-116.70694">
        <ele>2059.85</ele>
      </trkpt>
      <trkpt lat="34.25232" lon="-116.70701">
        <ele>2059.33</ele>
      </trkpt>
      <trkpt lat="34.25234" lon="-116.70708">
        <ele>2059.27</ele>
      </trkpt>
      <trkpt lat="34.25237" lon="-116.70715">
        <ele>2059.46</ele>
      </trkpt>
      <trkpt lat="34.25241" lon="-116.70722">
        <ele>2059.05</ele>
      </trkpt>
      <trkpt lat="34.25244" lon="-116.70729">
        <ele>2059.09</ele>
      </trkpt>
      <trkpt lat="34.25247" lon="-116.70737">
        <ele>2059.0</ele>
      </trkpt>
      <trkpt lat="34.2525" lon="-116.70744">
        <ele>2059.0</ele>
      </trkpt>
      <trkpt lat="34.25254" lon="-116.70749">
        <ele>2059.05</ele>
      </trkpt>
      <trkpt lat="34.25258" lon="-116.70755">
        <ele>2059.0</ele>
      </trkpt>
      <trkpt lat="34.25262" lon="-116.70761">
        <ele>2059.0</ele>
      </trkpt>
      <trkpt lat="34.25266" lon="-116.70767">
        <ele>2059.0</ele>
      </trkpt>
      <trkpt lat="34.25271" lon="-116.70771">
        <ele>2059.0</ele>
      </trkpt>
      <trkpt lat="34.25275" lon="-116.70777">
        <ele>2059.0</ele>
      </trkpt>
      <trkpt lat="34.25279" lon="-116.70782">
        <ele>2059.0</ele>
      </trkpt>
      <trkpt lat="34.25283" lon="-116.70787">
        <ele>2059.0</ele>
      </trkpt>
      <trkpt lat="34.25288" lon="-116.70791">
        <ele>2059.0</ele>
      </trkpt>
      <trkpt lat="34.25292" lon="-116.70797">
        <ele>2059.0</ele>
      </trkpt>
      <trkpt lat="34.25296" lon="-116.70802">
        <ele>2059.0</ele>
      </trkpt>
      <trkpt lat="34.253" lon="-116.70807">
        <ele>2059.0</ele>
      </trkpt>
      <trkpt lat="34.25304" lon="-116.70812">
        <ele>2059.0</ele>
      </trkpt>
      <trkpt lat="34.25308" lon="-116.70818">
        <ele>2059.0</ele>
      </trkpt>
      <trkpt lat="34.25312" lon="-116.70824">
        <ele>2059.0</ele>
      </trkpt>
      <trkpt lat="34.25317" lon="-116.70828">
        <ele>2059.0</ele>
      </trkpt>
      <trkpt lat="34.25321" lon="-116.70834">
        <ele>2058.98</ele>
      </trkpt>
      <trkpt lat="34.25325" lon="-116.7084">
        <ele>2059.0</ele>
      </trkpt>
      <trkpt lat="34.25329" lon="-116.70845">
        <ele>2058.88</ele>
      </trkpt>
      <trkpt lat="34.25333" lon="-116.70851">
        <ele>2058.97</ele>
      </trkpt>
      <trkpt lat="34.25336" lon="-116.70858">
        <ele>2059.0</ele>
      </trkpt>
      <trkpt lat="34.25339" lon="-116.70865">
        <ele>2058.84</ele>
      </trkpt>
      <trkpt lat="34.25342" lon="-116.70873">
        <ele>2058.67</ele>
      </trkpt>
      <trkpt lat="34.25346" lon="-116.7088">
        <ele>2058.35</ele>
      </trkpt>
      <trkpt lat="34.25349" lon="-116.70887">
        <ele>2058.14</ele>
      </trkpt>
      <trkpt lat="34.25352" lon="-116.70894">
        <ele>2058.02</ele>
      </trkpt>
      <trkpt lat="34.25356" lon="-116.709">
        <ele>2058.36</ele>
      </trkpt>
      <trkpt lat="34.2536" lon="-116.70905">
        <ele>2058.23</ele>
      </trkpt>
      <trkpt lat="34.25364" lon="-116.70911">
        <ele>2058.31</ele>
      </trkpt>
      <trkpt lat="34.25368" lon="-116.70917">
        <ele>2058.72</ele>
      </trkpt>
      <trkpt lat="34.25372" lon="-116.70923">
        <ele>2058.44</ele>
      </trkpt>
      <trkpt lat="34.25375" lon="-116.7093">
        <ele>2058.5</ele>
      </trkpt>
      <trkpt lat="34.25378" lon="-116.70937">
        <ele>2058.66</ele>
      </trkpt>
      <trkpt lat="34.25381" lon="-116.70944">
        <ele>2058.19</ele>
      </trkpt>
      <trkpt lat="34.25385" lon="-116.70951">
        <ele>2058.17</ele>
      </trkpt>
      <trkpt lat="34.25388" lon="-116.70957">
        <ele>2058.0</ele>
      </trkpt>
      <trkpt lat="34.25393" lon="-116.70963">
        <ele>2058.44</ele>
      </trkpt>
      <trkpt lat="34.25396" lon="-116.70968">
        <ele>2058.35</ele>
      </trkpt>
      <trkpt lat="34.254" lon="-116.70974">
        <ele>2058.16</ele>
      </trkpt>
      <trkpt lat="34.25404" lon="-116.7098">
        <ele>2058.1</ele>
      </trkpt>
      <trkpt lat="34.25408" lon="-116.70986">
        <ele>2058.03</ele>
      </trkpt>
      <trkpt lat="34.25412" lon="-116.70991">
        <ele>2058.0</ele>
      </trkpt>
      <trkpt lat="34.25414" lon="-116.70994">
        <ele>2058.0</ele>
      </trkpt>
      <trkpt lat="34.25416" lon="-116.70997">
        <ele>2058.0</ele>
      </trkpt>
      <trkpt lat="34.25421" lon="-116.71001">
        <ele>2058.0</ele>
      </trkpt>
      <trkpt lat="34.25425" lon="-116.71006">
        <ele>2058.0</ele>
      </trkpt>
      <trkpt lat="34.25429" lon="-116.71011">
        <ele>2058.0</ele>
      </trkpt>
      <trkpt lat="34.25434" lon="-116.71016">
        <ele>2058.0</ele>
      </trkpt>
      <trkpt lat="34.25439" lon="-116.7102">
        <ele>2058.0</ele>
      </trkpt>
      <trkpt lat="34.25443" lon="-116.71026">
        <ele>2058.0</ele>
      </trkpt>
      <trkpt lat="34.25447" lon="-116.71032">
        <ele>2058.0</ele>
      </trkpt>
      <trkpt lat="34.25451" lon="-116.71036">
        <ele>2058.0</ele>
      </trkpt>
      <trkpt lat="34.25455" lon="-116.71042">
        <ele>2058.0</ele>
      </trkpt>
      <trkpt lat="34.25459" lon="-116.71047">
        <ele>2058.0</ele>
      </trkpt>
      <trkpt lat="34.25464" lon="-116.71052">
        <ele>2058.0</ele>
      </trkpt>
      <trkpt lat="34.25468" lon="-116.71056">
        <ele>2058.0</ele>
      </trkpt>
      <trkpt lat="34.25473" lon="-116.7106">
        <ele>2058.0</ele>
      </trkpt>
      <trkpt lat="34.25478" lon="-116.71064">
        <ele>2058.0</ele>
      </trkpt>
      <trkpt lat="34.25482" lon="-116.71069">
        <ele>2058.0</ele>
      </trkpt>
      <trkpt lat="34.25487" lon="-116.71073">
        <ele>2058.0</ele>
      </trkpt>
      <trkpt lat="34.25492" lon="-116.71077">
        <ele>2058.09</ele>
      </trkpt>
      <trkpt lat="34.25496" lon="-116.71083">
        <ele>2058.02</ele>
      </trkpt>
      <trkpt lat="34.25498" lon="-116.71087">
        <ele>2058.0</ele>
      </trkpt>
      <trkpt lat="34.25513" lon="-116.71108">
        <ele>2058.14</ele>
      </trkpt>
      <trkpt lat="34.25513" lon="-116.71109">
        <ele>2058.09</ele>
      </trkpt>
      <trkpt lat="34.25523" lon="-116.71135">
        <ele>2058.0</ele>
      </trkpt>
      <trkpt lat="34.25523" lon="-116.71136">
        <ele>2058.0</ele>
      </trkpt>
      <trkpt lat="34.25524" lon="-116.71137">
        <ele>2058.0</ele>
      </trkpt>
      <trkpt lat="34.25526" lon="-116.71145">
        <ele>2058.0</ele>
      </trkpt>
      <trkpt lat="34.25529" lon="-116.71152">
        <ele>2058.0</ele>
      </trkpt>
      <trkpt lat="34.25531" lon="-116.71159">
        <ele>2058.0</ele>
      </trkpt>
      <trkpt lat="34.25533" lon="-116.71166">
        <ele>2058.0</ele>
      </trkpt>
      <trkpt lat="34.25535" lon="-116.71173">
        <ele>2058.0</ele>
      </trkpt>
      <trkpt lat="34.25537" lon="-116.7118">
        <ele>2058.0</ele>
      </trkpt>
      <trkpt lat="34.25539" lon="-116.71187">
        <ele>2058.0</ele>
      </trkpt>
      <trkpt lat="34.25542" lon="-116.71195">
        <ele>2058.0</ele>
      </trkpt>
      <trkpt lat="34.25545" lon="-116.71202">
        <ele>2058.0</ele>
      </trkpt>
      <trkpt lat="34.25547" lon="-116.71209">
        <ele>2058.0</ele>
      </trkpt>
      <trkpt lat="34.25549" lon="-116.71216">
        <ele>2058.0</ele>
      </trkpt>
      <trkpt lat="34.25551" lon="-116.71223">
        <ele>2058.0</ele>
      </trkpt>
      <trkpt lat="34.25553" lon="-116.7123">
        <ele>2058.0</ele>
      </trkpt>
      <trkpt lat="34.25555" lon="-116.71237">
        <ele>2058.0</ele>
      </trkpt>
      <trkpt lat="34.25558" lon="-116.71245">
        <ele>2058.0</ele>
      </trkpt>
      <trkpt lat="34.2556" lon="-116.71252">
        <ele>2058.0</ele>
      </trkpt>
      <trkpt lat="34.25563" lon="-116.71259">
        <ele>2058.0</ele>
      </trkpt>
      <trkpt lat="34.25562" lon="-116.71266">
        <ele>2058.0</ele>
      </trkpt>
      <trkpt lat="34.25563" lon="-116.71273">
        <ele>2058.0</ele>
      </trkpt>
      <trkpt lat="34.25562" lon="-116.7128">
        <ele>2058.0</ele>
      </trkpt>
      <trkpt lat="34.25562" lon="-116.71287">
        <ele>2058.0</ele>
      </trkpt>
      <trkpt lat="34.25561" lon="-116.71295">
        <ele>2058.0</ele>
      </trkpt>
      <trkpt lat="34.25561" lon="-116.71302">
        <ele>2058.0</ele>
      </trkpt>
      <trkpt lat="34.2556" lon="-116.71309">
        <ele>2058.0</ele>
      </trkpt>
      <trkpt lat="34.25559" lon="-116.71316">
        <ele>2058.0</ele>
      </trkpt>
      <trkpt lat="34.25558" lon="-116.71323">
        <ele>2058.0</ele>
      </trkpt>
      <trkpt lat="34.25557" lon="-116.7133">
        <ele>2058.0</ele>
      </trkpt>
      <trkpt lat="34.25556" lon="-116.71337">
        <ele>2058.0</ele>
      </trkpt>
      <trkpt lat="34.25556" lon="-116.71342">
        <ele>2058.0</ele>
      </trkpt>
      <trkpt lat="34.25556" lon="-116.71345">
        <ele>2058.0</ele>
      </trkpt>
      <trkpt lat="34.25555" lon="-116.71352">
        <ele>2058.0</ele>
      </trkpt>
      <trkpt lat="34.25554" lon="-116.71359">
        <ele>2058.0</ele>
      </trkpt>
      <trkpt lat="34.25553" lon="-116.71366">
        <ele>2057.85</ele>
      </trkpt>
      <trkpt lat="34.25554" lon="-116.71373">
        <ele>2057.83</ele>
      </trkpt>
      <trkpt lat="34.25554" lon="-116.7138">
        <ele>2057.83</ele>
      </trkpt>
      <trkpt lat="34.25555" lon="-116.71387">
        <ele>2057.94</ele>
      </trkpt>
      <trkpt lat="34.25555" lon="-116.71394">
        <ele>2057.94</ele>
      </trkpt>
      <trkpt lat="34.25556" lon="-116.71402">
        <ele>2058.0</ele>
      </trkpt>
      <trkpt lat="34.25556" lon="-116.71409">
        <ele>2058.0</ele>
      </trkpt>
      <trkpt lat="34.25557" lon="-116.71416">
        <ele>2058.0</ele>
      </trkpt>
      <trkpt lat="34.25557" lon="-116.71423">
        <ele>2057.42</ele>
      </trkpt>
      <trkpt lat="34.25558" lon="-116.7143">
        <ele>2057.26</ele>
      </trkpt>
      <trkpt lat="34.2556" lon="-116.71437">
        <ele>2057.48</ele>
      </trkpt>
      <trkpt lat="34.25562" lon="-116.71444">
        <ele>2057.7</ele>
      </trkpt>
      <trkpt lat="34.25562" lon="-116.71452">
        <ele>2057.7</ele>
      </trkpt>
      <trkpt lat="34.25564" lon="-116.71459">
        <ele>2057.91</ele>
      </trkpt>
      <trkpt lat="34.25566" lon="-116.71466">
        <ele>2058.0</ele>
      </trkpt>
      <trkpt lat="34.25568" lon="-116.71473">
        <ele>2058.0</ele>
      </trkpt>
      <trkpt lat="34.2557" lon="-116.7148">
        <ele>2058.0</ele>
      </trkpt>
      <trkpt lat="34.25573" lon="-116.71487">
        <ele>2058.0</ele>
      </trkpt>
      <trkpt lat="34.25575" lon="-116.71494">
        <ele>2058.1</ele>
      </trkpt>
      <trkpt lat="34.25577" lon="-116.71502">
        <ele>2058.32</ele>
      </trkpt>
      <trkpt lat="34.25578" lon="-116.71509">
        <ele>2058.42</ele>
      </trkpt>
      <trkpt lat="34.2558" lon="-116.71516">
        <ele>2058.64</ele>
      </trkpt>
      <trkpt lat="34.25582" lon="-116.71523">
        <ele>2058.93</ele>
      </trkpt>
      <trkpt lat="34.25585" lon="-116.7153">
        <ele>2059.38</ele>
      </trkpt>
      <trkpt lat="34.25589" lon="-116.71537">
        <ele>2060.0</ele>
      </trkpt>
      <trkpt lat="34.25592" lon="-116.71544">
        <ele>2060.0</ele>
      </trkpt>
      <trkpt lat="34.25594" lon="-116.71552">
        <ele>2060.67</ele>
      </trkpt>
      <trkpt lat="34.25596" lon="-116.71559">
        <ele>2061.37</ele>
      </trkpt>
      <trkpt lat="34.25598" lon="-116.71566">
        <ele>2062.2</ele>
      </trkpt>
      <trkpt lat="34.25599" lon="-116.71573">
        <ele>2063.5</ele>
      </trkpt>
      <trkpt lat="34.25601" lon="-116.7158">
        <ele>2064.55</ele>
      </trkpt>
      <trkpt lat="34.25603" lon="-116.71587">
        <ele>2065.52</ele>
      </trkpt>
      <trkpt lat="34.25605" lon="-116.71594">
        <ele>2066.34</ele>
      </trkpt>
      <trkpt lat="34.25607" lon="-116.71602">
        <ele>2066.57</ele>
      </trkpt>
      <trkpt lat="34.25608" lon="-116.71609">
        <ele>2067.44</ele>
      </trkpt>
      <trkpt lat="34.25608" lon="-116.71616">
        <ele>2067.66</ele>
      </trkpt>
      <trkpt lat="34.2561" lon="-116.71623">
        <ele>2068.16</ele>
      </trkpt>
      <trkpt lat="34.2561" lon="-116.7163">
        <ele>2068.88</ele>
      </trkpt>
      <trkpt lat="34.25611" lon="-116.71637">
        <ele>2069.0</ele>
      </trkpt>
      <trkpt lat="34.25611" lon="-116.71644">
        <ele>2069.0</ele>
      </trkpt>
      <trkpt lat="34.25612" lon="-116.71652">
        <ele>2069.47</ele>
      </trkpt>
      <trkpt lat="34.25612" lon="-116.71659">
        <ele>2070.0</ele>
      </trkpt>
      <trkpt lat="34.25613" lon="-116.71666">
        <ele>2070.0</ele>
      </trkpt>
      <trkpt lat="34.25614" lon="-116.71673">
        <ele>2069.79</ele>
      </trkpt>
      <trkpt lat="34.25613" lon="-116.7168">
        <ele>2069.8</ele>
      </trkpt>
      <trkpt lat="34.25609" lon="-116.71687">
        <ele>2069.85</ele>
      </trkpt>
      <trkpt lat="34.25605" lon="-116.71693">
        <ele>2069.71</ele>
      </trkpt>
      <trkpt lat="34.25604" lon="-116.71693">
        <ele>2069.8</ele>
      </trkpt>
      <trkpt lat="34.25599" lon="-116.71696">
        <ele>2070.56</ele>
      </trkpt>
      <trkpt lat="34.25595" lon="-116.717">
        <ele>2071.04</ele>
      </trkpt>
      <trkpt lat="34.25589" lon="-116.71703">
        <ele>2071.46</ele>
      </trkpt>
      <trkpt lat="34.25584" lon="-116.71706">
        <ele>2071.91</ele>
      </trkpt>
      <trkpt lat="34.25578" lon="-116.71708">
        <ele>2072.88</ele>
      </trkpt>
      <trkpt lat="34.25573" lon="-116.71711">
        <ele>2073.42</ele>
      </trkpt>
      <trkpt lat="34.25567" lon="-116.71713">
        <ele>2074.52</ele>
      </trkpt>
      <trkpt lat="34.2556" lon="-116.71714">
        <ele>2074.95</ele>
      </trkpt>
      <trkpt lat="34.25555" lon="-116.71717">
        <ele>2075.06</ele>
      </trkpt>
      <trkpt lat="34.25549" lon="-116.71718">
        <ele>2075.71</ele>
      </trkpt>
      <trkpt lat="34.25543" lon="-116.7172">
        <ele>2076.27</ele>
      </trkpt>
      <trkpt lat="34.25537" lon="-116.71723">
        <ele>2077.0</ele>
      </trkpt>
      <trkpt lat="34.25533" lon="-116.71725">
        <ele>2077.0</ele>
      </trkpt>
      <trkpt lat="34.25532" lon="-116.71725">
        <ele>2077.0</ele>
      </trkpt>
      <trkpt lat="34.25526" lon="-116.71728">
        <ele>2077.19</ele>
      </trkpt>
      <trkpt lat="34.25521" lon="-116.71732">
        <ele>2077.73</ele>
      </trkpt>
      <trkpt lat="34.25517" lon="-116.71737">
        <ele>2078.16</ele>
      </trkpt>
      <trkpt lat="34.25512" lon="-116.71741">
        <ele>2078.7</ele>
      </trkpt>
      <trkpt lat="34.25507" lon="-116.71745">
        <ele>2079.38</ele>
      </trkpt>
      <trkpt lat="34.25501" lon="-116.71748">
        <ele>2080.08</ele>
      </trkpt>
      <trkpt lat="34.25496" lon="-116.71751">
        <ele>2080.76</ele>
      </trkpt>
      <trkpt lat="34.2549" lon="-116.71753">
        <ele>2081.78</ele>
      </trkpt>
      <trkpt lat="34.25486" lon="-116.71758">
        <ele>2082.09</ele>
      </trkpt>
      <trkpt lat="34.25484" lon="-116.71765">
        <ele>2082.46</ele>
      </trkpt>
      <trkpt lat="34.25484" lon="-116.71769">
        <ele>2082.46</ele>
      </trkpt>
      <trkpt lat="34.25481" lon="-116.71788">
        <ele>2083.21</ele>
      </trkpt>
      <trkpt lat="34.25481" lon="-116.7179">
        <ele>2083.42</ele>
      </trkpt>
      <trkpt lat="34.25484" lon="-116.71805">
        <ele>2084.12</ele>
      </trkpt>
      <trkpt lat="34.25484" lon="-116.71805">
        <ele>2084.12</ele>
      </trkpt>
      <trkpt lat="34.25491" lon="-116.71821">
        <ele>2082.57</ele>
      </trkpt>
      <trkpt lat="34.25491" lon="-116.71822">
        <ele>2082.67</ele>
      </trkpt>
      <trkpt lat="34.2549" lon="-116.71822">
        <ele>2083.03</ele>
      </trkpt>
      <trkpt lat="34.25491" lon="-116.71829">
        <ele>2082.9</ele>
      </trkpt>
      <trkpt lat="34.25491" lon="-116.71836">
        <ele>2082.92</ele>
      </trkpt>
      <trkpt lat="34.25493" lon="-116.71844">
        <ele>2082.42</ele>
      </trkpt>
      <trkpt lat="34.25494" lon="-116.71851">
        <ele>2082.85</ele>
      </trkpt>
      <trkpt lat="34.25494" lon="-116.71858">
        <ele>2083.37</ele>
      </trkpt>
      <trkpt lat="34.25496" lon="-116.71865">
        <ele>2082.97</ele>
      </trkpt>
      <trkpt lat="34.25497" lon="-116.71872">
        <ele>2083.03</ele>
      </trkpt>
      <trkpt lat="34.25497" lon="-116.71879">
        <ele>2083.27</ele>
      </trkpt>
      <trkpt lat="34.25499" lon="-116.71886">
        <ele>2083.12</ele>
      </trkpt>
      <trkpt lat="34.25501" lon="-116.71894">
        <ele>2082.63</ele>
      </trkpt>
      <trkpt lat="34.25502" lon="-116.71901">
        <ele>2082.66</ele>
      </trkpt>
      <trkpt lat="34.25503" lon="-116.71908">
        <ele>2083.09</ele>
      </trkpt>
      <trkpt lat="34.25505" lon="-116.71915">
        <ele>2083.2</ele>
      </trkpt>
      <trkpt lat="34.25507" lon="-116.71922">
        <ele>2083.45</ele>
      </trkpt>
      <trkpt lat="34.25509" lon="-116.71929">
        <ele>2083.45</ele>
      </trkpt>
      <trkpt lat="34.25512" lon="-116.71936">
        <ele>2083.5</ele>
      </trkpt>
      <trkpt lat="34.25515" lon="-116.71944">
        <ele>2083.71</ele>
      </trkpt>
      <trkpt lat="34.25519" lon="-116.71951">
        <ele>2082.88</ele>
      </trkpt>
      <trkpt lat="34.25522" lon="-116.71958">
        <ele>2083.0</ele>
      </trkpt>
      <trkpt lat="34.25525" lon="-116.71965">
        <ele>2083.19</ele>
      </trkpt>
      <trkpt lat="34.25528" lon="-116.71972">
        <ele>2082.9</ele>
      </trkpt>
      <trkpt lat="34.25532" lon="-116.71979">
        <ele>2082.36</ele>
      </trkpt>
      <trkpt lat="34.25534" lon="-116.71987">
        <ele>2082.58</ele>
      </trkpt>
      <trkpt lat="34.25535" lon="-116.71994">
        <ele>2082.74</ele>
      </trkpt>
      <trkpt lat="34.25537" lon="-116.72001">
        <ele>2082.12</ele>
      </trkpt>
      <trkpt lat="34.25539" lon="-116.72008">
        <ele>2082.44</ele>
      </trkpt>
      <trkpt lat="34.2554" lon="-116.72015">
        <ele>2082.98</ele>
      </trkpt>
      <trkpt lat="34.25542" lon="-116.72022">
        <ele>2083.51</ele>
      </trkpt>
      <trkpt lat="34.25542" lon="-116.72029">
        <ele>2084.97</ele>
      </trkpt>
      <trkpt lat="34.25544" lon="-116.72036">
        <ele>2086.9</ele>
      </trkpt>
      <trkpt lat="34.25548" lon="-116.72042">
        <ele>2089.1</ele>
      </trkpt>
      <trkpt lat="34.25553" lon="-116.72047">
        <ele>2090.77</ele>
      </trkpt>
      <trkpt lat="34.25556" lon="-116.72052">
        <ele>2091.07</ele>
      </trkpt>
      <trkpt lat="34.2556" lon="-116.72058">
        <ele>2091.23</ele>
      </trkpt>
      <trkpt lat="34.25564" lon="-116.72065">
        <ele>2091.39</ele>
      </trkpt>
      <trkpt lat="34.25567" lon="-116.72072">
        <ele>2091.61</ele>
      </trkpt>
      <trkpt lat="34.2557" lon="-116.72079">
        <ele>2091.82</ele>
      </trkpt>
      <trkpt lat="34.25572" lon="-116.72087">
        <ele>2092.29</ele>
      </trkpt>
      <trkpt lat="34.25575" lon="-116.72094">
        <ele>2091.6</ele>
      </trkpt>
      <trkpt lat="34.25574" lon="-116.72101">
        <ele>2092.04</ele>
      </trkpt>
      <trkpt lat="34.25575" lon="-116.72108">
        <ele>2091.6</ele>
      </trkpt>
      <trkpt lat="34.25575" lon="-116.72115">
        <ele>2091.56</ele>
      </trkpt>
      <trkpt lat="34.25576" lon="-116.72122">
        <ele>2090.96</ele>
      </trkpt>
      <trkpt lat="34.25576" lon="-116.72129">
        <ele>2090.96</ele>
      </trkpt>
      <trkpt lat="34.25577" lon="-116.72137">
        <ele>2090.42</ele>
      </trkpt>
      <trkpt lat="34.25578" lon="-116.72144">
        <ele>2089.88</ele>
      </trkpt>
      <trkpt lat="34.25577" lon="-116.72151">
        <ele>2090.42</ele>
      </trkpt>
      <trkpt lat="34.25577" lon="-116.72158">
        <ele>2090.48</ele>
      </trkpt>
      <trkpt lat="34.25576" lon="-116.72165">
        <ele>2091.78</ele>
      </trkpt>
      <trkpt lat="34.25577" lon="-116.72172">
        <ele>2091.42</ele>
      </trkpt>
      <trkpt lat="34.25577" lon="-116.72179">
        <ele>2091.52</ele>
      </trkpt>
      <trkpt lat="34.25578" lon="-116.72186">
        <ele>2091.25</ele>
      </trkpt>
      <trkpt lat="34.25579" lon="-116.72194">
        <ele>2090.43</ele>
      </trkpt>
      <trkpt lat="34.25578" lon="-116.72201">
        <ele>2090.02</ele>
      </trkpt>
      <trkpt lat="34.25574" lon="-116.72208">
        <ele>2090.56</ele>
      </trkpt>
      <trkpt lat="34.2557" lon="-116.72214">
        <ele>2090.59</ele>
      </trkpt>
      <trkpt lat="34.25566" lon="-116.7222">
        <ele>2090.13</ele>
      </trkpt>
      <trkpt lat="34.25561" lon="-116.72224">
        <ele>2090.44</ele>
      </trkpt>
      <trkpt lat="34.25556" lon="-116.72228">
        <ele>2090.66</ele>
      </trkpt>
      <trkpt lat="34.25551" lon="-116.72231">
        <ele>2091.11</ele>
      </trkpt>
      <trkpt lat="34.25547" lon="-116.72238">
        <ele>2089.79</ele>
      </trkpt>
      <trkpt lat="34.25542" lon="-116.72242">
        <ele>2089.79</ele>
      </trkpt>
      <trkpt lat="34.25538" lon="-116.72248">
        <ele>2090.01</ele>
      </trkpt>
      <trkpt lat="34.25534" lon="-116.72253">
        <ele>2089.68</ele>
      </trkpt>
      <trkpt lat="34.2553" lon="-116.72259">
        <ele>2088.82</ele>
      </trkpt>
      <trkpt lat="34.25525" lon="-116.72263">
        <ele>2089.07</ele>
      </trkpt>
      <trkpt lat="34.25521" lon="-116.7227">
        <ele>2088.57</ele>
      </trkpt>
      <trkpt lat="34.25516" lon="-116.72273">
        <ele>2088.79</ele>
      </trkpt>
      <trkpt lat="34.25511" lon="-116.72277">
        <ele>2088.9</ele>
      </trkpt>
      <trkpt lat="34.25504" lon="-116.72277">
        <ele>2089.65</ele>
      </trkpt>
      <trkpt lat="34.25498" lon="-116.72279">
        <ele>2089.87</ele>
      </trkpt>
      <trkpt lat="34.25491" lon="-116.72279">
        <ele>2089.87</ele>
      </trkpt>
      <trkpt lat="34.25484" lon="-116.72279">
        <ele>2089.87</ele>
      </trkpt>
      <trkpt lat="34.25478" lon="-116.72279">
        <ele>2089.87</ele>
      </trkpt>
      <trkpt lat="34.25471" lon="-116.72279">
        <ele>2089.87</ele>
      </trkpt>
      <trkpt lat="34.25465" lon="-116.72277">
        <ele>2090.08</ele>
      </trkpt>
      <trkpt lat="34.25458" lon="-116.72277">
        <ele>2090.08</ele>
      </trkpt>
      <trkpt lat="34.25453" lon="-116.72273">
        <ele>2090.44</ele>
      </trkpt>
      <trkpt lat="34.25448" lon="-116.7227">
        <ele>2090.22</ele>
      </trkpt>
      <trkpt lat="34.25445" lon="-116.72263">
        <ele>2090.66</ele>
      </trkpt>
      <trkpt lat="34.25441" lon="-116.72257">
        <ele>2091.24</ele>
      </trkpt>
      <trkpt lat="34.25438" lon="-116.7225">
        <ele>2092.0</ele>
      </trkpt>
      <trkpt lat="34.25434" lon="-116.72243">
        <ele>2092.63</ele>
      </trkpt>
      <trkpt lat="34.25431" lon="-116.72236">
        <ele>2093.06</ele>
      </trkpt>
      <trkpt lat="34.25427" lon="-116.7223">
        <ele>2093.28</ele>
      </trkpt>
      <trkpt lat="34.25423" lon="-116.72224">
        <ele>2093.55</ele>
      </trkpt>
      <trkpt lat="34.25419" lon="-116.72219">
        <ele>2093.86</ele>
      </trkpt>
      <trkpt lat="34.25415" lon="-116.72215">
        <ele>2094.42</ele>
      </trkpt>
      <trkpt lat="34.25398" lon="-116.72198">
        <ele>2095.01</ele>
      </trkpt>
      <trkpt lat="34.25398" lon="-116.72198">
        <ele>2095.01</ele>
      </trkpt>
      <trkpt lat="34.25383" lon="-116.72197">
        <ele>2095.9</ele>
      </trkpt>
      <trkpt lat="34.25383" lon="-116.72197">
        <ele>2095.9</ele>
      </trkpt>
      <trkpt lat="34.25374" lon="-116.72206">
        <ele>2095.9</ele>
      </trkpt>
      <trkpt lat="34.25373" lon="-116.72208">
        <ele>2095.87</ele>
      </trkpt>
      <trkpt lat="34.25369" lon="-116.72225">
        <ele>2095.15</ele>
      </trkpt>
      <trkpt lat="34.25369" lon="-116.72225">
        <ele>2095.15</ele>
      </trkpt>
      <trkpt lat="34.25367" lon="-116.72228">
        <ele>2095.36</ele>
      </trkpt>
      <trkpt lat="34.25363" lon="-116.72235">
        <ele>2095.42</ele>
      </trkpt>
      <trkpt lat="34.2536" lon="-116.72243">
        <ele>2094.88</ele>
      </trkpt>
      <trkpt lat="34.25356" lon="-116.72248">
        <ele>2094.77</ele>
      </trkpt>
      <trkpt lat="34.25354" lon="-116.72251">
        <ele>2094.66</ele>
      </trkpt>
      <trkpt lat="34.25316" lon="-116.72279">
        <ele>2093.98</ele>
      </trkpt>
      <trkpt lat="34.25316" lon="-116.72279">
        <ele>2093.98</ele>
      </trkpt>
      <trkpt lat="34.25316" lon="-116.72279">
        <ele>2093.98</ele>
      </trkpt>
      <trkpt lat="34.25311" lon="-116.72284">
        <ele>2094.41</ele>
      </trkpt>
      <trkpt lat="34.25306" lon="-116.72288">
        <ele>2094.85</ele>
      </trkpt>
      <trkpt lat="34.25301" lon="-116.72292">
        <ele>2094.73</ele>
      </trkpt>
      <trkpt lat="34.25296" lon="-116.72296">
        <ele>2095.0</ele>
      </trkpt>
      <trkpt lat="34.25292" lon="-116.72301">
        <ele>2094.73</ele>
      </trkpt>
      <trkpt lat="34.25287" lon="-116.72305">
        <ele>2095.0</ele>
      </trkpt>
      <trkpt lat="34.25281" lon="-116.72308">
        <ele>2094.91</ele>
      </trkpt>
      <trkpt lat="34.25276" lon="-116.72312">
        <ele>2095.06</ele>
      </trkpt>
      <trkpt lat="34.25271" lon="-116.72315">
        <ele>2094.98</ele>
      </trkpt>
      <trkpt lat="34.25266" lon="-116.72319">
        <ele>2094.82</ele>
      </trkpt>
      <trkpt lat="34.25261" lon="-116.72322">
        <ele>2095.04</ele>
      </trkpt>
      <trkpt lat="34.25256" lon="-116.72326">
        <ele>2094.94</ele>
      </trkpt>
      <trkpt lat="34.2525" lon="-116.72329">
        <ele>2094.94</ele>
      </trkpt>
      <trkpt lat="34.25245" lon="-116.72333">
        <ele>2094.07</ele>
      </trkpt>
      <trkpt lat="34.2524" lon="-116.72336">
        <ele>2093.77</ele>
      </trkpt>
      <trkpt lat="34.25234" lon="-116.72339">
        <ele>2093.67</ele>
      </trkpt>
      <trkpt lat="34.25229" lon="-116.72342">
        <ele>2093.13</ele>
      </trkpt>
      <trkpt lat="34.25223" lon="-116.72345">
        <ele>2092.72</ele>
      </trkpt>
      <trkpt lat="34.25218" lon="-116.72347">
        <ele>2092.76</ele>
      </trkpt>
      <trkpt lat="34.25213" lon="-116.72352">
        <ele>2091.97</ele>
      </trkpt>
      <trkpt lat="34.25208" lon="-116.72356">
        <ele>2091.1</ele>
      </trkpt>
      <trkpt lat="34.25204" lon="-116.7236">
        <ele>2090.24</ele>
      </trkpt>
      <trkpt lat="34.25199" lon="-116.72364">
        <ele>2090.04</ele>
      </trkpt>
      <trkpt lat="34.25194" lon="-116.72369">
        <ele>2089.3</ele>
      </trkpt>
      <trkpt lat="34.25188" lon="-116.72372">
        <ele>2088.82</ele>
      </trkpt>
      <trkpt lat="34.25183" lon="-116.72376">
        <ele>2088.48</ele>
      </trkpt>
      <trkpt lat="34.25178" lon="-116.72379">
        <ele>2088.12</ele>
      </trkpt>
      <trkpt lat="34.25173" lon="-116.72383">
        <ele>2087.95</ele>
      </trkpt>
      <trkpt lat="34.25168" lon="-116.72386">
        <ele>2088.17</ele>
      </trkpt>
      <trkpt lat="34.25167" lon="-116.72386">
        <ele>2088.28</ele>
      </trkpt>
      <trkpt lat="34.25163" lon="-116.7239">
        <ele>2088.28</ele>
      </trkpt>
      <trkpt lat="34.25157" lon="-116.72393">
        <ele>2088.6</ele>
      </trkpt>
      <trkpt lat="34.25153" lon="-116.72397">
        <ele>2088.6</ele>
      </trkpt>
      <trkpt lat="34.25147" lon="-116.724">
        <ele>2089.12</ele>
      </trkpt>
      <trkpt lat="34.25144" lon="-116.72407">
        <ele>2089.45</ele>
      </trkpt>
      <trkpt lat="34.25139" lon="-116.72413">
        <ele>2089.38</ele>
      </trkpt>
      <trkpt lat="34.25136" lon="-116.7242">
        <ele>2089.31</ele>
      </trkpt>
      <trkpt lat="34.25132" lon="-116.72427">
        <ele>2089.66</ele>
      </trkpt>
      <trkpt lat="34.25129" lon="-116.72434">
        <ele>2089.2</ele>
      </trkpt>
      <trkpt lat="34.25126" lon="-116.72441">
        <ele>2089.15</ele>
      </trkpt>
      <trkpt lat="34.25124" lon="-116.72448">
        <ele>2089.0</ele>
      </trkpt>
      <trkpt lat="34.25122" lon="-116.72455">
        <ele>2088.98</ele>
      </trkpt>
      <trkpt lat="34.25121" lon="-116.72463">
        <ele>2088.93</ele>
      </trkpt>
      <trkpt lat="34.2512" lon="-116.7247">
        <ele>2088.27</ele>
      </trkpt>
      <trkpt lat="34.2512" lon="-116.72477">
        <ele>2088.02</ele>
      </trkpt>
      <trkpt lat="34.25119" lon="-116.72484">
        <ele>2088.0</ele>
      </trkpt>
      <trkpt lat="34.25119" lon="-116.72491">
        <ele>2087.97</ele>
      </trkpt>
      <trkpt lat="34.2512" lon="-116.72498">
        <ele>2087.22</ele>
      </trkpt>
      <trkpt lat="34.2512" lon="-116.72505">
        <ele>2087.0</ele>
      </trkpt>
      <trkpt lat="34.25121" lon="-116.72512">
        <ele>2087.0</ele>
      </trkpt>
      <trkpt lat="34.25123" lon="-116.7252">
        <ele>2086.84</ele>
      </trkpt>
      <trkpt lat="34.25125" lon="-116.72527">
        <ele>2086.08</ele>
      </trkpt>
      <trkpt lat="34.25126" lon="-116.72534">
        <ele>2085.74</ele>
      </trkpt>
      <trkpt lat="34.25128" lon="-116.72541">
        <ele>2085.4</ele>
      </trkpt>
      <trkpt lat="34.2513" lon="-116.72548">
        <ele>2084.64</ele>
      </trkpt>
      <trkpt lat="34.25132" lon="-116.72555">
        <ele>2083.36</ele>
      </trkpt>
      <trkpt lat="34.25133" lon="-116.72562">
        <ele>2083.36</ele>
      </trkpt>
      <trkpt lat="34.25133" lon="-116.7257">
        <ele>2082.8</ele>
      </trkpt>
      <trkpt lat="34.25135" lon="-116.72577">
        <ele>2081.95</ele>
      </trkpt>
      <trkpt lat="34.25137" lon="-116.72584">
        <ele>2080.72</ele>
      </trkpt>
      <trkpt lat="34.25139" lon="-116.72591">
        <ele>2080.19</ele>
      </trkpt>
      <trkpt lat="34.25146" lon="-116.72615">
        <ele>2077.35</ele>
      </trkpt>
      <trkpt lat="34.25146" lon="-116.72615">
        <ele>2077.35</ele>
      </trkpt>
      <trkpt lat="34.25161" lon="-116.72654">
        <ele>2072.37</ele>
      </trkpt>
      <trkpt lat="34.25161" lon="-116.72654">
        <ele>2072.37</ele>
      </trkpt>
      <trkpt lat="34.25161" lon="-116.72655">
        <ele>2072.26</ele>
      </trkpt>
      <trkpt lat="34.25165" lon="-116.72661">
        <ele>2071.22</ele>
      </trkpt>
      <trkpt lat="34.25169" lon="-116.72667">
        <ele>2069.97</ele>
      </trkpt>
      <trkpt lat="34.25173" lon="-116.72672">
        <ele>2069.82</ele>
      </trkpt>
      <trkpt lat="34.25177" lon="-116.72678">
        <ele>2069.78</ele>
      </trkpt>
      <trkpt lat="34.25181" lon="-116.72684">
        <ele>2069.13</ele>
      </trkpt>
      <trkpt lat="34.25184" lon="-116.72691">
        <ele>2068.37</ele>
      </trkpt>
      <trkpt lat="34.25187" lon="-116.72698">
        <ele>2068.0</ele>
      </trkpt>
      <trkpt lat="34.25191" lon="-116.72705">
        <ele>2067.86</ele>
      </trkpt>
      <trkpt lat="34.25194" lon="-116.72711">
        <ele>2067.21</ele>
      </trkpt>
      <trkpt lat="34.25198" lon="-116.72717">
        <ele>2067.0</ele>
      </trkpt>
      <trkpt lat="34.252" lon="-116.72719">
        <ele>2067.0</ele>
      </trkpt>
      <trkpt lat="34.2522" lon="-116.7276">
        <ele>2063.94</ele>
      </trkpt>
      <trkpt lat="34.2522" lon="-116.72761">
        <ele>2063.86</ele>
      </trkpt>
      <trkpt lat="34.25229" lon="-116.7279">
        <ele>2061.77</ele>
      </trkpt>
      <trkpt lat="34.25229" lon="-116.7279">
        <ele>2061.77</ele>
      </trkpt>
      <trkpt lat="34.25229" lon="-116.72791">
        <ele>2061.69</ele>
      </trkpt>
      <trkpt lat="34.25233" lon="-116.72797">
        <ele>2061.0</ele>
      </trkpt>
      <trkpt lat="34.25237" lon="-116.72804">
        <ele>2061.0</ele>
      </trkpt>
      <trkpt lat="34.25242" lon="-116.72807">
        <ele>2060.86</ele>
      </trkpt>
      <trkpt lat="34.25246" lon="-116.72811">
        <ele>2060.43</ele>
      </trkpt>
      <trkpt lat="34.25252" lon="-116.72814">
        <ele>2060.0</ele>
      </trkpt>
      <trkpt lat="34.25257" lon="-116.72818">
        <ele>2059.74</ele>
      </trkpt>
      <trkpt lat="34.25263" lon="-116.72818">
        <ele>2059.39</ele>
      </trkpt>
      <trkpt lat="34.25269" lon="-116.72821">
        <ele>2059.0</ele>
      </trkpt>
      <trkpt lat="34.25275" lon="-116.72823">
        <ele>2059.0</ele>
      </trkpt>
      <trkpt lat="34.25281" lon="-116.72824">
        <ele>2058.65</ele>
      </trkpt>
      <trkpt lat="34.25287" lon="-116.72826">
        <ele>2058.0</ele>
      </trkpt>
      <trkpt lat="34.25293" lon="-116.72827">
        <ele>2058.0</ele>
      </trkpt>
      <trkpt lat="34.25299" lon="-116.72829">
        <ele>2057.84</ele>
      </trkpt>
      <trkpt lat="34.25306" lon="-116.72829">
        <ele>2057.45</ele>
      </trkpt>
      <trkpt lat="34.2531" lon="-116.72833">
        <ele>2057.02</ele>
      </trkpt>
      <trkpt lat="34.25315" lon="-116.72837">
        <ele>2056.99</ele>
      </trkpt>
      <trkpt lat="34.2532" lon="-116.72842">
        <ele>2056.48</ele>
      </trkpt>
      <trkpt lat="34.25324" lon="-116.72846">
        <ele>2056.01</ele>
      </trkpt>
      <trkpt lat="34.25328" lon="-116.72852">
        <ele>2056.84</ele>
      </trkpt>
      <trkpt lat="34.25332" lon="-116.72857">
        <ele>2057.24</ele>
      </trkpt>
      <trkpt lat="34.25336" lon="-116.72863">
        <ele>2057.37</ele>
      </trkpt>
      <trkpt lat="34.25339" lon="-116.7287">
        <ele>2057.26</ele>
      </trkpt>
      <trkpt lat="34.25343" lon="-116.72877">
        <ele>2057.33</ele>
      </trkpt>
      <trkpt lat="34.25346" lon="-116.72885">
        <ele>2056.79</ele>
      </trkpt>
      <trkpt lat="34.2535" lon="-116.7289">
        <ele>2056.68</ele>
      </trkpt>
      <trkpt lat="34.25353" lon="-116.72897">
        <ele>2056.25</ele>
      </trkpt>
      <trkpt lat="34.25358" lon="-116.729">
        <ele>2056.33</ele>
      </trkpt>
      <trkpt lat="34.25363" lon="-116.72905">
        <ele>2055.87</ele>
      </trkpt>
      <trkpt lat="34.25368" lon="-116.72908">
        <ele>2056.38</ele>
      </trkpt>
      <trkpt lat="34.25372" lon="-116.72915">
        <ele>2055.5</ele>
      </trkpt>
      <trkpt lat="34.25376" lon="-116.72919">
        <ele>2055.36</ele>
      </trkpt>
      <trkpt lat="34.2538" lon="-116.72925">
        <ele>2055.18</ele>
      </trkpt>
      <trkpt lat="34.25384" lon="-116.7293">
        <ele>2055.3</ele>
      </trkpt>
      <trkpt lat="34.25389" lon="-116.72935">
        <ele>2055.06</ele>
      </trkpt>
      <trkpt lat="34.25393" lon="-116.72939">
        <ele>2055.29</ele>
      </trkpt>
      <trkpt lat="34.25397" lon="-116.72945">
        <ele>2054.81</ele>
      </trkpt>
      <trkpt lat="34.25401" lon="-116.7295">
        <ele>2054.83</ele>
      </trkpt>
      <trkpt lat="34.25406" lon="-116.72955">
        <ele>2054.57</ele>
      </trkpt>
      <trkpt lat="34.25409" lon="-116.72962">
        <ele>2053.55</ele>
      </trkpt>
      <trkpt lat="34.25415" lon="-116.72965">
        <ele>2054.24</ele>
      </trkpt>
      <trkpt lat="34.25419" lon="-116.72969">
        <ele>2054.11</ele>
      </trkpt>
      <trkpt lat="34.25424" lon="-116.72972">
        <ele>2054.61</ele>
      </trkpt>
      <trkpt lat="34.25428" lon="-116.72979">
        <ele>2054.55</ele>
      </trkpt>
      <trkpt lat="34.25432" lon="-116.72983">
        <ele>2054.44</ele>
      </trkpt>
      <trkpt lat="34.25454" lon="-116.73001">
        <ele>2055.95</ele>
      </trkpt>
      <trkpt lat="34.25457" lon="-116.73002">
        <ele>2056.42</ele>
      </trkpt>
      <trkpt lat="34.25464" lon="-116.73008">
        <ele>2056.48</ele>
      </trkpt>
      <trkpt lat="34.25465" lon="-116.7301">
        <ele>2056.36</ele>
      </trkpt>
      <trkpt lat="34.25473" lon="-116.73022">
        <ele>2056.45</ele>
      </trkpt>
      <trkpt lat="34.25474" lon="-116.73023">
        <ele>2056.51</ele>
      </trkpt>
      <trkpt lat="34.25484" lon="-116.73042">
        <ele>2055.62</ele>
      </trkpt>
      <trkpt lat="34.25485" lon="-116.73043">
        <ele>2055.72</ele>
      </trkpt>
      <trkpt lat="34.25497" lon="-116.73059">
        <ele>2055.86</ele>
      </trkpt>
      <trkpt lat="34.25497" lon="-116.73059">
        <ele>2055.86</ele>
      </trkpt>
      <trkpt lat="34.25496" lon="-116.73059">
        <ele>2055.6</ele>
      </trkpt>
      <trkpt lat="34.25501" lon="-116.73064">
        <ele>2056.3</ele>
      </trkpt>
      <trkpt lat="34.25506" lon="-116.73068">
        <ele>2056.61</ele>
      </trkpt>
      <trkpt lat="34.2551" lon="-116.73074">
        <ele>2056.1</ele>
      </trkpt>
      <trkpt lat="34.25514" lon="-116.73078">
        <ele>2055.88</ele>
      </trkpt>
      <trkpt lat="34.25519" lon="-116.73082">
        <ele>2056.2</ele>
      </trkpt>
      <trkpt lat="34.25524" lon="-116.73087">
        <ele>2055.8</ele>
      </trkpt>
      <trkpt lat="34.25528" lon="-116.73091">
        <ele>2055.39</ele>
      </trkpt>
      <trkpt lat="34.25534" lon="-116.73094">
        <ele>2056.09</ele>
      </trkpt>
      <trkpt lat="34.25538" lon="-116.73098">
        <ele>2055.94</ele>
      </trkpt>
      <trkpt lat="34.25544" lon="-116.73101">
        <ele>2055.94</ele>
      </trkpt>
      <trkpt lat="34.25548" lon="-116.73105">
        <ele>2055.97</ele>
      </trkpt>
      <trkpt lat="34.25554" lon="-116.73108">
        <ele>2056.45</ele>
      </trkpt>
      <trkpt lat="34.25559" lon="-116.73111">
        <ele>2056.4</ele>
      </trkpt>
      <trkpt lat="34.25564" lon="-116.73114">
        <ele>2056.57</ele>
      </trkpt>
      <trkpt lat="34.25569" lon="-116.73118">
        <ele>2056.82</ele>
      </trkpt>
      <trkpt lat="34.25574" lon="-116.73121">
        <ele>2056.86</ele>
      </trkpt>
      <trkpt lat="34.25579" lon="-116.73125">
        <ele>2056.8</ele>
      </trkpt>
      <trkpt lat="34.25583" lon="-116.73131">
        <ele>2056.78</ele>
      </trkpt>
      <trkpt lat="34.25588" lon="-116.73135">
        <ele>2057.43</ele>
      </trkpt>
      <trkpt lat="34.25592" lon="-116.7314">
        <ele>2057.75</ele>
      </trkpt>
      <trkpt lat="34.25596" lon="-116.73145">
        <ele>2057.83</ele>
      </trkpt>
      <trkpt lat="34.25601" lon="-116.7315">
        <ele>2057.71</ele>
      </trkpt>
      <trkpt lat="34.25604" lon="-116.73157">
        <ele>2057.51</ele>
      </trkpt>
      <trkpt lat="34.25605" lon="-116.73164">
        <ele>2056.97</ele>
      </trkpt>
      <trkpt lat="34.25606" lon="-116.73171">
        <ele>2056.43</ele>
      </trkpt>
      <trkpt lat="34.25607" lon="-116.73178">
        <ele>2055.89</ele>
      </trkpt>
      <trkpt lat="34.25608" lon="-116.73185">
        <ele>2055.35</ele>
      </trkpt>
      <trkpt lat="34.25609" lon="-116.73193">
        <ele>2055.35</ele>
      </trkpt>
      <trkpt lat="34.2561" lon="-116.732">
        <ele>2055.04</ele>
      </trkpt>
      <trkpt lat="34.25609" lon="-116.73207">
        <ele>2054.04</ele>
      </trkpt>
      <trkpt lat="34.2561" lon="-116.73214">
        <ele>2053.76</ele>
      </trkpt>
      <trkpt lat="34.25609" lon="-116.73221">
        <ele>2053.54</ele>
      </trkpt>
      <trkpt lat="34.25607" lon="-116.73228">
        <ele>2052.49</ele>
      </trkpt>
      <trkpt lat="34.25606" lon="-116.73235">
        <ele>2051.9</ele>
      </trkpt>
      <trkpt lat="34.25605" lon="-116.73243">
        <ele>2051.44</ele>
      </trkpt>
      <trkpt lat="34.25604" lon="-116.7325">
        <ele>2050.46</ele>
      </trkpt>
      <trkpt lat="34.25604" lon="-116.73257">
        <ele>2050.11</ele>
      </trkpt>
      <trkpt lat="34.25607" lon="-116.73264">
        <ele>2048.98</ele>
      </trkpt>
      <trkpt lat="34.25608" lon="-116.73271">
        <ele>2047.64</ele>
      </trkpt>
      <trkpt lat="34.25612" lon="-116.73278">
        <ele>2046.95</ele>
      </trkpt>
      <trkpt lat="34.25616" lon="-116.73284">
        <ele>2046.01</ele>
      </trkpt>
      <trkpt lat="34.2562" lon="-116.7329">
        <ele>2045.32</ele>
      </trkpt>
      <trkpt lat="34.25623" lon="-116.73295">
        <ele>2044.77</ele>
      </trkpt>
      <trkpt lat="34.25624" lon="-116.73296">
        <ele>2044.82</ele>
      </trkpt>
      <trkpt lat="34.25627" lon="-116.73301">
        <ele>2044.56</ele>
      </trkpt>
      <trkpt lat="34.25631" lon="-116.73307">
        <ele>2044.14</ele>
      </trkpt>
      <trkpt lat="34.25633" lon="-116.73314">
        <ele>2043.82</ele>
      </trkpt>
      <trkpt lat="34.25635" lon="-116.73321">
        <ele>2043.49</ele>
      </trkpt>
      <trkpt lat="34.25637" lon="-116.73328">
        <ele>2042.83</ele>
      </trkpt>
      <trkpt lat="34.25637" lon="-116.73335">
        <ele>2041.62</ele>
      </trkpt>
      <trkpt lat="34.25638" lon="-116.73343">
        <ele>2040.86</ele>
      </trkpt>
      <trkpt lat="34.25639" lon="-116.7335">
        <ele>2040.21</ele>
      </trkpt>
      <trkpt lat="34.25638" lon="-116.73357">
        <ele>2039.95</ele>
      </trkpt>
      <trkpt lat="34.25637" lon="-116.73364">
        <ele>2039.55</ele>
      </trkpt>
      <trkpt lat="34.25636" lon="-116.73371">
        <ele>2038.98</ele>
      </trkpt>
      <trkpt lat="34.25635" lon="-116.73378">
        <ele>2038.65</ele>
      </trkpt>
      <trkpt lat="34.2563" lon="-116.73382">
        <ele>2038.03</ele>
      </trkpt>
      <trkpt lat="34.25629" lon="-116.73388">
        <ele>2038.0</ele>
      </trkpt>
      <trkpt lat="34.25624" lon="-116.73392">
        <ele>2038.0</ele>
      </trkpt>
      <trkpt lat="34.25625" lon="-116.734">
        <ele>2037.9</ele>
      </trkpt>
      <trkpt lat="34.25624" lon="-116.73407">
        <ele>2037.42</ele>
      </trkpt>
      <trkpt lat="34.25624" lon="-116.73414">
        <ele>2036.25</ele>
      </trkpt>
      <trkpt lat="34.25623" lon="-116.73421">
        <ele>2034.5</ele>
      </trkpt>
      <trkpt lat="34.25623" lon="-116.73428">
        <ele>2033.06</ele>
      </trkpt>
      <trkpt lat="34.2562" lon="-116.73435">
        <ele>2031.98</ele>
      </trkpt>
      <trkpt lat="34.25618" lon="-116.73442">
        <ele>2031.74</ele>
      </trkpt>
      <trkpt lat="34.25615" lon="-116.73449">
        <ele>2031.42</ele>
      </trkpt>
      <trkpt lat="34.25611" lon="-116.73457">
        <ele>2030.66</ele>
      </trkpt>
      <trkpt lat="34.25608" lon="-116.73464">
        <ele>2030.67</ele>
      </trkpt>
      <trkpt lat="34.25604" lon="-116.73471">
        <ele>2031.54</ele>
      </trkpt>
      <trkpt lat="34.256" lon="-116.73478">
        <ele>2032.6</ele>
      </trkpt>
      <trkpt lat="34.25597" lon="-116.73485">
        <ele>2033.19</ele>
      </trkpt>
      <trkpt lat="34.25593" lon="-116.73492">
        <ele>2033.73</ele>
      </trkpt>
      <trkpt lat="34.2559" lon="-116.73499">
        <ele>2034.23</ele>
      </trkpt>
      <trkpt lat="34.25586" lon="-116.73506">
        <ele>2035.2</ele>
      </trkpt>
      <trkpt lat="34.25582" lon="-116.73512">
        <ele>2035.54</ele>
      </trkpt>
      <trkpt lat="34.25578" lon="-116.73519">
        <ele>2034.62</ele>
      </trkpt>
      <trkpt lat="34.25573" lon="-116.73522">
        <ele>2035.62</ele>
      </trkpt>
      <trkpt lat="34.25568" lon="-116.73526">
        <ele>2035.95</ele>
      </trkpt>
      <trkpt lat="34.25563" lon="-116.73529">
        <ele>2036.17</ele>
      </trkpt>
      <trkpt lat="34.25559" lon="-116.73536">
        <ele>2034.66</ele>
      </trkpt>
      <trkpt lat="34.25555" lon="-116.73542">
        <ele>2033.51</ele>
      </trkpt>
      <trkpt lat="34.25551" lon="-116.73549">
        <ele>2032.25</ele>
      </trkpt>
      <trkpt lat="34.25548" lon="-116.73556">
        <ele>2031.35</ele>
      </trkpt>
      <trkpt lat="34.25544" lon="-116.73563">
        <ele>2031.14</ele>
      </trkpt>
      <trkpt lat="34.25541" lon="-116.7357">
        <ele>2030.36</ele>
      </trkpt>
      <trkpt lat="34.25539" lon="-116.73577">
        <ele>2029.77</ele>
      </trkpt>
      <trkpt lat="34.25536" lon="-116.73585">
        <ele>2030.31</ele>
      </trkpt>
      <trkpt lat="34.25534" lon="-116.73592">
        <ele>2030.1</ele>
      </trkpt>
      <trkpt lat="34.25533" lon="-116.73599">
        <ele>2029.62</ele>
      </trkpt>
      <trkpt lat="34.25533" lon="-116.73606">
        <ele>2028.54</ele>
      </trkpt>
      <trkpt lat="34.2553" lon="-116.73613">
        <ele>2028.84</ele>
      </trkpt>
      <trkpt lat="34.25528" lon="-116.7362">
        <ele>2028.94</ele>
      </trkpt>
      <trkpt lat="34.25526" lon="-116.73627">
        <ele>2027.59</ele>
      </trkpt>
      <trkpt lat="34.25522" lon="-116.73634">
        <ele>2025.25</ele>
      </trkpt>
      <trkpt lat="34.25519" lon="-116.73642">
        <ele>2023.65</ele>
      </trkpt>
      <trkpt lat="34.25517" lon="-116.73649">
        <ele>2023.31</ele>
      </trkpt>
      <trkpt lat="34.25514" lon="-116.73656">
        <ele>2023.56</ele>
      </trkpt>
      <trkpt lat="34.25514" lon="-116.73663">
        <ele>2022.88</ele>
      </trkpt>
      <trkpt lat="34.25513" lon="-116.7367">
        <ele>2022.81</ele>
      </trkpt>
      <trkpt lat="34.25516" lon="-116.73677">
        <ele>2022.54</ele>
      </trkpt>
      <trkpt lat="34.25517" lon="-116.73684">
        <ele>2022.33</ele>
      </trkpt>
      <trkpt lat="34.2552" lon="-116.73692">
        <ele>2021.68</ele>
      </trkpt>
      <trkpt lat="34.25519" lon="-116.73699">
        <ele>2021.87</ele>
      </trkpt>
      <trkpt lat="34.25518" lon="-116.73706">
        <ele>2022.17</ele>
      </trkpt>
      <trkpt lat="34.25517" lon="-116.73713">
        <ele>2022.49</ele>
      </trkpt>
      <trkpt lat="34.25517" lon="-116.7372">
        <ele>2022.49</ele>
      </trkpt>
      <trkpt lat="34.25514" lon="-116.73727">
        <ele>2022.95</ele>
      </trkpt>
      <trkpt lat="34.25512" lon="-116.73734">
        <ele>2022.84</ele>
      </trkpt>
      <trkpt lat="34.2551" lon="-116.73741">
        <ele>2022.73</ele>
      </trkpt>
      <trkpt lat="34.25508" lon="-116.73749">
        <ele>2022.52</ele>
      </trkpt>
      <trkpt lat="34.25505" lon="-116.73756">
        <ele>2023.08</ele>
      </trkpt>
      <trkpt lat="34.25505" lon="-116.73763">
        <ele>2023.14</ele>
      </trkpt>
      <trkpt lat="34.25504" lon="-116.7377">
        <ele>2023.73</ele>
      </trkpt>
      <trkpt lat="34.25507" lon="-116.73777">
        <ele>2024.16</ele>
      </trkpt>
      <trkpt lat="34.25508" lon="-116.73784">
        <ele>2025.39</ele>
      </trkpt>
      <trkpt lat="34.25509" lon="-116.73791">
        <ele>2026.43</ele>
      </trkpt>
      <trkpt lat="34.25511" lon="-116.73799">
        <ele>2026.87</ele>
      </trkpt>
      <trkpt lat="34.25512" lon="-116.73806">
        <ele>2027.0</ele>
      </trkpt>
      <trkpt lat="34.25513" lon="-116.73813">
        <ele>2027.0</ele>
      </trkpt>
      <trkpt lat="34.25512" lon="-116.7382">
        <ele>2027.0</ele>
      </trkpt>
      <trkpt lat="34.25508" lon="-116.73827">
        <ele>2026.59</ele>
      </trkpt>
      <trkpt lat="34.25504" lon="-116.73832">
        <ele>2026.06</ele>
      </trkpt>
      <trkpt lat="34.25499" lon="-116.73834">
        <ele>2025.82</ele>
      </trkpt>
      <trkpt lat="34.25475" lon="-116.73831">
        <ele>2024.0</ele>
      </trkpt>
      <trkpt lat="34.25474" lon="-116.73831">
        <ele>2024.0</ele>
      </trkpt>
      <trkpt lat="34.25464" lon="-116.73838">
        <ele>2023.5</ele>
      </trkpt>
      <trkpt lat="34.25464" lon="-116.73838">
        <ele>2023.5</ele>
      </trkpt>
      <trkpt lat="34.25465" lon="-116.73863">
        <ele>2022.78</ele>
      </trkpt>
      <trkpt lat="34.25465" lon="-116.73863">
        <ele>2022.78</ele>
      </trkpt>
      <trkpt lat="34.25465" lon="-116.7387">
        <ele>2022.78</ele>
      </trkpt>
      <trkpt lat="34.25466" lon="-116.73877">
        <ele>2022.67</ele>
      </trkpt>
      <trkpt lat="34.25466" lon="-116.73884">
        <ele>2022.67</ele>
      </trkpt>
      <trkpt lat="34.25467" lon="-116.73891">
        <ele>2022.56</ele>
      </trkpt>
      <trkpt lat="34.25467" lon="-116.73898">
        <ele>2022.56</ele>
      </trkpt>
      <trkpt lat="34.25468" lon="-116.73905">
        <ele>2022.46</ele>
      </trkpt>
      <trkpt lat="34.25467" lon="-116.73912">
        <ele>2022.56</ele>
      </trkpt>
      <trkpt lat="34.25467" lon="-116.7392">
        <ele>2022.77</ele>
      </trkpt>
      <trkpt lat="34.25468" lon="-116.73927">
        <ele>2022.91</ele>
      </trkpt>
      <trkpt lat="34.25468" lon="-116.73934">
        <ele>2022.91</ele>
      </trkpt>
      <trkpt lat="34.25469" lon="-116.73941">
        <ele>2023.11</ele>
      </trkpt>
      <trkpt lat="34.25471" lon="-116.73948">
        <ele>2023.13</ele>
      </trkpt>
      <trkpt lat="34.25471" lon="-116.73955">
        <ele>2023.13</ele>
      </trkpt>
      <trkpt lat="34.25472" lon="-116.73962">
        <ele>2023.02</ele>
      </trkpt>
      <trkpt lat="34.25474" lon="-116.7397">
        <ele>2022.85</ele>
      </trkpt>
      <trkpt lat="34.25476" lon="-116.73977">
        <ele>2022.29</ele>
      </trkpt>
      <trkpt lat="34.25478" lon="-116.73984">
        <ele>2022.0</ele>
      </trkpt>
      <trkpt lat="34.25481" lon="-116.73991">
        <ele>2021.97</ele>
      </trkpt>
      <trkpt lat="34.25484" lon="-116.73998">
        <ele>2021.16</ele>
      </trkpt>
      <trkpt lat="34.25487" lon="-116.74005">
        <ele>2020.68</ele>
      </trkpt>
      <trkpt lat="34.2549" lon="-116.74012">
        <ele>2020.06</ele>
      </trkpt>
      <trkpt lat="34.25494" lon="-116.7402">
        <ele>2019.54</ele>
      </trkpt>
      <trkpt lat="34.25498" lon="-116.74025">
        <ele>2019.06</ele>
      </trkpt>
      <trkpt lat="34.25502" lon="-116.74031">
        <ele>2018.51</ele>
      </trkpt>
      <trkpt lat="34.25505" lon="-116.74037">
        <ele>2018.0</ele>
      </trkpt>
      <trkpt lat="34.25509" lon="-116.74042">
        <ele>2017.48</ele>
      </trkpt>
      <trkpt lat="34.25513" lon="-116.74048">
        <ele>2017.0</ele>
      </trkpt>
      <trkpt lat="34.25517" lon="-116.74055">
        <ele>2017.0</ele>
      </trkpt>
      <trkpt lat="34.2552" lon="-116.74062">
        <ele>2016.26</ele>
      </trkpt>
      <trkpt lat="34.25523" lon="-116.7407">
        <ele>2016.0</ele>
      </trkpt>
      <trkpt lat="34.25526" lon="-116.74077">
        <ele>2015.68</ele>
      </trkpt>
      <trkpt lat="34.25529" lon="-116.74084">
        <ele>2014.93</ele>
      </trkpt>
      <trkpt lat="34.25533" lon="-116.74091">
        <ele>2014.17</ele>
      </trkpt>
      <trkpt lat="34.25536" lon="-116.74098">
        <ele>2013.93</ele>
      </trkpt>
      <trkpt lat="34.2554" lon="-116.74104">
        <ele>2013.84</ele>
      </trkpt>
      <trkpt lat="34.25544" lon="-116.7411">
        <ele>2013.78</ele>
      </trkpt>
      <trkpt lat="34.25548" lon="-116.74115">
        <ele>2013.66</ele>
      </trkpt>
      <trkpt lat="34.25552" lon="-116.74121">
        <ele>2013.57</ele>
      </trkpt>
      <trkpt lat="34.25556" lon="-116.74127">
        <ele>2013.28</ele>
      </trkpt>
      <trkpt lat="34.25558" lon="-116.74134">
        <ele>2012.53</ele>
      </trkpt>
      <trkpt lat="34.25559" lon="-116.74141">
        <ele>2011.77</ele>
      </trkpt>
      <trkpt lat="34.25561" lon="-116.74148">
        <ele>2011.02</ele>
      </trkpt>
      <trkpt lat="34.25563" lon="-116.74155">
        <ele>2010.26</ele>
      </trkpt>
      <trkpt lat="34.25564" lon="-116.74163">
        <ele>2009.34</ele>
      </trkpt>
      <trkpt lat="34.25566" lon="-116.7417">
        <ele>2008.85</ele>
      </trkpt>
      <trkpt lat="34.25567" lon="-116.74177">
        <ele>2008.09</ele>
      </trkpt>
      <trkpt lat="34.25569" lon="-116.74184">
        <ele>2007.19</ele>
      </trkpt>
      <trkpt lat="34.25571" lon="-116.74191">
        <ele>2006.79</ele>
      </trkpt>
      <trkpt lat="34.25574" lon="-116.74198">
        <ele>2006.61</ele>
      </trkpt>
      <trkpt lat="34.25578" lon="-116.74205">
        <ele>2005.92</ele>
      </trkpt>
      <trkpt lat="34.25581" lon="-116.74213">
        <ele>2005.75</ele>
      </trkpt>
      <trkpt lat="34.25584" lon="-116.7422">
        <ele>2005.29</ele>
      </trkpt>
      <trkpt lat="34.25587" lon="-116.74227">
        <ele>2005.19</ele>
      </trkpt>
      <trkpt lat="34.25591" lon="-116.74234">
        <ele>2004.95</ele>
      </trkpt>
      <trkpt lat="34.25594" lon="-116.74241">
        <ele>2004.95</ele>
      </trkpt>
      <trkpt lat="34.25598" lon="-116.74247">
        <ele>2004.04</ele>
      </trkpt>
      <trkpt lat="34.25602" lon="-116.74253">
        <ele>2003.69</ele>
      </trkpt>
      <trkpt lat="34.25606" lon="-116.74258">
        <ele>2003.58</ele>
      </trkpt>
      <trkpt lat="34.2561" lon="-116.74264">
        <ele>2003.37</ele>
      </trkpt>
      <trkpt lat="34.25614" lon="-116.74268">
        <ele>2003.07</ele>
      </trkpt>
      <trkpt lat="34.25618" lon="-116.74274">
        <ele>2002.26</ele>
      </trkpt>
      <trkpt lat="34.25622" lon="-116.7428">
        <ele>2001.39</ele>
      </trkpt>
      <trkpt lat="34.25626" lon="-116.74286">
        <ele>2000.16</ele>
      </trkpt>
      <trkpt lat="34.25631" lon="-116.7429">
        <ele>1999.26</ele>
      </trkpt>
      <trkpt lat="34.25635" lon="-116.74296">
        <ele>1998.05</ele>
      </trkpt>
      <trkpt lat="34.25639" lon="-116.74301">
        <ele>1996.98</ele>
      </trkpt>
      <trkpt lat="34.25643" lon="-116.74306">
        <ele>1995.88</ele>
      </trkpt>
      <trkpt lat="34.25648" lon="-116.7431">
        <ele>1995.03</ele>
      </trkpt>
      <trkpt lat="34.25653" lon="-116.74314">
        <ele>1994.7</ele>
      </trkpt>
      <trkpt lat="34.25657" lon="-116.74319">
        <ele>1994.05</ele>
      </trkpt>
      <trkpt lat="34.25663" lon="-116.74321">
        <ele>1994.27</ele>
      </trkpt>
      <trkpt lat="34.25668" lon="-116.74324">
        <ele>1994.02</ele>
      </trkpt>
      <trkpt lat="34.25673" lon="-116.74327">
        <ele>1993.37</ele>
      </trkpt>
      <trkpt lat="34.25679" lon="-116.7433">
        <ele>1992.72</ele>
      </trkpt>
      <trkpt lat="34.25684" lon="-116.74333">
        <ele>1992.07</ele>
      </trkpt>
      <trkpt lat="34.25689" lon="-116.74336">
        <ele>1991.42</ele>
      </trkpt>
      <trkpt lat="34.25693" lon="-116.74342">
        <ele>1990.13</ele>
      </trkpt>
      <trkpt lat="34.25695" lon="-116.74349">
        <ele>1988.6</ele>
      </trkpt>
      <trkpt lat="34.25693" lon="-116.74356">
        <ele>1987.19</ele>
      </trkpt>
      <trkpt lat="34.25689" lon="-116.74363">
        <ele>1985.59</ele>
      </trkpt>
      <trkpt lat="34.25685" lon="-116.74368">
        <ele>1984.52</ele>
      </trkpt>
      <trkpt lat="34.2568" lon="-116.74371">
        <ele>1983.86</ele>
      </trkpt>
      <trkpt lat="34.25675" lon="-116.74375">
        <ele>1983.0</ele>
      </trkpt>
      <trkpt lat="34.25668" lon="-116.74376">
        <ele>1982.78</ele>
      </trkpt>
      <trkpt lat="34.25662" lon="-116.74377">
        <ele>1982.06</ele>
      </trkpt>
      <trkpt lat="34.25655" lon="-116.74377">
        <ele>1981.49</ele>
      </trkpt>
      <trkpt lat="34.25648" lon="-116.74377">
        <ele>1981.27</ele>
      </trkpt>
      <trkpt lat="34.25642" lon="-116.74377">
        <ele>1980.62</ele>
      </trkpt>
      <trkpt lat="34.25641" lon="-116.74377">
        <ele>1980.51</ele>
      </trkpt>
      <trkpt lat="34.25617" lon="-116.74373">
        <ele>1975.88</ele>
      </trkpt>
      <trkpt lat="34.25616" lon="-116.74373">
        <ele>1975.64</ele>
      </trkpt>
      <trkpt lat="34.25599" lon="-116.74377">
        <ele>1972.85</ele>
      </trkpt>
      <trkpt lat="34.25599" lon="-116.74377">
        <ele>1972.85</ele>
      </trkpt>
      <trkpt lat="34.25595" lon="-116.74378">
        <ele>1972.53</ele>
      </trkpt>
      <trkpt lat="34.25589" lon="-116.7438">
        <ele>1971.47</ele>
      </trkpt>
      <trkpt lat="34.25583" lon="-116.74381">
        <ele>1970.52</ele>
      </trkpt>
      <trkpt lat="34.25576" lon="-116.74382">
        <ele>1969.44</ele>
      </trkpt>
      <trkpt lat="34.2557" lon="-116.74384">
        <ele>1968.14</ele>
      </trkpt>
      <trkpt lat="34.25564" lon="-116.74384">
        <ele>1967.49</ele>
      </trkpt>
      <trkpt lat="34.25557" lon="-116.74384">
        <ele>1966.69</ele>
      </trkpt>
      <trkpt lat="34.25551" lon="-116.74384">
        <ele>1965.54</ele>
      </trkpt>
      <trkpt lat="34.25542" lon="-116.74375">
        <ele>1963.34</ele>
      </trkpt>
      <trkpt lat="34.25541" lon="-116.74374">
        <ele>1963.02</ele>
      </trkpt>
      <trkpt lat="34.25533" lon="-116.74369">
        <ele>1961.71</ele>
      </trkpt>
      <trkpt lat="34.25532" lon="-116.7437">
        <ele>1961.5</ele>
      </trkpt>
      <trkpt lat="34.25529" lon="-116.74376">
        <ele>1960.6</ele>
      </trkpt>
      <trkpt lat="34.25529" lon="-116.74377">
        <ele>1960.51</ele>
      </trkpt>
      <trkpt lat="34.25527" lon="-116.7439">
        <ele>1959.41</ele>
      </trkpt>
      <trkpt lat="34.25527" lon="-116.74391">
        <ele>1959.4</ele>
      </trkpt>
      <trkpt lat="34.2553" lon="-116.74396">
        <ele>1959.3</ele>
      </trkpt>
      <trkpt lat="34.25535" lon="-116.74401">
        <ele>1959.47</ele>
      </trkpt>
      <trkpt lat="34.25539" lon="-116.74406">
        <ele>1959.61</ele>
      </trkpt>
      <trkpt lat="34.25543" lon="-116.74412">
        <ele>1959.47</ele>
      </trkpt>
      <trkpt lat="34.25546" lon="-116.74419">
        <ele>1958.47</ele>
      </trkpt>
      <trkpt lat="34.25549" lon="-116.74426">
        <ele>1957.28</ele>
      </trkpt>
      <trkpt lat="34.25551" lon="-116.74434">
        <ele>1956.19</ele>
      </trkpt>
      <trkpt lat="34.25549" lon="-116.74441">
        <ele>1955.37</ele>
      </trkpt>
      <trkpt lat="34.25545" lon="-116.74448">
        <ele>1955.05</ele>
      </trkpt>
      <trkpt lat="34.2554" lon="-116.74452">
        <ele>1955.55</ele>
      </trkpt>
      <trkpt lat="34.25536" lon="-116.74458">
        <ele>1956.46</ele>
      </trkpt>
      <trkpt lat="34.25531" lon="-116.74462">
        <ele>1956.9</ele>
      </trkpt>
      <trkpt lat="34.25528" lon="-116.74469">
        <ele>1957.64</ele>
      </trkpt>
      <trkpt lat="34.25526" lon="-116.74476">
        <ele>1958.0</ele>
      </trkpt>
      <trkpt lat="34.25526" lon="-116.74483">
        <ele>1958.2</ele>
      </trkpt>
      <trkpt lat="34.25525" lon="-116.74491">
        <ele>1959.33</ele>
      </trkpt>
      <trkpt lat="34.25524" lon="-116.74498">
        <ele>1960.19</ele>
      </trkpt>
      <trkpt lat="34.25524" lon="-116.74505">
        <ele>1960.73</ele>
      </trkpt>
      <trkpt lat="34.25523" lon="-116.74512">
        <ele>1961.15</ele>
      </trkpt>
      <trkpt lat="34.25521" lon="-116.74519">
        <ele>1961.75</ele>
      </trkpt>
      <trkpt lat="34.2552" lon="-116.74526">
        <ele>1961.97</ele>
      </trkpt>
      <trkpt lat="34.25519" lon="-116.74533">
        <ele>1962.53</ele>
      </trkpt>
      <trkpt lat="34.25517" lon="-116.7454">
        <ele>1963.0</ele>
      </trkpt>
      <trkpt lat="34.25516" lon="-116.74548">
        <ele>1963.0</ele>
      </trkpt>
      <trkpt lat="34.25515" lon="-116.74555">
        <ele>1963.0</ele>
      </trkpt>
      <trkpt lat="34.25514" lon="-116.74562">
        <ele>1963.0</ele>
      </trkpt>
      <trkpt lat="34.25514" lon="-116.74568">
        <ele>1963.35</ele>
      </trkpt>
      <trkpt lat="34.25513" lon="-116.74569">
        <ele>1963.37</ele>
      </trkpt>
      <trkpt lat="34.25514" lon="-116.74576">
        <ele>1964.34</ele>
      </trkpt>
      <trkpt lat="34.25513" lon="-116.74583">
        <ele>1965.16</ele>
      </trkpt>
      <trkpt lat="34.25514" lon="-116.7459">
        <ele>1966.26</ele>
      </trkpt>
      <trkpt lat="34.25513" lon="-116.74598">
        <ele>1966.8</ele>
      </trkpt>
      <trkpt lat="34.25513" lon="-116.74605">
        <ele>1967.55</ele>
      </trkpt>
      <trkpt lat="34.25512" lon="-116.74612">
        <ele>1967.89</ele>
      </trkpt>
      <trkpt lat="34.25513" lon="-116.74619">
        <ele>1968.21</ele>
      </trkpt>
      <trkpt lat="34.25514" lon="-116.74626">
        <ele>1969.44</ele>
      </trkpt>
      <trkpt lat="34.25514" lon="-116.74633">
        <ele>1970.57</ele>
      </trkpt>
      <trkpt lat="34.25516" lon="-116.7464">
        <ele>1971.85</ele>
      </trkpt>
      <trkpt lat="34.25514" lon="-116.74647">
        <ele>1972.39</ele>
      </trkpt>
      <trkpt lat="34.25509" lon="-116.74653">
        <ele>1972.52</ele>
      </trkpt>
      <trkpt lat="34.25504" lon="-116.74656">
        <ele>1972.85</ele>
      </trkpt>
      <trkpt lat="34.25499" lon="-116.74659">
        <ele>1973.43</ele>
      </trkpt>
      <trkpt lat="34.25493" lon="-116.74662">
        <ele>1974.37</ele>
      </trkpt>
      <trkpt lat="34.25487" lon="-116.74663">
        <ele>1975.01</ele>
      </trkpt>
      <trkpt lat="34.25483" lon="-116.74669">
        <ele>1976.09</ele>
      </trkpt>
      <trkpt lat="34.25479" lon="-116.74676">
        <ele>1977.28</ele>
      </trkpt>
      <trkpt lat="34.25476" lon="-116.74683">
        <ele>1978.36</ele>
      </trkpt>
      <trkpt lat="34.25472" lon="-116.7469">
        <ele>1978.99</ele>
      </trkpt>
      <trkpt lat="34.2547" lon="-116.74697">
        <ele>1979.21</ele>
      </trkpt>
      <trkpt lat="34.25468" lon="-116.74704">
        <ele>1979.59</ele>
      </trkpt>
      <trkpt lat="34.25466" lon="-116.74711">
        <ele>1980.37</ele>
      </trkpt>
      <trkpt lat="34.25465" lon="-116.74719">
        <ele>1981.09</ele>
      </trkpt>
      <trkpt lat="34.25464" lon="-116.74726">
        <ele>1982.04</ele>
      </trkpt>
      <trkpt lat="34.25462" lon="-116.74733">
        <ele>1982.96</ele>
      </trkpt>
      <trkpt lat="34.25461" lon="-116.7474">
        <ele>1983.5</ele>
      </trkpt>
      <trkpt lat="34.2546" lon="-116.74747">
        <ele>1984.04</ele>
      </trkpt>
      <trkpt lat="34.25459" lon="-116.74754">
        <ele>1984.58</ele>
      </trkpt>
      <trkpt lat="34.25458" lon="-116.74761">
        <ele>1985.12</ele>
      </trkpt>
      <trkpt lat="34.25459" lon="-116.74768">
        <ele>1986.09</ele>
      </trkpt>
      <trkpt lat="34.25458" lon="-116.74776">
        <ele>1986.36</ele>
      </trkpt>
      <trkpt lat="34.25459" lon="-116.74783">
        <ele>1987.38</ele>
      </trkpt>
      <trkpt lat="34.25458" lon="-116.7479">
        <ele>1988.32</ele>
      </trkpt>
      <trkpt lat="34.25461" lon="-116.74797">
        <ele>1989.06</ele>
      </trkpt>
      <trkpt lat="34.25463" lon="-116.74804">
        <ele>1989.83</ele>
      </trkpt>
      <trkpt lat="34.25467" lon="-116.7481">
        <ele>1990.21</ele>
      </trkpt>
      <trkpt lat="34.2547" lon="-116.74817">
        <ele>1991.0</ele>
      </trkpt>
      <trkpt lat="34.25475" lon="-116.7482">
        <ele>1991.56</ele>
      </trkpt>
      <trkpt lat="34.2548" lon="-116.74824">
        <ele>1991.99</ele>
      </trkpt>
      <trkpt lat="34.25487" lon="-116.74824">
        <ele>1992.59</ele>
      </trkpt>
      <trkpt lat="34.25493" lon="-116.74826">
        <ele>1993.05</ele>
      </trkpt>
      <trkpt lat="34.255" lon="-116.74826">
        <ele>1993.21</ele>
      </trkpt>
      <trkpt lat="34.25506" lon="-116.74826">
        <ele>1993.72</ele>
      </trkpt>
      <trkpt lat="34.25513" lon="-116.74826">
        <ele>1994.0</ele>
      </trkpt>
      <trkpt lat="34.2552" lon="-116.74826">
        <ele>1994.03</ele>
      </trkpt>
      <trkpt lat="34.25527" lon="-116.74826">
        <ele>1994.19</ele>
      </trkpt>
      <trkpt lat="34.25534" lon="-116.74826">
        <ele>1994.21</ele>
      </trkpt>
      <trkpt lat="34.25537" lon="-116.74826">
        <ele>1994.21</ele>
      </trkpt>
      <trkpt lat="34.25566" lon="-116.74822">
        <ele>1993.68</ele>
      </trkpt>
      <trkpt lat="34.25566" lon="-116.74822">
        <ele>1993.68</ele>
      </trkpt>
      <trkpt lat="34.25591" lon="-116.74825">
        <ele>1992.17</ele>
      </trkpt>
      <trkpt lat="34.25591" lon="-116.74825">
        <ele>1992.17</ele>
      </trkpt>
      <trkpt lat="34.25608" lon="-116.74826">
        <ele>1989.81</ele>
      </trkpt>
      <trkpt lat="34.25609" lon="-116.74827">
        <ele>1989.7</ele>
      </trkpt>
      <trkpt lat="34.25614" lon="-116.74828">
        <ele>1989.29</ele>
      </trkpt>
      <trkpt lat="34.2562" lon="-116.74829">
        <ele>1989.02</ele>
      </trkpt>
      <trkpt lat="34.25626" lon="-116.74831">
        <ele>1988.39</ele>
      </trkpt>
      <trkpt lat="34.25632" lon="-116.74832">
        <ele>1988.0</ele>
      </trkpt>
      <trkpt lat="34.25638" lon="-116.74834">
        <ele>1988.0</ele>
      </trkpt>
      <trkpt lat="34.25644" lon="-116.74835">
        <ele>1988.0</ele>
      </trkpt>
      <trkpt lat="34.2565" lon="-116.74836">
        <ele>1988.0</ele>
      </trkpt>
      <trkpt lat="34.25657" lon="-116.74838">
        <ele>1988.0</ele>
      </trkpt>
      <trkpt lat="34.25662" lon="-116.74841">
        <ele>1988.0</ele>
      </trkpt>
      <trkpt lat="34.25667" lon="-116.74844">
        <ele>1988.0</ele>
      </trkpt>
      <trkpt lat="34.25673" lon="-116.74845">
        <ele>1988.0</ele>
      </trkpt>
      <trkpt lat="34.25679" lon="-116.74847">
        <ele>1987.83</ele>
      </trkpt>
      <trkpt lat="34.25685" lon="-116.74849">
        <ele>1987.7</ele>
      </trkpt>
      <trkpt lat="34.25691" lon="-116.74851">
        <ele>1987.34</ele>
      </trkpt>
      <trkpt lat="34.25697" lon="-116.74852">
        <ele>1987.01</ele>
      </trkpt>
      <trkpt lat="34.25698" lon="-116.74853">
        <ele>1987.08</ele>
      </trkpt>
      <trkpt lat="34.25702" lon="-116.74855">
        <ele>1987.06</ele>
      </trkpt>
      <trkpt lat="34.25708" lon="-116.74858">
        <ele>1986.84</ele>
      </trkpt>
      <trkpt lat="34.25714" lon="-116.7486">
        <ele>1986.78</ele>
      </trkpt>
      <trkpt lat="34.25719" lon="-116.74863">
        <ele>1986.48</ele>
      </trkpt>
      <trkpt lat="34.25724" lon="-116.74865">
        <ele>1986.34</ele>
      </trkpt>
      <trkpt lat="34.2573" lon="-116.74868">
        <ele>1986.12</ele>
      </trkpt>
      <trkpt lat="34.25735" lon="-116.74871">
        <ele>1986.04</ele>
      </trkpt>
      <trkpt lat="34.2574" lon="-116.74875">
        <ele>1986.04</ele>
      </trkpt>
      <trkpt lat="34.25745" lon="-116.74879">
        <ele>1986.0</ele>
      </trkpt>
      <trkpt lat="34.25748" lon="-116.74886">
        <ele>1986.69</ele>
      </trkpt>
      <trkpt lat="34.25753" lon="-116.7489">
        <ele>1986.71</ele>
      </trkpt>
      <trkpt lat="34.25757" lon="-116.74896">
        <ele>1986.82</ele>
      </trkpt>
      <trkpt lat="34.25761" lon="-116.74901">
        <ele>1986.81</ele>
      </trkpt>
      <trkpt lat="34.25765" lon="-116.74907">
        <ele>1986.38</ele>
      </trkpt>
      <trkpt lat="34.25769" lon="-116.74913">
        <ele>1986.57</ele>
      </trkpt>
      <trkpt lat="34.25772" lon="-116.7492">
        <ele>1986.62</ele>
      </trkpt>
      <trkpt lat="34.25775" lon="-116.74927">
        <ele>1986.3</ele>
      </trkpt>
      <trkpt lat="34.25779" lon="-116.74933">
        <ele>1985.97</ele>
      </trkpt>
      <trkpt lat="34.25783" lon="-116.74938">
        <ele>1986.13</ele>
      </trkpt>
      <trkpt lat="34.25787" lon="-116.74944">
        <ele>1986.0</ele>
      </trkpt>
      <trkpt lat="34.25791" lon="-116.7495">
        <ele>1985.57</ele>
      </trkpt>
      <trkpt lat="34.25795" lon="-116.74956">
        <ele>1985.14</ele>
      </trkpt>
      <trkpt lat="34.25799" lon="-116.74961">
        <ele>1984.71</ele>
      </trkpt>
      <trkpt lat="34.25803" lon="-116.74967">
        <ele>1984.59</ele>
      </trkpt>
      <trkpt lat="34.25807" lon="-116.74973">
        <ele>1984.84</ele>
      </trkpt>
      <trkpt lat="34.25811" lon="-116.74979">
        <ele>1984.41</ele>
      </trkpt>
      <trkpt lat="34.25815" lon="-116.74984">
        <ele>1984.25</ele>
      </trkpt>
      <trkpt lat="34.25818" lon="-116.74991">
        <ele>1984.66</ele>
      </trkpt>
      <trkpt lat="34.25821" lon="-116.74999">
        <ele>1984.33</ele>
      </trkpt>
      <trkpt lat="34.25825" lon="-116.75004">
        <ele>1984.33</ele>
      </trkpt>
      <trkpt lat="34.25829" lon="-116.7501">
        <ele>1984.47</ele>
      </trkpt>
      <trkpt lat="34.25833" lon="-116.75016">
        <ele>1984.04</ele>
      </trkpt>
      <trkpt lat="34.25838" lon="-116.7502">
        <ele>1984.0</ele>
      </trkpt>
      <trkpt lat="34.25842" lon="-116.75024">
        <ele>1984.0</ele>
      </trkpt>
      <trkpt lat="34.25847" lon="-116.75029">
        <ele>1984.0</ele>
      </trkpt>
      <trkpt lat="34.25852" lon="-116.75033">
        <ele>1983.99</ele>
      </trkpt>
      <trkpt lat="34.25858" lon="-116.75033">
        <ele>1983.71</ele>
      </trkpt>
      <trkpt lat="34.25864" lon="-116.75034">
        <ele>1983.67</ele>
      </trkpt>
      <trkpt lat="34.25871" lon="-116.75035">
        <ele>1983.78</ele>
      </trkpt>
      <trkpt lat="34.25878" lon="-116.75035">
        <ele>1983.78</ele>
      </trkpt>
      <trkpt lat="34.25884" lon="-116.75033">
        <ele>1983.77</ele>
      </trkpt>
      <trkpt lat="34.25888" lon="-116.75027">
        <ele>1983.83</ele>
      </trkpt>
      <trkpt lat="34.25892" lon="-116.7502">
        <ele>1983.44</ele>
      </trkpt>
      <trkpt lat="34.25896" lon="-116.75015">
        <ele>1983.48</ele>
      </trkpt>
      <trkpt lat="34.259" lon="-116.75008">
        <ele>1983.06</ele>
      </trkpt>
      <trkpt lat="34.25905" lon="-116.75005">
        <ele>1983.28</ele>
      </trkpt>
      <trkpt lat="34.2591" lon="-116.75001">
        <ele>1983.39</ele>
      </trkpt>
      <trkpt lat="34.25917" lon="-116.75">
        <ele>1984.04</ele>
      </trkpt>
      <trkpt lat="34.25922" lon="-116.74998">
        <ele>1984.27</ele>
      </trkpt>
      <trkpt lat="34.25928" lon="-116.74996">
        <ele>1984.79</ele>
      </trkpt>
      <trkpt lat="34.25934" lon="-116.74995">
        <ele>1985.33</ele>
      </trkpt>
      <trkpt lat="34.2594" lon="-116.74993">
        <ele>1985.76</ele>
      </trkpt>
      <trkpt lat="34.25947" lon="-116.74992">
        <ele>1986.41</ele>
      </trkpt>
      <trkpt lat="34.25953" lon="-116.74992">
        <ele>1987.06</ele>
      </trkpt>
      <trkpt lat="34.25959" lon="-116.74991">
        <ele>1987.6</ele>
      </trkpt>
      <trkpt lat="34.25966" lon="-116.74989">
        <ele>1988.92</ele>
      </trkpt>
      <trkpt lat="34.25972" lon="-116.74988">
        <ele>1990.64</ele>
      </trkpt>
      <trkpt lat="34.25978" lon="-116.74987">
        <ele>1991.22</ele>
      </trkpt>
      <trkpt lat="34.25979" lon="-116.74986">
        <ele>1991.22</ele>
      </trkpt>
      <trkpt lat="34.25988" lon="-116.74982">
        <ele>1991.76</ele>
      </trkpt>
      <trkpt lat="34.25989" lon="-116.74982">
        <ele>1991.87</ele>
      </trkpt>
      <trkpt lat="34.26005" lon="-116.74987">
        <ele>1992.27</ele>
      </trkpt>
      <trkpt lat="34.26005" lon="-116.74987">
        <ele>1992.27</ele>
      </trkpt>
      <trkpt lat="34.26011" lon="-116.74993">
        <ele>1992.06</ele>
      </trkpt>
      <trkpt lat="34.26011" lon="-116.74994">
        <ele>1992.16</ele>
      </trkpt>
      <trkpt lat="34.26016" lon="-116.75019">
        <ele>1994.54</ele>
      </trkpt>
      <trkpt lat="34.26017" lon="-116.75024">
        <ele>1994.33</ele>
      </trkpt>
      <trkpt lat="34.26025" lon="-116.75054">
        <ele>1993.6</ele>
      </trkpt>
      <trkpt lat="34.26025" lon="-116.75054">
        <ele>1993.6</ele>
      </trkpt>
      <trkpt lat="34.26043" lon="-116.751">
        <ele>1993.07</ele>
      </trkpt>
      <trkpt lat="34.26044" lon="-116.75102">
        <ele>1992.98</ele>
      </trkpt>
      <trkpt lat="34.26047" lon="-116.7512">
        <ele>1991.04</ele>
      </trkpt>
      <trkpt lat="34.26047" lon="-116.7512">
        <ele>1991.04</ele>
      </trkpt>
      <trkpt lat="34.26041" lon="-116.75149">
        <ele>1990.0</ele>
      </trkpt>
      <trkpt lat="34.26041" lon="-116.7515">
        <ele>1990.0</ele>
      </trkpt>
      <trkpt lat="34.26041" lon="-116.7515">
        <ele>1990.0</ele>
      </trkpt>
      <trkpt lat="34.2604" lon="-116.75157">
        <ele>1990.0</ele>
      </trkpt>
      <trkpt lat="34.26039" lon="-116.75164">
        <ele>1990.71</ele>
      </trkpt>
      <trkpt lat="34.26039" lon="-116.75171">
        <ele>1991.0</ele>
      </trkpt>
      <trkpt lat="34.26039" lon="-116.75178">
        <ele>1991.0</ele>
      </trkpt>
      <trkpt lat="34.26042" lon="-116.75185">
        <ele>1991.0</ele>
      </trkpt>
      <trkpt lat="34.26044" lon="-116.75192">
        <ele>1991.0</ele>
      </trkpt>
      <trkpt lat="34.26047" lon="-116.75199">
        <ele>1991.0</ele>
      </trkpt>
      <trkpt lat="34.2605" lon="-116.75207">
        <ele>1991.21</ele>
      </trkpt>
      <trkpt lat="34.26053" lon="-116.75214">
        <ele>1991.36</ele>
      </trkpt>
      <trkpt lat="34.26057" lon="-116.7522">
        <ele>1991.64</ele>
      </trkpt>
      <trkpt lat="34.26061" lon="-116.75226">
        <ele>1991.65</ele>
      </trkpt>
      <trkpt lat="34.26066" lon="-116.7523">
        <ele>1991.73</ele>
      </trkpt>
      <trkpt lat="34.26071" lon="-116.75234">
        <ele>1991.51</ele>
      </trkpt>
      <trkpt lat="34.26076" lon="-116.75237">
        <ele>1991.47</ele>
      </trkpt>
      <trkpt lat="34.26081" lon="-116.7524">
        <ele>1991.23</ele>
      </trkpt>
      <trkpt lat="34.26087" lon="-116.75242">
        <ele>1990.66</ele>
      </trkpt>
      <trkpt lat="34.26092" lon="-116.75245">
        <ele>1990.49</ele>
      </trkpt>
      <trkpt lat="34.26098" lon="-116.75247">
        <ele>1990.68</ele>
      </trkpt>
      <trkpt lat="34.26103" lon="-116.7525">
        <ele>1990.88</ele>
      </trkpt>
      <trkpt lat="34.26109" lon="-116.75253">
        <ele>1989.98</ele>
      </trkpt>
      <trkpt lat="34.26114" lon="-116.75255">
        <ele>1989.0</ele>
      </trkpt>
      <trkpt lat="34.26119" lon="-116.75259">
        <ele>1988.15</ele>
      </trkpt>
      <trkpt lat="34.26123" lon="-116.75266">
        <ele>1988.0</ele>
      </trkpt>
      <trkpt lat="34.26127" lon="-116.7527">
        <ele>1988.05</ele>
      </trkpt>
      <trkpt lat="34.26131" lon="-116.75276">
        <ele>1988.0</ele>
      </trkpt>
      <trkpt lat="34.26135" lon="-116.75281">
        <ele>1988.0</ele>
      </trkpt>
      <trkpt lat="34.26139" lon="-116.75287">
        <ele>1987.99</ele>
      </trkpt>
      <trkpt lat="34.26144" lon="-116.75291">
        <ele>1987.45</ele>
      </trkpt>
      <trkpt lat="34.26148" lon="-116.75297">
        <ele>1987.09</ele>
      </trkpt>
      <trkpt lat="34.26152" lon="-116.75303">
        <ele>1987.42</ele>
      </trkpt>
      <trkpt lat="34.26156" lon="-116.75308">
        <ele>1987.15</ele>
      </trkpt>
      <trkpt lat="34.2616" lon="-116.75314">
        <ele>1987.0</ele>
      </trkpt>
      <trkpt lat="34.26163" lon="-116.75321">
        <ele>1987.0</ele>
      </trkpt>
      <trkpt lat="34.26165" lon="-116.75328">
        <ele>1987.0</ele>
      </trkpt>
      <trkpt lat="34.26167" lon="-116.75334">
        <ele>1987.0</ele>
      </trkpt>
      <trkpt lat="34.26168" lon="-116.75341">
        <ele>1987.0</ele>
      </trkpt>
      <trkpt lat="34.26172" lon="-116.75346">
        <ele>1987.37</ele>
      </trkpt>
      <trkpt lat="34.26176" lon="-116.7535">
        <ele>1987.8</ele>
      </trkpt>
      <trkpt lat="34.26181" lon="-116.75353">
        <ele>1988.0</ele>
      </trkpt>
      <trkpt lat="34.26186" lon="-116.75357">
        <ele>1988.05</ele>
      </trkpt>
      <trkpt lat="34.26191" lon="-116.7536">
        <ele>1988.55</ele>
      </trkpt>
      <trkpt lat="34.26196" lon="-116.75363">
        <ele>1989.0</ele>
      </trkpt>
      <trkpt lat="34.26201" lon="-116.75367">
        <ele>1989.52</ele>
      </trkpt>
      <trkpt lat="34.26206" lon="-116.75372">
        <ele>1990.12</ele>
      </trkpt>
      <trkpt lat="34.2621" lon="-116.75376">
        <ele>1990.49</ele>
      </trkpt>
      <trkpt lat="34.26215" lon="-116.7538">
        <ele>1991.18</ele>
      </trkpt>
      <trkpt lat="34.2622" lon="-116.75384">
        <ele>1991.29</ele>
      </trkpt>
      <trkpt lat="34.26225" lon="-116.75388">
        <ele>1991.67</ele>
      </trkpt>
      <trkpt lat="34.26228" lon="-116.75394">
        <ele>1991.9</ele>
      </trkpt>
      <trkpt lat="34.26233" lon="-116.75399">
        <ele>1992.31</ele>
      </trkpt>
      <trkpt lat="34.26236" lon="-116.75406">
        <ele>1992.56</ele>
      </trkpt>
      <trkpt lat="34.26241" lon="-116.75409">
        <ele>1993.03</ele>
      </trkpt>
      <trkpt lat="34.26246" lon="-116.75413">
        <ele>1993.57</ele>
      </trkpt>
      <trkpt lat="34.26252" lon="-116.75416">
        <ele>1994.43</ele>
      </trkpt>
      <trkpt lat="34.26256" lon="-116.7542">
        <ele>1995.06</ele>
      </trkpt>
      <trkpt lat="34.26261" lon="-116.75425">
        <ele>1995.48</ele>
      </trkpt>
      <trkpt lat="34.26266" lon="-116.75429">
        <ele>1996.46</ele>
      </trkpt>
      <trkpt lat="34.2627" lon="-116.75433">
        <ele>1997.16</ele>
      </trkpt>
      <trkpt lat="34.26275" lon="-116.75438">
        <ele>1997.61</ele>
      </trkpt>
      <trkpt lat="34.26279" lon="-116.75442">
        <ele>1998.23</ele>
      </trkpt>
      <trkpt lat="34.26285" lon="-116.75445">
        <ele>1999.62</ele>
      </trkpt>
      <trkpt lat="34.26289" lon="-116.75449">
        <ele>2000.7</ele>
      </trkpt>
      <trkpt lat="34.26295" lon="-116.75452">
        <ele>2001.68</ele>
      </trkpt>
      <trkpt lat="34.26299" lon="-116.75456">
        <ele>2002.58</ele>
      </trkpt>
      <trkpt lat="34.26305" lon="-116.75459">
        <ele>2003.88</ele>
      </trkpt>
      <trkpt lat="34.26308" lon="-116.75466">
        <ele>2004.02</ele>
      </trkpt>
      <trkpt lat="34.26312" lon="-116.75472">
        <ele>2004.4</ele>
      </trkpt>
      <trkpt lat="34.26315" lon="-116.75479">
        <ele>2005.04</ele>
      </trkpt>
      <trkpt lat="34.26318" lon="-116.75486">
        <ele>2005.69</ele>
      </trkpt>
      <trkpt lat="34.26322" lon="-116.75493">
        <ele>2006.74</ele>
      </trkpt>
      <trkpt lat="34.26325" lon="-116.75501">
        <ele>2008.31</ele>
      </trkpt>
      <trkpt lat="34.26329" lon="-116.75506">
        <ele>2009.71</ele>
      </trkpt>
      <trkpt lat="34.26333" lon="-116.75512">
        <ele>2011.21</ele>
      </trkpt>
      <trkpt lat="34.26337" lon="-116.75518">
        <ele>2012.34</ele>
      </trkpt>
      <trkpt lat="34.26341" lon="-116.75522">
        <ele>2012.83</ele>
      </trkpt>
      <trkpt lat="34.26346" lon="-116.75526">
        <ele>2013.3</ele>
      </trkpt>
      <trkpt lat="34.26351" lon="-116.75531">
        <ele>2013.91</ele>
      </trkpt>
      <trkpt lat="34.26355" lon="-116.75535">
        <ele>2014.0</ele>
      </trkpt>
      <trkpt lat="34.26361" lon="-116.75538">
        <ele>2014.0</ele>
      </trkpt>
      <trkpt lat="34.26365" lon="-116.75542">
        <ele>2014.42</ele>
      </trkpt>
      <trkpt lat="34.26371" lon="-116.75545">
        <ele>2015.07</ele>
      </trkpt>
      <trkpt lat="34.26375" lon="-116.75549">
        <ele>2015.5</ele>
      </trkpt>
      <trkpt lat="34.26381" lon="-116.75552">
        <ele>2016.06</ele>
      </trkpt>
      <trkpt lat="34.26385" lon="-116.75556">
        <ele>2016.0</ele>
      </trkpt>
      <trkpt lat="34.26391" lon="-116.75559">
        <ele>2016.31</ele>
      </trkpt>
      <trkpt lat="34.26395" lon="-116.75564">
        <ele>2017.26</ele>
      </trkpt>
      <trkpt lat="34.264" lon="-116.75568">
        <ele>2018.07</ele>
      </trkpt>
      <trkpt lat="34.26405" lon="-116.75572">
        <ele>2018.57</ele>
      </trkpt>
      <trkpt lat="34.26409" lon="-116.75577">
        <ele>2019.17</ele>
      </trkpt>
      <trkpt lat="34.26414" lon="-116.75581">
        <ele>2019.71</ele>
      </trkpt>
      <trkpt lat="34.26419" lon="-116.75585">
        <ele>2020.25</ele>
      </trkpt>
      <trkpt lat="34.26424" lon="-116.75588">
        <ele>2020.79</ele>
      </trkpt>
      <trkpt lat="34.26429" lon="-116.75592">
        <ele>2021.31</ele>
      </trkpt>
      <trkpt lat="34.26434" lon="-116.75595">
        <ele>2021.87</ele>
      </trkpt>
      <trkpt lat="34.26438" lon="-116.756">
        <ele>2022.24</ele>
      </trkpt>
      <trkpt lat="34.26444" lon="-116.75602">
        <ele>2022.95</ele>
      </trkpt>
      <trkpt lat="34.26449" lon="-116.75607">
        <ele>2023.27</ele>
      </trkpt>
      <trkpt lat="34.26454" lon="-116.7561">
        <ele>2023.88</ele>
      </trkpt>
      <trkpt lat="34.26458" lon="-116.75614">
        <ele>2024.14</ele>
      </trkpt>
      <trkpt lat="34.26464" lon="-116.75617">
        <ele>2024.68</ele>
      </trkpt>
      <trkpt lat="34.26469" lon="-116.75621">
        <ele>2025.0</ele>
      </trkpt>
      <trkpt lat="34.26473" lon="-116.75625">
        <ele>2025.08</ele>
      </trkpt>
      <trkpt lat="34.26478" lon="-116.7563">
        <ele>2025.62</ele>
      </trkpt>
      <trkpt lat="34.26483" lon="-116.75634">
        <ele>2026.0</ele>
      </trkpt>
      <trkpt lat="34.26486" lon="-116.7564">
        <ele>2026.0</ele>
      </trkpt>
      <trkpt lat="34.2649" lon="-116.75646">
        <ele>2026.0</ele>
      </trkpt>
      <trkpt lat="34.26495" lon="-116.7565">
        <ele>2026.57</ele>
      </trkpt>
      <trkpt lat="34.26498" lon="-116.75655">
        <ele>2026.94</ele>
      </trkpt>
      <trkpt lat="34.26499" lon="-116.75656">
        <ele>2026.98</ele>
      </trkpt>
      <trkpt lat="34.26503" lon="-116.75661">
        <ele>2027.0</ele>
      </trkpt>
      <trkpt lat="34.26508" lon="-116.75666">
        <ele>2027.0</ele>
      </trkpt>
      <trkpt lat="34.26512" lon="-116.7567">
        <ele>2027.55</ele>
      </trkpt>
      <trkpt lat="34.26516" lon="-116.75676">
        <ele>2028.0</ele>
      </trkpt>
      <trkpt lat="34.2652" lon="-116.75681">
        <ele>2028.0</ele>
      </trkpt>
      <trkpt lat="34.26525" lon="-116.75686">
        <ele>2028.03</ele>
      </trkpt>
      <trkpt lat="34.26529" lon="-116.75691">
        <ele>2028.0</ele>
      </trkpt>
      <trkpt lat="34.26532" lon="-116.75697">
        <ele>2028.28</ele>
      </trkpt>
      <trkpt lat="34.26537" lon="-116.75703">
        <ele>2028.92</ele>
      </trkpt>
      <trkpt lat="34.2654" lon="-116.75709">
        <ele>2028.86</ele>
      </trkpt>
      <trkpt lat="34.26544" lon="-116.75714">
        <ele>2029.0</ele>
      </trkpt>
      <trkpt lat="34.26547" lon="-116.75718">
        <ele>2028.92</ele>
      </trkpt>
      <trkpt lat="34.26559" lon="-116.75743">
        <ele>2029.15</ele>
      </trkpt>
      <trkpt lat="34.26559" lon="-116.75743">
        <ele>2029.15</ele>
      </trkpt>
      <trkpt lat="34.26559" lon="-116.75744">
        <ele>2029.22</ele>
      </trkpt>
      <trkpt lat="34.26561" lon="-116.75751">
        <ele>2029.48</ele>
      </trkpt>
      <trkpt lat="34.26562" lon="-116.75759">
        <ele>2029.98</ele>
      </trkpt>
      <trkpt lat="34.26564" lon="-116.75766">
        <ele>2030.73</ele>
      </trkpt>
      <trkpt lat="34.26565" lon="-116.75773">
        <ele>2030.99</ele>
      </trkpt>
      <trkpt lat="34.26566" lon="-116.7578">
        <ele>2031.21</ele>
      </trkpt>
      <trkpt lat="34.26567" lon="-116.75787">
        <ele>2031.76</ele>
      </trkpt>
      <trkpt lat="34.26567" lon="-116.75794">
        <ele>2032.52</ele>
      </trkpt>
      <trkpt lat="34.26568" lon="-116.75801">
        <ele>2032.83</ele>
      </trkpt>
      <trkpt lat="34.26567" lon="-116.75809">
        <ele>2033.28</ele>
      </trkpt>
      <trkpt lat="34.26566" lon="-116.75816">
        <ele>2034.0</ele>
      </trkpt>
      <trkpt lat="34.26565" lon="-116.75823">
        <ele>2034.86</ele>
      </trkpt>
      <trkpt lat="34.26564" lon="-116.7583">
        <ele>2035.06</ele>
      </trkpt>
      <trkpt lat="34.26563" lon="-116.75837">
        <ele>2035.51</ele>
      </trkpt>
      <trkpt lat="34.26563" lon="-116.75844">
        <ele>2036.03</ele>
      </trkpt>
      <trkpt lat="34.26563" lon="-116.75851">
        <ele>2036.18</ele>
      </trkpt>
      <trkpt lat="34.26562" lon="-116.75858">
        <ele>2036.3</ele>
      </trkpt>
      <trkpt lat="34.26563" lon="-116.75866">
        <ele>2036.2</ele>
      </trkpt>
      <trkpt lat="34.26562" lon="-116.75873">
        <ele>2036.3</ele>
      </trkpt>
      <trkpt lat="34.26565" lon="-116.7588">
        <ele>2035.98</ele>
      </trkpt>
      <trkpt lat="34.26566" lon="-116.75887">
        <ele>2035.87</ele>
      </trkpt>
      <trkpt lat="34.26568" lon="-116.75894">
        <ele>2035.85</ele>
      </trkpt>
      <trkpt lat="34.26568" lon="-116.75895">
        <ele>2035.88</ele>
      </trkpt>
      <trkpt lat="34.26577" lon="-116.75916">
        <ele>2035.98</ele>
      </trkpt>
      <trkpt lat="34.26577" lon="-116.75916">
        <ele>2035.98</ele>
      </trkpt>
      <trkpt lat="34.26584" lon="-116.75927">
        <ele>2036.0</ele>
      </trkpt>
      <trkpt lat="34.26584" lon="-116.75927">
        <ele>2036.0</ele>
      </trkpt>
      <trkpt lat="34.26584" lon="-116.75926">
        <ele>2036.0</ele>
      </trkpt>
      <trkpt lat="34.26587" lon="-116.75929">
        <ele>2036.0</ele>
      </trkpt>
      <trkpt lat="34.26591" lon="-116.75934">
        <ele>2036.0</ele>
      </trkpt>
      <trkpt lat="34.26595" lon="-116.7594">
        <ele>2036.0</ele>
      </trkpt>
      <trkpt lat="34.266" lon="-116.75944">
        <ele>2036.0</ele>
      </trkpt>
      <trkpt lat="34.26604" lon="-116.75949">
        <ele>2036.0</ele>
      </trkpt>
      <trkpt lat="34.26608" lon="-116.75954">
        <ele>2036.02</ele>
      </trkpt>
      <trkpt lat="34.26612" lon="-116.7596">
        <ele>2036.71</ele>
      </trkpt>
      <trkpt lat="34.26617" lon="-116.75964">
        <ele>2037.07</ele>
      </trkpt>
      <trkpt lat="34.26621" lon="-116.7597">
        <ele>2037.78</ele>
      </trkpt>
      <trkpt lat="34.26625" lon="-116.75976">
        <ele>2038.0</ele>
      </trkpt>
      <trkpt lat="34.26629" lon="-116.75982">
        <ele>2038.0</ele>
      </trkpt>
      <trkpt lat="34.26633" lon="-116.75986">
        <ele>2038.36</ele>
      </trkpt>
      <trkpt lat="34.26637" lon="-116.75992">
        <ele>2038.8</ele>
      </trkpt>
      <trkpt lat="34.26641" lon="-116.75997">
        <ele>2039.15</ele>
      </trkpt>
      <trkpt lat="34.26645" lon="-116.76003">
        <ele>2039.66</ele>
      </trkpt>
      <trkpt lat="34.2665" lon="-116.76007">
        <ele>2040.0</ele>
      </trkpt>
      <trkpt lat="34.26654" lon="-116.76013">
        <ele>2040.26</ele>
      </trkpt>
      <trkpt lat="34.26658" lon="-116.76019">
        <ele>2041.0</ele>
      </trkpt>
      <trkpt lat="34.26662" lon="-116.76024">
        <ele>2041.29</ele>
      </trkpt>
      <trkpt lat="34.26665" lon="-116.7603">
        <ele>2041.86</ele>
      </trkpt>
      <trkpt lat="34.26669" lon="-116.76037">
        <ele>2042.0</ele>
      </trkpt>
      <trkpt lat="34.26672" lon="-116.76045">
        <ele>2042.86</ele>
      </trkpt>
      <trkpt lat="34.26675" lon="-116.76052">
        <ele>2043.62</ele>
      </trkpt>
      <trkpt lat="34.26678" lon="-116.76059">
        <ele>2043.86</ele>
      </trkpt>
      <trkpt lat="34.26682" lon="-116.76066">
        <ele>2044.13</ele>
      </trkpt>
      <trkpt lat="34.26686" lon="-116.76072">
        <ele>2044.71</ele>
      </trkpt>
      <trkpt lat="34.26689" lon="-116.76077">
        <ele>2044.72</ele>
      </trkpt>
      <trkpt lat="34.26693" lon="-116.76083">
        <ele>2044.97</ele>
      </trkpt>
      <trkpt lat="34.26697" lon="-116.76089">
        <ele>2044.89</ele>
      </trkpt>
      <trkpt lat="34.26702" lon="-116.76093">
        <ele>2045.04</ele>
      </trkpt>
      <trkpt lat="34.26705" lon="-116.761">
        <ele>2045.8</ele>
      </trkpt>
      <trkpt lat="34.26711" lon="-116.76103">
        <ele>2046.0</ele>
      </trkpt>
      <trkpt lat="34.26715" lon="-116.76108">
        <ele>2045.93</ele>
      </trkpt>
      <trkpt lat="34.2672" lon="-116.7611">
        <ele>2045.91</ele>
      </trkpt>
      <trkpt lat="34.26726" lon="-116.76113">
        <ele>2046.12</ele>
      </trkpt>
      <trkpt lat="34.26731" lon="-116.76116">
        <ele>2046.03</ele>
      </trkpt>
      <trkpt lat="34.26737" lon="-116.76119">
        <ele>2045.91</ele>
      </trkpt>
      <trkpt lat="34.26743" lon="-116.76121">
        <ele>2045.82</ele>
      </trkpt>
      <trkpt lat="34.26748" lon="-116.76123">
        <ele>2045.5</ele>
      </trkpt>
      <trkpt lat="34.26753" lon="-116.76126">
        <ele>2045.28</ele>
      </trkpt>
      <trkpt lat="34.26759" lon="-116.76129">
        <ele>2044.96</ele>
      </trkpt>
      <trkpt lat="34.26764" lon="-116.76132">
        <ele>2044.74</ele>
      </trkpt>
      <trkpt lat="34.26769" lon="-116.76136">
        <ele>2044.65</ele>
      </trkpt>
      <trkpt lat="34.26774" lon="-116.76139">
        <ele>2044.42</ele>
      </trkpt>
      <trkpt lat="34.26779" lon="-116.76144">
        <ele>2044.48</ele>
      </trkpt>
      <trkpt lat="34.26784" lon="-116.76146">
        <ele>2044.25</ele>
      </trkpt>
      <trkpt lat="34.26789" lon="-116.76151">
        <ele>2044.31</ele>
      </trkpt>
      <trkpt lat="34.26794" lon="-116.76154">
        <ele>2044.63</ele>
      </trkpt>
      <trkpt lat="34.26797" lon="-116.76161">
        <ele>2044.95</ele>
      </trkpt>
      <trkpt lat="34.26801" lon="-116.76166">
        <ele>2044.96</ele>
      </trkpt>
      <trkpt lat="34.26805" lon="-116.76174">
        <ele>2045.79</ele>
      </trkpt>
      <trkpt lat="34.26806" lon="-116.76177">
        <ele>2046.01</ele>
      </trkpt>
      <trkpt lat="34.26816" lon="-116.76193">
        <ele>2047.13</ele>
      </trkpt>
      <trkpt lat="34.26817" lon="-116.76197">
        <ele>2047.51</ele>
      </trkpt>
      <trkpt lat="34.26823" lon="-116.76217">
        <ele>2049.0</ele>
      </trkpt>
      <trkpt lat="34.26823" lon="-116.76218">
        <ele>2049.0</ele>
      </trkpt>
      <trkpt lat="34.26831" lon="-116.76235">
        <ele>2050.0</ele>
      </trkpt>
      <trkpt lat="34.26831" lon="-116.76236">
        <ele>2050.0</ele>
      </trkpt>
      <trkpt lat="34.26843" lon="-116.76251">
        <ele>2050.0</ele>
      </trkpt>
      <trkpt lat="34.26844" lon="-116.76252">
        <ele>2050.0</ele>
      </trkpt>
      <trkpt lat="34.26851" lon="-116.76264">
        <ele>2050.46</ele>
      </trkpt>
      <trkpt lat="34.26851" lon="-116.76264">
        <ele>2050.46</ele>
      </trkpt>
      <trkpt lat="34.26854" lon="-116.76276">
        <ele>2051.0</ele>
      </trkpt>
      <trkpt lat="34.26854" lon="-116.76276">
        <ele>2051.0</ele>
      </trkpt>
      <trkpt lat="34.26856" lon="-116.76281">
        <ele>2051.0</ele>
      </trkpt>
      <trkpt lat="34.26858" lon="-116.76288">
        <ele>2051.07</ele>
      </trkpt>
      <trkpt lat="34.26858" lon="-116.76295">
        <ele>2051.57</ele>
      </trkpt>
      <trkpt lat="34.2686" lon="-116.76302">
        <ele>2051.95</ele>
      </trkpt>
      <trkpt lat="34.26862" lon="-116.76309">
        <ele>2052.0</ele>
      </trkpt>
      <trkpt lat="34.26862" lon="-116.76317">
        <ele>2052.24</ele>
      </trkpt>
      <trkpt lat="34.26863" lon="-116.76324">
        <ele>2052.99</ele>
      </trkpt>
      <trkpt lat="34.26865" lon="-116.76331">
        <ele>2053.0</ele>
      </trkpt>
      <trkpt lat="34.26865" lon="-116.76338">
        <ele>2053.5</ele>
      </trkpt>
      <trkpt lat="34.26866" lon="-116.76345">
        <ele>2054.26</ele>
      </trkpt>
      <trkpt lat="34.26868" lon="-116.76352">
        <ele>2055.0</ele>
      </trkpt>
      <trkpt lat="34.2687" lon="-116.76359">
        <ele>2055.0</ele>
      </trkpt>
      <trkpt lat="34.26871" lon="-116.76367">
        <ele>2055.59</ele>
      </trkpt>
      <trkpt lat="34.26875" lon="-116.76374">
        <ele>2055.7</ele>
      </trkpt>
      <trkpt lat="34.26878" lon="-116.76381">
        <ele>2056.15</ele>
      </trkpt>
      <trkpt lat="34.26879" lon="-116.76382">
        <ele>2056.26</ele>
      </trkpt>
      <trkpt lat="34.26881" lon="-116.76388">
        <ele>2056.77</ele>
      </trkpt>
      <trkpt lat="34.26884" lon="-116.76395">
        <ele>2056.84</ele>
      </trkpt>
      <trkpt lat="34.26888" lon="-116.76402">
        <ele>2057.04</ele>
      </trkpt>
      <trkpt lat="34.26891" lon="-116.76409">
        <ele>2057.17</ele>
      </trkpt>
      <trkpt lat="34.26894" lon="-116.76417">
        <ele>2058.0</ele>
      </trkpt>
      <trkpt lat="34.26897" lon="-116.76424">
        <ele>2058.0</ele>
      </trkpt>
      <trkpt lat="34.269" lon="-116.76431">
        <ele>2058.0</ele>
      </trkpt>
      <trkpt lat="34.26904" lon="-116.76438">
        <ele>2058.3</ele>
      </trkpt>
      <trkpt lat="34.26907" lon="-116.76445">
        <ele>2059.0</ele>
      </trkpt>
      <trkpt lat="34.2691" lon="-116.76452">
        <ele>2059.0</ele>
      </trkpt>
      <trkpt lat="34.26913" lon="-116.7646">
        <ele>2059.0</ele>
      </trkpt>
      <trkpt lat="34.26917" lon="-116.76467">
        <ele>2059.44</ele>
      </trkpt>
      <trkpt lat="34.2692" lon="-116.76474">
        <ele>2060.0</ele>
      </trkpt>
      <trkpt lat="34.26923" lon="-116.76481">
        <ele>2060.0</ele>
      </trkpt>
      <trkpt lat="34.26926" lon="-116.76488">
        <ele>2060.0</ele>
      </trkpt>
      <trkpt lat="34.2693" lon="-116.76495">
        <ele>2060.2</ele>
      </trkpt>
      <trkpt lat="34.26931" lon="-116.76502">
        <ele>2060.65</ele>
      </trkpt>
      <trkpt lat="34.26933" lon="-116.7651">
        <ele>2061.0</ele>
      </trkpt>
      <trkpt lat="34.26935" lon="-116.76517">
        <ele>2061.0</ele>
      </trkpt>
      <trkpt lat="34.26936" lon="-116.76524">
        <ele>2061.0</ele>
      </trkpt>
      <trkpt lat="34.26936" lon="-116.76531">
        <ele>2061.0</ele>
      </trkpt>
      <trkpt lat="34.26937" lon="-116.76538">
        <ele>2061.0</ele>
      </trkpt>
      <trkpt lat="34.26936" lon="-116.76545">
        <ele>2061.0</ele>
      </trkpt>
      <trkpt lat="34.26935" lon="-116.76552">
        <ele>2061.0</ele>
      </trkpt>
      <trkpt lat="34.26934" lon="-116.7656">
        <ele>2061.0</ele>
      </trkpt>
      <trkpt lat="34.26933" lon="-116.76567">
        <ele>2061.0</ele>
      </trkpt>
      <trkpt lat="34.26933" lon="-116.76574">
        <ele>2061.0</ele>
      </trkpt>
      <trkpt lat="34.26932" lon="-116.76581">
        <ele>2061.0</ele>
      </trkpt>
      <trkpt lat="34.26931" lon="-116.76588">
        <ele>2061.0</ele>
      </trkpt>
      <trkpt lat="34.2693" lon="-116.76595">
        <ele>2061.0</ele>
      </trkpt>
      <trkpt lat="34.26928" lon="-116.76601">
        <ele>2061.0</ele>
      </trkpt>
      <trkpt lat="34.26915" lon="-116.76626">
        <ele>2061.18</ele>
      </trkpt>
      <trkpt lat="34.26914" lon="-116.76628">
        <ele>2061.29</ele>
      </trkpt>
      <trkpt lat="34.26911" lon="-116.76653">
        <ele>2062.82</ele>
      </trkpt>
      <trkpt lat="34.26911" lon="-116.76656">
        <ele>2062.94</ele>
      </trkpt>
      <trkpt lat="34.26915" lon="-116.76677">
        <ele>2064.28</ele>
      </trkpt>
      <trkpt lat="34.26915" lon="-116.76678">
        <ele>2064.36</ele>
      </trkpt>
      <trkpt lat="34.26916" lon="-116.76681">
        <ele>2064.58</ele>
      </trkpt>
      <trkpt lat="34.26918" lon="-116.76688">
        <ele>2065.0</ele>
      </trkpt>
      <trkpt lat="34.2692" lon="-116.76695">
        <ele>2065.06</ele>
      </trkpt>
      <trkpt lat="34.26922" lon="-116.76702">
        <ele>2065.82</ele>
      </trkpt>
      <trkpt lat="34.26923" lon="-116.76709">
        <ele>2066.0</ele>
      </trkpt>
      <trkpt lat="34.26925" lon="-116.76716">
        <ele>2066.0</ele>
      </trkpt>
      <trkpt lat="34.26927" lon="-116.76724">
        <ele>2066.0</ele>
      </trkpt>
      <trkpt lat="34.26928" lon="-116.76731">
        <ele>2066.0</ele>
      </trkpt>
      <trkpt lat="34.26928" lon="-116.76738">
        <ele>2066.16</ele>
      </trkpt>
      <trkpt lat="34.2693" lon="-116.76745">
        <ele>2066.7</ele>
      </trkpt>
      <trkpt lat="34.26932" lon="-116.76752">
        <ele>2067.0</ele>
      </trkpt>
      <trkpt lat="34.26932" lon="-116.76759">
        <ele>2067.0</ele>
      </trkpt>
      <trkpt lat="34.26934" lon="-116.76766">
        <ele>2067.0</ele>
      </trkpt>
      <trkpt lat="34.26936" lon="-116.76774">
        <ele>2067.0</ele>
      </trkpt>
      <trkpt lat="34.26937" lon="-116.76781">
        <ele>2067.0</ele>
      </trkpt>
      <trkpt lat="34.26937" lon="-116.76788">
        <ele>2067.0</ele>
      </trkpt>
      <trkpt lat="34.26939" lon="-116.76795">
        <ele>2067.0</ele>
      </trkpt>
      <trkpt lat="34.2694" lon="-116.76802">
        <ele>2067.0</ele>
      </trkpt>
      <trkpt lat="34.2694" lon="-116.76804">
        <ele>2067.0</ele>
      </trkpt>
      <trkpt lat="34.26946" lon="-116.76817">
        <ele>2067.17</ele>
      </trkpt>
      <trkpt lat="34.26948" lon="-116.76818">
        <ele>2067.38</ele>
      </trkpt>
      <trkpt lat="34.26955" lon="-116.76822">
        <ele>2068.0</ele>
      </trkpt>
      <trkpt lat="34.26955" lon="-116.76822">
        <ele>2068.0</ele>
      </trkpt>
      <trkpt lat="34.26962" lon="-116.7682">
        <ele>2068.0</ele>
      </trkpt>
      <trkpt lat="34.26963" lon="-116.7682">
        <ele>2068.0</ele>
      </trkpt>
      <trkpt lat="34.26977" lon="-116.76813">
        <ele>2068.52</ele>
      </trkpt>
      <trkpt lat="34.26977" lon="-116.76813">
        <ele>2068.52</ele>
      </trkpt>
      <trkpt lat="34.26979" lon="-116.76814">
        <ele>2068.73</ele>
      </trkpt>
      <trkpt lat="34.26985" lon="-116.76812">
        <ele>2069.0</ele>
      </trkpt>
      <trkpt lat="34.26991" lon="-116.76811">
        <ele>2069.03</ele>
      </trkpt>
      <trkpt lat="34.26997" lon="-116.7681">
        <ele>2069.68</ele>
      </trkpt>
      <trkpt lat="34.27004" lon="-116.7681">
        <ele>2070.43</ele>
      </trkpt>
      <trkpt lat="34.27011" lon="-116.7681">
        <ele>2071.19</ele>
      </trkpt>
      <trkpt lat="34.27017" lon="-116.7681">
        <ele>2071.84</ele>
      </trkpt>
      <trkpt lat="34.27024" lon="-116.7681">
        <ele>2072.31</ele>
      </trkpt>
      <trkpt lat="34.2703" lon="-116.76811">
        <ele>2072.55</ele>
      </trkpt>
      <trkpt lat="34.27037" lon="-116.76812">
        <ele>2073.0</ele>
      </trkpt>
      <trkpt lat="34.27037" lon="-116.76812">
        <ele>2073.0</ele>
      </trkpt>
      <trkpt lat="34.27042" lon="-116.76816">
        <ele>2072.87</ele>
      </trkpt>
      <trkpt lat="34.27047" lon="-116.76818">
        <ele>2072.61</ele>
      </trkpt>
      <trkpt lat="34.27052" lon="-116.76823">
        <ele>2072.04</ele>
      </trkpt>
      <trkpt lat="34.27057" lon="-116.76826">
        <ele>2072.0</ele>
      </trkpt>
      <trkpt lat="34.2706" lon="-116.76833">
        <ele>2072.0</ele>
      </trkpt>
      <trkpt lat="34.27064" lon="-116.76838">
        <ele>2072.0</ele>
      </trkpt>
      <trkpt lat="34.27067" lon="-116.76846">
        <ele>2072.0</ele>
      </trkpt>
      <trkpt lat="34.27071" lon="-116.76851">
        <ele>2072.0</ele>
      </trkpt>
      <trkpt lat="34.27075" lon="-116.76857">
        <ele>2072.1</ele>
      </trkpt>
      <trkpt lat="34.27079" lon="-116.76863">
        <ele>2072.63</ele>
      </trkpt>
      <trkpt lat="34.27083" lon="-116.76869">
        <ele>2072.99</ele>
      </trkpt>
      <trkpt lat="34.27088" lon="-116.76873">
        <ele>2073.0</ele>
      </trkpt>
      <trkpt lat="34.27091" lon="-116.7688">
        <ele>2073.03</ele>
      </trkpt>
      <trkpt lat="34.27093" lon="-116.7688">
        <ele>2073.08</ele>
      </trkpt>
      <trkpt lat="34.27105" lon="-116.76885">
        <ele>2075.06</ele>
      </trkpt>
      <trkpt lat="34.27106" lon="-116.76885">
        <ele>2075.22</ele>
      </trkpt>
      <trkpt lat="34.27121" lon="-116.76883">
        <ele>2077.14</ele>
      </trkpt>
      <trkpt lat="34.27121" lon="-116.76883">
        <ele>2077.14</ele>
      </trkpt>
      <trkpt lat="34.2713" lon="-116.7688">
        <ele>2079.04</ele>
      </trkpt>
      <trkpt lat="34.2713" lon="-116.7688">
        <ele>2079.04</ele>
      </trkpt>
      <trkpt lat="34.2713" lon="-116.7688">
        <ele>2079.04</ele>
      </trkpt>
      <trkpt lat="34.27134" lon="-116.76875">
        <ele>2078.97</ele>
      </trkpt>
      <trkpt lat="34.2714" lon="-116.76872">
        <ele>2079.42</ele>
      </trkpt>
      <trkpt lat="34.27145" lon="-116.76867">
        <ele>2080.08</ele>
      </trkpt>
      <trkpt lat="34.2715" lon="-116.76865">
        <ele>2080.82</ele>
      </trkpt>
      <trkpt lat="34.27156" lon="-116.76862">
        <ele>2081.79</ele>
      </trkpt>
      <trkpt lat="34.27162" lon="-116.7686">
        <ele>2082.44</ele>
      </trkpt>
      <trkpt lat="34.27168" lon="-116.76862">
        <ele>2083.38</ele>
      </trkpt>
      <trkpt lat="34.27172" lon="-116.76868">
        <ele>2084.9</ele>
      </trkpt>
      <trkpt lat="34.27175" lon="-116.76875">
        <ele>2086.3</ele>
      </trkpt>
      <trkpt lat="34.27177" lon="-116.76882">
        <ele>2087.15</ele>
      </trkpt>
      <trkpt lat="34.27176" lon="-116.76889">
        <ele>2087.03</ele>
      </trkpt>
      <trkpt lat="34.27177" lon="-116.76896">
        <ele>2088.0</ele>
      </trkpt>
      <trkpt lat="34.27176" lon="-116.76903">
        <ele>2088.02</ele>
      </trkpt>
      <trkpt lat="34.27175" lon="-116.7691">
        <ele>2087.8</ele>
      </trkpt>
      <trkpt lat="34.27174" lon="-116.76918">
        <ele>2087.58</ele>
      </trkpt>
      <trkpt lat="34.27173" lon="-116.76925">
        <ele>2087.37</ele>
      </trkpt>
      <trkpt lat="34.27173" lon="-116.76932">
        <ele>2087.37</ele>
      </trkpt>
      <trkpt lat="34.27172" lon="-116.76939">
        <ele>2087.39</ele>
      </trkpt>
      <trkpt lat="34.27175" lon="-116.76946">
        <ele>2088.7</ele>
      </trkpt>
      <trkpt lat="34.27175" lon="-116.76948">
        <ele>2088.7</ele>
      </trkpt>
      <trkpt lat="34.27181" lon="-116.76966">
        <ele>2089.77</ele>
      </trkpt>
      <trkpt lat="34.27181" lon="-116.76966">
        <ele>2089.77</ele>
      </trkpt>
      <trkpt lat="34.27191" lon="-116.76983">
        <ele>2091.09</ele>
      </trkpt>
      <trkpt lat="34.27191" lon="-116.76983">
        <ele>2091.09</ele>
      </trkpt>
      <trkpt lat="34.27202" lon="-116.76989">
        <ele>2092.16</ele>
      </trkpt>
      <trkpt lat="34.27203" lon="-116.76988">
        <ele>2092.49</ele>
      </trkpt>
      <trkpt lat="34.27203" lon="-116.76987">
        <ele>2092.7</ele>
      </trkpt>
      <trkpt lat="34.27207" lon="-116.76988">
        <ele>2093.3</ele>
      </trkpt>
      <trkpt lat="34.27213" lon="-116.76989">
        <ele>2094.38</ele>
      </trkpt>
      <trkpt lat="34.2722" lon="-116.76989">
        <ele>2095.75</ele>
      </trkpt>
      <trkpt lat="34.27227" lon="-116.76989">
        <ele>2096.7</ele>
      </trkpt>
      <trkpt lat="34.27233" lon="-116.76991">
        <ele>2097.11</ele>
      </trkpt>
      <trkpt lat="34.27239" lon="-116.76992">
        <ele>2097.65</ele>
      </trkpt>
      <trkpt lat="34.27245" lon="-116.76994">
        <ele>2098.41</ele>
      </trkpt>
      <trkpt lat="34.2725" lon="-116.76996">
        <ele>2098.86</ele>
      </trkpt>
      <trkpt lat="34.27256" lon="-116.76998">
        <ele>2099.59</ele>
      </trkpt>
      <trkpt lat="34.2726" lon="-116.77004">
        <ele>2099.3</ele>
      </trkpt>
      <trkpt lat="34.27264" lon="-116.77011">
        <ele>2099.02</ele>
      </trkpt>
      <trkpt lat="34.27267" lon="-116.77018">
        <ele>2099.67</ele>
      </trkpt>
      <trkpt lat="34.2727" lon="-116.77025">
        <ele>2099.57</ele>
      </trkpt>
      <trkpt lat="34.27273" lon="-116.77032">
        <ele>2099.51</ele>
      </trkpt>
      <trkpt lat="34.27277" lon="-116.77039">
        <ele>2099.62</ele>
      </trkpt>
      <trkpt lat="34.27278" lon="-116.77046">
        <ele>2099.08</ele>
      </trkpt>
      <trkpt lat="34.27276" lon="-116.77054">
        <ele>2097.78</ele>
      </trkpt>
      <trkpt lat="34.27275" lon="-116.77061">
        <ele>2097.4</ele>
      </trkpt>
      <trkpt lat="34.27273" lon="-116.77068">
        <ele>2097.31</ele>
      </trkpt>
      <trkpt lat="34.27272" lon="-116.77075">
        <ele>2097.79</ele>
      </trkpt>
      <trkpt lat="34.27271" lon="-116.77082">
        <ele>2097.77</ele>
      </trkpt>
      <trkpt lat="34.27271" lon="-116.77089">
        <ele>2098.42</ele>
      </trkpt>
      <trkpt lat="34.27271" lon="-116.77096">
        <ele>2099.17</ele>
      </trkpt>
      <trkpt lat="34.27272" lon="-116.77104">
        <ele>2100.36</ele>
      </trkpt>
      <trkpt lat="34.27272" lon="-116.77111">
        <ele>2101.12</ele>
      </trkpt>
      <trkpt lat="34.27274" lon="-116.77118">
        <ele>2102.52</ele>
      </trkpt>
      <trkpt lat="34.27275" lon="-116.77125">
        <ele>2103.6</ele>
      </trkpt>
      <trkpt lat="34.27275" lon="-116.77125">
        <ele>2103.6</ele>
      </trkpt>
      <trkpt lat="34.27275" lon="-116.77132">
        <ele>2104.1</ele>
      </trkpt>
      <trkpt lat="34.27276" lon="-116.77139">
        <ele>2104.44</ele>
      </trkpt>
      <trkpt lat="34.27276" lon="-116.77146">
        <ele>2105.19</ele>
      </trkpt>
      <trkpt lat="34.27277" lon="-116.77154">
        <ele>2105.75</ele>
      </trkpt>
      <trkpt lat="34.27277" lon="-116.77161">
        <ele>2105.78</ele>
      </trkpt>
      <trkpt lat="34.27278" lon="-116.77168">
        <ele>2106.07</ele>
      </trkpt>
      <trkpt lat="34.2728" lon="-116.77175">
        <ele>2106.72</ele>
      </trkpt>
      <trkpt lat="34.27281" lon="-116.77182">
        <ele>2107.04</ele>
      </trkpt>
      <trkpt lat="34.27282" lon="-116.77185">
        <ele>2107.37</ele>
      </trkpt>
      <trkpt lat="34.27297" lon="-116.77214">
        <ele>2110.15</ele>
      </trkpt>
      <trkpt lat="34.27297" lon="-116.77216">
        <ele>2110.15</ele>
      </trkpt>
      <trkpt lat="34.27304" lon="-116.77236">
        <ele>2110.18</ele>
      </trkpt>
      <trkpt lat="34.27304" lon="-116.77236">
        <ele>2110.18</ele>
      </trkpt>
      <trkpt lat="34.27312" lon="-116.77248">
        <ele>2109.67</ele>
      </trkpt>
      <trkpt lat="34.27314" lon="-116.7725">
        <ele>2109.82</ele>
      </trkpt>
      <trkpt lat="34.27326" lon="-116.77264">
        <ele>2111.42</ele>
      </trkpt>
      <trkpt lat="34.27326" lon="-116.77264">
        <ele>2111.42</ele>
      </trkpt>
      <trkpt lat="34.27333" lon="-116.77289">
        <ele>2112.93</ele>
      </trkpt>
      <trkpt lat="34.27333" lon="-116.77289">
        <ele>2112.93</ele>
      </trkpt>
      <trkpt lat="34.27334" lon="-116.77289">
        <ele>2113.22</ele>
      </trkpt>
      <trkpt lat="34.27333" lon="-116.77296">
        <ele>2112.93</ele>
      </trkpt>
      <trkpt lat="34.27334" lon="-116.77304">
        <ele>2113.16</ele>
      </trkpt>
      <trkpt lat="34.27333" lon="-116.77311">
        <ele>2112.93</ele>
      </trkpt>
      <trkpt lat="34.27335" lon="-116.77318">
        <ele>2113.02</ele>
      </trkpt>
      <trkpt lat="34.27338" lon="-116.77325">
        <ele>2112.91</ele>
      </trkpt>
      <trkpt lat="34.27342" lon="-116.7733">
        <ele>2113.23</ele>
      </trkpt>
      <trkpt lat="34.27347" lon="-116.77334">
        <ele>2113.88</ele>
      </trkpt>
      <trkpt lat="34.27352" lon="-116.77338">
        <ele>2114.53</ele>
      </trkpt>
      <trkpt lat="34.27358" lon="-116.77338">
        <ele>2115.82</ele>
      </trkpt>
      <trkpt lat="34.27365" lon="-116.77339">
        <ele>2117.23</ele>
      </trkpt>
      <trkpt lat="34.27371" lon="-116.77339">
        <ele>2118.46</ele>
      </trkpt>
      <trkpt lat="34.27378" lon="-116.7734">
        <ele>2119.1</ele>
      </trkpt>
      <trkpt lat="34.27384" lon="-116.77341">
        <ele>2119.73</ele>
      </trkpt>
      <trkpt lat="34.27391" lon="-116.77341">
        <ele>2120.53</ele>
      </trkpt>
      <trkpt lat="34.27396" lon="-116.77345">
        <ele>2120.77</ele>
      </trkpt>
      <trkpt lat="34.274" lon="-116.7735">
        <ele>2121.04</ele>
      </trkpt>
      <trkpt lat="34.27405" lon="-116.77354">
        <ele>2121.0</ele>
      </trkpt>
      <trkpt lat="34.2741" lon="-116.77358">
        <ele>2121.28</ele>
      </trkpt>
      <trkpt lat="34.27414" lon="-116.77363">
        <ele>2121.71</ele>
      </trkpt>
      <trkpt lat="34.27417" lon="-116.77368">
        <ele>2122.01</ele>
      </trkpt>
      <trkpt lat="34.27417" lon="-116.77375">
        <ele>2122.0</ele>
      </trkpt>
      <trkpt lat="34.27418" lon="-116.77383">
        <ele>2122.05</ele>
      </trkpt>
      <trkpt lat="34.27419" lon="-116.7739">
        <ele>2122.4</ele>
      </trkpt>
      <trkpt lat="34.27418" lon="-116.77397">
        <ele>2123.15</ele>
      </trkpt>
      <trkpt lat="34.27414" lon="-116.77404">
        <ele>2124.43</ele>
      </trkpt>
      <trkpt lat="34.2741" lon="-116.77409">
        <ele>2125.03</ele>
      </trkpt>
      <trkpt lat="34.27404" lon="-116.77412">
        <ele>2125.49</ele>
      </trkpt>
      <trkpt lat="34.274" lon="-116.77417">
        <ele>2127.11</ele>
      </trkpt>
      <trkpt lat="34.27394" lon="-116.7742">
        <ele>2127.79</ele>
      </trkpt>
      <trkpt lat="34.27389" lon="-116.77422">
        <ele>2128.31</ele>
      </trkpt>
      <trkpt lat="34.27383" lon="-116.77425">
        <ele>2129.03</ele>
      </trkpt>
      <trkpt lat="34.27378" lon="-116.77428">
        <ele>2129.54</ele>
      </trkpt>
      <trkpt lat="34.27371" lon="-116.77429">
        <ele>2129.37</ele>
      </trkpt>
      <trkpt lat="34.27366" lon="-116.77432">
        <ele>2130.31</ele>
      </trkpt>
      <trkpt lat="34.2736" lon="-116.77435">
        <ele>2130.94</ele>
      </trkpt>
      <trkpt lat="34.27354" lon="-116.77436">
        <ele>2131.2</ele>
      </trkpt>
      <trkpt lat="34.27349" lon="-116.77439">
        <ele>2131.64</ele>
      </trkpt>
      <trkpt lat="34.27343" lon="-116.77442">
        <ele>2132.22</ele>
      </trkpt>
      <trkpt lat="34.27343" lon="-116.77442">
        <ele>2132.22</ele>
      </trkpt>
      <trkpt lat="34.27338" lon="-116.77445">
        <ele>2133.12</ele>
      </trkpt>
      <trkpt lat="34.27332" lon="-116.77448">
        <ele>2133.62</ele>
      </trkpt>
      <trkpt lat="34.27328" lon="-116.77452">
        <ele>2134.06</ele>
      </trkpt>
      <trkpt lat="34.27322" lon="-116.77455">
        <ele>2134.25</ele>
      </trkpt>
      <trkpt lat="34.27317" lon="-116.77458">
        <ele>2134.57</ele>
      </trkpt>
      <trkpt lat="34.27311" lon="-116.7746">
        <ele>2134.68</ele>
      </trkpt>
      <trkpt lat="34.27306" lon="-116.77463">
        <ele>2135.0</ele>
      </trkpt>
      <trkpt lat="34.273" lon="-116.77466">
        <ele>2135.33</ele>
      </trkpt>
      <trkpt lat="34.27295" lon="-116.77469">
        <ele>2135.65</ele>
      </trkpt>
      <trkpt lat="34.2729" lon="-116.77475">
        <ele>2136.3</ele>
      </trkpt>
      <trkpt lat="34.27287" lon="-116.77482">
        <ele>2137.06</ele>
      </trkpt>
      <trkpt lat="34.27285" lon="-116.77489">
        <ele>2137.81</ele>
      </trkpt>
      <trkpt lat="34.27285" lon="-116.77496">
        <ele>2138.57</ele>
      </trkpt>
      <trkpt lat="34.27285" lon="-116.77503">
        <ele>2139.25</ele>
      </trkpt>
      <trkpt lat="34.27286" lon="-116.7751">
        <ele>2139.97</ele>
      </trkpt>
      <trkpt lat="34.2729" lon="-116.77517">
        <ele>2140.84</ele>
      </trkpt>
      <trkpt lat="34.27294" lon="-116.77522">
        <ele>2141.38</ele>
      </trkpt>
      <trkpt lat="34.27298" lon="-116.77527">
        <ele>2141.92</ele>
      </trkpt>
      <trkpt lat="34.27302" lon="-116.77533">
        <ele>2142.56</ele>
      </trkpt>
      <trkpt lat="34.27306" lon="-116.77539">
        <ele>2143.21</ele>
      </trkpt>
      <trkpt lat="34.27309" lon="-116.77546">
        <ele>2143.97</ele>
      </trkpt>
      <trkpt lat="34.27312" lon="-116.77553">
        <ele>2144.72</ele>
      </trkpt>
      <trkpt lat="34.27316" lon="-116.7756">
        <ele>2144.93</ele>
      </trkpt>
      <trkpt lat="34.27319" lon="-116.77567">
        <ele>2145.13</ele>
      </trkpt>
      <trkpt lat="34.27322" lon="-116.77575">
        <ele>2145.32</ele>
      </trkpt>
      <trkpt lat="34.27325" lon="-116.77582">
        <ele>2145.66</ele>
      </trkpt>
      <trkpt lat="34.27327" lon="-116.77589">
        <ele>2145.98</ele>
      </trkpt>
      <trkpt lat="34.2733" lon="-116.77596">
        <ele>2145.72</ele>
      </trkpt>
      <trkpt lat="34.2733" lon="-116.77601">
        <ele>2145.72</ele>
      </trkpt>
      <trkpt lat="34.27328" lon="-116.77617">
        <ele>2146.73</ele>
      </trkpt>
      <trkpt lat="34.27328" lon="-116.77618">
        <ele>2146.73</ele>
      </trkpt>
      <trkpt lat="34.27322" lon="-116.77635">
        <ele>2148.45</ele>
      </trkpt>
      <trkpt lat="34.27321" lon="-116.77636">
        <ele>2148.66</ele>
      </trkpt>
      <trkpt lat="34.27319" lon="-116.77646">
        <ele>2149.1</ele>
      </trkpt>
      <trkpt lat="34.27318" lon="-116.77647">
        <ele>2149.31</ele>
      </trkpt>
      <trkpt lat="34.27317" lon="-116.77659">
        <ele>2149.53</ele>
      </trkpt>
      <trkpt lat="34.27317" lon="-116.7766">
        <ele>2149.53</ele>
      </trkpt>
      <trkpt lat="34.27316" lon="-116.7766">
        <ele>2149.74</ele>
      </trkpt>
      <trkpt lat="34.27316" lon="-116.7766">
        <ele>2149.74</ele>
      </trkpt>
      <trkpt lat="34.27315" lon="-116.77667">
        <ele>2149.99</ele>
      </trkpt>
      <trkpt lat="34.27316" lon="-116.77675">
        <ele>2150.41</ele>
      </trkpt>
      <trkpt lat="34.27316" lon="-116.77682">
        <ele>2150.49</ele>
      </trkpt>
      <trkpt lat="34.27317" lon="-116.77689">
        <ele>2150.47</ele>
      </trkpt>
      <trkpt lat="34.27319" lon="-116.77696">
        <ele>2150.19</ele>
      </trkpt>
      <trkpt lat="34.27319" lon="-116.77703">
        <ele>2150.19</ele>
      </trkpt>
      <trkpt lat="34.2732" lon="-116.7771">
        <ele>2150.44</ele>
      </trkpt>
      <trkpt lat="34.2732" lon="-116.77717">
        <ele>2151.2</ele>
      </trkpt>
      <trkpt lat="34.27321" lon="-116.77724">
        <ele>2151.52</ele>
      </trkpt>
      <trkpt lat="34.2732" lon="-116.77732">
        <ele>2152.79</ele>
      </trkpt>
      <trkpt lat="34.2732" lon="-116.77739">
        <ele>2153.21</ele>
      </trkpt>
      <trkpt lat="34.2732" lon="-116.77746">
        <ele>2153.57</ele>
      </trkpt>
      <trkpt lat="34.2732" lon="-116.77753">
        <ele>2153.76</ele>
      </trkpt>
      <trkpt lat="34.27319" lon="-116.7776">
        <ele>2154.23</ele>
      </trkpt>
      <trkpt lat="34.27319" lon="-116.77767">
        <ele>2154.57</ele>
      </trkpt>
      <trkpt lat="34.27318" lon="-116.77774">
        <ele>2154.58</ele>
      </trkpt>
      <trkpt lat="34.27317" lon="-116.77782">
        <ele>2154.42</ele>
      </trkpt>
      <trkpt lat="34.27315" lon="-116.77789">
        <ele>2154.94</ele>
      </trkpt>
      <trkpt lat="34.27312" lon="-116.77796">
        <ele>2155.62</ele>
      </trkpt>
      <trkpt lat="34.2731" lon="-116.77803">
        <ele>2155.69</ele>
      </trkpt>
      <trkpt lat="34.27307" lon="-116.7781">
        <ele>2156.05</ele>
      </trkpt>
      <trkpt lat="34.27303" lon="-116.77817">
        <ele>2156.59</ele>
      </trkpt>
      <trkpt lat="34.273" lon="-116.77824">
        <ele>2156.81</ele>
      </trkpt>
      <trkpt lat="34.27296" lon="-116.77831">
        <ele>2157.32</ele>
      </trkpt>
      <trkpt lat="34.27293" lon="-116.77838">
        <ele>2157.21</ele>
      </trkpt>
      <trkpt lat="34.27289" lon="-116.77846">
        <ele>2156.84</ele>
      </trkpt>
      <trkpt lat="34.27285" lon="-116.77853">
        <ele>2156.29</ele>
      </trkpt>
      <trkpt lat="34.27282" lon="-116.7786">
        <ele>2155.73</ele>
      </trkpt>
      <trkpt lat="34.27278" lon="-116.77865">
        <ele>2155.55</ele>
      </trkpt>
      <trkpt lat="34.27272" lon="-116.77867">
        <ele>2156.61</ele>
      </trkpt>
      <trkpt lat="34.27266" lon="-116.7787">
        <ele>2157.31</ele>
      </trkpt>
      <trkpt lat="34.2726" lon="-116.77871">
        <ele>2157.85</ele>
      </trkpt>
      <trkpt lat="34.27254" lon="-116.77874">
        <ele>2158.18</ele>
      </trkpt>
      <trkpt lat="34.27249" lon="-116.77877">
        <ele>2158.42</ele>
      </trkpt>
      <trkpt lat="34.27244" lon="-116.7788">
        <ele>2158.61</ele>
      </trkpt>
      <trkpt lat="34.27238" lon="-116.77882">
        <ele>2159.34</ele>
      </trkpt>
      <trkpt lat="34.27233" lon="-116.77887">
        <ele>2159.88</ele>
      </trkpt>
      <trkpt lat="34.27228" lon="-116.7789">
        <ele>2161.01</ele>
      </trkpt>
      <trkpt lat="34.27224" lon="-116.77897">
        <ele>2161.55</ele>
      </trkpt>
      <trkpt lat="34.2722" lon="-116.77902">
        <ele>2162.64</ele>
      </trkpt>
      <trkpt lat="34.27218" lon="-116.77909">
        <ele>2163.37</ele>
      </trkpt>
      <trkpt lat="34.27215" lon="-116.77917">
        <ele>2165.12</ele>
      </trkpt>
      <trkpt lat="34.27215" lon="-116.77924">
        <ele>2165.12</ele>
      </trkpt>
      <trkpt lat="34.27214" lon="-116.77931">
        <ele>2165.61</ele>
      </trkpt>
      <trkpt lat="34.27214" lon="-116.77936">
        <ele>2165.66</ele>
      </trkpt>
      <trkpt lat="34.27214" lon="-116.77938">
        <ele>2165.66</ele>
      </trkpt>
      <trkpt lat="34.27214" lon="-116.77945">
        <ele>2165.67</ele>
      </trkpt>
      <trkpt lat="34.27215" lon="-116.77952">
        <ele>2165.52</ele>
      </trkpt>
      <trkpt lat="34.2722" lon="-116.77958">
        <ele>2164.94</ele>
      </trkpt>
      <trkpt lat="34.27224" lon="-116.77962">
        <ele>2164.51</ele>
      </trkpt>
      <trkpt lat="34.27229" lon="-116.77967">
        <ele>2164.29</ele>
      </trkpt>
      <trkpt lat="34.27233" lon="-116.77971">
        <ele>2164.43</ele>
      </trkpt>
      <trkpt lat="34.27237" lon="-116.77977">
        <ele>2164.63</ele>
      </trkpt>
      <trkpt lat="34.27242" lon="-116.77981">
        <ele>2164.63</ele>
      </trkpt>
      <trkpt lat="34.27246" lon="-116.77985">
        <ele>2164.24</ele>
      </trkpt>
      <trkpt lat="34.2725" lon="-116.77991">
        <ele>2164.06</ele>
      </trkpt>
      <trkpt lat="34.27254" lon="-116.77997">
        <ele>2164.63</ele>
      </trkpt>
      <trkpt lat="34.27258" lon="-116.78002">
        <ele>2164.49</ele>
      </trkpt>
      <trkpt lat="34.27262" lon="-116.78008">
        <ele>2163.98</ele>
      </trkpt>
      <trkpt lat="34.27266" lon="-116.78014">
        <ele>2163.33</ele>
      </trkpt>
      <trkpt lat="34.2727" lon="-116.7802">
        <ele>2162.97</ele>
      </trkpt>
      <trkpt lat="34.27274" lon="-116.78025">
        <ele>2162.8</ele>
      </trkpt>
      <trkpt lat="34.27278" lon="-116.78031">
        <ele>2162.28</ele>
      </trkpt>
      <trkpt lat="34.27281" lon="-116.78038">
        <ele>2162.13</ele>
      </trkpt>
      <trkpt lat="34.27283" lon="-116.78045">
        <ele>2162.54</ele>
      </trkpt>
      <trkpt lat="34.27286" lon="-116.78052">
        <ele>2162.61</ele>
      </trkpt>
      <trkpt lat="34.27286" lon="-116.7806">
        <ele>2163.82</ele>
      </trkpt>
      <trkpt lat="34.27286" lon="-116.78067">
        <ele>2164.78</ele>
      </trkpt>
      <trkpt lat="34.27282" lon="-116.78074">
        <ele>2167.08</ele>
      </trkpt>
      <trkpt lat="34.2728" lon="-116.78081">
        <ele>2167.88</ele>
      </trkpt>
      <trkpt lat="34.27277" lon="-116.78088">
        <ele>2168.63</ele>
      </trkpt>
      <trkpt lat="34.27273" lon="-116.78095">
        <ele>2169.64</ele>
      </trkpt>
      <trkpt lat="34.2727" lon="-116.78102">
        <ele>2170.02</ele>
      </trkpt>
      <trkpt lat="34.27266" lon="-116.78109">
        <ele>2170.29</ele>
      </trkpt>
      <trkpt lat="34.27263" lon="-116.78116">
        <ele>2170.65</ele>
      </trkpt>
      <trkpt lat="34.27259" lon="-116.78124">
        <ele>2171.34</ele>
      </trkpt>
      <trkpt lat="34.27255" lon="-116.78131">
        <ele>2171.15</ele>
      </trkpt>
      <trkpt lat="34.27252" lon="-116.78138">
        <ele>2171.14</ele>
      </trkpt>
      <trkpt lat="34.2725" lon="-116.78145">
        <ele>2171.0</ele>
      </trkpt>
      <trkpt lat="34.27246" lon="-116.78152">
        <ele>2169.88</ele>
      </trkpt>
      <trkpt lat="34.27247" lon="-116.78159">
        <ele>2170.35</ele>
      </trkpt>
      <trkpt lat="34.27247" lon="-116.78166">
        <ele>2170.35</ele>
      </trkpt>
      <trkpt lat="34.27248" lon="-116.78173">
        <ele>2170.57</ele>
      </trkpt>
      <trkpt lat="34.27248" lon="-116.78181">
        <ele>2170.45</ele>
      </trkpt>
      <trkpt lat="34.2725" lon="-116.78188">
        <ele>2170.7</ele>
      </trkpt>
      <trkpt lat="34.27252" lon="-116.78195">
        <ele>2170.37</ele>
      </trkpt>
      <trkpt lat="34.27253" lon="-116.78202">
        <ele>2169.83</ele>
      </trkpt>
      <trkpt lat="34.27254" lon="-116.78209">
        <ele>2169.29</ele>
      </trkpt>
      <trkpt lat="34.27256" lon="-116.78216">
        <ele>2168.85</ele>
      </trkpt>
      <trkpt lat="34.27257" lon="-116.78223">
        <ele>2168.18</ele>
      </trkpt>
      <trkpt lat="34.27257" lon="-116.78231">
        <ele>2167.32</ele>
      </trkpt>
      <trkpt lat="34.27259" lon="-116.78238">
        <ele>2166.51</ele>
      </trkpt>
      <trkpt lat="34.2726" lon="-116.78245">
        <ele>2165.28</ele>
      </trkpt>
      <trkpt lat="34.2726" lon="-116.7825">
        <ele>2164.24</ele>
      </trkpt>
      <trkpt lat="34.2726" lon="-116.78252">
        <ele>2163.83</ele>
      </trkpt>
      <trkpt lat="34.27261" lon="-116.78259">
        <ele>2162.8</ele>
      </trkpt>
      <trkpt lat="34.27261" lon="-116.78266">
        <ele>2162.02</ele>
      </trkpt>
      <trkpt lat="34.2726" lon="-116.78273">
        <ele>2161.28</ele>
      </trkpt>
      <trkpt lat="34.27261" lon="-116.78281">
        <ele>2161.56</ele>
      </trkpt>
      <trkpt lat="34.2726" lon="-116.78288">
        <ele>2161.24</ele>
      </trkpt>
      <trkpt lat="34.27259" lon="-116.78295">
        <ele>2160.94</ele>
      </trkpt>
      <trkpt lat="34.27258" lon="-116.78302">
        <ele>2160.73</ele>
      </trkpt>
      <trkpt lat="34.27258" lon="-116.78309">
        <ele>2160.73</ele>
      </trkpt>
      <trkpt lat="34.27257" lon="-116.78316">
        <ele>2160.35</ele>
      </trkpt>
      <trkpt lat="34.27256" lon="-116.78323">
        <ele>2159.1</ele>
      </trkpt>
      <trkpt lat="34.27259" lon="-116.7833">
        <ele>2159.28</ele>
      </trkpt>
      <trkpt lat="34.2726" lon="-116.78338">
        <ele>2158.19</ele>
      </trkpt>
      <trkpt lat="34.27262" lon="-116.78345">
        <ele>2157.55</ele>
      </trkpt>
      <trkpt lat="34.27263" lon="-116.78352">
        <ele>2156.78</ele>
      </trkpt>
      <trkpt lat="34.27265" lon="-116.78359">
        <ele>2156.17</ele>
      </trkpt>
      <trkpt lat="34.27266" lon="-116.78366">
        <ele>2155.66</ele>
      </trkpt>
      <trkpt lat="34.27268" lon="-116.78373">
        <ele>2155.55</ele>
      </trkpt>
      <trkpt lat="34.2727" lon="-116.78381">
        <ele>2155.17</ele>
      </trkpt>
      <trkpt lat="34.27271" lon="-116.78388">
        <ele>2154.63</ele>
      </trkpt>
      <trkpt lat="34.27272" lon="-116.78395">
        <ele>2154.09</ele>
      </trkpt>
      <trkpt lat="34.27274" lon="-116.78402">
        <ele>2153.77</ele>
      </trkpt>
      <trkpt lat="34.27276" lon="-116.78409">
        <ele>2153.58</ele>
      </trkpt>
      <trkpt lat="34.27278" lon="-116.78416">
        <ele>2154.05</ele>
      </trkpt>
      <trkpt lat="34.27278" lon="-116.78423">
        <ele>2153.38</ele>
      </trkpt>
      <trkpt lat="34.27281" lon="-116.78431">
        <ele>2153.5</ele>
      </trkpt>
      <trkpt lat="34.2728" lon="-116.78438">
        <ele>2152.42</ele>
      </trkpt>
      <trkpt lat="34.27281" lon="-116.78445">
        <ele>2152.02</ele>
      </trkpt>
      <trkpt lat="34.2728" lon="-116.78452">
        <ele>2151.52</ele>
      </trkpt>
      <trkpt lat="34.27281" lon="-116.78459">
        <ele>2151.32</ele>
      </trkpt>
      <trkpt lat="34.2728" lon="-116.78466">
        <ele>2150.39</ele>
      </trkpt>
      <trkpt lat="34.2728" lon="-116.78473">
        <ele>2149.7</ele>
      </trkpt>
      <trkpt lat="34.2728" lon="-116.7848">
        <ele>2149.52</ele>
      </trkpt>
      <trkpt lat="34.27279" lon="-116.78488">
        <ele>2148.65</ele>
      </trkpt>
      <trkpt lat="34.27278" lon="-116.78495">
        <ele>2147.6</ele>
      </trkpt>
      <trkpt lat="34.27276" lon="-116.78502">
        <ele>2146.21</ele>
      </trkpt>
      <trkpt lat="34.27277" lon="-116.78505">
        <ele>2146.21</ele>
      </trkpt>
      <trkpt lat="34.27281" lon="-116.78522">
        <ele>2145.07</ele>
      </trkpt>
      <trkpt lat="34.27281" lon="-116.78522">
        <ele>2145.07</ele>
      </trkpt>
      <trkpt lat="34.27287" lon="-116.78537">
        <ele>2144.0</ele>
      </trkpt>
      <trkpt lat="34.27288" lon="-116.78539">
        <ele>2144.08</ele>
      </trkpt>
      <trkpt lat="34.27293" lon="-116.78552">
        <ele>2143.06</ele>
      </trkpt>
      <trkpt lat="34.27294" lon="-116.78554">
        <ele>2142.84</ele>
      </trkpt>
      <trkpt lat="34.273" lon="-116.78566">
        <ele>2141.54</ele>
      </trkpt>
      <trkpt lat="34.273" lon="-116.78566">
        <ele>2141.54</ele>
      </trkpt>
      <trkpt lat="34.27302" lon="-116.78569">
        <ele>2141.33</ele>
      </trkpt>
      <trkpt lat="34.27307" lon="-116.78573">
        <ele>2141.54</ele>
      </trkpt>
      <trkpt lat="34.27311" lon="-116.78578">
        <ele>2141.33</ele>
      </trkpt>
      <trkpt lat="34.27315" lon="-116.78583">
        <ele>2141.11</ele>
      </trkpt>
      <trkpt lat="34.2732" lon="-116.78588">
        <ele>2140.61</ele>
      </trkpt>
      <trkpt lat="34.27324" lon="-116.78592">
        <ele>2140.18</ele>
      </trkpt>
      <trkpt lat="34.27328" lon="-116.78598">
        <ele>2139.34</ele>
      </trkpt>
      <trkpt lat="34.27333" lon="-116.78602">
        <ele>2139.84</ele>
      </trkpt>
      <trkpt lat="34.27338" lon="-116.78606">
        <ele>2139.66</ele>
      </trkpt>
      <trkpt lat="34.27342" lon="-116.78611">
        <ele>2138.91</ele>
      </trkpt>
      <trkpt lat="34.27347" lon="-116.78615">
        <ele>2138.69</ele>
      </trkpt>
      <trkpt lat="34.27352" lon="-116.78618">
        <ele>2138.78</ele>
      </trkpt>
      <trkpt lat="34.27357" lon="-116.78622">
        <ele>2138.03</ele>
      </trkpt>
      <trkpt lat="34.27362" lon="-116.78625">
        <ele>2137.6</ele>
      </trkpt>
      <trkpt lat="34.27367" lon="-116.78629">
        <ele>2136.84</ele>
      </trkpt>
      <trkpt lat="34.27372" lon="-116.78634">
        <ele>2136.7</ele>
      </trkpt>
      <trkpt lat="34.27376" lon="-116.78638">
        <ele>2136.7</ele>
      </trkpt>
      <trkpt lat="34.27381" lon="-116.78642">
        <ele>2136.38</ele>
      </trkpt>
      <trkpt lat="34.27385" lon="-116.78648">
        <ele>2135.6</ele>
      </trkpt>
      <trkpt lat="34.2739" lon="-116.78652">
        <ele>2135.58</ele>
      </trkpt>
      <trkpt lat="34.27394" lon="-116.78657">
        <ele>2135.04</ele>
      </trkpt>
      <trkpt lat="34.27399" lon="-116.78661">
        <ele>2134.7</ele>
      </trkpt>
      <trkpt lat="34.27404" lon="-116.78665">
        <ele>2134.81</ele>
      </trkpt>
      <trkpt lat="34.2741" lon="-116.78665">
        <ele>2135.18</ele>
      </trkpt>
      <trkpt lat="34.27416" lon="-116.78667">
        <ele>2134.96</ele>
      </trkpt>
      <trkpt lat="34.27423" lon="-116.78667">
        <ele>2134.96</ele>
      </trkpt>
      <trkpt lat="34.2743" lon="-116.78667">
        <ele>2134.98</ele>
      </trkpt>
      <trkpt lat="34.27436" lon="-116.78665">
        <ele>2135.16</ele>
      </trkpt>
      <trkpt lat="34.27443" lon="-116.78665">
        <ele>2135.03</ele>
      </trkpt>
      <trkpt lat="34.27448" lon="-116.78661">
        <ele>2134.47</ele>
      </trkpt>
      <trkpt lat="34.27453" lon="-116.78658">
        <ele>2134.02</ele>
      </trkpt>
      <trkpt lat="34.27459" lon="-116.78655">
        <ele>2133.26</ele>
      </trkpt>
      <trkpt lat="34.27464" lon="-116.78653">
        <ele>2132.79</ele>
      </trkpt>
      <trkpt lat="34.27469" lon="-116.7865">
        <ele>2132.43</ele>
      </trkpt>
      <trkpt lat="34.27476" lon="-116.78648">
        <ele>2131.62</ele>
      </trkpt>
      <trkpt lat="34.27481" lon="-116.78646">
        <ele>2131.52</ele>
      </trkpt>
      <trkpt lat="34.27487" lon="-116.78644">
        <ele>2130.38</ele>
      </trkpt>
      <trkpt lat="34.27491" lon="-116.78639">
        <ele>2130.85</ele>
      </trkpt>
      <trkpt lat="34.27495" lon="-116.78631">
        <ele>2130.86</ele>
      </trkpt>
      <trkpt lat="34.27499" lon="-116.78624">
        <ele>2130.65</ele>
      </trkpt>
      <trkpt lat="34.27501" lon="-116.78617">
        <ele>2130.93</ele>
      </trkpt>
      <trkpt lat="34.27503" lon="-116.7861">
        <ele>2130.82</ele>
      </trkpt>
      <trkpt lat="34.27504" lon="-116.78603">
        <ele>2131.15</ele>
      </trkpt>
      <trkpt lat="34.27507" lon="-116.78598">
        <ele>2130.29</ele>
      </trkpt>
      <trkpt lat="34.27511" lon="-116.78593">
        <ele>2129.39</ele>
      </trkpt>
      <trkpt lat="34.27516" lon="-116.78587">
        <ele>2127.98</ele>
      </trkpt>
      <trkpt lat="34.2752" lon="-116.78582">
        <ele>2126.94</ele>
      </trkpt>
      <trkpt lat="34.27522" lon="-116.78574">
        <ele>2127.88</ele>
      </trkpt>
      <trkpt lat="34.27524" lon="-116.78567">
        <ele>2127.99</ele>
      </trkpt>
      <trkpt lat="34.27525" lon="-116.7856">
        <ele>2128.78</ele>
      </trkpt>
      <trkpt lat="34.27527" lon="-116.78553">
        <ele>2129.7</ele>
      </trkpt>
      <trkpt lat="34.27532" lon="-116.78548">
        <ele>2130.18</ele>
      </trkpt>
      <trkpt lat="34.27537" lon="-116.78546">
        <ele>2130.07</ele>
      </trkpt>
      <trkpt lat="34.27544" lon="-116.78546">
        <ele>2129.31</ele>
      </trkpt>
      <trkpt lat="34.2755" lon="-116.78545">
        <ele>2129.28</ele>
      </trkpt>
      <trkpt lat="34.27557" lon="-116.78543">
        <ele>2129.71</ele>
      </trkpt>
      <trkpt lat="34.27563" lon="-116.78542">
        <ele>2129.93</ele>
      </trkpt>
      <trkpt lat="34.27568" lon="-116.78539">
        <ele>2130.5</ele>
      </trkpt>
      <trkpt lat="34.27574" lon="-116.78536">
        <ele>2131.34</ele>
      </trkpt>
      <trkpt lat="34.2758" lon="-116.78535">
        <ele>2131.02</ele>
      </trkpt>
      <trkpt lat="34.27585" lon="-116.78532">
        <ele>2131.19</ele>
      </trkpt>
      <trkpt lat="34.27591" lon="-116.78529">
        <ele>2130.84</ele>
      </trkpt>
      <trkpt lat="34.27597" lon="-116.78528">
        <ele>2129.49</ele>
      </trkpt>
      <trkpt lat="34.27602" lon="-116.78525">
        <ele>2129.16</ele>
      </trkpt>
      <trkpt lat="34.27608" lon="-116.78522">
        <ele>2128.75</ele>
      </trkpt>
      <trkpt lat="34.27614" lon="-116.78521">
        <ele>2127.88</ele>
      </trkpt>
      <trkpt lat="34.27619" lon="-116.78518">
        <ele>2128.32</ele>
      </trkpt>
      <trkpt lat="34.27624" lon="-116.78516">
        <ele>2128.32</ele>
      </trkpt>
      <trkpt lat="34.27625" lon="-116.78515">
        <ele>2128.45</ele>
      </trkpt>
      <trkpt lat="34.27631" lon="-116.78514">
        <ele>2127.82</ele>
      </trkpt>
      <trkpt lat="34.27637" lon="-116.78512">
        <ele>2127.94</ele>
      </trkpt>
      <trkpt lat="34.27643" lon="-116.78511">
        <ele>2127.44</ele>
      </trkpt>
      <trkpt lat="34.2765" lon="-116.78511">
        <ele>2126.64</ele>
      </trkpt>
      <trkpt lat="34.27657" lon="-116.78511">
        <ele>2127.39</ele>
      </trkpt>
      <trkpt lat="34.27664" lon="-116.78511">
        <ele>2127.57</ele>
      </trkpt>
      <trkpt lat="34.2767" lon="-116.7851">
        <ele>2128.2</ele>
      </trkpt>
      <trkpt lat="34.27672" lon="-116.78509">
        <ele>2128.63</ele>
      </trkpt>
      <trkpt lat="34.27682" lon="-116.78505">
        <ele>2129.57</ele>
      </trkpt>
      <trkpt lat="34.27683" lon="-116.78504">
        <ele>2129.81</ele>
      </trkpt>
      <trkpt lat="34.277" lon="-116.78501">
        <ele>2129.18</ele>
      </trkpt>
      <trkpt lat="34.277" lon="-116.78501">
        <ele>2129.18</ele>
      </trkpt>
      <trkpt lat="34.27701" lon="-116.78502">
        <ele>2128.86</ele>
      </trkpt>
      <trkpt lat="34.27705" lon="-116.78498">
        <ele>2129.48</ele>
      </trkpt>
      <trkpt lat="34.27711" lon="-116.78496">
        <ele>2129.17</ele>
      </trkpt>
      <trkpt lat="34.27716" lon="-116.78491">
        <ele>2129.29</ele>
      </trkpt>
      <trkpt lat="34.2772" lon="-116.78487">
        <ele>2129.29</ele>
      </trkpt>
      <trkpt lat="34.27725" lon="-116.78483">
        <ele>2128.77</ele>
      </trkpt>
      <trkpt lat="34.2773" lon="-116.78479">
        <ele>2127.97</ele>
      </trkpt>
      <trkpt lat="34.27735" lon="-116.78474">
        <ele>2128.16</ele>
      </trkpt>
      <trkpt lat="34.2774" lon="-116.7847">
        <ele>2128.8</ele>
      </trkpt>
      <trkpt lat="34.27745" lon="-116.78467">
        <ele>2129.69</ele>
      </trkpt>
      <trkpt lat="34.2775" lon="-116.78463">
        <ele>2130.99</ele>
      </trkpt>
      <trkpt lat="34.27755" lon="-116.78463">
        <ele>2131.53</ele>
      </trkpt>
      <trkpt lat="34.27761" lon="-116.78466">
        <ele>2130.88</ele>
      </trkpt>
      <trkpt lat="34.27766" lon="-116.78469">
        <ele>2130.12</ele>
      </trkpt>
      <trkpt lat="34.27772" lon="-116.78472">
        <ele>2129.1</ele>
      </trkpt>
      <trkpt lat="34.27778" lon="-116.78473">
        <ele>2128.69</ele>
      </trkpt>
      <trkpt lat="34.27783" lon="-116.78476">
        <ele>2127.93</ele>
      </trkpt>
      <trkpt lat="34.27788" lon="-116.78479">
        <ele>2127.25</ele>
      </trkpt>
      <trkpt lat="34.27794" lon="-116.7848">
        <ele>2128.02</ele>
      </trkpt>
      <trkpt lat="34.27794" lon="-116.7848">
        <ele>2128.02</ele>
      </trkpt>
      <trkpt lat="34.278" lon="-116.78482">
        <ele>2128.63</ele>
      </trkpt>
      <trkpt lat="34.27807" lon="-116.78483">
        <ele>2129.82</ele>
      </trkpt>
      <trkpt lat="34.27813" lon="-116.78485">
        <ele>2130.47</ele>
      </trkpt>
      <trkpt lat="34.27819" lon="-116.78486">
        <ele>2131.44</ele>
      </trkpt>
      <trkpt lat="34.27825" lon="-116.78488">
        <ele>2131.99</ele>
      </trkpt>
      <trkpt lat="34.2783" lon="-116.78491">
        <ele>2131.57</ele>
      </trkpt>
      <trkpt lat="34.27835" lon="-116.78493">
        <ele>2131.69</ele>
      </trkpt>
      <trkpt lat="34.27841" lon="-116.78496">
        <ele>2131.69</ele>
      </trkpt>
      <trkpt lat="34.27846" lon="-116.78499">
        <ele>2131.58</ele>
      </trkpt>
      <trkpt lat="34.27851" lon="-116.78503">
        <ele>2131.26</ele>
      </trkpt>
      <trkpt lat="34.27855" lon="-116.78508">
        <ele>2130.61</ele>
      </trkpt>
      <trkpt lat="34.2786" lon="-116.78512">
        <ele>2130.55</ele>
      </trkpt>
      <trkpt lat="34.27865" lon="-116.78516">
        <ele>2130.69</ele>
      </trkpt>
      <trkpt lat="34.27869" lon="-116.78522">
        <ele>2130.1</ele>
      </trkpt>
      <trkpt lat="34.27873" lon="-116.78528">
        <ele>2129.26</ele>
      </trkpt>
      <trkpt lat="34.27877" lon="-116.78534">
        <ele>2129.04</ele>
      </trkpt>
      <trkpt lat="34.2788" lon="-116.78539">
        <ele>2128.62</ele>
      </trkpt>
      <trkpt lat="34.27884" lon="-116.78546">
        <ele>2127.99</ele>
      </trkpt>
      <trkpt lat="34.27889" lon="-116.78549">
        <ele>2128.72</ele>
      </trkpt>
      <trkpt lat="34.27894" lon="-116.78554">
        <ele>2128.72</ele>
      </trkpt>
      <trkpt lat="34.27899" lon="-116.78557">
        <ele>2128.94</ele>
      </trkpt>
      <trkpt lat="34.27902" lon="-116.78564">
        <ele>2128.5</ele>
      </trkpt>
      <trkpt lat="34.27906" lon="-116.78569">
        <ele>2128.4</ele>
      </trkpt>
      <trkpt lat="34.27909" lon="-116.78577">
        <ele>2127.86</ele>
      </trkpt>
      <trkpt lat="34.27913" lon="-116.78584">
        <ele>2127.58</ele>
      </trkpt>
      <trkpt lat="34.27917" lon="-116.78589">
        <ele>2128.01</ele>
      </trkpt>
      <trkpt lat="34.2792" lon="-116.78595">
        <ele>2127.74</ele>
      </trkpt>
      <trkpt lat="34.27924" lon="-116.78601">
        <ele>2127.09</ele>
      </trkpt>
      <trkpt lat="34.27929" lon="-116.78605">
        <ele>2127.22</ele>
      </trkpt>
      <trkpt lat="34.27933" lon="-116.78611">
        <ele>2127.01</ele>
      </trkpt>
      <trkpt lat="34.27939" lon="-116.78612">
        <ele>2126.9</ele>
      </trkpt>
      <trkpt lat="34.27946" lon="-116.78612">
        <ele>2126.74</ele>
      </trkpt>
      <trkpt lat="34.27952" lon="-116.78611">
        <ele>2126.19</ele>
      </trkpt>
      <trkpt lat="34.27956" lon="-116.78605">
        <ele>2126.41</ele>
      </trkpt>
      <trkpt lat="34.27961" lon="-116.78601">
        <ele>2126.3</ele>
      </trkpt>
      <trkpt lat="34.27965" lon="-116.78598">
        <ele>2126.07</ele>
      </trkpt>
      <trkpt lat="34.27977" lon="-116.78591">
        <ele>2125.31</ele>
      </trkpt>
      <trkpt lat="34.27977" lon="-116.78591">
        <ele>2125.31</ele>
      </trkpt>
      <trkpt lat="34.27986" lon="-116.78589">
        <ele>2124.29</ele>
      </trkpt>
      <trkpt lat="34.27987" lon="-116.78589">
        <ele>2124.18</ele>
      </trkpt>
      <trkpt lat="34.27996" lon="-116.78592">
        <ele>2123.09</ele>
      </trkpt>
      <trkpt lat="34.27996" lon="-116.78593">
        <ele>2122.96</ele>
      </trkpt>
      <trkpt lat="34.27996" lon="-116.78593">
        <ele>2122.96</ele>
      </trkpt>
      <trkpt lat="34.28" lon="-116.78598">
        <ele>2122.42</ele>
      </trkpt>
      <trkpt lat="34.28005" lon="-116.78603">
        <ele>2122.47</ele>
      </trkpt>
      <trkpt lat="34.28009" lon="-116.78609">
        <ele>2122.22</ele>
      </trkpt>
      <trkpt lat="34.28014" lon="-116.78613">
        <ele>2122.41</ele>
      </trkpt>
      <trkpt lat="34.28018" lon="-116.78617">
        <ele>2122.34</ele>
      </trkpt>
      <trkpt lat="34.28022" lon="-116.78623">
        <ele>2122.27</ele>
      </trkpt>
      <trkpt lat="34.28026" lon="-116.78629">
        <ele>2122.05</ele>
      </trkpt>
      <trkpt lat="34.28031" lon="-116.78633">
        <ele>2122.22</ele>
      </trkpt>
      <trkpt lat="34.28035" lon="-116.78639">
        <ele>2122.0</ele>
      </trkpt>
      <trkpt lat="34.28039" lon="-116.78644">
        <ele>2122.09</ele>
      </trkpt>
      <trkpt lat="34.28043" lon="-116.7865">
        <ele>2121.93</ele>
      </trkpt>
      <trkpt lat="34.28047" lon="-116.78656">
        <ele>2122.01</ele>
      </trkpt>
      <trkpt lat="34.2805" lon="-116.78662">
        <ele>2121.7</ele>
      </trkpt>
      <trkpt lat="34.28054" lon="-116.78667">
        <ele>2121.8</ele>
      </trkpt>
      <trkpt lat="34.28058" lon="-116.78673">
        <ele>2121.32</ele>
      </trkpt>
      <trkpt lat="34.28062" lon="-116.78679">
        <ele>2120.57</ele>
      </trkpt>
      <trkpt lat="34.28067" lon="-116.78683">
        <ele>2120.24</ele>
      </trkpt>
      <trkpt lat="34.28071" lon="-116.78689">
        <ele>2119.45</ele>
      </trkpt>
      <trkpt lat="34.28075" lon="-116.78694">
        <ele>2119.14</ele>
      </trkpt>
      <trkpt lat="34.28078" lon="-116.78698">
        <ele>2119.04</ele>
      </trkpt>
      <trkpt lat="34.28097" lon="-116.78716">
        <ele>2118.83</ele>
      </trkpt>
      <trkpt lat="34.28097" lon="-116.78716">
        <ele>2118.83</ele>
      </trkpt>
      <trkpt lat="34.28104" lon="-116.78728">
        <ele>2118.38</ele>
      </trkpt>
      <trkpt lat="34.28104" lon="-116.78729">
        <ele>2118.27</ele>
      </trkpt>
      <trkpt lat="34.28109" lon="-116.78748">
        <ele>2116.22</ele>
      </trkpt>
      <trkpt lat="34.28109" lon="-116.78749">
        <ele>2116.11</ele>
      </trkpt>
      <trkpt lat="34.28123" lon="-116.78771">
        <ele>2114.02</ele>
      </trkpt>
      <trkpt lat="34.28123" lon="-116.78772">
        <ele>2113.91</ele>
      </trkpt>
      <trkpt lat="34.28131" lon="-116.78792">
        <ele>2112.54</ele>
      </trkpt>
      <trkpt lat="34.28131" lon="-116.78792">
        <ele>2112.54</ele>
      </trkpt>
      <trkpt lat="34.28134" lon="-116.78811">
        <ele>2111.47</ele>
      </trkpt>
      <trkpt lat="34.28134" lon="-116.78811">
        <ele>2111.47</ele>
      </trkpt>
      <trkpt lat="34.28135" lon="-116.78813">
        <ele>2111.58</ele>
      </trkpt>
      <trkpt lat="34.28136" lon="-116.7882">
        <ele>2111.13</ele>
      </trkpt>
      <trkpt lat="34.28136" lon="-116.78828">
        <ele>2110.69</ele>
      </trkpt>
      <trkpt lat="34.28133" lon="-116.78835">
        <ele>2110.36</ele>
      </trkpt>
      <trkpt lat="34.2813" lon="-116.78842">
        <ele>2110.04</ele>
      </trkpt>
      <trkpt lat="34.28127" lon="-116.78849">
        <ele>2109.72</ele>
      </trkpt>
      <trkpt lat="34.28125" lon="-116.78856">
        <ele>2109.28</ele>
      </trkpt>
      <trkpt lat="34.28123" lon="-116.78863">
        <ele>2108.57</ele>
      </trkpt>
      <trkpt lat="34.2812" lon="-116.7887">
        <ele>2107.96</ele>
      </trkpt>
      <trkpt lat="34.28118" lon="-116.78877">
        <ele>2107.74</ele>
      </trkpt>
      <trkpt lat="34.28116" lon="-116.78884">
        <ele>2107.53</ele>
      </trkpt>
      <trkpt lat="34.28112" lon="-116.78892">
        <ele>2107.1</ele>
      </trkpt>
      <trkpt lat="34.28109" lon="-116.78899">
        <ele>2106.56</ele>
      </trkpt>
      <trkpt lat="34.28105" lon="-116.78906">
        <ele>2106.24</ele>
      </trkpt>
      <trkpt lat="34.28102" lon="-116.78913">
        <ele>2106.03</ele>
      </trkpt>
      <trkpt lat="34.28098" lon="-116.7892">
        <ele>2105.79</ele>
      </trkpt>
      <trkpt lat="34.28095" lon="-116.78927">
        <ele>2105.72</ele>
      </trkpt>
      <trkpt lat="34.28091" lon="-116.78934">
        <ele>2106.42</ele>
      </trkpt>
      <trkpt lat="34.28087" lon="-116.7894">
        <ele>2106.31</ele>
      </trkpt>
      <trkpt lat="34.28083" lon="-116.78946">
        <ele>2106.26</ele>
      </trkpt>
      <trkpt lat="34.28078" lon="-116.78951">
        <ele>2105.86</ele>
      </trkpt>
      <trkpt lat="34.28074" lon="-116.78957">
        <ele>2105.34</ele>
      </trkpt>
      <trkpt lat="34.28069" lon="-116.78961">
        <ele>2104.69</ele>
      </trkpt>
      <trkpt lat="34.28065" lon="-116.78967">
        <ele>2104.48</ele>
      </trkpt>
      <trkpt lat="34.28061" lon="-116.78973">
        <ele>2103.85</ele>
      </trkpt>
      <trkpt lat="34.28057" lon="-116.78978">
        <ele>2103.09</ele>
      </trkpt>
      <trkpt lat="34.28053" lon="-116.78984">
        <ele>2102.72</ele>
      </trkpt>
      <trkpt lat="34.28049" lon="-116.7899">
        <ele>2102.5</ele>
      </trkpt>
      <trkpt lat="34.28044" lon="-116.78995">
        <ele>2101.72</ele>
      </trkpt>
      <trkpt lat="34.2804" lon="-116.79001">
        <ele>2101.07</ele>
      </trkpt>
      <trkpt lat="34.28035" lon="-116.79005">
        <ele>2099.88</ele>
      </trkpt>
      <trkpt lat="34.28033" lon="-116.79007">
        <ele>2099.45</ele>
      </trkpt>
      <trkpt lat="34.2803" lon="-116.7901">
        <ele>2098.86</ele>
      </trkpt>
      <trkpt lat="34.28026" lon="-116.79015">
        <ele>2098.74</ele>
      </trkpt>
      <trkpt lat="34.28022" lon="-116.79021">
        <ele>2098.4</ele>
      </trkpt>
      <trkpt lat="34.28018" lon="-116.79027">
        <ele>2097.75</ele>
      </trkpt>
      <trkpt lat="34.28014" lon="-116.79034">
        <ele>2097.21</ele>
      </trkpt>
      <trkpt lat="34.28011" lon="-116.79041">
        <ele>2096.99</ele>
      </trkpt>
      <trkpt lat="34.28007" lon="-116.79048">
        <ele>2096.27</ele>
      </trkpt>
      <trkpt lat="34.28004" lon="-116.79055">
        <ele>2095.3</ele>
      </trkpt>
      <trkpt lat="34.28" lon="-116.79062">
        <ele>2094.0</ele>
      </trkpt>
      <trkpt lat="34.27996" lon="-116.79069">
        <ele>2093.14</ele>
      </trkpt>
      <trkpt lat="34.27993" lon="-116.79076">
        <ele>2092.7</ele>
      </trkpt>
      <trkpt lat="34.2799" lon="-116.79084">
        <ele>2092.83</ele>
      </trkpt>
      <trkpt lat="34.27986" lon="-116.79091">
        <ele>2092.29</ele>
      </trkpt>
      <trkpt lat="34.27982" lon="-116.79098">
        <ele>2091.75</ele>
      </trkpt>
      <trkpt lat="34.27979" lon="-116.79105">
        <ele>2091.54</ele>
      </trkpt>
      <trkpt lat="34.27975" lon="-116.79112">
        <ele>2091.0</ele>
      </trkpt>
      <trkpt lat="34.27972" lon="-116.79119">
        <ele>2090.78</ele>
      </trkpt>
      <trkpt lat="34.27969" lon="-116.79126">
        <ele>2090.56</ele>
      </trkpt>
      <trkpt lat="34.27967" lon="-116.79133">
        <ele>2090.67</ele>
      </trkpt>
      <trkpt lat="34.27965" lon="-116.7914">
        <ele>2090.66</ele>
      </trkpt>
      <trkpt lat="34.27963" lon="-116.79148">
        <ele>2090.01</ele>
      </trkpt>
      <trkpt lat="34.27962" lon="-116.79155">
        <ele>2089.69</ele>
      </trkpt>
      <trkpt lat="34.27959" lon="-116.79162">
        <ele>2088.5</ele>
      </trkpt>
      <trkpt lat="34.27959" lon="-116.79169">
        <ele>2088.14</ele>
      </trkpt>
      <trkpt lat="34.27958" lon="-116.79176">
        <ele>2087.38</ele>
      </trkpt>
      <trkpt lat="34.27959" lon="-116.79183">
        <ele>2086.95</ele>
      </trkpt>
      <trkpt lat="34.27958" lon="-116.7919">
        <ele>2086.39</ele>
      </trkpt>
      <trkpt lat="34.27958" lon="-116.79198">
        <ele>2086.01</ele>
      </trkpt>
      <trkpt lat="34.27958" lon="-116.79205">
        <ele>2085.19</ele>
      </trkpt>
      <trkpt lat="34.27958" lon="-116.79212">
        <ele>2084.08</ele>
      </trkpt>
      <trkpt lat="34.27957" lon="-116.79219">
        <ele>2082.64</ele>
      </trkpt>
      <trkpt lat="34.27958" lon="-116.79226">
        <ele>2081.98</ele>
      </trkpt>
      <trkpt lat="34.27958" lon="-116.79233">
        <ele>2081.23</ele>
      </trkpt>
      <trkpt lat="34.27959" lon="-116.7924">
        <ele>2080.8</ele>
      </trkpt>
      <trkpt lat="34.27959" lon="-116.79247">
        <ele>2080.04</ele>
      </trkpt>
      <trkpt lat="34.2796" lon="-116.79255">
        <ele>2079.5</ele>
      </trkpt>
      <trkpt lat="34.2796" lon="-116.79262">
        <ele>2078.74</ele>
      </trkpt>
      <trkpt lat="34.2796" lon="-116.79269">
        <ele>2078.0</ele>
      </trkpt>
      <trkpt lat="34.2796" lon="-116.79276">
        <ele>2077.49</ele>
      </trkpt>
      <trkpt lat="34.27961" lon="-116.79283">
        <ele>2077.01</ele>
      </trkpt>
      <trkpt lat="34.27961" lon="-116.7929">
        <ele>2076.26</ele>
      </trkpt>
      <trkpt lat="34.27962" lon="-116.79297">
        <ele>2075.72</ele>
      </trkpt>
      <trkpt lat="34.27964" lon="-116.79305">
        <ele>2075.4</ele>
      </trkpt>
      <trkpt lat="34.27964" lon="-116.79312">
        <ele>2074.64</ele>
      </trkpt>
      <trkpt lat="34.27965" lon="-116.79319">
        <ele>2074.21</ele>
      </trkpt>
      <trkpt lat="34.27966" lon="-116.79326">
        <ele>2073.92</ele>
      </trkpt>
      <trkpt lat="34.27968" lon="-116.79333">
        <ele>2074.11</ele>
      </trkpt>
      <trkpt lat="34.2797" lon="-116.7934">
        <ele>2073.97</ele>
      </trkpt>
      <trkpt lat="34.27973" lon="-116.79347">
        <ele>2073.69</ele>
      </trkpt>
      <trkpt lat="34.27977" lon="-116.79355">
        <ele>2073.86</ele>
      </trkpt>
      <trkpt lat="34.2798" lon="-116.79362">
        <ele>2073.76</ele>
      </trkpt>
      <trkpt lat="34.27983" lon="-116.79369">
        <ele>2073.48</ele>
      </trkpt>
      <trkpt lat="34.27986" lon="-116.79376">
        <ele>2073.68</ele>
      </trkpt>
      <trkpt lat="34.2799" lon="-116.79383">
        <ele>2073.59</ele>
      </trkpt>
      <trkpt lat="34.27991" lon="-116.7939">
        <ele>2073.05</ele>
      </trkpt>
      <trkpt lat="34.27993" lon="-116.79397">
        <ele>2073.27</ele>
      </trkpt>
      <trkpt lat="34.27995" lon="-116.79405">
        <ele>2073.12</ele>
      </trkpt>
      <trkpt lat="34.27997" lon="-116.79412">
        <ele>2072.84</ele>
      </trkpt>
      <trkpt lat="34.27999" lon="-116.79419">
        <ele>2072.89</ele>
      </trkpt>
      <trkpt lat="34.28002" lon="-116.79426">
        <ele>2072.99</ele>
      </trkpt>
      <trkpt lat="34.28005" lon="-116.79433">
        <ele>2072.65</ele>
      </trkpt>
      <trkpt lat="34.28009" lon="-116.7944">
        <ele>2072.47</ele>
      </trkpt>
      <trkpt lat="34.2801" lon="-116.79448">
        <ele>2072.08</ele>
      </trkpt>
      <trkpt lat="34.28012" lon="-116.79455">
        <ele>2072.2</ele>
      </trkpt>
      <trkpt lat="34.28014" lon="-116.79462">
        <ele>2072.07</ele>
      </trkpt>
      <trkpt lat="34.28015" lon="-116.79469">
        <ele>2071.84</ele>
      </trkpt>
      <trkpt lat="34.28015" lon="-116.79476">
        <ele>2071.37</ele>
      </trkpt>
      <trkpt lat="34.28016" lon="-116.79483">
        <ele>2070.96</ele>
      </trkpt>
      <trkpt lat="34.28016" lon="-116.7949">
        <ele>2070.75</ele>
      </trkpt>
      <trkpt lat="34.28015" lon="-116.79497">
        <ele>2070.2</ele>
      </trkpt>
      <trkpt lat="34.28014" lon="-116.79505">
        <ele>2069.74</ele>
      </trkpt>
      <trkpt lat="34.28014" lon="-116.79512">
        <ele>2069.51</ele>
      </trkpt>
      <trkpt lat="34.28013" lon="-116.79519">
        <ele>2069.35</ele>
      </trkpt>
      <trkpt lat="34.28012" lon="-116.79526">
        <ele>2068.49</ele>
      </trkpt>
      <trkpt lat="34.28011" lon="-116.79533">
        <ele>2068.19</ele>
      </trkpt>
      <trkpt lat="34.28012" lon="-116.7954">
        <ele>2067.98</ele>
      </trkpt>
      <trkpt lat="34.28011" lon="-116.79547">
        <ele>2067.17</ele>
      </trkpt>
      <trkpt lat="34.28011" lon="-116.79555">
        <ele>2067.01</ele>
      </trkpt>
      <trkpt lat="34.28011" lon="-116.79562">
        <ele>2066.43</ele>
      </trkpt>
      <trkpt lat="34.28011" lon="-116.79566">
        <ele>2066.06</ele>
      </trkpt>
      <trkpt lat="34.28004" lon="-116.79595">
        <ele>2063.0</ele>
      </trkpt>
      <trkpt lat="34.28004" lon="-116.79595">
        <ele>2063.0</ele>
      </trkpt>
      <trkpt lat="34.27998" lon="-116.79603">
        <ele>2062.69</ele>
      </trkpt>
      <trkpt lat="34.27996" lon="-116.79605">
        <ele>2062.37</ele>
      </trkpt>
      <trkpt lat="34.27985" lon="-116.79611">
        <ele>2061.39</ele>
      </trkpt>
      <trkpt lat="34.27983" lon="-116.79611">
        <ele>2061.17</ele>
      </trkpt>
      <trkpt lat="34.27964" lon="-116.79617">
        <ele>2061.0</ele>
      </trkpt>
      <trkpt lat="34.27964" lon="-116.79618">
        <ele>2061.0</ele>
      </trkpt>
      <trkpt lat="34.27952" lon="-116.79623">
        <ele>2060.0</ele>
      </trkpt>
      <trkpt lat="34.27952" lon="-116.79623">
        <ele>2060.0</ele>
      </trkpt>
    </trkseg>
  </trk>
</gpx>
