<?xml version="1.0"?>
<gpx xmlns="http://www.topografix.com/GPX/1/1" xmlns:xsi="http://www.w3.org/2001/XMLSchema-instance" version="1.1" creator="AllTrails.com" xsi:schemaLocation="http://www.topografix.com/GPX/1/1 http://www.topografix.com/GPX/1/1/gpx.xsd">
  <metadata>
    <name><![CDATA[Mojave Road OHV Trail]]></name>
    <desc><![CDATA[]]></desc>
    <link href="http://www.alltrails.com">
      <text>AllTrails, LLC</text>
    </link>
    <bounds minlat="34.95232" minlon="-116.60021" maxlat="35.22166" maxlon="-114.64035"/>
  </metadata>
  <trk>
    <name><![CDATA[Mojave Road OHV Trail]]></name>
    <src>AllTrails</src>
    <trkseg>
      <trkpt lat="35.04601" lon="-114.64035">
        <ele>151.0</ele>
      </trkpt>
      <trkpt lat="35.04601" lon="-114.64035">
        <ele>151.0</ele>
      </trkpt>
      <trkpt lat="35.04626" lon="-114.64081">
        <ele>151.0</ele>
      </trkpt>
      <trkpt lat="35.0465" lon="-114.64127">
        <ele>150.0</ele>
      </trkpt>
      <trkpt lat="35.04675" lon="-114.64173">
        <ele>150.0</ele>
      </trkpt>
      <trkpt lat="35.04702" lon="-114.64223">
        <ele>150.0</ele>
      </trkpt>
      <trkpt lat="35.04728" lon="-114.64273">
        <ele>150.0</ele>
      </trkpt>
      <trkpt lat="35.04755" lon="-114.64324">
        <ele>150.0</ele>
      </trkpt>
      <trkpt lat="35.04781" lon="-114.64374">
        <ele>150.0</ele>
      </trkpt>
      <trkpt lat="35.04808" lon="-114.64424">
        <ele>150.0</ele>
      </trkpt>
      <trkpt lat="35.04835" lon="-114.64474">
        <ele>150.0</ele>
      </trkpt>
      <trkpt lat="35.04861" lon="-114.64524">
        <ele>150.0</ele>
      </trkpt>
      <trkpt lat="35.04888" lon="-114.64575">
        <ele>150.0</ele>
      </trkpt>
      <trkpt lat="35.04914" lon="-114.64625">
        <ele>150.0</ele>
      </trkpt>
      <trkpt lat="35.04941" lon="-114.64675">
        <ele>150.0</ele>
      </trkpt>
      <trkpt lat="35.0497" lon="-114.64731">
        <ele>150.0</ele>
      </trkpt>
      <trkpt lat="35.04998" lon="-114.64787">
        <ele>150.0</ele>
      </trkpt>
      <trkpt lat="35.05027" lon="-114.64843">
        <ele>151.0</ele>
      </trkpt>
      <trkpt lat="35.05061" lon="-114.64901">
        <ele>150.0</ele>
      </trkpt>
      <trkpt lat="35.05071" lon="-114.64927">
        <ele>150.0</ele>
      </trkpt>
      <trkpt lat="35.0507" lon="-114.65003">
        <ele>150.0</ele>
      </trkpt>
      <trkpt lat="35.0507" lon="-114.65065">
        <ele>150.0</ele>
      </trkpt>
      <trkpt lat="35.0507" lon="-114.65127">
        <ele>150.0</ele>
      </trkpt>
      <trkpt lat="35.05071" lon="-114.6519">
        <ele>150.0</ele>
      </trkpt>
      <trkpt lat="35.05071" lon="-114.65252">
        <ele>150.0</ele>
      </trkpt>
      <trkpt lat="35.05071" lon="-114.65314">
        <ele>150.0</ele>
      </trkpt>
      <trkpt lat="35.05071" lon="-114.65373">
        <ele>151.0</ele>
      </trkpt>
      <trkpt lat="35.05072" lon="-114.65432">
        <ele>152.0</ele>
      </trkpt>
      <trkpt lat="35.05072" lon="-114.65491">
        <ele>153.0</ele>
      </trkpt>
      <trkpt lat="35.05073" lon="-114.65551">
        <ele>155.0</ele>
      </trkpt>
      <trkpt lat="35.05073" lon="-114.6561">
        <ele>156.0</ele>
      </trkpt>
      <trkpt lat="35.05073" lon="-114.65669">
        <ele>158.03</ele>
      </trkpt>
      <trkpt lat="35.05074" lon="-114.65728">
        <ele>160.0</ele>
      </trkpt>
      <trkpt lat="35.05074" lon="-114.65787">
        <ele>163.01</ele>
      </trkpt>
      <trkpt lat="35.05074" lon="-114.65845">
        <ele>166.27</ele>
      </trkpt>
      <trkpt lat="35.05074" lon="-114.65903">
        <ele>170.52</ele>
      </trkpt>
      <trkpt lat="35.05074" lon="-114.6596">
        <ele>172.0</ele>
      </trkpt>
      <trkpt lat="35.05073" lon="-114.66018">
        <ele>173.0</ele>
      </trkpt>
      <trkpt lat="35.05073" lon="-114.66076">
        <ele>176.0</ele>
      </trkpt>
      <trkpt lat="35.05073" lon="-114.66134">
        <ele>178.0</ele>
      </trkpt>
      <trkpt lat="35.05073" lon="-114.66191">
        <ele>180.63</ele>
      </trkpt>
      <trkpt lat="35.05073" lon="-114.66249">
        <ele>183.0</ele>
      </trkpt>
      <trkpt lat="35.05073" lon="-114.66307">
        <ele>185.16</ele>
      </trkpt>
      <trkpt lat="35.05073" lon="-114.66365">
        <ele>187.42</ele>
      </trkpt>
      <trkpt lat="35.05073" lon="-114.66422">
        <ele>189.58</ele>
      </trkpt>
      <trkpt lat="35.05073" lon="-114.6648">
        <ele>192.0</ele>
      </trkpt>
      <trkpt lat="35.05072" lon="-114.66538">
        <ele>194.08</ele>
      </trkpt>
      <trkpt lat="35.05072" lon="-114.66596">
        <ele>196.37</ele>
      </trkpt>
      <trkpt lat="35.05072" lon="-114.66653">
        <ele>198.52</ele>
      </trkpt>
      <trkpt lat="35.05072" lon="-114.66711">
        <ele>200.79</ele>
      </trkpt>
      <trkpt lat="35.05072" lon="-114.66768">
        <ele>202.94</ele>
      </trkpt>
      <trkpt lat="35.05072" lon="-114.66825">
        <ele>205.0</ele>
      </trkpt>
      <trkpt lat="35.05073" lon="-114.66881">
        <ele>206.88</ele>
      </trkpt>
      <trkpt lat="35.05073" lon="-114.66938">
        <ele>207.92</ele>
      </trkpt>
      <trkpt lat="35.05073" lon="-114.66995">
        <ele>209.46</ele>
      </trkpt>
      <trkpt lat="35.05073" lon="-114.67061">
        <ele>212.0</ele>
      </trkpt>
      <trkpt lat="35.05074" lon="-114.67127">
        <ele>214.72</ele>
      </trkpt>
      <trkpt lat="35.05074" lon="-114.67193">
        <ele>217.0</ele>
      </trkpt>
      <trkpt lat="35.05073" lon="-114.67271">
        <ele>219.0</ele>
      </trkpt>
      <trkpt lat="35.05072" lon="-114.67333">
        <ele>220.96</ele>
      </trkpt>
      <trkpt lat="35.05071" lon="-114.67395">
        <ele>224.22</ele>
      </trkpt>
      <trkpt lat="35.0507" lon="-114.67457">
        <ele>228.0</ele>
      </trkpt>
      <trkpt lat="35.05098" lon="-114.67507">
        <ele>229.0</ele>
      </trkpt>
      <trkpt lat="35.05127" lon="-114.67557">
        <ele>230.0</ele>
      </trkpt>
      <trkpt lat="35.05159" lon="-114.67651">
        <ele>233.05</ele>
      </trkpt>
      <trkpt lat="35.05167" lon="-114.67671">
        <ele>234.0</ele>
      </trkpt>
      <trkpt lat="35.05205" lon="-114.67691">
        <ele>235.68</ele>
      </trkpt>
      <trkpt lat="35.05241" lon="-114.67732">
        <ele>238.0</ele>
      </trkpt>
      <trkpt lat="35.05277" lon="-114.67773">
        <ele>239.96</ele>
      </trkpt>
      <trkpt lat="35.05312" lon="-114.67821">
        <ele>241.67</ele>
      </trkpt>
      <trkpt lat="35.05346" lon="-114.67869">
        <ele>243.0</ele>
      </trkpt>
      <trkpt lat="35.05366" lon="-114.67929">
        <ele>245.33</ele>
      </trkpt>
      <trkpt lat="35.05385" lon="-114.6799">
        <ele>250.97</ele>
      </trkpt>
      <trkpt lat="35.05405" lon="-114.6805">
        <ele>254.74</ele>
      </trkpt>
      <trkpt lat="35.05418" lon="-114.68106">
        <ele>255.0</ele>
      </trkpt>
      <trkpt lat="35.05432" lon="-114.68161">
        <ele>256.0</ele>
      </trkpt>
      <trkpt lat="35.05442" lon="-114.68224">
        <ele>256.0</ele>
      </trkpt>
      <trkpt lat="35.05451" lon="-114.68287">
        <ele>258.7</ele>
      </trkpt>
      <trkpt lat="35.05461" lon="-114.6835">
        <ele>264.96</ele>
      </trkpt>
      <trkpt lat="35.05472" lon="-114.68411">
        <ele>266.98</ele>
      </trkpt>
      <trkpt lat="35.05483" lon="-114.68472">
        <ele>267.16</ele>
      </trkpt>
      <trkpt lat="35.05493" lon="-114.68532">
        <ele>268.0</ele>
      </trkpt>
      <trkpt lat="35.05504" lon="-114.68593">
        <ele>269.59</ele>
      </trkpt>
      <trkpt lat="35.05515" lon="-114.68654">
        <ele>273.63</ele>
      </trkpt>
      <trkpt lat="35.05527" lon="-114.68718">
        <ele>276.5</ele>
      </trkpt>
      <trkpt lat="35.05538" lon="-114.68783">
        <ele>278.06</ele>
      </trkpt>
      <trkpt lat="35.0555" lon="-114.68847">
        <ele>279.48</ele>
      </trkpt>
      <trkpt lat="35.0555" lon="-114.68935">
        <ele>282.0</ele>
      </trkpt>
      <trkpt lat="35.05569" lon="-114.68999">
        <ele>285.89</ele>
      </trkpt>
      <trkpt lat="35.05587" lon="-114.69064">
        <ele>288.36</ele>
      </trkpt>
      <trkpt lat="35.05606" lon="-114.69128">
        <ele>291.0</ele>
      </trkpt>
      <trkpt lat="35.05624" lon="-114.69192">
        <ele>292.74</ele>
      </trkpt>
      <trkpt lat="35.05634" lon="-114.69224">
        <ele>293.57</ele>
      </trkpt>
      <trkpt lat="35.05643" lon="-114.69296">
        <ele>297.0</ele>
      </trkpt>
      <trkpt lat="35.05651" lon="-114.69367">
        <ele>300.2</ele>
      </trkpt>
      <trkpt lat="35.05672" lon="-114.6947">
        <ele>304.0</ele>
      </trkpt>
      <trkpt lat="35.05691" lon="-114.69574">
        <ele>308.99</ele>
      </trkpt>
      <trkpt lat="35.05702" lon="-114.69652">
        <ele>312.0</ele>
      </trkpt>
      <trkpt lat="35.05721" lon="-114.6973">
        <ele>315.73</ele>
      </trkpt>
      <trkpt lat="35.05723" lon="-114.69741">
        <ele>316.0</ele>
      </trkpt>
      <trkpt lat="35.05755" lon="-114.69833">
        <ele>320.0</ele>
      </trkpt>
      <trkpt lat="35.05783" lon="-114.69906">
        <ele>323.48</ele>
      </trkpt>
      <trkpt lat="35.0581" lon="-114.6998">
        <ele>326.0</ele>
      </trkpt>
      <trkpt lat="35.05839" lon="-114.7003">
        <ele>328.15</ele>
      </trkpt>
      <trkpt lat="35.05869" lon="-114.70077">
        <ele>330.85</ele>
      </trkpt>
      <trkpt lat="35.059" lon="-114.70123">
        <ele>332.2</ele>
      </trkpt>
      <trkpt lat="35.0593" lon="-114.7017">
        <ele>335.64</ele>
      </trkpt>
      <trkpt lat="35.05962" lon="-114.70217">
        <ele>338.39</ele>
      </trkpt>
      <trkpt lat="35.05995" lon="-114.70264">
        <ele>341.0</ele>
      </trkpt>
      <trkpt lat="35.06046" lon="-114.70303">
        <ele>344.0</ele>
      </trkpt>
      <trkpt lat="35.0607" lon="-114.70321">
        <ele>345.37</ele>
      </trkpt>
      <trkpt lat="35.06121" lon="-114.70354">
        <ele>348.28</ele>
      </trkpt>
      <trkpt lat="35.06173" lon="-114.70387">
        <ele>351.94</ele>
      </trkpt>
      <trkpt lat="35.06224" lon="-114.7042">
        <ele>355.07</ele>
      </trkpt>
      <trkpt lat="35.06288" lon="-114.70467">
        <ele>358.1</ele>
      </trkpt>
      <trkpt lat="35.06341" lon="-114.70484">
        <ele>361.0</ele>
      </trkpt>
      <trkpt lat="35.06412" lon="-114.70524">
        <ele>365.59</ele>
      </trkpt>
      <trkpt lat="35.06471" lon="-114.70544">
        <ele>366.75</ele>
      </trkpt>
      <trkpt lat="35.06514" lon="-114.70548">
        <ele>372.51</ele>
      </trkpt>
      <trkpt lat="35.06556" lon="-114.70574">
        <ele>376.06</ele>
      </trkpt>
      <trkpt lat="35.06582" lon="-114.70614">
        <ele>377.0</ele>
      </trkpt>
      <trkpt lat="35.0665" lon="-114.70653">
        <ele>377.2</ele>
      </trkpt>
      <trkpt lat="35.06697" lon="-114.7066">
        <ele>379.28</ele>
      </trkpt>
      <trkpt lat="35.06744" lon="-114.70667">
        <ele>386.39</ele>
      </trkpt>
      <trkpt lat="35.06789" lon="-114.7068">
        <ele>389.09</ele>
      </trkpt>
      <trkpt lat="35.06834" lon="-114.70692">
        <ele>391.0</ele>
      </trkpt>
      <trkpt lat="35.06903" lon="-114.70717">
        <ele>396.52</ele>
      </trkpt>
      <trkpt lat="35.06944" lon="-114.70768">
        <ele>401.0</ele>
      </trkpt>
      <trkpt lat="35.06988" lon="-114.7079">
        <ele>402.32</ele>
      </trkpt>
      <trkpt lat="35.07032" lon="-114.7081">
        <ele>406.94</ele>
      </trkpt>
      <trkpt lat="35.07087" lon="-114.70871">
        <ele>414.04</ele>
      </trkpt>
      <trkpt lat="35.07151" lon="-114.70894">
        <ele>415.0</ele>
      </trkpt>
      <trkpt lat="35.07214" lon="-114.70917">
        <ele>415.15</ele>
      </trkpt>
      <trkpt lat="35.07292" lon="-114.70948">
        <ele>425.0</ele>
      </trkpt>
      <trkpt lat="35.07304" lon="-114.7098">
        <ele>426.0</ele>
      </trkpt>
      <trkpt lat="35.07353" lon="-114.7104">
        <ele>427.4</ele>
      </trkpt>
      <trkpt lat="35.07405" lon="-114.71097">
        <ele>434.74</ele>
      </trkpt>
      <trkpt lat="35.07414" lon="-114.71124">
        <ele>435.71</ele>
      </trkpt>
      <trkpt lat="35.0744" lon="-114.71162">
        <ele>437.76</ele>
      </trkpt>
      <trkpt lat="35.07478" lon="-114.71201">
        <ele>441.33</ele>
      </trkpt>
      <trkpt lat="35.07515" lon="-114.71239">
        <ele>447.81</ele>
      </trkpt>
      <trkpt lat="35.07553" lon="-114.71278">
        <ele>450.0</ele>
      </trkpt>
      <trkpt lat="35.07588" lon="-114.71329">
        <ele>451.26</ele>
      </trkpt>
      <trkpt lat="35.07623" lon="-114.7138">
        <ele>452.0</ele>
      </trkpt>
      <trkpt lat="35.07643" lon="-114.71421">
        <ele>455.21</ele>
      </trkpt>
      <trkpt lat="35.07664" lon="-114.71446">
        <ele>457.76</ele>
      </trkpt>
      <trkpt lat="35.07683" lon="-114.71476">
        <ele>459.86</ele>
      </trkpt>
      <trkpt lat="35.07688" lon="-114.71496">
        <ele>460.7</ele>
      </trkpt>
      <trkpt lat="35.07686" lon="-114.71529">
        <ele>461.21</ele>
      </trkpt>
      <trkpt lat="35.07672" lon="-114.71542">
        <ele>462.0</ele>
      </trkpt>
      <trkpt lat="35.0767" lon="-114.71564">
        <ele>462.0</ele>
      </trkpt>
      <trkpt lat="35.07637" lon="-114.71596">
        <ele>463.5</ele>
      </trkpt>
      <trkpt lat="35.07631" lon="-114.71612">
        <ele>464.08</ele>
      </trkpt>
      <trkpt lat="35.07612" lon="-114.71641">
        <ele>466.0</ele>
      </trkpt>
      <trkpt lat="35.07573" lon="-114.71716">
        <ele>465.0</ele>
      </trkpt>
      <trkpt lat="35.0752" lon="-114.71764">
        <ele>463.08</ele>
      </trkpt>
      <trkpt lat="35.07466" lon="-114.71792">
        <ele>462.0</ele>
      </trkpt>
      <trkpt lat="35.07408" lon="-114.71809">
        <ele>461.41</ele>
      </trkpt>
      <trkpt lat="35.07351" lon="-114.71825">
        <ele>461.01</ele>
      </trkpt>
      <trkpt lat="35.07316" lon="-114.71833">
        <ele>458.13</ele>
      </trkpt>
      <trkpt lat="35.07295" lon="-114.71851">
        <ele>454.17</ele>
      </trkpt>
      <trkpt lat="35.07286" lon="-114.71871">
        <ele>451.89</ele>
      </trkpt>
      <trkpt lat="35.07293" lon="-114.71895">
        <ele>452.86</ele>
      </trkpt>
      <trkpt lat="35.0733" lon="-114.71966">
        <ele>461.0</ele>
      </trkpt>
      <trkpt lat="35.07374" lon="-114.72049">
        <ele>462.39</ele>
      </trkpt>
      <trkpt lat="35.07392" lon="-114.72079">
        <ele>463.0</ele>
      </trkpt>
      <trkpt lat="35.07444" lon="-114.72131">
        <ele>465.11</ele>
      </trkpt>
      <trkpt lat="35.07523" lon="-114.72157">
        <ele>475.02</ele>
      </trkpt>
      <trkpt lat="35.07565" lon="-114.72186">
        <ele>475.0</ele>
      </trkpt>
      <trkpt lat="35.07593" lon="-114.72226">
        <ele>475.0</ele>
      </trkpt>
      <trkpt lat="35.07642" lon="-114.72301">
        <ele>478.84</ele>
      </trkpt>
      <trkpt lat="35.07664" lon="-114.72386">
        <ele>486.0</ele>
      </trkpt>
      <trkpt lat="35.07677" lon="-114.72431">
        <ele>487.0</ele>
      </trkpt>
      <trkpt lat="35.07694" lon="-114.72461">
        <ele>487.0</ele>
      </trkpt>
      <trkpt lat="35.07729" lon="-114.72502">
        <ele>488.43</ele>
      </trkpt>
      <trkpt lat="35.07765" lon="-114.72544">
        <ele>492.91</ele>
      </trkpt>
      <trkpt lat="35.078" lon="-114.72585">
        <ele>497.0</ele>
      </trkpt>
      <trkpt lat="35.07816" lon="-114.72614">
        <ele>498.27</ele>
      </trkpt>
      <trkpt lat="35.0782" lon="-114.72657">
        <ele>499.42</ele>
      </trkpt>
      <trkpt lat="35.07837" lon="-114.72702">
        <ele>500.0</ele>
      </trkpt>
      <trkpt lat="35.07873" lon="-114.72798">
        <ele>505.42</ele>
      </trkpt>
      <trkpt lat="35.07918" lon="-114.72892">
        <ele>510.34</ele>
      </trkpt>
      <trkpt lat="35.07967" lon="-114.72961">
        <ele>513.88</ele>
      </trkpt>
      <trkpt lat="35.07998" lon="-114.72974">
        <ele>516.15</ele>
      </trkpt>
      <trkpt lat="35.08046" lon="-114.72981">
        <ele>519.97</ele>
      </trkpt>
      <trkpt lat="35.08074" lon="-114.73004">
        <ele>522.0</ele>
      </trkpt>
      <trkpt lat="35.08129" lon="-114.7303">
        <ele>524.0</ele>
      </trkpt>
      <trkpt lat="35.08184" lon="-114.7304">
        <ele>528.87</ele>
      </trkpt>
      <trkpt lat="35.08228" lon="-114.73061">
        <ele>533.26</ele>
      </trkpt>
      <trkpt lat="35.08273" lon="-114.73082">
        <ele>535.07</ele>
      </trkpt>
      <trkpt lat="35.08317" lon="-114.73103">
        <ele>536.0</ele>
      </trkpt>
      <trkpt lat="35.0836" lon="-114.73127">
        <ele>537.0</ele>
      </trkpt>
      <trkpt lat="35.08402" lon="-114.7315">
        <ele>541.42</ele>
      </trkpt>
      <trkpt lat="35.0844" lon="-114.73202">
        <ele>544.52</ele>
      </trkpt>
      <trkpt lat="35.08481" lon="-114.73249">
        <ele>547.0</ele>
      </trkpt>
      <trkpt lat="35.08506" lon="-114.73284">
        <ele>549.65</ele>
      </trkpt>
      <trkpt lat="35.08563" lon="-114.73336">
        <ele>553.0</ele>
      </trkpt>
      <trkpt lat="35.08594" lon="-114.7336">
        <ele>555.0</ele>
      </trkpt>
      <trkpt lat="35.08647" lon="-114.73373">
        <ele>558.88</ele>
      </trkpt>
      <trkpt lat="35.08699" lon="-114.73385">
        <ele>560.58</ele>
      </trkpt>
      <trkpt lat="35.08747" lon="-114.73405">
        <ele>561.0</ele>
      </trkpt>
      <trkpt lat="35.08795" lon="-114.73424">
        <ele>564.97</ele>
      </trkpt>
      <trkpt lat="35.08863" lon="-114.73477">
        <ele>571.11</ele>
      </trkpt>
      <trkpt lat="35.08943" lon="-114.73516">
        <ele>573.23</ele>
      </trkpt>
      <trkpt lat="35.08997" lon="-114.73557">
        <ele>578.83</ele>
      </trkpt>
      <trkpt lat="35.0905" lon="-114.73597">
        <ele>582.48</ele>
      </trkpt>
      <trkpt lat="35.09115" lon="-114.73668">
        <ele>585.0</ele>
      </trkpt>
      <trkpt lat="35.09152" lon="-114.73701">
        <ele>586.71</ele>
      </trkpt>
      <trkpt lat="35.0919" lon="-114.73734">
        <ele>590.79</ele>
      </trkpt>
      <trkpt lat="35.09227" lon="-114.73767">
        <ele>594.0</ele>
      </trkpt>
      <trkpt lat="35.09247" lon="-114.73784">
        <ele>595.0</ele>
      </trkpt>
      <trkpt lat="35.0931" lon="-114.73784">
        <ele>597.32</ele>
      </trkpt>
      <trkpt lat="35.09357" lon="-114.73793">
        <ele>599.2</ele>
      </trkpt>
      <trkpt lat="35.09423" lon="-114.73825">
        <ele>605.1</ele>
      </trkpt>
      <trkpt lat="35.09485" lon="-114.73876">
        <ele>610.0</ele>
      </trkpt>
      <trkpt lat="35.0951" lon="-114.73904">
        <ele>612.05</ele>
      </trkpt>
      <trkpt lat="35.09553" lon="-114.73961">
        <ele>616.94</ele>
      </trkpt>
      <trkpt lat="35.09563" lon="-114.7399">
        <ele>618.98</ele>
      </trkpt>
      <trkpt lat="35.09578" lon="-114.74023">
        <ele>621.0</ele>
      </trkpt>
      <trkpt lat="35.09602" lon="-114.7405">
        <ele>622.0</ele>
      </trkpt>
      <trkpt lat="35.09642" lon="-114.7408">
        <ele>623.76</ele>
      </trkpt>
      <trkpt lat="35.09658" lon="-114.74121">
        <ele>629.06</ele>
      </trkpt>
      <trkpt lat="35.09677" lon="-114.74145">
        <ele>630.0</ele>
      </trkpt>
      <trkpt lat="35.09695" lon="-114.74174">
        <ele>631.0</ele>
      </trkpt>
      <trkpt lat="35.09719" lon="-114.74246">
        <ele>634.57</ele>
      </trkpt>
      <trkpt lat="35.09738" lon="-114.74297">
        <ele>638.05</ele>
      </trkpt>
      <trkpt lat="35.09757" lon="-114.74347">
        <ele>642.36</ele>
      </trkpt>
      <trkpt lat="35.0978" lon="-114.74394">
        <ele>644.24</ele>
      </trkpt>
      <trkpt lat="35.09805" lon="-114.74482">
        <ele>648.94</ele>
      </trkpt>
      <trkpt lat="35.09837" lon="-114.74537">
        <ele>653.4</ele>
      </trkpt>
      <trkpt lat="35.09891" lon="-114.74609">
        <ele>658.0</ele>
      </trkpt>
      <trkpt lat="35.0992" lon="-114.74634">
        <ele>660.38</ele>
      </trkpt>
      <trkpt lat="35.09949" lon="-114.74679">
        <ele>666.49</ele>
      </trkpt>
      <trkpt lat="35.09974" lon="-114.74719">
        <ele>667.19</ele>
      </trkpt>
      <trkpt lat="35.10016" lon="-114.7478">
        <ele>669.0</ele>
      </trkpt>
      <trkpt lat="35.1005" lon="-114.74829">
        <ele>671.0</ele>
      </trkpt>
      <trkpt lat="35.10077" lon="-114.74853">
        <ele>673.4</ele>
      </trkpt>
      <trkpt lat="35.10107" lon="-114.74881">
        <ele>677.56</ele>
      </trkpt>
      <trkpt lat="35.10127" lon="-114.7492">
        <ele>679.26</ele>
      </trkpt>
      <trkpt lat="35.10137" lon="-114.74945">
        <ele>680.0</ele>
      </trkpt>
      <trkpt lat="35.10166" lon="-114.74988">
        <ele>681.98</ele>
      </trkpt>
      <trkpt lat="35.10196" lon="-114.75031">
        <ele>685.46</ele>
      </trkpt>
      <trkpt lat="35.1023" lon="-114.75065">
        <ele>688.84</ele>
      </trkpt>
      <trkpt lat="35.10282" lon="-114.7512">
        <ele>691.48</ele>
      </trkpt>
      <trkpt lat="35.10317" lon="-114.75195">
        <ele>692.05</ele>
      </trkpt>
      <trkpt lat="35.10329" lon="-114.75302">
        <ele>698.8</ele>
      </trkpt>
      <trkpt lat="35.10338" lon="-114.75364">
        <ele>704.15</ele>
      </trkpt>
      <trkpt lat="35.10347" lon="-114.75395">
        <ele>705.84</ele>
      </trkpt>
      <trkpt lat="35.10381" lon="-114.75481">
        <ele>709.09</ele>
      </trkpt>
      <trkpt lat="35.10389" lon="-114.75555">
        <ele>714.01</ele>
      </trkpt>
      <trkpt lat="35.10391" lon="-114.75569">
        <ele>715.1</ele>
      </trkpt>
      <trkpt lat="35.10396" lon="-114.75614">
        <ele>717.24</ele>
      </trkpt>
      <trkpt lat="35.10436" lon="-114.75666">
        <ele>720.01</ele>
      </trkpt>
      <trkpt lat="35.10462" lon="-114.7569">
        <ele>721.0</ele>
      </trkpt>
      <trkpt lat="35.10541" lon="-114.75734">
        <ele>724.58</ele>
      </trkpt>
      <trkpt lat="35.10575" lon="-114.75746">
        <ele>726.0</ele>
      </trkpt>
      <trkpt lat="35.10601" lon="-114.75757">
        <ele>727.0</ele>
      </trkpt>
      <trkpt lat="35.10628" lon="-114.75796">
        <ele>729.0</ele>
      </trkpt>
      <trkpt lat="35.10657" lon="-114.75886">
        <ele>734.54</ele>
      </trkpt>
      <trkpt lat="35.10676" lon="-114.75932">
        <ele>735.0</ele>
      </trkpt>
      <trkpt lat="35.10717" lon="-114.75996">
        <ele>738.44</ele>
      </trkpt>
      <trkpt lat="35.10729" lon="-114.76031">
        <ele>740.0</ele>
      </trkpt>
      <trkpt lat="35.10747" lon="-114.76063">
        <ele>741.0</ele>
      </trkpt>
      <trkpt lat="35.10762" lon="-114.76077">
        <ele>742.52</ele>
      </trkpt>
      <trkpt lat="35.10792" lon="-114.76093">
        <ele>744.56</ele>
      </trkpt>
      <trkpt lat="35.10857" lon="-114.76157">
        <ele>749.53</ele>
      </trkpt>
      <trkpt lat="35.10885" lon="-114.76197">
        <ele>751.16</ele>
      </trkpt>
      <trkpt lat="35.10897" lon="-114.76227">
        <ele>752.45</ele>
      </trkpt>
      <trkpt lat="35.1094" lon="-114.76303">
        <ele>755.87</ele>
      </trkpt>
      <trkpt lat="35.10994" lon="-114.76384">
        <ele>761.0</ele>
      </trkpt>
      <trkpt lat="35.11005" lon="-114.7643">
        <ele>762.24</ele>
      </trkpt>
      <trkpt lat="35.11033" lon="-114.76506">
        <ele>765.37</ele>
      </trkpt>
      <trkpt lat="35.11062" lon="-114.7656">
        <ele>768.0</ele>
      </trkpt>
      <trkpt lat="35.11104" lon="-114.76631">
        <ele>771.0</ele>
      </trkpt>
      <trkpt lat="35.11149" lon="-114.76692">
        <ele>774.07</ele>
      </trkpt>
      <trkpt lat="35.11194" lon="-114.76753">
        <ele>777.0</ele>
      </trkpt>
      <trkpt lat="35.11212" lon="-114.76773">
        <ele>778.0</ele>
      </trkpt>
      <trkpt lat="35.11231" lon="-114.76805">
        <ele>779.99</ele>
      </trkpt>
      <trkpt lat="35.11271" lon="-114.76864">
        <ele>784.0</ele>
      </trkpt>
      <trkpt lat="35.11318" lon="-114.76911">
        <ele>787.0</ele>
      </trkpt>
      <trkpt lat="35.11338" lon="-114.76939">
        <ele>788.41</ele>
      </trkpt>
      <trkpt lat="35.11337" lon="-114.76965">
        <ele>790.0</ele>
      </trkpt>
      <trkpt lat="35.11347" lon="-114.76998">
        <ele>790.0</ele>
      </trkpt>
      <trkpt lat="35.11394" lon="-114.77063">
        <ele>793.0</ele>
      </trkpt>
      <trkpt lat="35.11406" lon="-114.7712">
        <ele>795.96</ele>
      </trkpt>
      <trkpt lat="35.11419" lon="-114.77177">
        <ele>798.0</ele>
      </trkpt>
      <trkpt lat="35.11421" lon="-114.77211">
        <ele>799.0</ele>
      </trkpt>
      <trkpt lat="35.11448" lon="-114.77292">
        <ele>803.0</ele>
      </trkpt>
      <trkpt lat="35.11465" lon="-114.7733">
        <ele>805.0</ele>
      </trkpt>
      <trkpt lat="35.11494" lon="-114.77403">
        <ele>809.0</ele>
      </trkpt>
      <trkpt lat="35.11498" lon="-114.77421">
        <ele>810.0</ele>
      </trkpt>
      <trkpt lat="35.11497" lon="-114.77448">
        <ele>810.12</ele>
      </trkpt>
      <trkpt lat="35.11494" lon="-114.77463">
        <ele>811.0</ele>
      </trkpt>
      <trkpt lat="35.11475" lon="-114.77481">
        <ele>811.95</ele>
      </trkpt>
      <trkpt lat="35.11467" lon="-114.77494">
        <ele>812.0</ele>
      </trkpt>
      <trkpt lat="35.11452" lon="-114.77527">
        <ele>812.0</ele>
      </trkpt>
      <trkpt lat="35.11449" lon="-114.77542">
        <ele>812.0</ele>
      </trkpt>
      <trkpt lat="35.11453" lon="-114.77562">
        <ele>812.0</ele>
      </trkpt>
      <trkpt lat="35.11453" lon="-114.77574">
        <ele>812.0</ele>
      </trkpt>
      <trkpt lat="35.1145" lon="-114.77596">
        <ele>811.0</ele>
      </trkpt>
      <trkpt lat="35.11437" lon="-114.77651">
        <ele>810.0</ele>
      </trkpt>
      <trkpt lat="35.11424" lon="-114.77707">
        <ele>810.0</ele>
      </trkpt>
      <trkpt lat="35.11411" lon="-114.77762">
        <ele>809.39</ele>
      </trkpt>
      <trkpt lat="35.11408" lon="-114.77809">
        <ele>809.0</ele>
      </trkpt>
      <trkpt lat="35.11404" lon="-114.77836">
        <ele>809.0</ele>
      </trkpt>
      <trkpt lat="35.11404" lon="-114.77904">
        <ele>809.0</ele>
      </trkpt>
      <trkpt lat="35.11401" lon="-114.77975">
        <ele>809.48</ele>
      </trkpt>
      <trkpt lat="35.11398" lon="-114.7799">
        <ele>809.0</ele>
      </trkpt>
      <trkpt lat="35.11377" lon="-114.78035">
        <ele>805.22</ele>
      </trkpt>
      <trkpt lat="35.11371" lon="-114.78054">
        <ele>804.0</ele>
      </trkpt>
      <trkpt lat="35.11368" lon="-114.78085">
        <ele>802.0</ele>
      </trkpt>
      <trkpt lat="35.11367" lon="-114.78143">
        <ele>802.0</ele>
      </trkpt>
      <trkpt lat="35.11365" lon="-114.78165">
        <ele>801.42</ele>
      </trkpt>
      <trkpt lat="35.11355" lon="-114.78192">
        <ele>801.0</ele>
      </trkpt>
      <trkpt lat="35.11351" lon="-114.78206">
        <ele>800.0</ele>
      </trkpt>
      <trkpt lat="35.1135" lon="-114.78241">
        <ele>799.78</ele>
      </trkpt>
      <trkpt lat="35.11342" lon="-114.7827">
        <ele>798.94</ele>
      </trkpt>
      <trkpt lat="35.11336" lon="-114.78303">
        <ele>798.0</ele>
      </trkpt>
      <trkpt lat="35.11338" lon="-114.78341">
        <ele>797.0</ele>
      </trkpt>
      <trkpt lat="35.1134" lon="-114.78382">
        <ele>795.54</ele>
      </trkpt>
      <trkpt lat="35.11338" lon="-114.78414">
        <ele>793.15</ele>
      </trkpt>
      <trkpt lat="35.11342" lon="-114.78447">
        <ele>791.0</ele>
      </trkpt>
      <trkpt lat="35.11345" lon="-114.78475">
        <ele>791.0</ele>
      </trkpt>
      <trkpt lat="35.11352" lon="-114.78504">
        <ele>792.0</ele>
      </trkpt>
      <trkpt lat="35.11351" lon="-114.78518">
        <ele>791.91</ele>
      </trkpt>
      <trkpt lat="35.11339" lon="-114.78536">
        <ele>791.0</ele>
      </trkpt>
      <trkpt lat="35.11334" lon="-114.78545">
        <ele>791.0</ele>
      </trkpt>
      <trkpt lat="35.11333" lon="-114.78569">
        <ele>791.0</ele>
      </trkpt>
      <trkpt lat="35.11329" lon="-114.78579">
        <ele>791.0</ele>
      </trkpt>
      <trkpt lat="35.11298" lon="-114.78625">
        <ele>791.0</ele>
      </trkpt>
      <trkpt lat="35.11295" lon="-114.78635">
        <ele>791.0</ele>
      </trkpt>
      <trkpt lat="35.11293" lon="-114.7865">
        <ele>791.0</ele>
      </trkpt>
      <trkpt lat="35.1131" lon="-114.78711">
        <ele>789.0</ele>
      </trkpt>
      <trkpt lat="35.1131" lon="-114.78723">
        <ele>788.0</ele>
      </trkpt>
      <trkpt lat="35.11304" lon="-114.78732">
        <ele>787.94</ele>
      </trkpt>
      <trkpt lat="35.11271" lon="-114.78752">
        <ele>785.05</ele>
      </trkpt>
      <trkpt lat="35.11264" lon="-114.78762">
        <ele>783.22</ele>
      </trkpt>
      <trkpt lat="35.11264" lon="-114.78775">
        <ele>782.51</ele>
      </trkpt>
      <trkpt lat="35.11268" lon="-114.78793">
        <ele>781.96</ele>
      </trkpt>
      <trkpt lat="35.11278" lon="-114.78805">
        <ele>783.0</ele>
      </trkpt>
      <trkpt lat="35.11316" lon="-114.78841">
        <ele>783.28</ele>
      </trkpt>
      <trkpt lat="35.11321" lon="-114.78857">
        <ele>783.0</ele>
      </trkpt>
      <trkpt lat="35.11322" lon="-114.78888">
        <ele>782.1</ele>
      </trkpt>
      <trkpt lat="35.11319" lon="-114.78902">
        <ele>782.0</ele>
      </trkpt>
      <trkpt lat="35.11314" lon="-114.78914">
        <ele>782.0</ele>
      </trkpt>
      <trkpt lat="35.11314" lon="-114.78927">
        <ele>782.0</ele>
      </trkpt>
      <trkpt lat="35.11326" lon="-114.78973">
        <ele>780.73</ele>
      </trkpt>
      <trkpt lat="35.1133" lon="-114.78994">
        <ele>780.0</ele>
      </trkpt>
      <trkpt lat="35.1134" lon="-114.79025">
        <ele>778.3</ele>
      </trkpt>
      <trkpt lat="35.11352" lon="-114.79069">
        <ele>779.01</ele>
      </trkpt>
      <trkpt lat="35.11355" lon="-114.7909">
        <ele>779.34</ele>
      </trkpt>
      <trkpt lat="35.11353" lon="-114.79112">
        <ele>780.0</ele>
      </trkpt>
      <trkpt lat="35.11344" lon="-114.79144">
        <ele>779.62</ele>
      </trkpt>
      <trkpt lat="35.11328" lon="-114.79193">
        <ele>778.42</ele>
      </trkpt>
      <trkpt lat="35.11324" lon="-114.79211">
        <ele>777.99</ele>
      </trkpt>
      <trkpt lat="35.11322" lon="-114.79243">
        <ele>776.78</ele>
      </trkpt>
      <trkpt lat="35.11316" lon="-114.79278">
        <ele>774.98</ele>
      </trkpt>
      <trkpt lat="35.11311" lon="-114.79379">
        <ele>771.0</ele>
      </trkpt>
      <trkpt lat="35.11307" lon="-114.79394">
        <ele>771.0</ele>
      </trkpt>
      <trkpt lat="35.11263" lon="-114.79468">
        <ele>769.68</ele>
      </trkpt>
      <trkpt lat="35.11253" lon="-114.7949">
        <ele>768.03</ele>
      </trkpt>
      <trkpt lat="35.1125" lon="-114.79514">
        <ele>767.0</ele>
      </trkpt>
      <trkpt lat="35.11254" lon="-114.79566">
        <ele>765.0</ele>
      </trkpt>
      <trkpt lat="35.11254" lon="-114.79639">
        <ele>762.99</ele>
      </trkpt>
      <trkpt lat="35.11254" lon="-114.79696">
        <ele>761.43</ele>
      </trkpt>
      <trkpt lat="35.11254" lon="-114.79753">
        <ele>761.0</ele>
      </trkpt>
      <trkpt lat="35.11256" lon="-114.79819">
        <ele>759.84</ele>
      </trkpt>
      <trkpt lat="35.11261" lon="-114.79872">
        <ele>758.0</ele>
      </trkpt>
      <trkpt lat="35.11262" lon="-114.79892">
        <ele>757.2</ele>
      </trkpt>
      <trkpt lat="35.11261" lon="-114.79932">
        <ele>756.0</ele>
      </trkpt>
      <trkpt lat="35.1126" lon="-114.79986">
        <ele>754.55</ele>
      </trkpt>
      <trkpt lat="35.11259" lon="-114.80015">
        <ele>754.0</ele>
      </trkpt>
      <trkpt lat="35.11249" lon="-114.80092">
        <ele>752.0</ele>
      </trkpt>
      <trkpt lat="35.11248" lon="-114.80139">
        <ele>750.99</ele>
      </trkpt>
      <trkpt lat="35.11247" lon="-114.80183">
        <ele>749.0</ele>
      </trkpt>
      <trkpt lat="35.11249" lon="-114.80231">
        <ele>747.05</ele>
      </trkpt>
      <trkpt lat="35.11248" lon="-114.80292">
        <ele>745.0</ele>
      </trkpt>
      <trkpt lat="35.11248" lon="-114.80357">
        <ele>744.0</ele>
      </trkpt>
      <trkpt lat="35.11248" lon="-114.80422">
        <ele>743.0</ele>
      </trkpt>
      <trkpt lat="35.11248" lon="-114.80499">
        <ele>741.81</ele>
      </trkpt>
      <trkpt lat="35.11252" lon="-114.80584">
        <ele>740.0</ele>
      </trkpt>
      <trkpt lat="35.11256" lon="-114.80642">
        <ele>738.88</ele>
      </trkpt>
      <trkpt lat="35.1126" lon="-114.80699">
        <ele>737.04</ele>
      </trkpt>
      <trkpt lat="35.11255" lon="-114.80804">
        <ele>735.0</ele>
      </trkpt>
      <trkpt lat="35.11257" lon="-114.80874">
        <ele>733.46</ele>
      </trkpt>
      <trkpt lat="35.11258" lon="-114.80944">
        <ele>732.0</ele>
      </trkpt>
      <trkpt lat="35.11258" lon="-114.81002">
        <ele>731.0</ele>
      </trkpt>
      <trkpt lat="35.11258" lon="-114.8106">
        <ele>729.52</ele>
      </trkpt>
      <trkpt lat="35.11257" lon="-114.81122">
        <ele>728.0</ele>
      </trkpt>
      <trkpt lat="35.11256" lon="-114.81184">
        <ele>726.69</ele>
      </trkpt>
      <trkpt lat="35.11253" lon="-114.81237">
        <ele>725.13</ele>
      </trkpt>
      <trkpt lat="35.11257" lon="-114.81298">
        <ele>724.0</ele>
      </trkpt>
      <trkpt lat="35.11257" lon="-114.81353">
        <ele>722.66</ele>
      </trkpt>
      <trkpt lat="35.11257" lon="-114.81408">
        <ele>721.0</ele>
      </trkpt>
      <trkpt lat="35.11263" lon="-114.81478">
        <ele>720.0</ele>
      </trkpt>
      <trkpt lat="35.11262" lon="-114.81541">
        <ele>719.0</ele>
      </trkpt>
      <trkpt lat="35.11261" lon="-114.81604">
        <ele>717.19</ele>
      </trkpt>
      <trkpt lat="35.11261" lon="-114.81665">
        <ele>716.03</ele>
      </trkpt>
      <trkpt lat="35.11261" lon="-114.81725">
        <ele>715.0</ele>
      </trkpt>
      <trkpt lat="35.11259" lon="-114.8182">
        <ele>713.0</ele>
      </trkpt>
      <trkpt lat="35.11264" lon="-114.81888">
        <ele>711.05</ele>
      </trkpt>
      <trkpt lat="35.11266" lon="-114.81997">
        <ele>709.0</ele>
      </trkpt>
      <trkpt lat="35.11267" lon="-114.82064">
        <ele>707.07</ele>
      </trkpt>
      <trkpt lat="35.11268" lon="-114.82131">
        <ele>706.0</ele>
      </trkpt>
      <trkpt lat="35.11269" lon="-114.82186">
        <ele>705.0</ele>
      </trkpt>
      <trkpt lat="35.11271" lon="-114.82241">
        <ele>704.0</ele>
      </trkpt>
      <trkpt lat="35.11272" lon="-114.82296">
        <ele>703.0</ele>
      </trkpt>
      <trkpt lat="35.11274" lon="-114.82359">
        <ele>702.0</ele>
      </trkpt>
      <trkpt lat="35.11275" lon="-114.82422">
        <ele>701.0</ele>
      </trkpt>
      <trkpt lat="35.1128" lon="-114.82493">
        <ele>699.0</ele>
      </trkpt>
      <trkpt lat="35.1128" lon="-114.82544">
        <ele>698.24</ele>
      </trkpt>
      <trkpt lat="35.11275" lon="-114.8265">
        <ele>696.0</ele>
      </trkpt>
      <trkpt lat="35.11273" lon="-114.82698">
        <ele>695.0</ele>
      </trkpt>
      <trkpt lat="35.11277" lon="-114.82767">
        <ele>693.93</ele>
      </trkpt>
      <trkpt lat="35.11282" lon="-114.8283">
        <ele>692.65</ele>
      </trkpt>
      <trkpt lat="35.11282" lon="-114.82883">
        <ele>691.29</ele>
      </trkpt>
      <trkpt lat="35.11285" lon="-114.82923">
        <ele>691.0</ele>
      </trkpt>
      <trkpt lat="35.11291" lon="-114.83024">
        <ele>689.0</ele>
      </trkpt>
      <trkpt lat="35.11294" lon="-114.83104">
        <ele>687.75</ele>
      </trkpt>
      <trkpt lat="35.11297" lon="-114.83183">
        <ele>686.0</ele>
      </trkpt>
      <trkpt lat="35.11295" lon="-114.83282">
        <ele>683.47</ele>
      </trkpt>
      <trkpt lat="35.11296" lon="-114.83351">
        <ele>682.0</ele>
      </trkpt>
      <trkpt lat="35.11297" lon="-114.8342">
        <ele>680.0</ele>
      </trkpt>
      <trkpt lat="35.11292" lon="-114.8351">
        <ele>678.49</ele>
      </trkpt>
      <trkpt lat="35.11295" lon="-114.83602">
        <ele>677.0</ele>
      </trkpt>
      <trkpt lat="35.11293" lon="-114.8368">
        <ele>675.0</ele>
      </trkpt>
      <trkpt lat="35.11291" lon="-114.83758">
        <ele>674.0</ele>
      </trkpt>
      <trkpt lat="35.11292" lon="-114.83816">
        <ele>672.94</ele>
      </trkpt>
      <trkpt lat="35.11294" lon="-114.83875">
        <ele>671.5</ele>
      </trkpt>
      <trkpt lat="35.11295" lon="-114.83933">
        <ele>670.0</ele>
      </trkpt>
      <trkpt lat="35.11291" lon="-114.84032">
        <ele>668.0</ele>
      </trkpt>
      <trkpt lat="35.11292" lon="-114.84106">
        <ele>666.0</ele>
      </trkpt>
      <trkpt lat="35.11293" lon="-114.8418">
        <ele>664.0</ele>
      </trkpt>
      <trkpt lat="35.11296" lon="-114.84212">
        <ele>663.97</ele>
      </trkpt>
      <trkpt lat="35.11299" lon="-114.84283">
        <ele>662.0</ele>
      </trkpt>
      <trkpt lat="35.11293" lon="-114.84392">
        <ele>661.0</ele>
      </trkpt>
      <trkpt lat="35.11289" lon="-114.84438">
        <ele>661.0</ele>
      </trkpt>
      <trkpt lat="35.11295" lon="-114.84481">
        <ele>659.87</ele>
      </trkpt>
      <trkpt lat="35.11297" lon="-114.84555">
        <ele>658.0</ele>
      </trkpt>
      <trkpt lat="35.11299" lon="-114.84629">
        <ele>656.29</ele>
      </trkpt>
      <trkpt lat="35.11296" lon="-114.84691">
        <ele>655.0</ele>
      </trkpt>
      <trkpt lat="35.11292" lon="-114.84753">
        <ele>654.0</ele>
      </trkpt>
      <trkpt lat="35.11292" lon="-114.84809">
        <ele>653.0</ele>
      </trkpt>
      <trkpt lat="35.11292" lon="-114.84865">
        <ele>651.81</ele>
      </trkpt>
      <trkpt lat="35.11289" lon="-114.84915">
        <ele>650.35</ele>
      </trkpt>
      <trkpt lat="35.11292" lon="-114.84975">
        <ele>650.0</ele>
      </trkpt>
      <trkpt lat="35.11294" lon="-114.85034">
        <ele>649.0</ele>
      </trkpt>
      <trkpt lat="35.11294" lon="-114.85105">
        <ele>647.92</ele>
      </trkpt>
      <trkpt lat="35.11293" lon="-114.85176">
        <ele>646.64</ele>
      </trkpt>
      <trkpt lat="35.11298" lon="-114.85256">
        <ele>645.06</ele>
      </trkpt>
      <trkpt lat="35.11302" lon="-114.85336">
        <ele>644.0</ele>
      </trkpt>
      <trkpt lat="35.11302" lon="-114.85393">
        <ele>643.0</ele>
      </trkpt>
      <trkpt lat="35.11302" lon="-114.8545">
        <ele>642.25</ele>
      </trkpt>
      <trkpt lat="35.11302" lon="-114.85507">
        <ele>641.71</ele>
      </trkpt>
      <trkpt lat="35.11302" lon="-114.85564">
        <ele>641.0</ele>
      </trkpt>
      <trkpt lat="35.11302" lon="-114.85621">
        <ele>640.0</ele>
      </trkpt>
      <trkpt lat="35.11307" lon="-114.85707">
        <ele>638.7</ele>
      </trkpt>
      <trkpt lat="35.11305" lon="-114.85788">
        <ele>637.0</ele>
      </trkpt>
      <trkpt lat="35.11307" lon="-114.85843">
        <ele>636.15</ele>
      </trkpt>
      <trkpt lat="35.11308" lon="-114.85898">
        <ele>635.28</ele>
      </trkpt>
      <trkpt lat="35.1131" lon="-114.85953">
        <ele>635.0</ele>
      </trkpt>
      <trkpt lat="35.11307" lon="-114.86024">
        <ele>633.5</ele>
      </trkpt>
      <trkpt lat="35.11303" lon="-114.86095">
        <ele>632.0</ele>
      </trkpt>
      <trkpt lat="35.11304" lon="-114.86191">
        <ele>631.0</ele>
      </trkpt>
      <trkpt lat="35.113" lon="-114.8626">
        <ele>629.0</ele>
      </trkpt>
      <trkpt lat="35.113" lon="-114.86316">
        <ele>628.35</ele>
      </trkpt>
      <trkpt lat="35.11301" lon="-114.86371">
        <ele>627.97</ele>
      </trkpt>
      <trkpt lat="35.11301" lon="-114.86426">
        <ele>627.0</ele>
      </trkpt>
      <trkpt lat="35.11301" lon="-114.86482">
        <ele>626.0</ele>
      </trkpt>
      <trkpt lat="35.11295" lon="-114.86554">
        <ele>624.88</ele>
      </trkpt>
      <trkpt lat="35.11296" lon="-114.86618">
        <ele>623.0</ele>
      </trkpt>
      <trkpt lat="35.11292" lon="-114.86685">
        <ele>622.0</ele>
      </trkpt>
      <trkpt lat="35.11288" lon="-114.86751">
        <ele>621.0</ele>
      </trkpt>
      <trkpt lat="35.11286" lon="-114.86786">
        <ele>621.0</ele>
      </trkpt>
      <trkpt lat="35.11288" lon="-114.86805">
        <ele>621.0</ele>
      </trkpt>
      <trkpt lat="35.1128" lon="-114.86836">
        <ele>621.0</ele>
      </trkpt>
      <trkpt lat="35.1128" lon="-114.86907">
        <ele>621.0</ele>
      </trkpt>
      <trkpt lat="35.11278" lon="-114.86963">
        <ele>621.0</ele>
      </trkpt>
      <trkpt lat="35.11276" lon="-114.87018">
        <ele>621.0</ele>
      </trkpt>
      <trkpt lat="35.11273" lon="-114.87074">
        <ele>622.0</ele>
      </trkpt>
      <trkpt lat="35.11271" lon="-114.87129">
        <ele>621.02</ele>
      </trkpt>
      <trkpt lat="35.11264" lon="-114.87181">
        <ele>621.0</ele>
      </trkpt>
      <trkpt lat="35.11255" lon="-114.87216">
        <ele>621.0</ele>
      </trkpt>
      <trkpt lat="35.11262" lon="-114.87268">
        <ele>621.0</ele>
      </trkpt>
      <trkpt lat="35.11259" lon="-114.87363">
        <ele>622.0</ele>
      </trkpt>
      <trkpt lat="35.11275" lon="-114.87439">
        <ele>622.0</ele>
      </trkpt>
      <trkpt lat="35.11291" lon="-114.87515">
        <ele>623.0</ele>
      </trkpt>
      <trkpt lat="35.11294" lon="-114.87531">
        <ele>623.26</ele>
      </trkpt>
      <trkpt lat="35.11298" lon="-114.87559">
        <ele>624.0</ele>
      </trkpt>
      <trkpt lat="35.113" lon="-114.87587">
        <ele>624.4</ele>
      </trkpt>
      <trkpt lat="35.11306" lon="-114.87656">
        <ele>627.0</ele>
      </trkpt>
      <trkpt lat="35.11311" lon="-114.87725">
        <ele>629.18</ele>
      </trkpt>
      <trkpt lat="35.11317" lon="-114.87794">
        <ele>631.0</ele>
      </trkpt>
      <trkpt lat="35.11326" lon="-114.87887">
        <ele>632.8</ele>
      </trkpt>
      <trkpt lat="35.11341" lon="-114.87995">
        <ele>634.0</ele>
      </trkpt>
      <trkpt lat="35.11346" lon="-114.88057">
        <ele>635.0</ele>
      </trkpt>
      <trkpt lat="35.1135" lon="-114.88118">
        <ele>636.0</ele>
      </trkpt>
      <trkpt lat="35.11355" lon="-114.8818">
        <ele>637.0</ele>
      </trkpt>
      <trkpt lat="35.11358" lon="-114.88254">
        <ele>638.0</ele>
      </trkpt>
      <trkpt lat="35.1135" lon="-114.88325">
        <ele>639.0</ele>
      </trkpt>
      <trkpt lat="35.11333" lon="-114.88389">
        <ele>639.05</ele>
      </trkpt>
      <trkpt lat="35.11315" lon="-114.88453">
        <ele>640.0</ele>
      </trkpt>
      <trkpt lat="35.11305" lon="-114.88504">
        <ele>641.0</ele>
      </trkpt>
      <trkpt lat="35.11305" lon="-114.88539">
        <ele>641.0</ele>
      </trkpt>
      <trkpt lat="35.11306" lon="-114.88564">
        <ele>641.0</ele>
      </trkpt>
      <trkpt lat="35.11312" lon="-114.88623">
        <ele>642.0</ele>
      </trkpt>
      <trkpt lat="35.11319" lon="-114.88681">
        <ele>643.0</ele>
      </trkpt>
      <trkpt lat="35.11321" lon="-114.88712">
        <ele>643.9</ele>
      </trkpt>
      <trkpt lat="35.11315" lon="-114.88776">
        <ele>644.81</ele>
      </trkpt>
      <trkpt lat="35.1131" lon="-114.88839">
        <ele>646.0</ele>
      </trkpt>
      <trkpt lat="35.11304" lon="-114.88903">
        <ele>647.0</ele>
      </trkpt>
      <trkpt lat="35.11303" lon="-114.88934">
        <ele>647.0</ele>
      </trkpt>
      <trkpt lat="35.11291" lon="-114.89007">
        <ele>648.76</ele>
      </trkpt>
      <trkpt lat="35.1129" lon="-114.89053">
        <ele>649.0</ele>
      </trkpt>
      <trkpt lat="35.113" lon="-114.89111">
        <ele>650.0</ele>
      </trkpt>
      <trkpt lat="35.11311" lon="-114.89169">
        <ele>650.1</ele>
      </trkpt>
      <trkpt lat="35.11321" lon="-114.89226">
        <ele>651.0</ele>
      </trkpt>
      <trkpt lat="35.11331" lon="-114.89284">
        <ele>650.25</ele>
      </trkpt>
      <trkpt lat="35.11342" lon="-114.89356">
        <ele>650.0</ele>
      </trkpt>
      <trkpt lat="35.1134" lon="-114.8942">
        <ele>650.28</ele>
      </trkpt>
      <trkpt lat="35.11347" lon="-114.8947">
        <ele>650.0</ele>
      </trkpt>
      <trkpt lat="35.11348" lon="-114.89537">
        <ele>650.0</ele>
      </trkpt>
      <trkpt lat="35.1135" lon="-114.89586">
        <ele>650.29</ele>
      </trkpt>
      <trkpt lat="35.1135" lon="-114.89647">
        <ele>651.0</ele>
      </trkpt>
      <trkpt lat="35.11349" lon="-114.89707">
        <ele>652.0</ele>
      </trkpt>
      <trkpt lat="35.11349" lon="-114.89768">
        <ele>652.0</ele>
      </trkpt>
      <trkpt lat="35.11355" lon="-114.89829">
        <ele>653.0</ele>
      </trkpt>
      <trkpt lat="35.1136" lon="-114.8989">
        <ele>654.0</ele>
      </trkpt>
      <trkpt lat="35.1136" lon="-114.89962">
        <ele>655.0</ele>
      </trkpt>
      <trkpt lat="35.11359" lon="-114.90034">
        <ele>656.0</ele>
      </trkpt>
      <trkpt lat="35.11361" lon="-114.90111">
        <ele>657.0</ele>
      </trkpt>
      <trkpt lat="35.11362" lon="-114.90187">
        <ele>658.0</ele>
      </trkpt>
      <trkpt lat="35.11364" lon="-114.90248">
        <ele>658.54</ele>
      </trkpt>
      <trkpt lat="35.11365" lon="-114.90309">
        <ele>659.0</ele>
      </trkpt>
      <trkpt lat="35.11367" lon="-114.90369">
        <ele>660.0</ele>
      </trkpt>
      <trkpt lat="35.11369" lon="-114.9043">
        <ele>661.0</ele>
      </trkpt>
      <trkpt lat="35.11371" lon="-114.9048">
        <ele>661.0</ele>
      </trkpt>
      <trkpt lat="35.11364" lon="-114.90516">
        <ele>661.0</ele>
      </trkpt>
      <trkpt lat="35.1133" lon="-114.90602">
        <ele>662.0</ele>
      </trkpt>
      <trkpt lat="35.11313" lon="-114.90668">
        <ele>663.0</ele>
      </trkpt>
      <trkpt lat="35.11281" lon="-114.9076">
        <ele>664.0</ele>
      </trkpt>
      <trkpt lat="35.11275" lon="-114.90849">
        <ele>665.78</ele>
      </trkpt>
      <trkpt lat="35.11271" lon="-114.90923">
        <ele>666.5</ele>
      </trkpt>
      <trkpt lat="35.11275" lon="-114.90969">
        <ele>667.0</ele>
      </trkpt>
      <trkpt lat="35.11273" lon="-114.91038">
        <ele>668.0</ele>
      </trkpt>
      <trkpt lat="35.1127" lon="-114.91107">
        <ele>669.0</ele>
      </trkpt>
      <trkpt lat="35.11268" lon="-114.91176">
        <ele>670.06</ele>
      </trkpt>
      <trkpt lat="35.11266" lon="-114.91202">
        <ele>671.0</ele>
      </trkpt>
      <trkpt lat="35.11261" lon="-114.91224">
        <ele>671.0</ele>
      </trkpt>
      <trkpt lat="35.11244" lon="-114.91281">
        <ele>671.0</ele>
      </trkpt>
      <trkpt lat="35.1124" lon="-114.91303">
        <ele>671.0</ele>
      </trkpt>
      <trkpt lat="35.11247" lon="-114.91385">
        <ele>672.0</ele>
      </trkpt>
      <trkpt lat="35.11253" lon="-114.91466">
        <ele>673.0</ele>
      </trkpt>
      <trkpt lat="35.11253" lon="-114.91538">
        <ele>674.0</ele>
      </trkpt>
      <trkpt lat="35.11252" lon="-114.91609">
        <ele>675.0</ele>
      </trkpt>
      <trkpt lat="35.11248" lon="-114.91695">
        <ele>676.0</ele>
      </trkpt>
      <trkpt lat="35.11248" lon="-114.91758">
        <ele>676.19</ele>
      </trkpt>
      <trkpt lat="35.11247" lon="-114.91821">
        <ele>677.0</ele>
      </trkpt>
      <trkpt lat="35.11248" lon="-114.9189">
        <ele>678.0</ele>
      </trkpt>
      <trkpt lat="35.11249" lon="-114.91959">
        <ele>679.0</ele>
      </trkpt>
      <trkpt lat="35.1125" lon="-114.92028">
        <ele>680.02</ele>
      </trkpt>
      <trkpt lat="35.11252" lon="-114.92096">
        <ele>681.0</ele>
      </trkpt>
      <trkpt lat="35.11258" lon="-114.92174">
        <ele>682.0</ele>
      </trkpt>
      <trkpt lat="35.11264" lon="-114.92252">
        <ele>683.0</ele>
      </trkpt>
      <trkpt lat="35.11271" lon="-114.92315">
        <ele>683.01</ele>
      </trkpt>
      <trkpt lat="35.11277" lon="-114.92377">
        <ele>684.0</ele>
      </trkpt>
      <trkpt lat="35.11284" lon="-114.9244">
        <ele>685.0</ele>
      </trkpt>
      <trkpt lat="35.11286" lon="-114.92479">
        <ele>686.0</ele>
      </trkpt>
      <trkpt lat="35.11293" lon="-114.92526">
        <ele>686.81</ele>
      </trkpt>
      <trkpt lat="35.113" lon="-114.92597">
        <ele>688.0</ele>
      </trkpt>
      <trkpt lat="35.11307" lon="-114.92667">
        <ele>689.85</ele>
      </trkpt>
      <trkpt lat="35.1131" lon="-114.92736">
        <ele>691.0</ele>
      </trkpt>
      <trkpt lat="35.11313" lon="-114.92804">
        <ele>691.0</ele>
      </trkpt>
      <trkpt lat="35.1131" lon="-114.92876">
        <ele>692.0</ele>
      </trkpt>
      <trkpt lat="35.11308" lon="-114.92948">
        <ele>692.84</ele>
      </trkpt>
      <trkpt lat="35.11315" lon="-114.93047">
        <ele>694.0</ele>
      </trkpt>
      <trkpt lat="35.11313" lon="-114.93077">
        <ele>694.32</ele>
      </trkpt>
      <trkpt lat="35.11298" lon="-114.93146">
        <ele>695.77</ele>
      </trkpt>
      <trkpt lat="35.1129" lon="-114.93215">
        <ele>697.0</ele>
      </trkpt>
      <trkpt lat="35.11281" lon="-114.93283">
        <ele>698.0</ele>
      </trkpt>
      <trkpt lat="35.11273" lon="-114.93352">
        <ele>699.0</ele>
      </trkpt>
      <trkpt lat="35.11269" lon="-114.93453">
        <ele>700.0</ele>
      </trkpt>
      <trkpt lat="35.11265" lon="-114.93462">
        <ele>700.0</ele>
      </trkpt>
      <trkpt lat="35.11254" lon="-114.93474">
        <ele>700.0</ele>
      </trkpt>
      <trkpt lat="35.11249" lon="-114.93494">
        <ele>700.11</ele>
      </trkpt>
      <trkpt lat="35.11244" lon="-114.93553">
        <ele>701.0</ele>
      </trkpt>
      <trkpt lat="35.11238" lon="-114.93611">
        <ele>702.0</ele>
      </trkpt>
      <trkpt lat="35.11233" lon="-114.93668">
        <ele>703.14</ele>
      </trkpt>
      <trkpt lat="35.11228" lon="-114.93724">
        <ele>705.0</ele>
      </trkpt>
      <trkpt lat="35.11225" lon="-114.93783">
        <ele>706.39</ele>
      </trkpt>
      <trkpt lat="35.11223" lon="-114.93841">
        <ele>707.83</ele>
      </trkpt>
      <trkpt lat="35.11206" lon="-114.93936">
        <ele>710.0</ele>
      </trkpt>
      <trkpt lat="35.11204" lon="-114.93968">
        <ele>710.0</ele>
      </trkpt>
      <trkpt lat="35.11196" lon="-114.94039">
        <ele>711.04</ele>
      </trkpt>
      <trkpt lat="35.11187" lon="-114.94109">
        <ele>712.77</ele>
      </trkpt>
      <trkpt lat="35.11179" lon="-114.94141">
        <ele>713.0</ele>
      </trkpt>
      <trkpt lat="35.11165" lon="-114.94224">
        <ele>715.0</ele>
      </trkpt>
      <trkpt lat="35.11161" lon="-114.94266">
        <ele>716.0</ele>
      </trkpt>
      <trkpt lat="35.11164" lon="-114.9437">
        <ele>718.0</ele>
      </trkpt>
      <trkpt lat="35.11173" lon="-114.94414">
        <ele>719.0</ele>
      </trkpt>
      <trkpt lat="35.1118" lon="-114.94457">
        <ele>720.0</ele>
      </trkpt>
      <trkpt lat="35.11178" lon="-114.94483">
        <ele>720.16</ele>
      </trkpt>
      <trkpt lat="35.11162" lon="-114.9454">
        <ele>721.0</ele>
      </trkpt>
      <trkpt lat="35.1116" lon="-114.94558">
        <ele>721.0</ele>
      </trkpt>
      <trkpt lat="35.11161" lon="-114.94607">
        <ele>722.0</ele>
      </trkpt>
      <trkpt lat="35.11156" lon="-114.94629">
        <ele>722.0</ele>
      </trkpt>
      <trkpt lat="35.11172" lon="-114.94661">
        <ele>722.39</ele>
      </trkpt>
      <trkpt lat="35.11185" lon="-114.94677">
        <ele>723.0</ele>
      </trkpt>
      <trkpt lat="35.11185" lon="-114.94694">
        <ele>723.0</ele>
      </trkpt>
      <trkpt lat="35.11175" lon="-114.94737">
        <ele>724.0</ele>
      </trkpt>
      <trkpt lat="35.11176" lon="-114.94767">
        <ele>724.0</ele>
      </trkpt>
      <trkpt lat="35.11168" lon="-114.9479">
        <ele>725.0</ele>
      </trkpt>
      <trkpt lat="35.11171" lon="-114.94817">
        <ele>725.0</ele>
      </trkpt>
      <trkpt lat="35.11168" lon="-114.94831">
        <ele>725.75</ele>
      </trkpt>
      <trkpt lat="35.1117" lon="-114.9484">
        <ele>726.0</ele>
      </trkpt>
      <trkpt lat="35.11187" lon="-114.94866">
        <ele>726.0</ele>
      </trkpt>
      <trkpt lat="35.11203" lon="-114.94903">
        <ele>727.0</ele>
      </trkpt>
      <trkpt lat="35.11213" lon="-114.94913">
        <ele>727.0</ele>
      </trkpt>
      <trkpt lat="35.11229" lon="-114.94941">
        <ele>727.0</ele>
      </trkpt>
      <trkpt lat="35.11232" lon="-114.94952">
        <ele>727.0</ele>
      </trkpt>
      <trkpt lat="35.11228" lon="-114.94985">
        <ele>728.0</ele>
      </trkpt>
      <trkpt lat="35.11215" lon="-114.95025">
        <ele>729.0</ele>
      </trkpt>
      <trkpt lat="35.11211" lon="-114.95048">
        <ele>729.04</ele>
      </trkpt>
      <trkpt lat="35.11205" lon="-114.95059">
        <ele>729.91</ele>
      </trkpt>
      <trkpt lat="35.11205" lon="-114.95069">
        <ele>730.0</ele>
      </trkpt>
      <trkpt lat="35.11214" lon="-114.95079">
        <ele>730.0</ele>
      </trkpt>
      <trkpt lat="35.11219" lon="-114.95106">
        <ele>730.0</ele>
      </trkpt>
      <trkpt lat="35.11211" lon="-114.95129">
        <ele>730.95</ele>
      </trkpt>
      <trkpt lat="35.11208" lon="-114.95164">
        <ele>731.0</ele>
      </trkpt>
      <trkpt lat="35.1121" lon="-114.9519">
        <ele>732.0</ele>
      </trkpt>
      <trkpt lat="35.11206" lon="-114.95203">
        <ele>732.0</ele>
      </trkpt>
      <trkpt lat="35.11206" lon="-114.9522">
        <ele>732.0</ele>
      </trkpt>
      <trkpt lat="35.11215" lon="-114.95239">
        <ele>733.0</ele>
      </trkpt>
      <trkpt lat="35.11223" lon="-114.9527">
        <ele>733.01</ele>
      </trkpt>
      <trkpt lat="35.11222" lon="-114.95309">
        <ele>734.0</ele>
      </trkpt>
      <trkpt lat="35.11224" lon="-114.95325">
        <ele>734.1</ele>
      </trkpt>
      <trkpt lat="35.11237" lon="-114.95362">
        <ele>735.0</ele>
      </trkpt>
      <trkpt lat="35.11238" lon="-114.95376">
        <ele>735.61</ele>
      </trkpt>
      <trkpt lat="35.11236" lon="-114.95393">
        <ele>736.0</ele>
      </trkpt>
      <trkpt lat="35.11231" lon="-114.95401">
        <ele>736.0</ele>
      </trkpt>
      <trkpt lat="35.11216" lon="-114.95415">
        <ele>736.0</ele>
      </trkpt>
      <trkpt lat="35.11214" lon="-114.95426">
        <ele>737.0</ele>
      </trkpt>
      <trkpt lat="35.11215" lon="-114.95441">
        <ele>737.0</ele>
      </trkpt>
      <trkpt lat="35.1122" lon="-114.95456">
        <ele>737.0</ele>
      </trkpt>
      <trkpt lat="35.11257" lon="-114.95515">
        <ele>738.0</ele>
      </trkpt>
      <trkpt lat="35.11287" lon="-114.95539">
        <ele>739.0</ele>
      </trkpt>
      <trkpt lat="35.11323" lon="-114.95601">
        <ele>740.0</ele>
      </trkpt>
      <trkpt lat="35.11358" lon="-114.95662">
        <ele>742.0</ele>
      </trkpt>
      <trkpt lat="35.11361" lon="-114.95744">
        <ele>744.0</ele>
      </trkpt>
      <trkpt lat="35.11378" lon="-114.95795">
        <ele>745.86</ele>
      </trkpt>
      <trkpt lat="35.11386" lon="-114.95842">
        <ele>747.0</ele>
      </trkpt>
      <trkpt lat="35.11384" lon="-114.95859">
        <ele>747.0</ele>
      </trkpt>
      <trkpt lat="35.11401" lon="-114.95895">
        <ele>748.66</ele>
      </trkpt>
      <trkpt lat="35.11415" lon="-114.95962">
        <ele>750.9</ele>
      </trkpt>
      <trkpt lat="35.1143" lon="-114.96029">
        <ele>753.13</ele>
      </trkpt>
      <trkpt lat="35.11449" lon="-114.96085">
        <ele>756.0</ele>
      </trkpt>
      <trkpt lat="35.11468" lon="-114.9614">
        <ele>758.0</ele>
      </trkpt>
      <trkpt lat="35.11474" lon="-114.96173">
        <ele>759.0</ele>
      </trkpt>
      <trkpt lat="35.11486" lon="-114.96192">
        <ele>759.86</ele>
      </trkpt>
      <trkpt lat="35.11515" lon="-114.96228">
        <ele>761.62</ele>
      </trkpt>
      <trkpt lat="35.11542" lon="-114.96269">
        <ele>765.05</ele>
      </trkpt>
      <trkpt lat="35.11555" lon="-114.96309">
        <ele>767.41</ele>
      </trkpt>
      <trkpt lat="35.11557" lon="-114.96346">
        <ele>768.84</ele>
      </trkpt>
      <trkpt lat="35.11565" lon="-114.96402">
        <ele>769.98</ele>
      </trkpt>
      <trkpt lat="35.11569" lon="-114.96457">
        <ele>770.0</ele>
      </trkpt>
      <trkpt lat="35.11573" lon="-114.96512">
        <ele>771.15</ele>
      </trkpt>
      <trkpt lat="35.11566" lon="-114.96568">
        <ele>776.74</ele>
      </trkpt>
      <trkpt lat="35.11563" lon="-114.96605">
        <ele>777.67</ele>
      </trkpt>
      <trkpt lat="35.11553" lon="-114.96641">
        <ele>780.78</ele>
      </trkpt>
      <trkpt lat="35.11536" lon="-114.96677">
        <ele>786.44</ele>
      </trkpt>
      <trkpt lat="35.11528" lon="-114.96719">
        <ele>788.94</ele>
      </trkpt>
      <trkpt lat="35.11516" lon="-114.96738">
        <ele>789.84</ele>
      </trkpt>
      <trkpt lat="35.11484" lon="-114.96755">
        <ele>792.52</ele>
      </trkpt>
      <trkpt lat="35.1145" lon="-114.96787">
        <ele>791.4</ele>
      </trkpt>
      <trkpt lat="35.11398" lon="-114.96873">
        <ele>788.72</ele>
      </trkpt>
      <trkpt lat="35.11393" lon="-114.96903">
        <ele>787.56</ele>
      </trkpt>
      <trkpt lat="35.11388" lon="-114.9696">
        <ele>786.71</ele>
      </trkpt>
      <trkpt lat="35.11383" lon="-114.97016">
        <ele>789.0</ele>
      </trkpt>
      <trkpt lat="35.11381" lon="-114.97085">
        <ele>791.0</ele>
      </trkpt>
      <trkpt lat="35.11375" lon="-114.97116">
        <ele>791.5</ele>
      </trkpt>
      <trkpt lat="35.11377" lon="-114.97137">
        <ele>791.72</ele>
      </trkpt>
      <trkpt lat="35.11375" lon="-114.97171">
        <ele>792.0</ele>
      </trkpt>
      <trkpt lat="35.11374" lon="-114.97202">
        <ele>792.0</ele>
      </trkpt>
      <trkpt lat="35.1137" lon="-114.97228">
        <ele>792.96</ele>
      </trkpt>
      <trkpt lat="35.11375" lon="-114.9729">
        <ele>794.82</ele>
      </trkpt>
      <trkpt lat="35.11379" lon="-114.97352">
        <ele>801.0</ele>
      </trkpt>
      <trkpt lat="35.11384" lon="-114.97416">
        <ele>802.0</ele>
      </trkpt>
      <trkpt lat="35.11389" lon="-114.97479">
        <ele>802.01</ele>
      </trkpt>
      <trkpt lat="35.11391" lon="-114.9752">
        <ele>802.49</ele>
      </trkpt>
      <trkpt lat="35.11399" lon="-114.9761">
        <ele>811.0</ele>
      </trkpt>
      <trkpt lat="35.11402" lon="-114.97665">
        <ele>811.0</ele>
      </trkpt>
      <trkpt lat="35.11406" lon="-114.97677">
        <ele>811.1</ele>
      </trkpt>
      <trkpt lat="35.11421" lon="-114.97703">
        <ele>812.47</ele>
      </trkpt>
      <trkpt lat="35.11426" lon="-114.97721">
        <ele>813.01</ele>
      </trkpt>
      <trkpt lat="35.11431" lon="-114.97745">
        <ele>814.0</ele>
      </trkpt>
      <trkpt lat="35.11438" lon="-114.97759">
        <ele>814.3</ele>
      </trkpt>
      <trkpt lat="35.11463" lon="-114.97786">
        <ele>817.89</ele>
      </trkpt>
      <trkpt lat="35.11481" lon="-114.97809">
        <ele>819.37</ele>
      </trkpt>
      <trkpt lat="35.11486" lon="-114.97823">
        <ele>820.88</ele>
      </trkpt>
      <trkpt lat="35.11485" lon="-114.97847">
        <ele>822.0</ele>
      </trkpt>
      <trkpt lat="35.11487" lon="-114.97869">
        <ele>822.51</ele>
      </trkpt>
      <trkpt lat="35.11485" lon="-114.97897">
        <ele>823.0</ele>
      </trkpt>
      <trkpt lat="35.11486" lon="-114.97913">
        <ele>823.29</ele>
      </trkpt>
      <trkpt lat="35.11482" lon="-114.97933">
        <ele>823.06</ele>
      </trkpt>
      <trkpt lat="35.11492" lon="-114.98004">
        <ele>827.11</ele>
      </trkpt>
      <trkpt lat="35.11497" lon="-114.98017">
        <ele>828.43</ele>
      </trkpt>
      <trkpt lat="35.11507" lon="-114.98023">
        <ele>831.51</ele>
      </trkpt>
      <trkpt lat="35.11527" lon="-114.98105">
        <ele>833.23</ele>
      </trkpt>
      <trkpt lat="35.11531" lon="-114.98156">
        <ele>837.54</ele>
      </trkpt>
      <trkpt lat="35.1153" lon="-114.98181">
        <ele>840.03</ele>
      </trkpt>
      <trkpt lat="35.11526" lon="-114.98206">
        <ele>840.82</ele>
      </trkpt>
      <trkpt lat="35.11521" lon="-114.9823">
        <ele>840.76</ele>
      </trkpt>
      <trkpt lat="35.11519" lon="-114.98257">
        <ele>841.14</ele>
      </trkpt>
      <trkpt lat="35.11513" lon="-114.98277">
        <ele>839.81</ele>
      </trkpt>
      <trkpt lat="35.11513" lon="-114.98292">
        <ele>841.34</ele>
      </trkpt>
      <trkpt lat="35.1152" lon="-114.98324">
        <ele>852.14</ele>
      </trkpt>
      <trkpt lat="35.1152" lon="-114.98336">
        <ele>853.21</ele>
      </trkpt>
      <trkpt lat="35.11515" lon="-114.98348">
        <ele>852.82</ele>
      </trkpt>
      <trkpt lat="35.11516" lon="-114.98363">
        <ele>853.46</ele>
      </trkpt>
      <trkpt lat="35.11522" lon="-114.98382">
        <ele>855.29</ele>
      </trkpt>
      <trkpt lat="35.11521" lon="-114.98395">
        <ele>855.71</ele>
      </trkpt>
      <trkpt lat="35.11521" lon="-114.98395">
        <ele>855.71</ele>
      </trkpt>
      <trkpt lat="35.11521" lon="-114.98395">
        <ele>855.71</ele>
      </trkpt>
      <trkpt lat="35.11522" lon="-114.98382">
        <ele>855.29</ele>
      </trkpt>
      <trkpt lat="35.11516" lon="-114.98363">
        <ele>853.46</ele>
      </trkpt>
      <trkpt lat="35.11515" lon="-114.98348">
        <ele>852.82</ele>
      </trkpt>
      <trkpt lat="35.1152" lon="-114.98336">
        <ele>853.21</ele>
      </trkpt>
      <trkpt lat="35.1152" lon="-114.98324">
        <ele>852.14</ele>
      </trkpt>
      <trkpt lat="35.11513" lon="-114.98292">
        <ele>841.34</ele>
      </trkpt>
      <trkpt lat="35.11513" lon="-114.98277">
        <ele>839.81</ele>
      </trkpt>
      <trkpt lat="35.11519" lon="-114.98257">
        <ele>841.14</ele>
      </trkpt>
      <trkpt lat="35.11521" lon="-114.9823">
        <ele>840.76</ele>
      </trkpt>
      <trkpt lat="35.11526" lon="-114.98206">
        <ele>840.82</ele>
      </trkpt>
      <trkpt lat="35.1153" lon="-114.98181">
        <ele>840.03</ele>
      </trkpt>
      <trkpt lat="35.11531" lon="-114.98156">
        <ele>837.54</ele>
      </trkpt>
      <trkpt lat="35.11527" lon="-114.98105">
        <ele>833.23</ele>
      </trkpt>
      <trkpt lat="35.11507" lon="-114.98023">
        <ele>831.51</ele>
      </trkpt>
      <trkpt lat="35.11497" lon="-114.98017">
        <ele>828.43</ele>
      </trkpt>
      <trkpt lat="35.11492" lon="-114.98004">
        <ele>827.11</ele>
      </trkpt>
      <trkpt lat="35.11482" lon="-114.97933">
        <ele>823.06</ele>
      </trkpt>
      <trkpt lat="35.11486" lon="-114.97913">
        <ele>823.29</ele>
      </trkpt>
      <trkpt lat="35.11485" lon="-114.97897">
        <ele>823.0</ele>
      </trkpt>
      <trkpt lat="35.11487" lon="-114.97869">
        <ele>822.51</ele>
      </trkpt>
      <trkpt lat="35.11485" lon="-114.97847">
        <ele>822.0</ele>
      </trkpt>
      <trkpt lat="35.11486" lon="-114.97823">
        <ele>820.88</ele>
      </trkpt>
      <trkpt lat="35.11481" lon="-114.97809">
        <ele>819.37</ele>
      </trkpt>
      <trkpt lat="35.11463" lon="-114.97786">
        <ele>817.89</ele>
      </trkpt>
      <trkpt lat="35.11438" lon="-114.97759">
        <ele>814.3</ele>
      </trkpt>
      <trkpt lat="35.11431" lon="-114.97745">
        <ele>814.0</ele>
      </trkpt>
      <trkpt lat="35.11426" lon="-114.97721">
        <ele>813.01</ele>
      </trkpt>
      <trkpt lat="35.11421" lon="-114.97703">
        <ele>812.47</ele>
      </trkpt>
      <trkpt lat="35.11406" lon="-114.97677">
        <ele>811.1</ele>
      </trkpt>
      <trkpt lat="35.11402" lon="-114.97665">
        <ele>811.0</ele>
      </trkpt>
      <trkpt lat="35.11399" lon="-114.9761">
        <ele>811.0</ele>
      </trkpt>
      <trkpt lat="35.11391" lon="-114.9752">
        <ele>802.49</ele>
      </trkpt>
      <trkpt lat="35.11389" lon="-114.97479">
        <ele>802.01</ele>
      </trkpt>
      <trkpt lat="35.11384" lon="-114.97416">
        <ele>802.0</ele>
      </trkpt>
      <trkpt lat="35.11379" lon="-114.97352">
        <ele>801.0</ele>
      </trkpt>
      <trkpt lat="35.11375" lon="-114.9729">
        <ele>794.82</ele>
      </trkpt>
      <trkpt lat="35.1137" lon="-114.97228">
        <ele>792.96</ele>
      </trkpt>
      <trkpt lat="35.11374" lon="-114.97202">
        <ele>792.0</ele>
      </trkpt>
      <trkpt lat="35.11375" lon="-114.97171">
        <ele>792.0</ele>
      </trkpt>
      <trkpt lat="35.11377" lon="-114.97137">
        <ele>791.72</ele>
      </trkpt>
      <trkpt lat="35.11375" lon="-114.97116">
        <ele>791.5</ele>
      </trkpt>
      <trkpt lat="35.11381" lon="-114.97085">
        <ele>791.0</ele>
      </trkpt>
      <trkpt lat="35.11383" lon="-114.97016">
        <ele>789.0</ele>
      </trkpt>
      <trkpt lat="35.11388" lon="-114.9696">
        <ele>786.71</ele>
      </trkpt>
      <trkpt lat="35.11393" lon="-114.96903">
        <ele>787.56</ele>
      </trkpt>
      <trkpt lat="35.11398" lon="-114.96873">
        <ele>788.72</ele>
      </trkpt>
      <trkpt lat="35.1145" lon="-114.96787">
        <ele>791.4</ele>
      </trkpt>
      <trkpt lat="35.11484" lon="-114.96755">
        <ele>792.52</ele>
      </trkpt>
      <trkpt lat="35.11516" lon="-114.96738">
        <ele>789.84</ele>
      </trkpt>
      <trkpt lat="35.11528" lon="-114.96719">
        <ele>788.94</ele>
      </trkpt>
      <trkpt lat="35.11536" lon="-114.96677">
        <ele>786.44</ele>
      </trkpt>
      <trkpt lat="35.11553" lon="-114.96641">
        <ele>780.78</ele>
      </trkpt>
      <trkpt lat="35.11563" lon="-114.96605">
        <ele>777.67</ele>
      </trkpt>
      <trkpt lat="35.11566" lon="-114.96568">
        <ele>776.74</ele>
      </trkpt>
      <trkpt lat="35.11573" lon="-114.96512">
        <ele>771.15</ele>
      </trkpt>
      <trkpt lat="35.11569" lon="-114.96457">
        <ele>770.0</ele>
      </trkpt>
      <trkpt lat="35.11565" lon="-114.96402">
        <ele>769.98</ele>
      </trkpt>
      <trkpt lat="35.11557" lon="-114.96346">
        <ele>768.84</ele>
      </trkpt>
      <trkpt lat="35.11555" lon="-114.96309">
        <ele>767.41</ele>
      </trkpt>
      <trkpt lat="35.11542" lon="-114.96269">
        <ele>765.05</ele>
      </trkpt>
      <trkpt lat="35.11515" lon="-114.96228">
        <ele>761.62</ele>
      </trkpt>
      <trkpt lat="35.11486" lon="-114.96192">
        <ele>759.86</ele>
      </trkpt>
      <trkpt lat="35.11474" lon="-114.96173">
        <ele>759.0</ele>
      </trkpt>
      <trkpt lat="35.11468" lon="-114.9614">
        <ele>758.0</ele>
      </trkpt>
      <trkpt lat="35.11449" lon="-114.96085">
        <ele>756.0</ele>
      </trkpt>
      <trkpt lat="35.1143" lon="-114.96029">
        <ele>753.13</ele>
      </trkpt>
      <trkpt lat="35.11415" lon="-114.95962">
        <ele>750.9</ele>
      </trkpt>
      <trkpt lat="35.11401" lon="-114.95895">
        <ele>748.66</ele>
      </trkpt>
      <trkpt lat="35.11384" lon="-114.95859">
        <ele>747.0</ele>
      </trkpt>
      <trkpt lat="35.11386" lon="-114.95842">
        <ele>747.0</ele>
      </trkpt>
      <trkpt lat="35.11378" lon="-114.95795">
        <ele>745.86</ele>
      </trkpt>
      <trkpt lat="35.11361" lon="-114.95744">
        <ele>744.0</ele>
      </trkpt>
      <trkpt lat="35.11358" lon="-114.95662">
        <ele>742.0</ele>
      </trkpt>
      <trkpt lat="35.11323" lon="-114.95601">
        <ele>740.0</ele>
      </trkpt>
      <trkpt lat="35.11287" lon="-114.95539">
        <ele>739.0</ele>
      </trkpt>
      <trkpt lat="35.11257" lon="-114.95515">
        <ele>738.0</ele>
      </trkpt>
      <trkpt lat="35.1122" lon="-114.95456">
        <ele>737.0</ele>
      </trkpt>
      <trkpt lat="35.11215" lon="-114.95441">
        <ele>737.0</ele>
      </trkpt>
      <trkpt lat="35.11214" lon="-114.95426">
        <ele>737.0</ele>
      </trkpt>
      <trkpt lat="35.11216" lon="-114.95415">
        <ele>736.0</ele>
      </trkpt>
      <trkpt lat="35.11165" lon="-114.95418">
        <ele>736.14</ele>
      </trkpt>
      <trkpt lat="35.11119" lon="-114.9542">
        <ele>736.36</ele>
      </trkpt>
      <trkpt lat="35.11073" lon="-114.95422">
        <ele>736.63</ele>
      </trkpt>
      <trkpt lat="35.11027" lon="-114.95424">
        <ele>737.0</ele>
      </trkpt>
      <trkpt lat="35.10981" lon="-114.95426">
        <ele>737.0</ele>
      </trkpt>
      <trkpt lat="35.10935" lon="-114.95428">
        <ele>738.0</ele>
      </trkpt>
      <trkpt lat="35.10889" lon="-114.9543">
        <ele>738.43</ele>
      </trkpt>
      <trkpt lat="35.10843" lon="-114.95432">
        <ele>739.0</ele>
      </trkpt>
      <trkpt lat="35.10797" lon="-114.95434">
        <ele>739.0</ele>
      </trkpt>
      <trkpt lat="35.10751" lon="-114.95436">
        <ele>739.0</ele>
      </trkpt>
      <trkpt lat="35.10705" lon="-114.95438">
        <ele>739.0</ele>
      </trkpt>
      <trkpt lat="35.10659" lon="-114.95439">
        <ele>739.0</ele>
      </trkpt>
      <trkpt lat="35.10612" lon="-114.95441">
        <ele>739.0</ele>
      </trkpt>
      <trkpt lat="35.10566" lon="-114.95442">
        <ele>738.74</ele>
      </trkpt>
      <trkpt lat="35.10519" lon="-114.95444">
        <ele>738.0</ele>
      </trkpt>
      <trkpt lat="35.10473" lon="-114.95445">
        <ele>738.0</ele>
      </trkpt>
      <trkpt lat="35.10422" lon="-114.95447">
        <ele>739.0</ele>
      </trkpt>
      <trkpt lat="35.1037" lon="-114.9545">
        <ele>740.0</ele>
      </trkpt>
      <trkpt lat="35.10319" lon="-114.95452">
        <ele>741.0</ele>
      </trkpt>
      <trkpt lat="35.10267" lon="-114.95454">
        <ele>741.0</ele>
      </trkpt>
      <trkpt lat="35.10216" lon="-114.95456">
        <ele>742.0</ele>
      </trkpt>
      <trkpt lat="35.10164" lon="-114.95459">
        <ele>742.0</ele>
      </trkpt>
      <trkpt lat="35.10113" lon="-114.95461">
        <ele>743.0</ele>
      </trkpt>
      <trkpt lat="35.10062" lon="-114.95463">
        <ele>743.0</ele>
      </trkpt>
      <trkpt lat="35.10011" lon="-114.95465">
        <ele>744.0</ele>
      </trkpt>
      <trkpt lat="35.09961" lon="-114.95467">
        <ele>744.0</ele>
      </trkpt>
      <trkpt lat="35.0991" lon="-114.95469">
        <ele>744.0</ele>
      </trkpt>
      <trkpt lat="35.09859" lon="-114.95471">
        <ele>744.87</ele>
      </trkpt>
      <trkpt lat="35.09814" lon="-114.95473">
        <ele>745.0</ele>
      </trkpt>
      <trkpt lat="35.09769" lon="-114.95475">
        <ele>745.0</ele>
      </trkpt>
      <trkpt lat="35.09723" lon="-114.95477">
        <ele>745.0</ele>
      </trkpt>
      <trkpt lat="35.09678" lon="-114.95479">
        <ele>745.73</ele>
      </trkpt>
      <trkpt lat="35.09633" lon="-114.95481">
        <ele>745.95</ele>
      </trkpt>
      <trkpt lat="35.09588" lon="-114.95483">
        <ele>746.0</ele>
      </trkpt>
      <trkpt lat="35.09542" lon="-114.95485">
        <ele>746.0</ele>
      </trkpt>
      <trkpt lat="35.09497" lon="-114.95487">
        <ele>745.73</ele>
      </trkpt>
      <trkpt lat="35.09452" lon="-114.95489">
        <ele>746.0</ele>
      </trkpt>
      <trkpt lat="35.09401" lon="-114.95491">
        <ele>746.03</ele>
      </trkpt>
      <trkpt lat="35.0935" lon="-114.95493">
        <ele>747.0</ele>
      </trkpt>
      <trkpt lat="35.093" lon="-114.95495">
        <ele>747.0</ele>
      </trkpt>
      <trkpt lat="35.09249" lon="-114.95496">
        <ele>747.06</ele>
      </trkpt>
      <trkpt lat="35.09198" lon="-114.95498">
        <ele>748.48</ele>
      </trkpt>
      <trkpt lat="35.09147" lon="-114.955">
        <ele>749.0</ele>
      </trkpt>
      <trkpt lat="35.09116" lon="-114.95501">
        <ele>750.0</ele>
      </trkpt>
      <trkpt lat="35.09112" lon="-114.95575">
        <ele>751.1</ele>
      </trkpt>
      <trkpt lat="35.0911" lon="-114.95603">
        <ele>752.0</ele>
      </trkpt>
      <trkpt lat="35.09107" lon="-114.95621">
        <ele>752.07</ele>
      </trkpt>
      <trkpt lat="35.09102" lon="-114.95657">
        <ele>753.0</ele>
      </trkpt>
      <trkpt lat="35.09099" lon="-114.95702">
        <ele>754.25</ele>
      </trkpt>
      <trkpt lat="35.09094" lon="-114.95741">
        <ele>755.03</ele>
      </trkpt>
      <trkpt lat="35.09087" lon="-114.95797">
        <ele>757.0</ele>
      </trkpt>
      <trkpt lat="35.09083" lon="-114.9585">
        <ele>758.81</ele>
      </trkpt>
      <trkpt lat="35.09074" lon="-114.95917">
        <ele>761.0</ele>
      </trkpt>
      <trkpt lat="35.09068" lon="-114.95976">
        <ele>761.27</ele>
      </trkpt>
      <trkpt lat="35.09063" lon="-114.96022">
        <ele>762.07</ele>
      </trkpt>
      <trkpt lat="35.09058" lon="-114.96048">
        <ele>763.0</ele>
      </trkpt>
      <trkpt lat="35.09058" lon="-114.96064">
        <ele>763.91</ele>
      </trkpt>
      <trkpt lat="35.09055" lon="-114.96083">
        <ele>764.0</ele>
      </trkpt>
      <trkpt lat="35.09056" lon="-114.96137">
        <ele>766.81</ele>
      </trkpt>
      <trkpt lat="35.09052" lon="-114.96184">
        <ele>768.87</ele>
      </trkpt>
      <trkpt lat="35.09048" lon="-114.96206">
        <ele>770.0</ele>
      </trkpt>
      <trkpt lat="35.0904" lon="-114.96234">
        <ele>771.0</ele>
      </trkpt>
      <trkpt lat="35.09035" lon="-114.96261">
        <ele>771.19</ele>
      </trkpt>
      <trkpt lat="35.09026" lon="-114.96341">
        <ele>774.0</ele>
      </trkpt>
      <trkpt lat="35.09022" lon="-114.9637">
        <ele>775.0</ele>
      </trkpt>
      <trkpt lat="35.09023" lon="-114.96401">
        <ele>776.31</ele>
      </trkpt>
      <trkpt lat="35.09017" lon="-114.96424">
        <ele>777.0</ele>
      </trkpt>
      <trkpt lat="35.09002" lon="-114.9655">
        <ele>780.0</ele>
      </trkpt>
      <trkpt lat="35.08996" lon="-114.96603">
        <ele>781.12</ele>
      </trkpt>
      <trkpt lat="35.08991" lon="-114.9665">
        <ele>783.2</ele>
      </trkpt>
      <trkpt lat="35.08986" lon="-114.96687">
        <ele>785.0</ele>
      </trkpt>
      <trkpt lat="35.08982" lon="-114.9673">
        <ele>787.0</ele>
      </trkpt>
      <trkpt lat="35.08976" lon="-114.96761">
        <ele>789.11</ele>
      </trkpt>
      <trkpt lat="35.08971" lon="-114.96814">
        <ele>791.0</ele>
      </trkpt>
      <trkpt lat="35.08968" lon="-114.96863">
        <ele>792.57</ele>
      </trkpt>
      <trkpt lat="35.08964" lon="-114.96878">
        <ele>793.0</ele>
      </trkpt>
      <trkpt lat="35.08961" lon="-114.96893">
        <ele>793.56</ele>
      </trkpt>
      <trkpt lat="35.08959" lon="-114.96941">
        <ele>796.0</ele>
      </trkpt>
      <trkpt lat="35.08957" lon="-114.96963">
        <ele>797.0</ele>
      </trkpt>
      <trkpt lat="35.08949" lon="-114.97001">
        <ele>798.56</ele>
      </trkpt>
      <trkpt lat="35.08947" lon="-114.97014">
        <ele>799.0</ele>
      </trkpt>
      <trkpt lat="35.08947" lon="-114.97024">
        <ele>799.59</ele>
      </trkpt>
      <trkpt lat="35.08948" lon="-114.97036">
        <ele>800.0</ele>
      </trkpt>
      <trkpt lat="35.08951" lon="-114.97046">
        <ele>800.28</ele>
      </trkpt>
      <trkpt lat="35.08952" lon="-114.97057">
        <ele>801.0</ele>
      </trkpt>
      <trkpt lat="35.08949" lon="-114.97089">
        <ele>802.31</ele>
      </trkpt>
      <trkpt lat="35.08944" lon="-114.97127">
        <ele>804.0</ele>
      </trkpt>
      <trkpt lat="35.08941" lon="-114.97155">
        <ele>805.0</ele>
      </trkpt>
      <trkpt lat="35.08941" lon="-114.97179">
        <ele>806.33</ele>
      </trkpt>
      <trkpt lat="35.08936" lon="-114.97199">
        <ele>807.49</ele>
      </trkpt>
      <trkpt lat="35.08924" lon="-114.97297">
        <ele>813.0</ele>
      </trkpt>
      <trkpt lat="35.08922" lon="-114.97309">
        <ele>813.0</ele>
      </trkpt>
      <trkpt lat="35.08924" lon="-114.97325">
        <ele>814.1</ele>
      </trkpt>
      <trkpt lat="35.08902" lon="-114.97498">
        <ele>821.78</ele>
      </trkpt>
      <trkpt lat="35.08903" lon="-114.9752">
        <ele>823.76</ele>
      </trkpt>
      <trkpt lat="35.08893" lon="-114.97605">
        <ele>828.44</ele>
      </trkpt>
      <trkpt lat="35.08893" lon="-114.97628">
        <ele>828.44</ele>
      </trkpt>
      <trkpt lat="35.08944" lon="-114.98213">
        <ele>855.96</ele>
      </trkpt>
      <trkpt lat="35.08944" lon="-114.9823">
        <ele>857.84</ele>
      </trkpt>
      <trkpt lat="35.08943" lon="-114.98244">
        <ele>860.35</ele>
      </trkpt>
      <trkpt lat="35.0894" lon="-114.98256">
        <ele>861.65</ele>
      </trkpt>
      <trkpt lat="35.08937" lon="-114.9827">
        <ele>862.16</ele>
      </trkpt>
      <trkpt lat="35.08935" lon="-114.98301">
        <ele>864.01</ele>
      </trkpt>
      <trkpt lat="35.0893" lon="-114.98353">
        <ele>867.07</ele>
      </trkpt>
      <trkpt lat="35.08924" lon="-114.98402">
        <ele>870.42</ele>
      </trkpt>
      <trkpt lat="35.08922" lon="-114.98427">
        <ele>872.54</ele>
      </trkpt>
      <trkpt lat="35.08917" lon="-114.98451">
        <ele>874.71</ele>
      </trkpt>
      <trkpt lat="35.08915" lon="-114.98479">
        <ele>877.91</ele>
      </trkpt>
      <trkpt lat="35.08912" lon="-114.98501">
        <ele>881.61</ele>
      </trkpt>
      <trkpt lat="35.08903" lon="-114.98523">
        <ele>884.94</ele>
      </trkpt>
      <trkpt lat="35.08878" lon="-114.98565">
        <ele>888.94</ele>
      </trkpt>
      <trkpt lat="35.0887" lon="-114.98582">
        <ele>886.22</ele>
      </trkpt>
      <trkpt lat="35.08867" lon="-114.98595">
        <ele>886.73</ele>
      </trkpt>
      <trkpt lat="35.08866" lon="-114.98615">
        <ele>887.36</ele>
      </trkpt>
      <trkpt lat="35.08869" lon="-114.98642">
        <ele>889.83</ele>
      </trkpt>
      <trkpt lat="35.08875" lon="-114.98659">
        <ele>889.67</ele>
      </trkpt>
      <trkpt lat="35.08878" lon="-114.98697">
        <ele>890.53</ele>
      </trkpt>
      <trkpt lat="35.08881" lon="-114.98713">
        <ele>889.85</ele>
      </trkpt>
      <trkpt lat="35.08888" lon="-114.98732">
        <ele>889.1</ele>
      </trkpt>
      <trkpt lat="35.08908" lon="-114.98768">
        <ele>887.88</ele>
      </trkpt>
      <trkpt lat="35.08927" lon="-114.98786">
        <ele>886.99</ele>
      </trkpt>
      <trkpt lat="35.0895" lon="-114.98826">
        <ele>886.4</ele>
      </trkpt>
      <trkpt lat="35.08959" lon="-114.98851">
        <ele>886.43</ele>
      </trkpt>
      <trkpt lat="35.0896" lon="-114.98876">
        <ele>886.32</ele>
      </trkpt>
      <trkpt lat="35.08955" lon="-114.98912">
        <ele>885.79</ele>
      </trkpt>
      <trkpt lat="35.0895" lon="-114.98942">
        <ele>887.2</ele>
      </trkpt>
      <trkpt lat="35.08948" lon="-114.98972">
        <ele>887.85</ele>
      </trkpt>
      <trkpt lat="35.0895" lon="-114.98995">
        <ele>887.2</ele>
      </trkpt>
      <trkpt lat="35.08974" lon="-114.99097">
        <ele>885.81</ele>
      </trkpt>
      <trkpt lat="35.08977" lon="-114.99129">
        <ele>885.48</ele>
      </trkpt>
      <trkpt lat="35.08991" lon="-114.99174">
        <ele>883.94</ele>
      </trkpt>
      <trkpt lat="35.09006" lon="-114.99231">
        <ele>885.3</ele>
      </trkpt>
      <trkpt lat="35.09027" lon="-114.99334">
        <ele>887.16</ele>
      </trkpt>
      <trkpt lat="35.09029" lon="-114.99347">
        <ele>887.87</ele>
      </trkpt>
      <trkpt lat="35.09029" lon="-114.99363">
        <ele>888.05</ele>
      </trkpt>
      <trkpt lat="35.09026" lon="-114.99377">
        <ele>889.33</ele>
      </trkpt>
      <trkpt lat="35.09014" lon="-114.99414">
        <ele>888.9</ele>
      </trkpt>
      <trkpt lat="35.09007" lon="-114.99441">
        <ele>886.58</ele>
      </trkpt>
      <trkpt lat="35.09003" lon="-114.99469">
        <ele>887.0</ele>
      </trkpt>
      <trkpt lat="35.09002" lon="-114.99484">
        <ele>887.0</ele>
      </trkpt>
      <trkpt lat="35.09005" lon="-114.99494">
        <ele>887.0</ele>
      </trkpt>
      <trkpt lat="35.0901" lon="-114.99501">
        <ele>887.0</ele>
      </trkpt>
      <trkpt lat="35.09017" lon="-114.99508">
        <ele>887.0</ele>
      </trkpt>
      <trkpt lat="35.09052" lon="-114.99536">
        <ele>889.96</ele>
      </trkpt>
      <trkpt lat="35.09066" lon="-114.99549">
        <ele>893.71</ele>
      </trkpt>
      <trkpt lat="35.09072" lon="-114.99564">
        <ele>898.31</ele>
      </trkpt>
      <trkpt lat="35.09075" lon="-114.9958">
        <ele>901.64</ele>
      </trkpt>
      <trkpt lat="35.09074" lon="-114.99654">
        <ele>904.25</ele>
      </trkpt>
      <trkpt lat="35.09069" lon="-114.9969">
        <ele>909.97</ele>
      </trkpt>
      <trkpt lat="35.09068" lon="-114.99774">
        <ele>913.0</ele>
      </trkpt>
      <trkpt lat="35.09068" lon="-114.99792">
        <ele>913.18</ele>
      </trkpt>
      <trkpt lat="35.0907" lon="-114.99806">
        <ele>913.56</ele>
      </trkpt>
      <trkpt lat="35.09097" lon="-114.99885">
        <ele>922.0</ele>
      </trkpt>
      <trkpt lat="35.09122" lon="-114.99942">
        <ele>922.0</ele>
      </trkpt>
      <trkpt lat="35.0913" lon="-114.9997">
        <ele>922.73</ele>
      </trkpt>
      <trkpt lat="35.09134" lon="-114.99992">
        <ele>923.0</ele>
      </trkpt>
      <trkpt lat="35.09134" lon="-115.00019">
        <ele>924.0</ele>
      </trkpt>
      <trkpt lat="35.09128" lon="-115.00048">
        <ele>924.15</ele>
      </trkpt>
      <trkpt lat="35.09116" lon="-115.00086">
        <ele>925.66</ele>
      </trkpt>
      <trkpt lat="35.09115" lon="-115.00109">
        <ele>928.19</ele>
      </trkpt>
      <trkpt lat="35.09112" lon="-115.00134">
        <ele>931.05</ele>
      </trkpt>
      <trkpt lat="35.09107" lon="-115.00161">
        <ele>933.39</ele>
      </trkpt>
      <trkpt lat="35.0909" lon="-115.00207">
        <ele>938.43</ele>
      </trkpt>
      <trkpt lat="35.09075" lon="-115.00258">
        <ele>943.84</ele>
      </trkpt>
      <trkpt lat="35.09067" lon="-115.00272">
        <ele>944.7</ele>
      </trkpt>
      <trkpt lat="35.09054" lon="-115.00286">
        <ele>944.61</ele>
      </trkpt>
      <trkpt lat="35.09032" lon="-115.00301">
        <ele>944.2</ele>
      </trkpt>
      <trkpt lat="35.09012" lon="-115.00314">
        <ele>945.12</ele>
      </trkpt>
      <trkpt lat="35.09002" lon="-115.00327">
        <ele>946.85</ele>
      </trkpt>
      <trkpt lat="35.08993" lon="-115.00345">
        <ele>948.76</ele>
      </trkpt>
      <trkpt lat="35.0897" lon="-115.0043">
        <ele>958.29</ele>
      </trkpt>
      <trkpt lat="35.08971" lon="-115.00441">
        <ele>960.23</ele>
      </trkpt>
      <trkpt lat="35.08975" lon="-115.00462">
        <ele>962.9</ele>
      </trkpt>
      <trkpt lat="35.08982" lon="-115.0048">
        <ele>964.18</ele>
      </trkpt>
      <trkpt lat="35.08995" lon="-115.00501">
        <ele>965.27</ele>
      </trkpt>
      <trkpt lat="35.09006" lon="-115.00515">
        <ele>966.06</ele>
      </trkpt>
      <trkpt lat="35.09021" lon="-115.00527">
        <ele>967.46</ele>
      </trkpt>
      <trkpt lat="35.09035" lon="-115.00536">
        <ele>967.98</ele>
      </trkpt>
      <trkpt lat="35.09056" lon="-115.0054">
        <ele>968.76</ele>
      </trkpt>
      <trkpt lat="35.09085" lon="-115.00546">
        <ele>970.28</ele>
      </trkpt>
      <trkpt lat="35.09096" lon="-115.0055">
        <ele>971.74</ele>
      </trkpt>
      <trkpt lat="35.09102" lon="-115.00556">
        <ele>973.16</ele>
      </trkpt>
      <trkpt lat="35.09106" lon="-115.00567">
        <ele>976.58</ele>
      </trkpt>
      <trkpt lat="35.09107" lon="-115.00578">
        <ele>978.52</ele>
      </trkpt>
      <trkpt lat="35.09106" lon="-115.00598">
        <ele>981.93</ele>
      </trkpt>
      <trkpt lat="35.09107" lon="-115.00656">
        <ele>990.92</ele>
      </trkpt>
      <trkpt lat="35.09105" lon="-115.00696">
        <ele>995.19</ele>
      </trkpt>
      <trkpt lat="35.09104" lon="-115.00721">
        <ele>996.67</ele>
      </trkpt>
      <trkpt lat="35.09107" lon="-115.00733">
        <ele>997.76</ele>
      </trkpt>
      <trkpt lat="35.09115" lon="-115.00747">
        <ele>1001.26</ele>
      </trkpt>
      <trkpt lat="35.09132" lon="-115.00763">
        <ele>1004.0</ele>
      </trkpt>
      <trkpt lat="35.09167" lon="-115.00788">
        <ele>1005.86</ele>
      </trkpt>
      <trkpt lat="35.0921" lon="-115.0081">
        <ele>1010.55</ele>
      </trkpt>
      <trkpt lat="35.09242" lon="-115.00819">
        <ele>1014.23</ele>
      </trkpt>
      <trkpt lat="35.09255" lon="-115.00826">
        <ele>1014.87</ele>
      </trkpt>
      <trkpt lat="35.09304" lon="-115.0088">
        <ele>1019.66</ele>
      </trkpt>
      <trkpt lat="35.0931" lon="-115.00892">
        <ele>1021.44</ele>
      </trkpt>
      <trkpt lat="35.0933" lon="-115.00918">
        <ele>1026.92</ele>
      </trkpt>
      <trkpt lat="35.09333" lon="-115.00929">
        <ele>1027.89</ele>
      </trkpt>
      <trkpt lat="35.09333" lon="-115.00944">
        <ele>1028.88</ele>
      </trkpt>
      <trkpt lat="35.09328" lon="-115.00969">
        <ele>1033.58</ele>
      </trkpt>
      <trkpt lat="35.09315" lon="-115.00999">
        <ele>1035.83</ele>
      </trkpt>
      <trkpt lat="35.09281" lon="-115.01057">
        <ele>1040.95</ele>
      </trkpt>
      <trkpt lat="35.09266" lon="-115.01086">
        <ele>1043.02</ele>
      </trkpt>
      <trkpt lat="35.09259" lon="-115.01112">
        <ele>1043.07</ele>
      </trkpt>
      <trkpt lat="35.09257" lon="-115.0114">
        <ele>1043.79</ele>
      </trkpt>
      <trkpt lat="35.0926" lon="-115.01165">
        <ele>1045.83</ele>
      </trkpt>
      <trkpt lat="35.09269" lon="-115.01203">
        <ele>1047.0</ele>
      </trkpt>
      <trkpt lat="35.09386" lon="-115.01637">
        <ele>1039.31</ele>
      </trkpt>
      <trkpt lat="35.09416" lon="-115.01768">
        <ele>1037.12</ele>
      </trkpt>
      <trkpt lat="35.09438" lon="-115.01841">
        <ele>1035.7</ele>
      </trkpt>
      <trkpt lat="35.09474" lon="-115.0197">
        <ele>1033.0</ele>
      </trkpt>
      <trkpt lat="35.09494" lon="-115.01956">
        <ele>1033.35</ele>
      </trkpt>
      <trkpt lat="35.0951" lon="-115.01904">
        <ele>1034.0</ele>
      </trkpt>
      <trkpt lat="35.09534" lon="-115.01864">
        <ele>1034.67</ele>
      </trkpt>
      <trkpt lat="35.09562" lon="-115.01812">
        <ele>1035.0</ele>
      </trkpt>
      <trkpt lat="35.09615" lon="-115.0173">
        <ele>1035.0</ele>
      </trkpt>
      <trkpt lat="35.09723" lon="-115.01584">
        <ele>1035.15</ele>
      </trkpt>
      <trkpt lat="35.09824" lon="-115.01477">
        <ele>1036.0</ele>
      </trkpt>
      <trkpt lat="35.09884" lon="-115.01424">
        <ele>1036.1</ele>
      </trkpt>
      <trkpt lat="35.09932" lon="-115.01403">
        <ele>1037.0</ele>
      </trkpt>
      <trkpt lat="35.09988" lon="-115.0138">
        <ele>1038.0</ele>
      </trkpt>
      <trkpt lat="35.10003" lon="-115.01417">
        <ele>1038.0</ele>
      </trkpt>
      <trkpt lat="35.10035" lon="-115.01489">
        <ele>1039.0</ele>
      </trkpt>
      <trkpt lat="35.10045" lon="-115.01527">
        <ele>1039.0</ele>
      </trkpt>
      <trkpt lat="35.10061" lon="-115.01603">
        <ele>1040.0</ele>
      </trkpt>
      <trkpt lat="35.10085" lon="-115.01717">
        <ele>1040.0</ele>
      </trkpt>
      <trkpt lat="35.10101" lon="-115.01791">
        <ele>1040.0</ele>
      </trkpt>
      <trkpt lat="35.10104" lon="-115.0183">
        <ele>1040.0</ele>
      </trkpt>
      <trkpt lat="35.1011" lon="-115.01852">
        <ele>1040.0</ele>
      </trkpt>
      <trkpt lat="35.1011" lon="-115.01852">
        <ele>1040.0</ele>
      </trkpt>
      <trkpt lat="35.10111" lon="-115.01856">
        <ele>1040.0</ele>
      </trkpt>
      <trkpt lat="35.1012" lon="-115.01899">
        <ele>1040.0</ele>
      </trkpt>
      <trkpt lat="35.10152" lon="-115.02042">
        <ele>1040.0</ele>
      </trkpt>
      <trkpt lat="35.10166" lon="-115.02109">
        <ele>1040.0</ele>
      </trkpt>
      <trkpt lat="35.10203" lon="-115.02256">
        <ele>1040.0</ele>
      </trkpt>
      <trkpt lat="35.10229" lon="-115.02339">
        <ele>1040.0</ele>
      </trkpt>
      <trkpt lat="35.10257" lon="-115.02406">
        <ele>1040.0</ele>
      </trkpt>
      <trkpt lat="35.10279" lon="-115.02466">
        <ele>1040.0</ele>
      </trkpt>
      <trkpt lat="35.10289" lon="-115.02504">
        <ele>1040.0</ele>
      </trkpt>
      <trkpt lat="35.10298" lon="-115.02558">
        <ele>1040.0</ele>
      </trkpt>
      <trkpt lat="35.10309" lon="-115.02619">
        <ele>1040.0</ele>
      </trkpt>
      <trkpt lat="35.10315" lon="-115.02697">
        <ele>1038.0</ele>
      </trkpt>
      <trkpt lat="35.10329" lon="-115.0271">
        <ele>1038.0</ele>
      </trkpt>
      <trkpt lat="35.10349" lon="-115.02743">
        <ele>1038.0</ele>
      </trkpt>
      <trkpt lat="35.10359" lon="-115.02776">
        <ele>1038.62</ele>
      </trkpt>
      <trkpt lat="35.10369" lon="-115.02794">
        <ele>1040.75</ele>
      </trkpt>
      <trkpt lat="35.10384" lon="-115.02842">
        <ele>1041.0</ele>
      </trkpt>
      <trkpt lat="35.10399" lon="-115.02908">
        <ele>1041.0</ele>
      </trkpt>
      <trkpt lat="35.10413" lon="-115.02989">
        <ele>1041.0</ele>
      </trkpt>
      <trkpt lat="35.10423" lon="-115.03125">
        <ele>1042.0</ele>
      </trkpt>
      <trkpt lat="35.1042" lon="-115.03222">
        <ele>1043.98</ele>
      </trkpt>
      <trkpt lat="35.10416" lon="-115.03266">
        <ele>1044.0</ele>
      </trkpt>
      <trkpt lat="35.10417" lon="-115.03293">
        <ele>1044.02</ele>
      </trkpt>
      <trkpt lat="35.10422" lon="-115.03318">
        <ele>1045.0</ele>
      </trkpt>
      <trkpt lat="35.10442" lon="-115.03372">
        <ele>1045.13</ele>
      </trkpt>
      <trkpt lat="35.10467" lon="-115.03444">
        <ele>1046.0</ele>
      </trkpt>
      <trkpt lat="35.10484" lon="-115.03517">
        <ele>1046.0</ele>
      </trkpt>
      <trkpt lat="35.10502" lon="-115.03638">
        <ele>1047.0</ele>
      </trkpt>
      <trkpt lat="35.10522" lon="-115.03782">
        <ele>1048.0</ele>
      </trkpt>
      <trkpt lat="35.10548" lon="-115.03938">
        <ele>1050.0</ele>
      </trkpt>
      <trkpt lat="35.10566" lon="-115.0414">
        <ele>1051.0</ele>
      </trkpt>
      <trkpt lat="35.10577" lon="-115.0424">
        <ele>1052.0</ele>
      </trkpt>
      <trkpt lat="35.10598" lon="-115.0435">
        <ele>1053.0</ele>
      </trkpt>
      <trkpt lat="35.10603" lon="-115.0442">
        <ele>1054.44</ele>
      </trkpt>
      <trkpt lat="35.10612" lon="-115.04498">
        <ele>1056.0</ele>
      </trkpt>
      <trkpt lat="35.10616" lon="-115.04528">
        <ele>1056.0</ele>
      </trkpt>
      <trkpt lat="35.1064" lon="-115.04594">
        <ele>1056.0</ele>
      </trkpt>
      <trkpt lat="35.10646" lon="-115.04636">
        <ele>1057.0</ele>
      </trkpt>
      <trkpt lat="35.10646" lon="-115.04704">
        <ele>1057.0</ele>
      </trkpt>
      <trkpt lat="35.10634" lon="-115.04783">
        <ele>1057.0</ele>
      </trkpt>
      <trkpt lat="35.1062" lon="-115.04824">
        <ele>1056.0</ele>
      </trkpt>
      <trkpt lat="35.10606" lon="-115.04859">
        <ele>1056.0</ele>
      </trkpt>
      <trkpt lat="35.10599" lon="-115.0487">
        <ele>1056.0</ele>
      </trkpt>
      <trkpt lat="35.10581" lon="-115.04894">
        <ele>1056.0</ele>
      </trkpt>
      <trkpt lat="35.10575" lon="-115.04908">
        <ele>1056.0</ele>
      </trkpt>
      <trkpt lat="35.10577" lon="-115.04928">
        <ele>1057.0</ele>
      </trkpt>
      <trkpt lat="35.1062" lon="-115.05003">
        <ele>1058.0</ele>
      </trkpt>
      <trkpt lat="35.1063" lon="-115.05028">
        <ele>1058.02</ele>
      </trkpt>
      <trkpt lat="35.10638" lon="-115.05072">
        <ele>1060.07</ele>
      </trkpt>
      <trkpt lat="35.10644" lon="-115.05102">
        <ele>1061.0</ele>
      </trkpt>
      <trkpt lat="35.10705" lon="-115.05253">
        <ele>1062.0</ele>
      </trkpt>
      <trkpt lat="35.10717" lon="-115.05277">
        <ele>1062.0</ele>
      </trkpt>
      <trkpt lat="35.10725" lon="-115.05287">
        <ele>1062.0</ele>
      </trkpt>
      <trkpt lat="35.10734" lon="-115.05303">
        <ele>1062.0</ele>
      </trkpt>
      <trkpt lat="35.1074" lon="-115.05344">
        <ele>1063.0</ele>
      </trkpt>
      <trkpt lat="35.10752" lon="-115.05404">
        <ele>1064.0</ele>
      </trkpt>
      <trkpt lat="35.10763" lon="-115.05455">
        <ele>1066.0</ele>
      </trkpt>
      <trkpt lat="35.10768" lon="-115.05496">
        <ele>1067.0</ele>
      </trkpt>
      <trkpt lat="35.10781" lon="-115.05572">
        <ele>1069.51</ele>
      </trkpt>
      <trkpt lat="35.10788" lon="-115.05588">
        <ele>1070.0</ele>
      </trkpt>
      <trkpt lat="35.10794" lon="-115.05607">
        <ele>1070.56</ele>
      </trkpt>
      <trkpt lat="35.108" lon="-115.05639">
        <ele>1071.0</ele>
      </trkpt>
      <trkpt lat="35.10812" lon="-115.05679">
        <ele>1071.0</ele>
      </trkpt>
      <trkpt lat="35.10829" lon="-115.05722">
        <ele>1071.54</ele>
      </trkpt>
      <trkpt lat="35.10854" lon="-115.05817">
        <ele>1072.05</ele>
      </trkpt>
      <trkpt lat="35.10873" lon="-115.05879">
        <ele>1074.0</ele>
      </trkpt>
      <trkpt lat="35.10879" lon="-115.05915">
        <ele>1074.0</ele>
      </trkpt>
      <trkpt lat="35.10896" lon="-115.05971">
        <ele>1075.0</ele>
      </trkpt>
      <trkpt lat="35.10911" lon="-115.06">
        <ele>1076.0</ele>
      </trkpt>
      <trkpt lat="35.10935" lon="-115.06036">
        <ele>1076.0</ele>
      </trkpt>
      <trkpt lat="35.10951" lon="-115.06059">
        <ele>1077.0</ele>
      </trkpt>
      <trkpt lat="35.10959" lon="-115.06083">
        <ele>1077.0</ele>
      </trkpt>
      <trkpt lat="35.10967" lon="-115.06118">
        <ele>1078.0</ele>
      </trkpt>
      <trkpt lat="35.10981" lon="-115.06257">
        <ele>1080.0</ele>
      </trkpt>
      <trkpt lat="35.10989" lon="-115.06322">
        <ele>1081.0</ele>
      </trkpt>
      <trkpt lat="35.10993" lon="-115.06386">
        <ele>1082.0</ele>
      </trkpt>
      <trkpt lat="35.11001" lon="-115.0645">
        <ele>1082.0</ele>
      </trkpt>
      <trkpt lat="35.11019" lon="-115.06558">
        <ele>1084.0</ele>
      </trkpt>
      <trkpt lat="35.1102" lon="-115.06596">
        <ele>1084.31</ele>
      </trkpt>
      <trkpt lat="35.11029" lon="-115.06658">
        <ele>1086.0</ele>
      </trkpt>
      <trkpt lat="35.11042" lon="-115.06724">
        <ele>1087.0</ele>
      </trkpt>
      <trkpt lat="35.11046" lon="-115.06765">
        <ele>1088.0</ele>
      </trkpt>
      <trkpt lat="35.11054" lon="-115.06808">
        <ele>1088.04</ele>
      </trkpt>
      <trkpt lat="35.11058" lon="-115.06861">
        <ele>1089.0</ele>
      </trkpt>
      <trkpt lat="35.11069" lon="-115.06939">
        <ele>1091.0</ele>
      </trkpt>
      <trkpt lat="35.11087" lon="-115.07027">
        <ele>1091.92</ele>
      </trkpt>
      <trkpt lat="35.11101" lon="-115.0708">
        <ele>1092.0</ele>
      </trkpt>
      <trkpt lat="35.11109" lon="-115.07132">
        <ele>1093.0</ele>
      </trkpt>
      <trkpt lat="35.11116" lon="-115.07153">
        <ele>1093.0</ele>
      </trkpt>
      <trkpt lat="35.11123" lon="-115.07189">
        <ele>1093.29</ele>
      </trkpt>
      <trkpt lat="35.11137" lon="-115.07291">
        <ele>1095.0</ele>
      </trkpt>
      <trkpt lat="35.11146" lon="-115.07357">
        <ele>1096.0</ele>
      </trkpt>
      <trkpt lat="35.11154" lon="-115.07428">
        <ele>1098.0</ele>
      </trkpt>
      <trkpt lat="35.11159" lon="-115.0745">
        <ele>1097.93</ele>
      </trkpt>
      <trkpt lat="35.11174" lon="-115.07577">
        <ele>1100.21</ele>
      </trkpt>
      <trkpt lat="35.11183" lon="-115.07619">
        <ele>1100.0</ele>
      </trkpt>
      <trkpt lat="35.11189" lon="-115.07659">
        <ele>1100.0</ele>
      </trkpt>
      <trkpt lat="35.11196" lon="-115.0769">
        <ele>1101.0</ele>
      </trkpt>
      <trkpt lat="35.11212" lon="-115.07776">
        <ele>1101.0</ele>
      </trkpt>
      <trkpt lat="35.1122" lon="-115.07858">
        <ele>1102.0</ele>
      </trkpt>
      <trkpt lat="35.11229" lon="-115.07892">
        <ele>1103.0</ele>
      </trkpt>
      <trkpt lat="35.11239" lon="-115.07904">
        <ele>1103.0</ele>
      </trkpt>
      <trkpt lat="35.11246" lon="-115.07923">
        <ele>1102.61</ele>
      </trkpt>
      <trkpt lat="35.11255" lon="-115.07959">
        <ele>1102.46</ele>
      </trkpt>
      <trkpt lat="35.11261" lon="-115.08047">
        <ele>1104.06</ele>
      </trkpt>
      <trkpt lat="35.11262" lon="-115.08066">
        <ele>1105.0</ele>
      </trkpt>
      <trkpt lat="35.11262" lon="-115.08089">
        <ele>1105.43</ele>
      </trkpt>
      <trkpt lat="35.11267" lon="-115.08115">
        <ele>1106.52</ele>
      </trkpt>
      <trkpt lat="35.11264" lon="-115.08197">
        <ele>1110.35</ele>
      </trkpt>
      <trkpt lat="35.11266" lon="-115.08226">
        <ele>1110.27</ele>
      </trkpt>
      <trkpt lat="35.11275" lon="-115.0827">
        <ele>1109.3</ele>
      </trkpt>
      <trkpt lat="35.11276" lon="-115.08285">
        <ele>1109.19</ele>
      </trkpt>
      <trkpt lat="35.11278" lon="-115.08308">
        <ele>1108.98</ele>
      </trkpt>
      <trkpt lat="35.1128" lon="-115.08326">
        <ele>1108.76</ele>
      </trkpt>
      <trkpt lat="35.11279" lon="-115.08387">
        <ele>1110.11</ele>
      </trkpt>
      <trkpt lat="35.11282" lon="-115.08414">
        <ele>1111.0</ele>
      </trkpt>
      <trkpt lat="35.11313" lon="-115.08511">
        <ele>1112.0</ele>
      </trkpt>
      <trkpt lat="35.11317" lon="-115.08537">
        <ele>1112.0</ele>
      </trkpt>
      <trkpt lat="35.11335" lon="-115.08597">
        <ele>1113.0</ele>
      </trkpt>
      <trkpt lat="35.11344" lon="-115.08649">
        <ele>1114.0</ele>
      </trkpt>
      <trkpt lat="35.11352" lon="-115.08698">
        <ele>1114.38</ele>
      </trkpt>
      <trkpt lat="35.11364" lon="-115.08749">
        <ele>1115.89</ele>
      </trkpt>
      <trkpt lat="35.11366" lon="-115.08775">
        <ele>1116.0</ele>
      </trkpt>
      <trkpt lat="35.11373" lon="-115.08805">
        <ele>1116.94</ele>
      </trkpt>
      <trkpt lat="35.11377" lon="-115.08848">
        <ele>1117.17</ele>
      </trkpt>
      <trkpt lat="35.11386" lon="-115.08891">
        <ele>1118.0</ele>
      </trkpt>
      <trkpt lat="35.11389" lon="-115.0892">
        <ele>1118.0</ele>
      </trkpt>
      <trkpt lat="35.11392" lon="-115.08947">
        <ele>1119.0</ele>
      </trkpt>
      <trkpt lat="35.11398" lon="-115.08968">
        <ele>1119.0</ele>
      </trkpt>
      <trkpt lat="35.11411" lon="-115.09068">
        <ele>1120.0</ele>
      </trkpt>
      <trkpt lat="35.11413" lon="-115.09105">
        <ele>1120.0</ele>
      </trkpt>
      <trkpt lat="35.11422" lon="-115.09155">
        <ele>1121.0</ele>
      </trkpt>
      <trkpt lat="35.11432" lon="-115.0923">
        <ele>1121.9</ele>
      </trkpt>
      <trkpt lat="35.11455" lon="-115.09375">
        <ele>1123.43</ele>
      </trkpt>
      <trkpt lat="35.1146" lon="-115.09404">
        <ele>1123.75</ele>
      </trkpt>
      <trkpt lat="35.11464" lon="-115.09425">
        <ele>1124.0</ele>
      </trkpt>
      <trkpt lat="35.11479" lon="-115.09476">
        <ele>1124.0</ele>
      </trkpt>
      <trkpt lat="35.11489" lon="-115.0953">
        <ele>1124.19</ele>
      </trkpt>
      <trkpt lat="35.11516" lon="-115.09677">
        <ele>1125.27</ele>
      </trkpt>
      <trkpt lat="35.11526" lon="-115.0974">
        <ele>1125.19</ele>
      </trkpt>
      <trkpt lat="35.11545" lon="-115.09899">
        <ele>1126.14</ele>
      </trkpt>
      <trkpt lat="35.11557" lon="-115.09959">
        <ele>1126.84</ele>
      </trkpt>
      <trkpt lat="35.11557" lon="-115.09975">
        <ele>1126.84</ele>
      </trkpt>
      <trkpt lat="35.11562" lon="-115.09991">
        <ele>1127.0</ele>
      </trkpt>
      <trkpt lat="35.11572" lon="-115.1004">
        <ele>1127.0</ele>
      </trkpt>
      <trkpt lat="35.11591" lon="-115.10114">
        <ele>1127.0</ele>
      </trkpt>
      <trkpt lat="35.11602" lon="-115.10188">
        <ele>1126.0</ele>
      </trkpt>
      <trkpt lat="35.11609" lon="-115.10216">
        <ele>1126.48</ele>
      </trkpt>
      <trkpt lat="35.11612" lon="-115.10247">
        <ele>1126.9</ele>
      </trkpt>
      <trkpt lat="35.1162" lon="-115.10296">
        <ele>1126.0</ele>
      </trkpt>
      <trkpt lat="35.11634" lon="-115.10358">
        <ele>1126.0</ele>
      </trkpt>
      <trkpt lat="35.11638" lon="-115.1039">
        <ele>1126.0</ele>
      </trkpt>
      <trkpt lat="35.1165" lon="-115.10473">
        <ele>1125.0</ele>
      </trkpt>
      <trkpt lat="35.11656" lon="-115.1051">
        <ele>1124.15</ele>
      </trkpt>
      <trkpt lat="35.11664" lon="-115.10537">
        <ele>1124.0</ele>
      </trkpt>
      <trkpt lat="35.1167" lon="-115.10563">
        <ele>1123.71</ele>
      </trkpt>
      <trkpt lat="35.11669" lon="-115.10584">
        <ele>1123.75</ele>
      </trkpt>
      <trkpt lat="35.11674" lon="-115.106">
        <ele>1123.21</ele>
      </trkpt>
      <trkpt lat="35.1168" lon="-115.10621">
        <ele>1123.0</ele>
      </trkpt>
      <trkpt lat="35.11687" lon="-115.10645">
        <ele>1123.0</ele>
      </trkpt>
      <trkpt lat="35.11691" lon="-115.10695">
        <ele>1123.0</ele>
      </trkpt>
      <trkpt lat="35.11704" lon="-115.10742">
        <ele>1123.16</ele>
      </trkpt>
      <trkpt lat="35.11711" lon="-115.10781">
        <ele>1124.0</ele>
      </trkpt>
      <trkpt lat="35.11712" lon="-115.10813">
        <ele>1124.0</ele>
      </trkpt>
      <trkpt lat="35.1172" lon="-115.10856">
        <ele>1125.0</ele>
      </trkpt>
      <trkpt lat="35.11725" lon="-115.10913">
        <ele>1125.0</ele>
      </trkpt>
      <trkpt lat="35.11753" lon="-115.1107">
        <ele>1127.7</ele>
      </trkpt>
      <trkpt lat="35.11778" lon="-115.11164">
        <ele>1130.0</ele>
      </trkpt>
      <trkpt lat="35.11801" lon="-115.1124">
        <ele>1131.0</ele>
      </trkpt>
      <trkpt lat="35.11808" lon="-115.11258">
        <ele>1131.0</ele>
      </trkpt>
      <trkpt lat="35.11837" lon="-115.11368">
        <ele>1132.0</ele>
      </trkpt>
      <trkpt lat="35.11867" lon="-115.11497">
        <ele>1133.68</ele>
      </trkpt>
      <trkpt lat="35.11886" lon="-115.11575">
        <ele>1134.0</ele>
      </trkpt>
      <trkpt lat="35.11899" lon="-115.11616">
        <ele>1135.0</ele>
      </trkpt>
      <trkpt lat="35.11924" lon="-115.11699">
        <ele>1136.0</ele>
      </trkpt>
      <trkpt lat="35.11938" lon="-115.11763">
        <ele>1137.0</ele>
      </trkpt>
      <trkpt lat="35.1195" lon="-115.11806">
        <ele>1138.0</ele>
      </trkpt>
      <trkpt lat="35.11963" lon="-115.11837">
        <ele>1138.0</ele>
      </trkpt>
      <trkpt lat="35.11978" lon="-115.11884">
        <ele>1139.0</ele>
      </trkpt>
      <trkpt lat="35.11989" lon="-115.11903">
        <ele>1139.91</ele>
      </trkpt>
      <trkpt lat="35.11995" lon="-115.11928">
        <ele>1140.0</ele>
      </trkpt>
      <trkpt lat="35.12025" lon="-115.12012">
        <ele>1141.21</ele>
      </trkpt>
      <trkpt lat="35.12029" lon="-115.12044">
        <ele>1142.0</ele>
      </trkpt>
      <trkpt lat="35.12037" lon="-115.12077">
        <ele>1142.0</ele>
      </trkpt>
      <trkpt lat="35.1206" lon="-115.1215">
        <ele>1143.0</ele>
      </trkpt>
      <trkpt lat="35.12065" lon="-115.12192">
        <ele>1143.01</ele>
      </trkpt>
      <trkpt lat="35.121" lon="-115.12334">
        <ele>1146.0</ele>
      </trkpt>
      <trkpt lat="35.12105" lon="-115.12368">
        <ele>1146.25</ele>
      </trkpt>
      <trkpt lat="35.12118" lon="-115.12419">
        <ele>1147.0</ele>
      </trkpt>
      <trkpt lat="35.12133" lon="-115.12462">
        <ele>1148.0</ele>
      </trkpt>
      <trkpt lat="35.12135" lon="-115.12488">
        <ele>1148.0</ele>
      </trkpt>
      <trkpt lat="35.12138" lon="-115.12516">
        <ele>1148.75</ele>
      </trkpt>
      <trkpt lat="35.12164" lon="-115.12613">
        <ele>1150.0</ele>
      </trkpt>
      <trkpt lat="35.1218" lon="-115.12655">
        <ele>1150.74</ele>
      </trkpt>
      <trkpt lat="35.12192" lon="-115.12696">
        <ele>1151.0</ele>
      </trkpt>
      <trkpt lat="35.12192" lon="-115.12696">
        <ele>1151.0</ele>
      </trkpt>
      <trkpt lat="35.12201" lon="-115.12725">
        <ele>1151.3</ele>
      </trkpt>
      <trkpt lat="35.12233" lon="-115.12878">
        <ele>1154.0</ele>
      </trkpt>
      <trkpt lat="35.12241" lon="-115.12933">
        <ele>1154.0</ele>
      </trkpt>
      <trkpt lat="35.12278" lon="-115.12934">
        <ele>1154.88</ele>
      </trkpt>
      <trkpt lat="35.1234" lon="-115.12939">
        <ele>1155.0</ele>
      </trkpt>
      <trkpt lat="35.12419" lon="-115.12933">
        <ele>1155.0</ele>
      </trkpt>
      <trkpt lat="35.12479" lon="-115.12929">
        <ele>1155.82</ele>
      </trkpt>
      <trkpt lat="35.12564" lon="-115.12924">
        <ele>1156.0</ele>
      </trkpt>
      <trkpt lat="35.12619" lon="-115.12927">
        <ele>1156.87</ele>
      </trkpt>
      <trkpt lat="35.12642" lon="-115.12926">
        <ele>1157.0</ele>
      </trkpt>
      <trkpt lat="35.12643" lon="-115.13143">
        <ele>1159.0</ele>
      </trkpt>
      <trkpt lat="35.1265" lon="-115.13618">
        <ele>1165.0</ele>
      </trkpt>
      <trkpt lat="35.12655" lon="-115.13661">
        <ele>1166.0</ele>
      </trkpt>
      <trkpt lat="35.12681" lon="-115.1376">
        <ele>1167.0</ele>
      </trkpt>
      <trkpt lat="35.12689" lon="-115.13807">
        <ele>1168.0</ele>
      </trkpt>
      <trkpt lat="35.12697" lon="-115.13876">
        <ele>1169.0</ele>
      </trkpt>
      <trkpt lat="35.12709" lon="-115.13923">
        <ele>1169.0</ele>
      </trkpt>
      <trkpt lat="35.12709" lon="-115.13945">
        <ele>1169.6</ele>
      </trkpt>
      <trkpt lat="35.12705" lon="-115.13972">
        <ele>1170.0</ele>
      </trkpt>
      <trkpt lat="35.12679" lon="-115.14024">
        <ele>1170.0</ele>
      </trkpt>
      <trkpt lat="35.12668" lon="-115.14052">
        <ele>1170.62</ele>
      </trkpt>
      <trkpt lat="35.12663" lon="-115.14095">
        <ele>1171.0</ele>
      </trkpt>
      <trkpt lat="35.12661" lon="-115.14143">
        <ele>1171.0</ele>
      </trkpt>
      <trkpt lat="35.12662" lon="-115.14215">
        <ele>1172.0</ele>
      </trkpt>
      <trkpt lat="35.12657" lon="-115.14259">
        <ele>1172.0</ele>
      </trkpt>
      <trkpt lat="35.12661" lon="-115.1464">
        <ele>1177.05</ele>
      </trkpt>
      <trkpt lat="35.12676" lon="-115.14693">
        <ele>1178.0</ele>
      </trkpt>
      <trkpt lat="35.1269" lon="-115.14732">
        <ele>1179.0</ele>
      </trkpt>
      <trkpt lat="35.12708" lon="-115.1477">
        <ele>1179.0</ele>
      </trkpt>
      <trkpt lat="35.12715" lon="-115.14805">
        <ele>1180.0</ele>
      </trkpt>
      <trkpt lat="35.1273" lon="-115.14848">
        <ele>1180.0</ele>
      </trkpt>
      <trkpt lat="35.12733" lon="-115.14872">
        <ele>1181.0</ele>
      </trkpt>
      <trkpt lat="35.12744" lon="-115.14918">
        <ele>1181.0</ele>
      </trkpt>
      <trkpt lat="35.1276" lon="-115.14975">
        <ele>1182.0</ele>
      </trkpt>
      <trkpt lat="35.12778" lon="-115.1504">
        <ele>1183.0</ele>
      </trkpt>
      <trkpt lat="35.12783" lon="-115.15066">
        <ele>1183.0</ele>
      </trkpt>
      <trkpt lat="35.12792" lon="-115.15095">
        <ele>1183.6</ele>
      </trkpt>
      <trkpt lat="35.12811" lon="-115.15132">
        <ele>1184.0</ele>
      </trkpt>
      <trkpt lat="35.12827" lon="-115.15181">
        <ele>1185.0</ele>
      </trkpt>
      <trkpt lat="35.12843" lon="-115.15214">
        <ele>1185.0</ele>
      </trkpt>
      <trkpt lat="35.12853" lon="-115.15265">
        <ele>1186.0</ele>
      </trkpt>
      <trkpt lat="35.12863" lon="-115.15324">
        <ele>1187.0</ele>
      </trkpt>
      <trkpt lat="35.12868" lon="-115.1535">
        <ele>1187.6</ele>
      </trkpt>
      <trkpt lat="35.12879" lon="-115.15382">
        <ele>1188.0</ele>
      </trkpt>
      <trkpt lat="35.12891" lon="-115.15439">
        <ele>1189.0</ele>
      </trkpt>
      <trkpt lat="35.12903" lon="-115.15469">
        <ele>1190.0</ele>
      </trkpt>
      <trkpt lat="35.12906" lon="-115.15492">
        <ele>1190.0</ele>
      </trkpt>
      <trkpt lat="35.12932" lon="-115.15579">
        <ele>1191.0</ele>
      </trkpt>
      <trkpt lat="35.12939" lon="-115.15608">
        <ele>1192.0</ele>
      </trkpt>
      <trkpt lat="35.12961" lon="-115.15642">
        <ele>1192.0</ele>
      </trkpt>
      <trkpt lat="35.12968" lon="-115.15676">
        <ele>1193.0</ele>
      </trkpt>
      <trkpt lat="35.12969" lon="-115.15713">
        <ele>1193.0</ele>
      </trkpt>
      <trkpt lat="35.12972" lon="-115.15726">
        <ele>1193.0</ele>
      </trkpt>
      <trkpt lat="35.12981" lon="-115.15747">
        <ele>1193.64</ele>
      </trkpt>
      <trkpt lat="35.12984" lon="-115.15767">
        <ele>1194.0</ele>
      </trkpt>
      <trkpt lat="35.1299" lon="-115.15788">
        <ele>1194.0</ele>
      </trkpt>
      <trkpt lat="35.12995" lon="-115.1582">
        <ele>1194.56</ele>
      </trkpt>
      <trkpt lat="35.13008" lon="-115.15876">
        <ele>1195.61</ele>
      </trkpt>
      <trkpt lat="35.1301" lon="-115.15902">
        <ele>1196.0</ele>
      </trkpt>
      <trkpt lat="35.13015" lon="-115.15925">
        <ele>1196.0</ele>
      </trkpt>
      <trkpt lat="35.13024" lon="-115.15957">
        <ele>1197.0</ele>
      </trkpt>
      <trkpt lat="35.13032" lon="-115.15974">
        <ele>1197.0</ele>
      </trkpt>
      <trkpt lat="35.13031" lon="-115.15987">
        <ele>1197.21</ele>
      </trkpt>
      <trkpt lat="35.13036" lon="-115.16005">
        <ele>1198.0</ele>
      </trkpt>
      <trkpt lat="35.1305" lon="-115.1605">
        <ele>1198.4</ele>
      </trkpt>
      <trkpt lat="35.1307" lon="-115.16132">
        <ele>1200.0</ele>
      </trkpt>
      <trkpt lat="35.13085" lon="-115.16177">
        <ele>1200.02</ele>
      </trkpt>
      <trkpt lat="35.13098" lon="-115.16244">
        <ele>1201.21</ele>
      </trkpt>
      <trkpt lat="35.1311" lon="-115.16287">
        <ele>1202.0</ele>
      </trkpt>
      <trkpt lat="35.13114" lon="-115.16314">
        <ele>1203.0</ele>
      </trkpt>
      <trkpt lat="35.13121" lon="-115.16353">
        <ele>1203.12</ele>
      </trkpt>
      <trkpt lat="35.13135" lon="-115.16406">
        <ele>1204.0</ele>
      </trkpt>
      <trkpt lat="35.13142" lon="-115.16444">
        <ele>1205.0</ele>
      </trkpt>
      <trkpt lat="35.13155" lon="-115.16493">
        <ele>1206.0</ele>
      </trkpt>
      <trkpt lat="35.13156" lon="-115.16515">
        <ele>1206.0</ele>
      </trkpt>
      <trkpt lat="35.13157" lon="-115.16529">
        <ele>1206.0</ele>
      </trkpt>
      <trkpt lat="35.13162" lon="-115.1655">
        <ele>1207.0</ele>
      </trkpt>
      <trkpt lat="35.13179" lon="-115.16596">
        <ele>1207.37</ele>
      </trkpt>
      <trkpt lat="35.13189" lon="-115.16634">
        <ele>1208.0</ele>
      </trkpt>
      <trkpt lat="35.13204" lon="-115.16697">
        <ele>1209.0</ele>
      </trkpt>
      <trkpt lat="35.1322" lon="-115.16758">
        <ele>1210.0</ele>
      </trkpt>
      <trkpt lat="35.13229" lon="-115.16791">
        <ele>1211.0</ele>
      </trkpt>
      <trkpt lat="35.13242" lon="-115.16814">
        <ele>1211.0</ele>
      </trkpt>
      <trkpt lat="35.13243" lon="-115.16829">
        <ele>1211.0</ele>
      </trkpt>
      <trkpt lat="35.13256" lon="-115.16853">
        <ele>1212.0</ele>
      </trkpt>
      <trkpt lat="35.13272" lon="-115.16894">
        <ele>1212.55</ele>
      </trkpt>
      <trkpt lat="35.13278" lon="-115.16925">
        <ele>1213.0</ele>
      </trkpt>
      <trkpt lat="35.13293" lon="-115.16936">
        <ele>1213.0</ele>
      </trkpt>
      <trkpt lat="35.13297" lon="-115.16952">
        <ele>1213.83</ele>
      </trkpt>
      <trkpt lat="35.13315" lon="-115.16988">
        <ele>1214.0</ele>
      </trkpt>
      <trkpt lat="35.13325" lon="-115.17022">
        <ele>1215.0</ele>
      </trkpt>
      <trkpt lat="35.13329" lon="-115.17044">
        <ele>1215.0</ele>
      </trkpt>
      <trkpt lat="35.1333" lon="-115.17083">
        <ele>1216.0</ele>
      </trkpt>
      <trkpt lat="35.13334" lon="-115.1711">
        <ele>1216.0</ele>
      </trkpt>
      <trkpt lat="35.13346" lon="-115.17152">
        <ele>1217.0</ele>
      </trkpt>
      <trkpt lat="35.13362" lon="-115.17191">
        <ele>1218.0</ele>
      </trkpt>
      <trkpt lat="35.13377" lon="-115.17242">
        <ele>1219.0</ele>
      </trkpt>
      <trkpt lat="35.13382" lon="-115.17287">
        <ele>1219.0</ele>
      </trkpt>
      <trkpt lat="35.13398" lon="-115.17328">
        <ele>1220.0</ele>
      </trkpt>
      <trkpt lat="35.13412" lon="-115.17359">
        <ele>1220.0</ele>
      </trkpt>
      <trkpt lat="35.1345" lon="-115.1745">
        <ele>1222.0</ele>
      </trkpt>
      <trkpt lat="35.13456" lon="-115.17473">
        <ele>1223.0</ele>
      </trkpt>
      <trkpt lat="35.13466" lon="-115.17501">
        <ele>1223.04</ele>
      </trkpt>
      <trkpt lat="35.13485" lon="-115.17545">
        <ele>1224.0</ele>
      </trkpt>
      <trkpt lat="35.13501" lon="-115.17606">
        <ele>1226.0</ele>
      </trkpt>
      <trkpt lat="35.13515" lon="-115.17621">
        <ele>1226.0</ele>
      </trkpt>
      <trkpt lat="35.13525" lon="-115.1765">
        <ele>1227.0</ele>
      </trkpt>
      <trkpt lat="35.13529" lon="-115.17679">
        <ele>1227.0</ele>
      </trkpt>
      <trkpt lat="35.1355" lon="-115.17734">
        <ele>1228.27</ele>
      </trkpt>
      <trkpt lat="35.13565" lon="-115.17773">
        <ele>1229.01</ele>
      </trkpt>
      <trkpt lat="35.13575" lon="-115.17787">
        <ele>1230.0</ele>
      </trkpt>
      <trkpt lat="35.13605" lon="-115.17867">
        <ele>1231.22</ele>
      </trkpt>
      <trkpt lat="35.13611" lon="-115.17891">
        <ele>1232.0</ele>
      </trkpt>
      <trkpt lat="35.13629" lon="-115.17946">
        <ele>1233.0</ele>
      </trkpt>
      <trkpt lat="35.13636" lon="-115.17971">
        <ele>1233.0</ele>
      </trkpt>
      <trkpt lat="35.13661" lon="-115.18038">
        <ele>1235.0</ele>
      </trkpt>
      <trkpt lat="35.13682" lon="-115.18071">
        <ele>1235.89</ele>
      </trkpt>
      <trkpt lat="35.13716" lon="-115.18142">
        <ele>1237.0</ele>
      </trkpt>
      <trkpt lat="35.13727" lon="-115.18176">
        <ele>1238.0</ele>
      </trkpt>
      <trkpt lat="35.13737" lon="-115.18192">
        <ele>1238.0</ele>
      </trkpt>
      <trkpt lat="35.13759" lon="-115.18255">
        <ele>1240.0</ele>
      </trkpt>
      <trkpt lat="35.13774" lon="-115.18279">
        <ele>1240.0</ele>
      </trkpt>
      <trkpt lat="35.1378" lon="-115.18302">
        <ele>1241.0</ele>
      </trkpt>
      <trkpt lat="35.13788" lon="-115.18325">
        <ele>1241.1</ele>
      </trkpt>
      <trkpt lat="35.13802" lon="-115.18358">
        <ele>1242.0</ele>
      </trkpt>
      <trkpt lat="35.13808" lon="-115.18384">
        <ele>1242.0</ele>
      </trkpt>
      <trkpt lat="35.13816" lon="-115.18409">
        <ele>1243.0</ele>
      </trkpt>
      <trkpt lat="35.13827" lon="-115.18452">
        <ele>1244.0</ele>
      </trkpt>
      <trkpt lat="35.1385" lon="-115.18515">
        <ele>1245.0</ele>
      </trkpt>
      <trkpt lat="35.13857" lon="-115.18542">
        <ele>1246.0</ele>
      </trkpt>
      <trkpt lat="35.13864" lon="-115.18585">
        <ele>1247.0</ele>
      </trkpt>
      <trkpt lat="35.13861" lon="-115.18605">
        <ele>1248.0</ele>
      </trkpt>
      <trkpt lat="35.13861" lon="-115.1863">
        <ele>1248.0</ele>
      </trkpt>
      <trkpt lat="35.13856" lon="-115.18669">
        <ele>1249.0</ele>
      </trkpt>
      <trkpt lat="35.13862" lon="-115.18689">
        <ele>1250.0</ele>
      </trkpt>
      <trkpt lat="35.13856" lon="-115.18709">
        <ele>1250.0</ele>
      </trkpt>
      <trkpt lat="35.13852" lon="-115.18733">
        <ele>1251.0</ele>
      </trkpt>
      <trkpt lat="35.13854" lon="-115.18751">
        <ele>1251.0</ele>
      </trkpt>
      <trkpt lat="35.1386" lon="-115.18769">
        <ele>1251.0</ele>
      </trkpt>
      <trkpt lat="35.13866" lon="-115.1878">
        <ele>1251.64</ele>
      </trkpt>
      <trkpt lat="35.13868" lon="-115.18788">
        <ele>1252.0</ele>
      </trkpt>
      <trkpt lat="35.13869" lon="-115.18796">
        <ele>1252.0</ele>
      </trkpt>
      <trkpt lat="35.1387" lon="-115.18801">
        <ele>1252.0</ele>
      </trkpt>
      <trkpt lat="35.13878" lon="-115.18818">
        <ele>1252.0</ele>
      </trkpt>
      <trkpt lat="35.13884" lon="-115.18837">
        <ele>1253.0</ele>
      </trkpt>
      <trkpt lat="35.13886" lon="-115.1885">
        <ele>1253.0</ele>
      </trkpt>
      <trkpt lat="35.13884" lon="-115.18885">
        <ele>1254.0</ele>
      </trkpt>
      <trkpt lat="35.13884" lon="-115.18904">
        <ele>1254.0</ele>
      </trkpt>
      <trkpt lat="35.13886" lon="-115.18925">
        <ele>1254.0</ele>
      </trkpt>
      <trkpt lat="35.13886" lon="-115.18945">
        <ele>1255.0</ele>
      </trkpt>
      <trkpt lat="35.13888" lon="-115.18954">
        <ele>1255.0</ele>
      </trkpt>
      <trkpt lat="35.13892" lon="-115.18967">
        <ele>1255.0</ele>
      </trkpt>
      <trkpt lat="35.13895" lon="-115.18981">
        <ele>1255.95</ele>
      </trkpt>
      <trkpt lat="35.13896" lon="-115.18991">
        <ele>1256.0</ele>
      </trkpt>
      <trkpt lat="35.13895" lon="-115.19002">
        <ele>1256.0</ele>
      </trkpt>
      <trkpt lat="35.13896" lon="-115.19009">
        <ele>1256.0</ele>
      </trkpt>
      <trkpt lat="35.13897" lon="-115.19022">
        <ele>1256.38</ele>
      </trkpt>
      <trkpt lat="35.13901" lon="-115.1904">
        <ele>1257.0</ele>
      </trkpt>
      <trkpt lat="35.13903" lon="-115.19051">
        <ele>1257.0</ele>
      </trkpt>
      <trkpt lat="35.13905" lon="-115.1907">
        <ele>1257.89</ele>
      </trkpt>
      <trkpt lat="35.13908" lon="-115.19094">
        <ele>1258.0</ele>
      </trkpt>
      <trkpt lat="35.13909" lon="-115.19109">
        <ele>1258.77</ele>
      </trkpt>
      <trkpt lat="35.13912" lon="-115.19138">
        <ele>1259.0</ele>
      </trkpt>
      <trkpt lat="35.13914" lon="-115.1917">
        <ele>1260.0</ele>
      </trkpt>
      <trkpt lat="35.13914" lon="-115.19181">
        <ele>1260.0</ele>
      </trkpt>
      <trkpt lat="35.1391" lon="-115.19194">
        <ele>1260.0</ele>
      </trkpt>
      <trkpt lat="35.13909" lon="-115.19209">
        <ele>1261.0</ele>
      </trkpt>
      <trkpt lat="35.13909" lon="-115.19219">
        <ele>1261.0</ele>
      </trkpt>
      <trkpt lat="35.13911" lon="-115.19228">
        <ele>1261.0</ele>
      </trkpt>
      <trkpt lat="35.13911" lon="-115.19234">
        <ele>1261.0</ele>
      </trkpt>
      <trkpt lat="35.13907" lon="-115.19254">
        <ele>1261.41</ele>
      </trkpt>
      <trkpt lat="35.1391" lon="-115.19278">
        <ele>1262.0</ele>
      </trkpt>
      <trkpt lat="35.13913" lon="-115.19297">
        <ele>1262.0</ele>
      </trkpt>
      <trkpt lat="35.1391" lon="-115.1931">
        <ele>1262.13</ele>
      </trkpt>
      <trkpt lat="35.13911" lon="-115.19314">
        <ele>1262.35</ele>
      </trkpt>
      <trkpt lat="35.13915" lon="-115.19325">
        <ele>1263.0</ele>
      </trkpt>
      <trkpt lat="35.13915" lon="-115.1933">
        <ele>1263.0</ele>
      </trkpt>
      <trkpt lat="35.13912" lon="-115.19344">
        <ele>1263.0</ele>
      </trkpt>
      <trkpt lat="35.1391" lon="-115.19369">
        <ele>1263.85</ele>
      </trkpt>
      <trkpt lat="35.13911" lon="-115.19378">
        <ele>1264.0</ele>
      </trkpt>
      <trkpt lat="35.13913" lon="-115.19407">
        <ele>1264.96</ele>
      </trkpt>
      <trkpt lat="35.13913" lon="-115.19422">
        <ele>1265.0</ele>
      </trkpt>
      <trkpt lat="35.13915" lon="-115.19442">
        <ele>1265.74</ele>
      </trkpt>
      <trkpt lat="35.1392" lon="-115.19481">
        <ele>1266.97</ele>
      </trkpt>
      <trkpt lat="35.1392" lon="-115.19498">
        <ele>1267.28</ele>
      </trkpt>
      <trkpt lat="35.13918" lon="-115.19514">
        <ele>1268.0</ele>
      </trkpt>
      <trkpt lat="35.13919" lon="-115.19526">
        <ele>1268.0</ele>
      </trkpt>
      <trkpt lat="35.13922" lon="-115.19557">
        <ele>1269.0</ele>
      </trkpt>
      <trkpt lat="35.13923" lon="-115.19567">
        <ele>1269.16</ele>
      </trkpt>
      <trkpt lat="35.13922" lon="-115.19575">
        <ele>1269.62</ele>
      </trkpt>
      <trkpt lat="35.13922" lon="-115.19588">
        <ele>1270.0</ele>
      </trkpt>
      <trkpt lat="35.13923" lon="-115.19603">
        <ele>1270.0</ele>
      </trkpt>
      <trkpt lat="35.13929" lon="-115.19628">
        <ele>1270.88</ele>
      </trkpt>
      <trkpt lat="35.13932" lon="-115.19646">
        <ele>1271.0</ele>
      </trkpt>
      <trkpt lat="35.13933" lon="-115.1966">
        <ele>1271.0</ele>
      </trkpt>
      <trkpt lat="35.13931" lon="-115.19674">
        <ele>1271.0</ele>
      </trkpt>
      <trkpt lat="35.1393" lon="-115.19686">
        <ele>1271.0</ele>
      </trkpt>
      <trkpt lat="35.13932" lon="-115.19755">
        <ele>1271.7</ele>
      </trkpt>
      <trkpt lat="35.13932" lon="-115.1977">
        <ele>1272.0</ele>
      </trkpt>
      <trkpt lat="35.13935" lon="-115.19787">
        <ele>1272.98</ele>
      </trkpt>
      <trkpt lat="35.13946" lon="-115.19823">
        <ele>1273.15</ele>
      </trkpt>
      <trkpt lat="35.13947" lon="-115.19836">
        <ele>1274.0</ele>
      </trkpt>
      <trkpt lat="35.13943" lon="-115.19877">
        <ele>1274.0</ele>
      </trkpt>
      <trkpt lat="35.1394" lon="-115.19891">
        <ele>1275.0</ele>
      </trkpt>
      <trkpt lat="35.13939" lon="-115.19902">
        <ele>1275.0</ele>
      </trkpt>
      <trkpt lat="35.13942" lon="-115.19914">
        <ele>1275.0</ele>
      </trkpt>
      <trkpt lat="35.13949" lon="-115.19924">
        <ele>1275.0</ele>
      </trkpt>
      <trkpt lat="35.13951" lon="-115.19933">
        <ele>1275.76</ele>
      </trkpt>
      <trkpt lat="35.13953" lon="-115.19969">
        <ele>1276.0</ele>
      </trkpt>
      <trkpt lat="35.13953" lon="-115.19998">
        <ele>1277.0</ele>
      </trkpt>
      <trkpt lat="35.13952" lon="-115.20006">
        <ele>1277.0</ele>
      </trkpt>
      <trkpt lat="35.13951" lon="-115.20018">
        <ele>1277.67</ele>
      </trkpt>
      <trkpt lat="35.1395" lon="-115.20026">
        <ele>1277.6</ele>
      </trkpt>
      <trkpt lat="35.13953" lon="-115.2004">
        <ele>1278.0</ele>
      </trkpt>
      <trkpt lat="35.13954" lon="-115.20061">
        <ele>1278.02</ele>
      </trkpt>
      <trkpt lat="35.13955" lon="-115.20099">
        <ele>1279.0</ele>
      </trkpt>
      <trkpt lat="35.13955" lon="-115.20119">
        <ele>1279.87</ele>
      </trkpt>
      <trkpt lat="35.13957" lon="-115.20144">
        <ele>1280.2</ele>
      </trkpt>
      <trkpt lat="35.13959" lon="-115.20159">
        <ele>1280.57</ele>
      </trkpt>
      <trkpt lat="35.13962" lon="-115.20176">
        <ele>1280.9</ele>
      </trkpt>
      <trkpt lat="35.13963" lon="-115.20188">
        <ele>1281.0</ele>
      </trkpt>
      <trkpt lat="35.13962" lon="-115.20202">
        <ele>1281.0</ele>
      </trkpt>
      <trkpt lat="35.13963" lon="-115.20211">
        <ele>1281.0</ele>
      </trkpt>
      <trkpt lat="35.13964" lon="-115.20254">
        <ele>1282.0</ele>
      </trkpt>
      <trkpt lat="35.13964" lon="-115.20286">
        <ele>1282.0</ele>
      </trkpt>
      <trkpt lat="35.13963" lon="-115.20315">
        <ele>1283.0</ele>
      </trkpt>
      <trkpt lat="35.13964" lon="-115.2034">
        <ele>1283.0</ele>
      </trkpt>
      <trkpt lat="35.13965" lon="-115.20371">
        <ele>1283.0</ele>
      </trkpt>
      <trkpt lat="35.13966" lon="-115.20385">
        <ele>1283.0</ele>
      </trkpt>
      <trkpt lat="35.1397" lon="-115.20429">
        <ele>1283.84</ele>
      </trkpt>
      <trkpt lat="35.1397" lon="-115.2045">
        <ele>1284.0</ele>
      </trkpt>
      <trkpt lat="35.13968" lon="-115.20462">
        <ele>1284.0</ele>
      </trkpt>
      <trkpt lat="35.13969" lon="-115.20478">
        <ele>1284.0</ele>
      </trkpt>
      <trkpt lat="35.13968" lon="-115.20486">
        <ele>1284.0</ele>
      </trkpt>
      <trkpt lat="35.13968" lon="-115.20491">
        <ele>1284.0</ele>
      </trkpt>
      <trkpt lat="35.13971" lon="-115.20502">
        <ele>1284.0</ele>
      </trkpt>
      <trkpt lat="35.13975" lon="-115.20545">
        <ele>1285.0</ele>
      </trkpt>
      <trkpt lat="35.13976" lon="-115.20588">
        <ele>1285.5</ele>
      </trkpt>
      <trkpt lat="35.13983" lon="-115.20644">
        <ele>1287.0</ele>
      </trkpt>
      <trkpt lat="35.13983" lon="-115.20684">
        <ele>1288.0</ele>
      </trkpt>
      <trkpt lat="35.13984" lon="-115.2071">
        <ele>1289.0</ele>
      </trkpt>
      <trkpt lat="35.13984" lon="-115.20719">
        <ele>1289.65</ele>
      </trkpt>
      <trkpt lat="35.13978" lon="-115.20762">
        <ele>1291.0</ele>
      </trkpt>
      <trkpt lat="35.13979" lon="-115.20774">
        <ele>1291.0</ele>
      </trkpt>
      <trkpt lat="35.13978" lon="-115.20788">
        <ele>1291.0</ele>
      </trkpt>
      <trkpt lat="35.1398" lon="-115.20806">
        <ele>1291.0</ele>
      </trkpt>
      <trkpt lat="35.1398" lon="-115.20841">
        <ele>1292.0</ele>
      </trkpt>
      <trkpt lat="35.13983" lon="-115.20875">
        <ele>1292.0</ele>
      </trkpt>
      <trkpt lat="35.13981" lon="-115.20901">
        <ele>1292.0</ele>
      </trkpt>
      <trkpt lat="35.13975" lon="-115.20941">
        <ele>1291.3</ele>
      </trkpt>
      <trkpt lat="35.13972" lon="-115.20959">
        <ele>1291.0</ele>
      </trkpt>
      <trkpt lat="35.13972" lon="-115.21007">
        <ele>1290.24</ele>
      </trkpt>
      <trkpt lat="35.13973" lon="-115.21032">
        <ele>1291.0</ele>
      </trkpt>
      <trkpt lat="35.13972" lon="-115.2104">
        <ele>1291.0</ele>
      </trkpt>
      <trkpt lat="35.13969" lon="-115.21054">
        <ele>1291.0</ele>
      </trkpt>
      <trkpt lat="35.13968" lon="-115.21062">
        <ele>1291.0</ele>
      </trkpt>
      <trkpt lat="35.1397" lon="-115.21078">
        <ele>1291.0</ele>
      </trkpt>
      <trkpt lat="35.1397" lon="-115.2109">
        <ele>1291.0</ele>
      </trkpt>
      <trkpt lat="35.13969" lon="-115.2113">
        <ele>1291.04</ele>
      </trkpt>
      <trkpt lat="35.13971" lon="-115.21172">
        <ele>1292.0</ele>
      </trkpt>
      <trkpt lat="35.13973" lon="-115.2121">
        <ele>1292.06</ele>
      </trkpt>
      <trkpt lat="35.13977" lon="-115.21234">
        <ele>1293.0</ele>
      </trkpt>
      <trkpt lat="35.13978" lon="-115.21247">
        <ele>1293.0</ele>
      </trkpt>
      <trkpt lat="35.13976" lon="-115.21267">
        <ele>1293.0</ele>
      </trkpt>
      <trkpt lat="35.13976" lon="-115.21364">
        <ele>1295.31</ele>
      </trkpt>
      <trkpt lat="35.13978" lon="-115.21419">
        <ele>1297.53</ele>
      </trkpt>
      <trkpt lat="35.13973" lon="-115.21466">
        <ele>1300.0</ele>
      </trkpt>
      <trkpt lat="35.13972" lon="-115.21498">
        <ele>1301.0</ele>
      </trkpt>
      <trkpt lat="35.13973" lon="-115.21515">
        <ele>1301.0</ele>
      </trkpt>
      <trkpt lat="35.13977" lon="-115.21572">
        <ele>1301.0</ele>
      </trkpt>
      <trkpt lat="35.13977" lon="-115.21599">
        <ele>1301.0</ele>
      </trkpt>
      <trkpt lat="35.13977" lon="-115.21629">
        <ele>1301.48</ele>
      </trkpt>
      <trkpt lat="35.13978" lon="-115.2165">
        <ele>1301.5</ele>
      </trkpt>
      <trkpt lat="35.13977" lon="-115.2169">
        <ele>1302.0</ele>
      </trkpt>
      <trkpt lat="35.13973" lon="-115.21731">
        <ele>1303.0</ele>
      </trkpt>
      <trkpt lat="35.13973" lon="-115.21783">
        <ele>1303.0</ele>
      </trkpt>
      <trkpt lat="35.1397" lon="-115.21822">
        <ele>1303.0</ele>
      </trkpt>
      <trkpt lat="35.13966" lon="-115.2185">
        <ele>1303.26</ele>
      </trkpt>
      <trkpt lat="35.13963" lon="-115.21872">
        <ele>1303.18</ele>
      </trkpt>
      <trkpt lat="35.13963" lon="-115.21887">
        <ele>1304.0</ele>
      </trkpt>
      <trkpt lat="35.13966" lon="-115.21911">
        <ele>1304.13</ele>
      </trkpt>
      <trkpt lat="35.13967" lon="-115.21925">
        <ele>1304.44</ele>
      </trkpt>
      <trkpt lat="35.13967" lon="-115.21938">
        <ele>1305.0</ele>
      </trkpt>
      <trkpt lat="35.13957" lon="-115.22003">
        <ele>1305.0</ele>
      </trkpt>
      <trkpt lat="35.13955" lon="-115.22022">
        <ele>1305.0</ele>
      </trkpt>
      <trkpt lat="35.13954" lon="-115.22045">
        <ele>1305.0</ele>
      </trkpt>
      <trkpt lat="35.13954" lon="-115.22057">
        <ele>1305.03</ele>
      </trkpt>
      <trkpt lat="35.13953" lon="-115.22069">
        <ele>1305.42</ele>
      </trkpt>
      <trkpt lat="35.13954" lon="-115.22138">
        <ele>1306.0</ele>
      </trkpt>
      <trkpt lat="35.13952" lon="-115.2216">
        <ele>1306.0</ele>
      </trkpt>
      <trkpt lat="35.13948" lon="-115.22202">
        <ele>1306.0</ele>
      </trkpt>
      <trkpt lat="35.13945" lon="-115.22293">
        <ele>1311.94</ele>
      </trkpt>
      <trkpt lat="35.13943" lon="-115.22315">
        <ele>1312.0</ele>
      </trkpt>
      <trkpt lat="35.13942" lon="-115.2233">
        <ele>1312.0</ele>
      </trkpt>
      <trkpt lat="35.13942" lon="-115.22338">
        <ele>1312.0</ele>
      </trkpt>
      <trkpt lat="35.13948" lon="-115.2236">
        <ele>1312.0</ele>
      </trkpt>
      <trkpt lat="35.13949" lon="-115.22369">
        <ele>1312.0</ele>
      </trkpt>
      <trkpt lat="35.13946" lon="-115.22384">
        <ele>1312.0</ele>
      </trkpt>
      <trkpt lat="35.13944" lon="-115.22396">
        <ele>1312.0</ele>
      </trkpt>
      <trkpt lat="35.13943" lon="-115.22437">
        <ele>1312.0</ele>
      </trkpt>
      <trkpt lat="35.13943" lon="-115.22458">
        <ele>1312.0</ele>
      </trkpt>
      <trkpt lat="35.13938" lon="-115.22497">
        <ele>1312.0</ele>
      </trkpt>
      <trkpt lat="35.13936" lon="-115.22548">
        <ele>1312.0</ele>
      </trkpt>
      <trkpt lat="35.13936" lon="-115.22583">
        <ele>1312.0</ele>
      </trkpt>
      <trkpt lat="35.13932" lon="-115.22605">
        <ele>1312.0</ele>
      </trkpt>
      <trkpt lat="35.1393" lon="-115.22635">
        <ele>1312.58</ele>
      </trkpt>
      <trkpt lat="35.1393" lon="-115.22656">
        <ele>1313.0</ele>
      </trkpt>
      <trkpt lat="35.13932" lon="-115.22695">
        <ele>1314.0</ele>
      </trkpt>
      <trkpt lat="35.13929" lon="-115.2275">
        <ele>1315.0</ele>
      </trkpt>
      <trkpt lat="35.13927" lon="-115.22785">
        <ele>1316.0</ele>
      </trkpt>
      <trkpt lat="35.13923" lon="-115.22817">
        <ele>1317.0</ele>
      </trkpt>
      <trkpt lat="35.1392" lon="-115.22845">
        <ele>1318.0</ele>
      </trkpt>
      <trkpt lat="35.13917" lon="-115.22874">
        <ele>1318.01</ele>
      </trkpt>
      <trkpt lat="35.13918" lon="-115.22901">
        <ele>1319.0</ele>
      </trkpt>
      <trkpt lat="35.13919" lon="-115.22926">
        <ele>1319.0</ele>
      </trkpt>
      <trkpt lat="35.1392" lon="-115.22948">
        <ele>1319.38</ele>
      </trkpt>
      <trkpt lat="35.13923" lon="-115.22969">
        <ele>1320.0</ele>
      </trkpt>
      <trkpt lat="35.13923" lon="-115.22984">
        <ele>1320.0</ele>
      </trkpt>
      <trkpt lat="35.13924" lon="-115.22993">
        <ele>1320.24</ele>
      </trkpt>
      <trkpt lat="35.13925" lon="-115.23026">
        <ele>1321.0</ele>
      </trkpt>
      <trkpt lat="35.13924" lon="-115.23051">
        <ele>1321.4</ele>
      </trkpt>
      <trkpt lat="35.13925" lon="-115.23068">
        <ele>1321.93</ele>
      </trkpt>
      <trkpt lat="35.13929" lon="-115.23096">
        <ele>1322.0</ele>
      </trkpt>
      <trkpt lat="35.13929" lon="-115.2311">
        <ele>1322.0</ele>
      </trkpt>
      <trkpt lat="35.1393" lon="-115.2317">
        <ele>1322.64</ele>
      </trkpt>
      <trkpt lat="35.13928" lon="-115.23221">
        <ele>1323.0</ele>
      </trkpt>
      <trkpt lat="35.13927" lon="-115.23237">
        <ele>1323.0</ele>
      </trkpt>
      <trkpt lat="35.13917" lon="-115.23282">
        <ele>1323.04</ele>
      </trkpt>
      <trkpt lat="35.13913" lon="-115.23322">
        <ele>1324.0</ele>
      </trkpt>
      <trkpt lat="35.13912" lon="-115.23342">
        <ele>1324.0</ele>
      </trkpt>
      <trkpt lat="35.13912" lon="-115.23353">
        <ele>1324.06</ele>
      </trkpt>
      <trkpt lat="35.13908" lon="-115.23379">
        <ele>1325.0</ele>
      </trkpt>
      <trkpt lat="35.13906" lon="-115.23394">
        <ele>1325.0</ele>
      </trkpt>
      <trkpt lat="35.13904" lon="-115.23433">
        <ele>1325.48</ele>
      </trkpt>
      <trkpt lat="35.13905" lon="-115.23463">
        <ele>1326.0</ele>
      </trkpt>
      <trkpt lat="35.13906" lon="-115.23492">
        <ele>1326.0</ele>
      </trkpt>
      <trkpt lat="35.13909" lon="-115.23509">
        <ele>1326.98</ele>
      </trkpt>
      <trkpt lat="35.13911" lon="-115.23521">
        <ele>1327.0</ele>
      </trkpt>
      <trkpt lat="35.13911" lon="-115.23549">
        <ele>1327.39</ele>
      </trkpt>
      <trkpt lat="35.13909" lon="-115.23573">
        <ele>1328.0</ele>
      </trkpt>
      <trkpt lat="35.13905" lon="-115.23619">
        <ele>1328.0</ele>
      </trkpt>
      <trkpt lat="35.13905" lon="-115.23643">
        <ele>1328.33</ele>
      </trkpt>
      <trkpt lat="35.13901" lon="-115.237">
        <ele>1329.72</ele>
      </trkpt>
      <trkpt lat="35.13901" lon="-115.23713">
        <ele>1330.0</ele>
      </trkpt>
      <trkpt lat="35.13896" lon="-115.23749">
        <ele>1331.0</ele>
      </trkpt>
      <trkpt lat="35.13895" lon="-115.23767">
        <ele>1331.55</ele>
      </trkpt>
      <trkpt lat="35.13895" lon="-115.23829">
        <ele>1331.66</ele>
      </trkpt>
      <trkpt lat="35.13894" lon="-115.23847">
        <ele>1331.55</ele>
      </trkpt>
      <trkpt lat="35.13891" lon="-115.23885">
        <ele>1332.0</ele>
      </trkpt>
      <trkpt lat="35.13887" lon="-115.23927">
        <ele>1331.0</ele>
      </trkpt>
      <trkpt lat="35.13885" lon="-115.23965">
        <ele>1331.13</ele>
      </trkpt>
      <trkpt lat="35.13882" lon="-115.23987">
        <ele>1332.15</ele>
      </trkpt>
      <trkpt lat="35.13878" lon="-115.24004">
        <ele>1332.43</ele>
      </trkpt>
      <trkpt lat="35.13877" lon="-115.24012">
        <ele>1333.08</ele>
      </trkpt>
      <trkpt lat="35.13876" lon="-115.24045">
        <ele>1334.95</ele>
      </trkpt>
      <trkpt lat="35.13874" lon="-115.24083">
        <ele>1336.38</ele>
      </trkpt>
      <trkpt lat="35.13871" lon="-115.24114">
        <ele>1337.36</ele>
      </trkpt>
      <trkpt lat="35.13868" lon="-115.24144">
        <ele>1338.0</ele>
      </trkpt>
      <trkpt lat="35.13866" lon="-115.24178">
        <ele>1339.0</ele>
      </trkpt>
      <trkpt lat="35.13867" lon="-115.24197">
        <ele>1339.0</ele>
      </trkpt>
      <trkpt lat="35.13868" lon="-115.24215">
        <ele>1339.8</ele>
      </trkpt>
      <trkpt lat="35.13872" lon="-115.24247">
        <ele>1340.0</ele>
      </trkpt>
      <trkpt lat="35.13872" lon="-115.24271">
        <ele>1341.0</ele>
      </trkpt>
      <trkpt lat="35.13869" lon="-115.24312">
        <ele>1342.0</ele>
      </trkpt>
      <trkpt lat="35.13869" lon="-115.24329">
        <ele>1342.0</ele>
      </trkpt>
      <trkpt lat="35.13874" lon="-115.24372">
        <ele>1343.0</ele>
      </trkpt>
      <trkpt lat="35.13874" lon="-115.24408">
        <ele>1344.0</ele>
      </trkpt>
      <trkpt lat="35.13873" lon="-115.24432">
        <ele>1344.0</ele>
      </trkpt>
      <trkpt lat="35.13873" lon="-115.24445">
        <ele>1344.0</ele>
      </trkpt>
      <trkpt lat="35.13875" lon="-115.24456">
        <ele>1344.0</ele>
      </trkpt>
      <trkpt lat="35.1388" lon="-115.24477">
        <ele>1345.0</ele>
      </trkpt>
      <trkpt lat="35.13884" lon="-115.24496">
        <ele>1345.0</ele>
      </trkpt>
      <trkpt lat="35.13888" lon="-115.24525">
        <ele>1346.0</ele>
      </trkpt>
      <trkpt lat="35.13888" lon="-115.24544">
        <ele>1346.68</ele>
      </trkpt>
      <trkpt lat="35.13891" lon="-115.24562">
        <ele>1347.0</ele>
      </trkpt>
      <trkpt lat="35.1389" lon="-115.24587">
        <ele>1347.47</ele>
      </trkpt>
      <trkpt lat="35.1389" lon="-115.24604">
        <ele>1348.0</ele>
      </trkpt>
      <trkpt lat="35.13892" lon="-115.24621">
        <ele>1348.38</ele>
      </trkpt>
      <trkpt lat="35.13893" lon="-115.24642">
        <ele>1349.0</ele>
      </trkpt>
      <trkpt lat="35.13895" lon="-115.24665">
        <ele>1349.54</ele>
      </trkpt>
      <trkpt lat="35.13901" lon="-115.247">
        <ele>1350.18</ele>
      </trkpt>
      <trkpt lat="35.13902" lon="-115.2474">
        <ele>1351.0</ele>
      </trkpt>
      <trkpt lat="35.13905" lon="-115.24763">
        <ele>1351.0</ele>
      </trkpt>
      <trkpt lat="35.13909" lon="-115.24796">
        <ele>1352.0</ele>
      </trkpt>
      <trkpt lat="35.13916" lon="-115.24831">
        <ele>1352.0</ele>
      </trkpt>
      <trkpt lat="35.13921" lon="-115.24867">
        <ele>1353.0</ele>
      </trkpt>
      <trkpt lat="35.13927" lon="-115.24894">
        <ele>1353.0</ele>
      </trkpt>
      <trkpt lat="35.13928" lon="-115.2491">
        <ele>1353.06</ele>
      </trkpt>
      <trkpt lat="35.13931" lon="-115.24922">
        <ele>1353.55</ele>
      </trkpt>
      <trkpt lat="35.13929" lon="-115.24945">
        <ele>1354.0</ele>
      </trkpt>
      <trkpt lat="35.13933" lon="-115.24971">
        <ele>1354.0</ele>
      </trkpt>
      <trkpt lat="35.13942" lon="-115.25011">
        <ele>1355.0</ele>
      </trkpt>
      <trkpt lat="35.13949" lon="-115.25039">
        <ele>1355.0</ele>
      </trkpt>
      <trkpt lat="35.1395" lon="-115.25047">
        <ele>1355.05</ele>
      </trkpt>
      <trkpt lat="35.13951" lon="-115.2507">
        <ele>1355.87</ele>
      </trkpt>
      <trkpt lat="35.13952" lon="-115.25099">
        <ele>1356.0</ele>
      </trkpt>
      <trkpt lat="35.13953" lon="-115.25125">
        <ele>1356.0</ele>
      </trkpt>
      <trkpt lat="35.13955" lon="-115.25155">
        <ele>1357.0</ele>
      </trkpt>
      <trkpt lat="35.13964" lon="-115.2521">
        <ele>1358.0</ele>
      </trkpt>
      <trkpt lat="35.13968" lon="-115.25232">
        <ele>1358.0</ele>
      </trkpt>
      <trkpt lat="35.13969" lon="-115.25247">
        <ele>1358.44</ele>
      </trkpt>
      <trkpt lat="35.1397" lon="-115.25262">
        <ele>1359.0</ele>
      </trkpt>
      <trkpt lat="35.13971" lon="-115.25271">
        <ele>1359.0</ele>
      </trkpt>
      <trkpt lat="35.13977" lon="-115.2529">
        <ele>1359.0</ele>
      </trkpt>
      <trkpt lat="35.13979" lon="-115.25298">
        <ele>1359.13</ele>
      </trkpt>
      <trkpt lat="35.13978" lon="-115.2531">
        <ele>1359.8</ele>
      </trkpt>
      <trkpt lat="35.13978" lon="-115.25318">
        <ele>1360.0</ele>
      </trkpt>
      <trkpt lat="35.1398" lon="-115.25334">
        <ele>1360.0</ele>
      </trkpt>
      <trkpt lat="35.1398" lon="-115.25348">
        <ele>1360.0</ele>
      </trkpt>
      <trkpt lat="35.13983" lon="-115.25412">
        <ele>1361.0</ele>
      </trkpt>
      <trkpt lat="35.13986" lon="-115.25471">
        <ele>1360.49</ele>
      </trkpt>
      <trkpt lat="35.1399" lon="-115.25491">
        <ele>1361.0</ele>
      </trkpt>
      <trkpt lat="35.1399" lon="-115.255">
        <ele>1361.0</ele>
      </trkpt>
      <trkpt lat="35.13991" lon="-115.25525">
        <ele>1361.0</ele>
      </trkpt>
      <trkpt lat="35.13996" lon="-115.25562">
        <ele>1362.0</ele>
      </trkpt>
      <trkpt lat="35.13997" lon="-115.25577">
        <ele>1362.78</ele>
      </trkpt>
      <trkpt lat="35.14" lon="-115.25618">
        <ele>1363.0</ele>
      </trkpt>
      <trkpt lat="35.14006" lon="-115.2567">
        <ele>1364.23</ele>
      </trkpt>
      <trkpt lat="35.14012" lon="-115.25715">
        <ele>1365.0</ele>
      </trkpt>
      <trkpt lat="35.14016" lon="-115.25756">
        <ele>1366.0</ele>
      </trkpt>
      <trkpt lat="35.14019" lon="-115.2577">
        <ele>1366.0</ele>
      </trkpt>
      <trkpt lat="35.14022" lon="-115.258">
        <ele>1367.0</ele>
      </trkpt>
      <trkpt lat="35.14029" lon="-115.25827">
        <ele>1367.41</ele>
      </trkpt>
      <trkpt lat="35.14029" lon="-115.25874">
        <ele>1368.47</ele>
      </trkpt>
      <trkpt lat="35.14033" lon="-115.25902">
        <ele>1369.0</ele>
      </trkpt>
      <trkpt lat="35.14039" lon="-115.25953">
        <ele>1370.0</ele>
      </trkpt>
      <trkpt lat="35.14041" lon="-115.26002">
        <ele>1371.0</ele>
      </trkpt>
      <trkpt lat="35.14046" lon="-115.2607">
        <ele>1372.0</ele>
      </trkpt>
      <trkpt lat="35.14049" lon="-115.26091">
        <ele>1372.0</ele>
      </trkpt>
      <trkpt lat="35.14056" lon="-115.26116">
        <ele>1372.05</ele>
      </trkpt>
      <trkpt lat="35.1406" lon="-115.26132">
        <ele>1373.0</ele>
      </trkpt>
      <trkpt lat="35.14061" lon="-115.26164">
        <ele>1373.0</ele>
      </trkpt>
      <trkpt lat="35.14059" lon="-115.26181">
        <ele>1373.0</ele>
      </trkpt>
      <trkpt lat="35.14059" lon="-115.26193">
        <ele>1373.0</ele>
      </trkpt>
      <trkpt lat="35.14068" lon="-115.26221">
        <ele>1373.91</ele>
      </trkpt>
      <trkpt lat="35.14074" lon="-115.26263">
        <ele>1374.0</ele>
      </trkpt>
      <trkpt lat="35.14079" lon="-115.263">
        <ele>1375.0</ele>
      </trkpt>
      <trkpt lat="35.14085" lon="-115.26345">
        <ele>1375.39</ele>
      </trkpt>
      <trkpt lat="35.14085" lon="-115.26377">
        <ele>1376.0</ele>
      </trkpt>
      <trkpt lat="35.14089" lon="-115.26418">
        <ele>1376.67</ele>
      </trkpt>
      <trkpt lat="35.14091" lon="-115.26458">
        <ele>1377.38</ele>
      </trkpt>
      <trkpt lat="35.14088" lon="-115.26496">
        <ele>1378.0</ele>
      </trkpt>
      <trkpt lat="35.14086" lon="-115.26519">
        <ele>1378.01</ele>
      </trkpt>
      <trkpt lat="35.14096" lon="-115.2658">
        <ele>1379.77</ele>
      </trkpt>
      <trkpt lat="35.14106" lon="-115.26681">
        <ele>1381.0</ele>
      </trkpt>
      <trkpt lat="35.14108" lon="-115.26735">
        <ele>1381.0</ele>
      </trkpt>
      <trkpt lat="35.14105" lon="-115.26808">
        <ele>1381.0</ele>
      </trkpt>
      <trkpt lat="35.14107" lon="-115.26834">
        <ele>1381.48</ele>
      </trkpt>
      <trkpt lat="35.1411" lon="-115.26854">
        <ele>1382.0</ele>
      </trkpt>
      <trkpt lat="35.14115" lon="-115.26953">
        <ele>1383.0</ele>
      </trkpt>
      <trkpt lat="35.14119" lon="-115.27031">
        <ele>1383.0</ele>
      </trkpt>
      <trkpt lat="35.14119" lon="-115.27084">
        <ele>1384.0</ele>
      </trkpt>
      <trkpt lat="35.14125" lon="-115.27119">
        <ele>1384.93</ele>
      </trkpt>
      <trkpt lat="35.14128" lon="-115.27151">
        <ele>1385.0</ele>
      </trkpt>
      <trkpt lat="35.14133" lon="-115.27183">
        <ele>1386.0</ele>
      </trkpt>
      <trkpt lat="35.14144" lon="-115.27294">
        <ele>1388.0</ele>
      </trkpt>
      <trkpt lat="35.14151" lon="-115.27329">
        <ele>1389.0</ele>
      </trkpt>
      <trkpt lat="35.14158" lon="-115.27405">
        <ele>1390.0</ele>
      </trkpt>
      <trkpt lat="35.14166" lon="-115.27464">
        <ele>1391.0</ele>
      </trkpt>
      <trkpt lat="35.14165" lon="-115.2749">
        <ele>1391.0</ele>
      </trkpt>
      <trkpt lat="35.14169" lon="-115.27514">
        <ele>1391.51</ele>
      </trkpt>
      <trkpt lat="35.14169" lon="-115.27531">
        <ele>1392.0</ele>
      </trkpt>
      <trkpt lat="35.14173" lon="-115.2756">
        <ele>1393.0</ele>
      </trkpt>
      <trkpt lat="35.14172" lon="-115.27593">
        <ele>1393.03</ele>
      </trkpt>
      <trkpt lat="35.1418" lon="-115.27658">
        <ele>1394.48</ele>
      </trkpt>
      <trkpt lat="35.14178" lon="-115.27681">
        <ele>1395.0</ele>
      </trkpt>
      <trkpt lat="35.1418" lon="-115.277">
        <ele>1395.26</ele>
      </trkpt>
      <trkpt lat="35.14187" lon="-115.27711">
        <ele>1396.0</ele>
      </trkpt>
      <trkpt lat="35.1419" lon="-115.27727">
        <ele>1396.0</ele>
      </trkpt>
      <trkpt lat="35.14198" lon="-115.27835">
        <ele>1398.0</ele>
      </trkpt>
      <trkpt lat="35.14202" lon="-115.27878">
        <ele>1398.97</ele>
      </trkpt>
      <trkpt lat="35.14204" lon="-115.27904">
        <ele>1399.0</ele>
      </trkpt>
      <trkpt lat="35.14214" lon="-115.27995">
        <ele>1400.52</ele>
      </trkpt>
      <trkpt lat="35.14222" lon="-115.28037">
        <ele>1401.0</ele>
      </trkpt>
      <trkpt lat="35.14226" lon="-115.28069">
        <ele>1402.0</ele>
      </trkpt>
      <trkpt lat="35.14237" lon="-115.28144">
        <ele>1403.82</ele>
      </trkpt>
      <trkpt lat="35.1424" lon="-115.28168">
        <ele>1404.0</ele>
      </trkpt>
      <trkpt lat="35.14238" lon="-115.28197">
        <ele>1405.0</ele>
      </trkpt>
      <trkpt lat="35.14241" lon="-115.28225">
        <ele>1405.32</ele>
      </trkpt>
      <trkpt lat="35.1424" lon="-115.28241">
        <ele>1405.92</ele>
      </trkpt>
      <trkpt lat="35.14246" lon="-115.28301">
        <ele>1407.0</ele>
      </trkpt>
      <trkpt lat="35.14245" lon="-115.28335">
        <ele>1407.56</ele>
      </trkpt>
      <trkpt lat="35.14248" lon="-115.2839">
        <ele>1409.0</ele>
      </trkpt>
      <trkpt lat="35.14254" lon="-115.28424">
        <ele>1409.88</ele>
      </trkpt>
      <trkpt lat="35.14257" lon="-115.28476">
        <ele>1410.31</ele>
      </trkpt>
      <trkpt lat="35.14262" lon="-115.28504">
        <ele>1411.0</ele>
      </trkpt>
      <trkpt lat="35.14269" lon="-115.28565">
        <ele>1412.0</ele>
      </trkpt>
      <trkpt lat="35.14279" lon="-115.28627">
        <ele>1413.09</ele>
      </trkpt>
      <trkpt lat="35.14285" lon="-115.28651">
        <ele>1414.0</ele>
      </trkpt>
      <trkpt lat="35.14285" lon="-115.28677">
        <ele>1414.0</ele>
      </trkpt>
      <trkpt lat="35.14289" lon="-115.2871">
        <ele>1415.0</ele>
      </trkpt>
      <trkpt lat="35.1429" lon="-115.28757">
        <ele>1415.32</ele>
      </trkpt>
      <trkpt lat="35.14299" lon="-115.28826">
        <ele>1417.0</ele>
      </trkpt>
      <trkpt lat="35.14299" lon="-115.28849">
        <ele>1417.0</ele>
      </trkpt>
      <trkpt lat="35.14309" lon="-115.28889">
        <ele>1418.0</ele>
      </trkpt>
      <trkpt lat="35.14313" lon="-115.28939">
        <ele>1418.33</ele>
      </trkpt>
      <trkpt lat="35.14314" lon="-115.28995">
        <ele>1419.0</ele>
      </trkpt>
      <trkpt lat="35.14326" lon="-115.29066">
        <ele>1420.21</ele>
      </trkpt>
      <trkpt lat="35.14326" lon="-115.29096">
        <ele>1421.0</ele>
      </trkpt>
      <trkpt lat="35.14333" lon="-115.29133">
        <ele>1421.98</ele>
      </trkpt>
      <trkpt lat="35.14331" lon="-115.29148">
        <ele>1422.0</ele>
      </trkpt>
      <trkpt lat="35.14331" lon="-115.29162">
        <ele>1422.37</ele>
      </trkpt>
      <trkpt lat="35.14336" lon="-115.29185">
        <ele>1423.0</ele>
      </trkpt>
      <trkpt lat="35.14344" lon="-115.29229">
        <ele>1424.11</ele>
      </trkpt>
      <trkpt lat="35.14349" lon="-115.2926">
        <ele>1425.0</ele>
      </trkpt>
      <trkpt lat="35.14358" lon="-115.29301">
        <ele>1425.83</ele>
      </trkpt>
      <trkpt lat="35.14368" lon="-115.29406">
        <ele>1427.0</ele>
      </trkpt>
      <trkpt lat="35.14369" lon="-115.2943">
        <ele>1427.92</ele>
      </trkpt>
      <trkpt lat="35.14364" lon="-115.29451">
        <ele>1428.0</ele>
      </trkpt>
      <trkpt lat="35.14361" lon="-115.29474">
        <ele>1428.99</ele>
      </trkpt>
      <trkpt lat="35.14364" lon="-115.29495">
        <ele>1429.0</ele>
      </trkpt>
      <trkpt lat="35.1437" lon="-115.29505">
        <ele>1429.54</ele>
      </trkpt>
      <trkpt lat="35.14371" lon="-115.2952">
        <ele>1430.16</ele>
      </trkpt>
      <trkpt lat="35.14367" lon="-115.2954">
        <ele>1431.0</ele>
      </trkpt>
      <trkpt lat="35.14371" lon="-115.2956">
        <ele>1431.48</ele>
      </trkpt>
      <trkpt lat="35.14371" lon="-115.29581">
        <ele>1432.0</ele>
      </trkpt>
      <trkpt lat="35.14374" lon="-115.29644">
        <ele>1433.0</ele>
      </trkpt>
      <trkpt lat="35.14369" lon="-115.29683">
        <ele>1433.97</ele>
      </trkpt>
      <trkpt lat="35.14373" lon="-115.29764">
        <ele>1436.0</ele>
      </trkpt>
      <trkpt lat="35.14375" lon="-115.29818">
        <ele>1437.0</ele>
      </trkpt>
      <trkpt lat="35.14372" lon="-115.29846">
        <ele>1437.48</ele>
      </trkpt>
      <trkpt lat="35.14366" lon="-115.29877">
        <ele>1438.0</ele>
      </trkpt>
      <trkpt lat="35.14364" lon="-115.29903">
        <ele>1439.0</ele>
      </trkpt>
      <trkpt lat="35.1437" lon="-115.29973">
        <ele>1440.0</ele>
      </trkpt>
      <trkpt lat="35.14368" lon="-115.30017">
        <ele>1440.96</ele>
      </trkpt>
      <trkpt lat="35.1437" lon="-115.30049">
        <ele>1441.28</ele>
      </trkpt>
      <trkpt lat="35.14374" lon="-115.30072">
        <ele>1442.0</ele>
      </trkpt>
      <trkpt lat="35.14376" lon="-115.30092">
        <ele>1442.97</ele>
      </trkpt>
      <trkpt lat="35.14384" lon="-115.30156">
        <ele>1444.4</ele>
      </trkpt>
      <trkpt lat="35.14389" lon="-115.30182">
        <ele>1445.0</ele>
      </trkpt>
      <trkpt lat="35.14397" lon="-115.30236">
        <ele>1446.0</ele>
      </trkpt>
      <trkpt lat="35.14407" lon="-115.30283">
        <ele>1447.96</ele>
      </trkpt>
      <trkpt lat="35.14421" lon="-115.30379">
        <ele>1449.96</ele>
      </trkpt>
      <trkpt lat="35.14421" lon="-115.30418">
        <ele>1450.0</ele>
      </trkpt>
      <trkpt lat="35.14443" lon="-115.30468">
        <ele>1451.93</ele>
      </trkpt>
      <trkpt lat="35.14455" lon="-115.30502">
        <ele>1453.14</ele>
      </trkpt>
      <trkpt lat="35.14463" lon="-115.30541">
        <ele>1454.0</ele>
      </trkpt>
      <trkpt lat="35.14475" lon="-115.30582">
        <ele>1455.3</ele>
      </trkpt>
      <trkpt lat="35.14496" lon="-115.30681">
        <ele>1458.0</ele>
      </trkpt>
      <trkpt lat="35.14528" lon="-115.30763">
        <ele>1460.02</ele>
      </trkpt>
      <trkpt lat="35.14542" lon="-115.30818">
        <ele>1460.54</ele>
      </trkpt>
      <trkpt lat="35.14556" lon="-115.3086">
        <ele>1460.05</ele>
      </trkpt>
      <trkpt lat="35.14559" lon="-115.30886">
        <ele>1460.0</ele>
      </trkpt>
      <trkpt lat="35.14575" lon="-115.30935">
        <ele>1460.1</ele>
      </trkpt>
      <trkpt lat="35.1465" lon="-115.31206">
        <ele>1465.4</ele>
      </trkpt>
      <trkpt lat="35.14688" lon="-115.31362">
        <ele>1468.0</ele>
      </trkpt>
      <trkpt lat="35.14723" lon="-115.31441">
        <ele>1468.0</ele>
      </trkpt>
      <trkpt lat="35.14743" lon="-115.3148">
        <ele>1467.36</ele>
      </trkpt>
      <trkpt lat="35.14743" lon="-115.31496">
        <ele>1467.24</ele>
      </trkpt>
      <trkpt lat="35.1475" lon="-115.31513">
        <ele>1467.0</ele>
      </trkpt>
      <trkpt lat="35.14768" lon="-115.31565">
        <ele>1466.93</ele>
      </trkpt>
      <trkpt lat="35.14775" lon="-115.31591">
        <ele>1466.12</ele>
      </trkpt>
      <trkpt lat="35.14784" lon="-115.31621">
        <ele>1465.63</ele>
      </trkpt>
      <trkpt lat="35.14797" lon="-115.31655">
        <ele>1465.0</ele>
      </trkpt>
      <trkpt lat="35.14809" lon="-115.31674">
        <ele>1464.37</ele>
      </trkpt>
      <trkpt lat="35.14824" lon="-115.31686">
        <ele>1464.0</ele>
      </trkpt>
      <trkpt lat="35.14839" lon="-115.31698">
        <ele>1464.62</ele>
      </trkpt>
      <trkpt lat="35.14841" lon="-115.31717">
        <ele>1463.64</ele>
      </trkpt>
      <trkpt lat="35.14834" lon="-115.3176">
        <ele>1461.07</ele>
      </trkpt>
      <trkpt lat="35.14824" lon="-115.3178">
        <ele>1460.76</ele>
      </trkpt>
      <trkpt lat="35.14821" lon="-115.31836">
        <ele>1452.76</ele>
      </trkpt>
      <trkpt lat="35.14819" lon="-115.31853">
        <ele>1449.93</ele>
      </trkpt>
      <trkpt lat="35.14819" lon="-115.3187">
        <ele>1448.49</ele>
      </trkpt>
      <trkpt lat="35.14827" lon="-115.31913">
        <ele>1445.71</ele>
      </trkpt>
      <trkpt lat="35.14845" lon="-115.31985">
        <ele>1442.26</ele>
      </trkpt>
      <trkpt lat="35.1486" lon="-115.32033">
        <ele>1440.38</ele>
      </trkpt>
      <trkpt lat="35.14872" lon="-115.32077">
        <ele>1440.18</ele>
      </trkpt>
      <trkpt lat="35.14876" lon="-115.32104">
        <ele>1440.0</ele>
      </trkpt>
      <trkpt lat="35.14885" lon="-115.32138">
        <ele>1440.0</ele>
      </trkpt>
      <trkpt lat="35.14885" lon="-115.3215">
        <ele>1440.0</ele>
      </trkpt>
      <trkpt lat="35.1488" lon="-115.32164">
        <ele>1440.0</ele>
      </trkpt>
      <trkpt lat="35.1488" lon="-115.32175">
        <ele>1440.0</ele>
      </trkpt>
      <trkpt lat="35.14896" lon="-115.32194">
        <ele>1440.0</ele>
      </trkpt>
      <trkpt lat="35.14908" lon="-115.32224">
        <ele>1440.0</ele>
      </trkpt>
      <trkpt lat="35.14924" lon="-115.32253">
        <ele>1440.0</ele>
      </trkpt>
      <trkpt lat="35.14951" lon="-115.32294">
        <ele>1441.0</ele>
      </trkpt>
      <trkpt lat="35.14972" lon="-115.32319">
        <ele>1441.53</ele>
      </trkpt>
      <trkpt lat="35.14994" lon="-115.32344">
        <ele>1442.65</ele>
      </trkpt>
      <trkpt lat="35.15019" lon="-115.32379">
        <ele>1443.12</ele>
      </trkpt>
      <trkpt lat="35.1503" lon="-115.32414">
        <ele>1443.0</ele>
      </trkpt>
      <trkpt lat="35.15048" lon="-115.32445">
        <ele>1444.0</ele>
      </trkpt>
      <trkpt lat="35.1506" lon="-115.32477">
        <ele>1445.0</ele>
      </trkpt>
      <trkpt lat="35.15066" lon="-115.32509">
        <ele>1445.12</ele>
      </trkpt>
      <trkpt lat="35.15094" lon="-115.32536">
        <ele>1446.13</ele>
      </trkpt>
      <trkpt lat="35.15122" lon="-115.32573">
        <ele>1447.9</ele>
      </trkpt>
      <trkpt lat="35.15187" lon="-115.32621">
        <ele>1450.0</ele>
      </trkpt>
      <trkpt lat="35.15237" lon="-115.32665">
        <ele>1452.0</ele>
      </trkpt>
      <trkpt lat="35.15258" lon="-115.32693">
        <ele>1452.86</ele>
      </trkpt>
      <trkpt lat="35.15273" lon="-115.32721">
        <ele>1453.48</ele>
      </trkpt>
      <trkpt lat="35.15273" lon="-115.32721">
        <ele>1453.48</ele>
      </trkpt>
      <trkpt lat="35.15273" lon="-115.32721">
        <ele>1453.48</ele>
      </trkpt>
      <trkpt lat="35.15293" lon="-115.32759">
        <ele>1455.64</ele>
      </trkpt>
      <trkpt lat="35.15309" lon="-115.3278">
        <ele>1456.37</ele>
      </trkpt>
      <trkpt lat="35.15332" lon="-115.32794">
        <ele>1457.0</ele>
      </trkpt>
      <trkpt lat="35.1537" lon="-115.32804">
        <ele>1459.99</ele>
      </trkpt>
      <trkpt lat="35.15383" lon="-115.32803">
        <ele>1460.0</ele>
      </trkpt>
      <trkpt lat="35.15407" lon="-115.32793">
        <ele>1459.64</ele>
      </trkpt>
      <trkpt lat="35.15441" lon="-115.32801">
        <ele>1460.0</ele>
      </trkpt>
      <trkpt lat="35.15461" lon="-115.32803">
        <ele>1460.0</ele>
      </trkpt>
      <trkpt lat="35.15508" lon="-115.32819">
        <ele>1459.53</ele>
      </trkpt>
      <trkpt lat="35.15596" lon="-115.32955">
        <ele>1461.72</ele>
      </trkpt>
      <trkpt lat="35.15615" lon="-115.32973">
        <ele>1461.66</ele>
      </trkpt>
      <trkpt lat="35.1562" lon="-115.32995">
        <ele>1463.56</ele>
      </trkpt>
      <trkpt lat="35.15636" lon="-115.33042">
        <ele>1468.01</ele>
      </trkpt>
      <trkpt lat="35.15676" lon="-115.33133">
        <ele>1467.99</ele>
      </trkpt>
      <trkpt lat="35.15701" lon="-115.33185">
        <ele>1470.27</ele>
      </trkpt>
      <trkpt lat="35.1571" lon="-115.33216">
        <ele>1470.32</ele>
      </trkpt>
      <trkpt lat="35.1571" lon="-115.33251">
        <ele>1470.0</ele>
      </trkpt>
      <trkpt lat="35.15706" lon="-115.33277">
        <ele>1470.69</ele>
      </trkpt>
      <trkpt lat="35.157" lon="-115.33306">
        <ele>1472.45</ele>
      </trkpt>
      <trkpt lat="35.15685" lon="-115.33368">
        <ele>1478.02</ele>
      </trkpt>
      <trkpt lat="35.15674" lon="-115.33411">
        <ele>1479.42</ele>
      </trkpt>
      <trkpt lat="35.15665" lon="-115.33439">
        <ele>1480.62</ele>
      </trkpt>
      <trkpt lat="35.15652" lon="-115.33497">
        <ele>1486.26</ele>
      </trkpt>
      <trkpt lat="35.15622" lon="-115.33558">
        <ele>1490.87</ele>
      </trkpt>
      <trkpt lat="35.15541" lon="-115.33665">
        <ele>1493.92</ele>
      </trkpt>
      <trkpt lat="35.15489" lon="-115.33746">
        <ele>1496.0</ele>
      </trkpt>
      <trkpt lat="35.15471" lon="-115.33788">
        <ele>1496.88</ele>
      </trkpt>
      <trkpt lat="35.1545" lon="-115.33849">
        <ele>1497.6</ele>
      </trkpt>
      <trkpt lat="35.15436" lon="-115.33928">
        <ele>1499.0</ele>
      </trkpt>
      <trkpt lat="35.15423" lon="-115.34056">
        <ele>1500.0</ele>
      </trkpt>
      <trkpt lat="35.15414" lon="-115.34128">
        <ele>1500.0</ele>
      </trkpt>
      <trkpt lat="35.15406" lon="-115.34192">
        <ele>1500.62</ele>
      </trkpt>
      <trkpt lat="35.15395" lon="-115.34245">
        <ele>1501.0</ele>
      </trkpt>
      <trkpt lat="35.15391" lon="-115.34288">
        <ele>1501.02</ele>
      </trkpt>
      <trkpt lat="35.15388" lon="-115.34337">
        <ele>1501.94</ele>
      </trkpt>
      <trkpt lat="35.15383" lon="-115.34353">
        <ele>1502.0</ele>
      </trkpt>
      <trkpt lat="35.1537" lon="-115.3439">
        <ele>1502.0</ele>
      </trkpt>
      <trkpt lat="35.15351" lon="-115.34448">
        <ele>1503.0</ele>
      </trkpt>
      <trkpt lat="35.15337" lon="-115.34478">
        <ele>1503.0</ele>
      </trkpt>
      <trkpt lat="35.15325" lon="-115.34509">
        <ele>1504.0</ele>
      </trkpt>
      <trkpt lat="35.15293" lon="-115.34559">
        <ele>1505.0</ele>
      </trkpt>
      <trkpt lat="35.1527" lon="-115.34583">
        <ele>1506.0</ele>
      </trkpt>
      <trkpt lat="35.15258" lon="-115.34598">
        <ele>1506.58</ele>
      </trkpt>
      <trkpt lat="35.15252" lon="-115.34621">
        <ele>1507.05</ele>
      </trkpt>
      <trkpt lat="35.15252" lon="-115.34653">
        <ele>1508.0</ele>
      </trkpt>
      <trkpt lat="35.15245" lon="-115.34722">
        <ele>1509.98</ele>
      </trkpt>
      <trkpt lat="35.15233" lon="-115.34797">
        <ele>1511.0</ele>
      </trkpt>
      <trkpt lat="35.15222" lon="-115.34859">
        <ele>1512.0</ele>
      </trkpt>
      <trkpt lat="35.1521" lon="-115.34897">
        <ele>1513.0</ele>
      </trkpt>
      <trkpt lat="35.15185" lon="-115.34964">
        <ele>1515.0</ele>
      </trkpt>
      <trkpt lat="35.15167" lon="-115.35005">
        <ele>1516.96</ele>
      </trkpt>
      <trkpt lat="35.15158" lon="-115.35035">
        <ele>1517.94</ele>
      </trkpt>
      <trkpt lat="35.15152" lon="-115.35071">
        <ele>1518.58</ele>
      </trkpt>
      <trkpt lat="35.15109" lon="-115.35151">
        <ele>1521.31</ele>
      </trkpt>
      <trkpt lat="35.15068" lon="-115.35243">
        <ele>1523.74</ele>
      </trkpt>
      <trkpt lat="35.15051" lon="-115.35263">
        <ele>1525.0</ele>
      </trkpt>
      <trkpt lat="35.15031" lon="-115.35285">
        <ele>1525.65</ele>
      </trkpt>
      <trkpt lat="35.15005" lon="-115.35322">
        <ele>1527.0</ele>
      </trkpt>
      <trkpt lat="35.14972" lon="-115.35367">
        <ele>1529.0</ele>
      </trkpt>
      <trkpt lat="35.14948" lon="-115.35413">
        <ele>1530.0</ele>
      </trkpt>
      <trkpt lat="35.14925" lon="-115.35473">
        <ele>1531.1</ele>
      </trkpt>
      <trkpt lat="35.14907" lon="-115.35531">
        <ele>1532.04</ele>
      </trkpt>
      <trkpt lat="35.14936" lon="-115.35594">
        <ele>1531.0</ele>
      </trkpt>
      <trkpt lat="35.14976" lon="-115.35687">
        <ele>1530.0</ele>
      </trkpt>
      <trkpt lat="35.14997" lon="-115.35721">
        <ele>1529.0</ele>
      </trkpt>
      <trkpt lat="35.15016" lon="-115.35755">
        <ele>1529.0</ele>
      </trkpt>
      <trkpt lat="35.15066" lon="-115.35839">
        <ele>1527.53</ele>
      </trkpt>
      <trkpt lat="35.1512" lon="-115.35922">
        <ele>1526.0</ele>
      </trkpt>
      <trkpt lat="35.15141" lon="-115.35969">
        <ele>1525.85</ele>
      </trkpt>
      <trkpt lat="35.15184" lon="-115.36062">
        <ele>1525.0</ele>
      </trkpt>
      <trkpt lat="35.15228" lon="-115.36134">
        <ele>1525.8</ele>
      </trkpt>
      <trkpt lat="35.15284" lon="-115.36209">
        <ele>1528.86</ele>
      </trkpt>
      <trkpt lat="35.15297" lon="-115.36217">
        <ele>1529.0</ele>
      </trkpt>
      <trkpt lat="35.15315" lon="-115.36287">
        <ele>1530.0</ele>
      </trkpt>
      <trkpt lat="35.15331" lon="-115.36339">
        <ele>1531.46</ele>
      </trkpt>
      <trkpt lat="35.15354" lon="-115.36407">
        <ele>1533.0</ele>
      </trkpt>
      <trkpt lat="35.15382" lon="-115.36478">
        <ele>1535.16</ele>
      </trkpt>
      <trkpt lat="35.15411" lon="-115.36548">
        <ele>1537.0</ele>
      </trkpt>
      <trkpt lat="35.15434" lon="-115.36607">
        <ele>1538.0</ele>
      </trkpt>
      <trkpt lat="35.15457" lon="-115.36666">
        <ele>1539.95</ele>
      </trkpt>
      <trkpt lat="35.15472" lon="-115.36714">
        <ele>1540.0</ele>
      </trkpt>
      <trkpt lat="35.15481" lon="-115.36781">
        <ele>1541.0</ele>
      </trkpt>
      <trkpt lat="35.15491" lon="-115.36872">
        <ele>1543.0</ele>
      </trkpt>
      <trkpt lat="35.15496" lon="-115.36905">
        <ele>1543.0</ele>
      </trkpt>
      <trkpt lat="35.15507" lon="-115.36928">
        <ele>1543.17</ele>
      </trkpt>
      <trkpt lat="35.15536" lon="-115.36957">
        <ele>1544.0</ele>
      </trkpt>
      <trkpt lat="35.15561" lon="-115.36973">
        <ele>1544.41</ele>
      </trkpt>
      <trkpt lat="35.15605" lon="-115.36995">
        <ele>1544.16</ele>
      </trkpt>
      <trkpt lat="35.15648" lon="-115.37017">
        <ele>1545.0</ele>
      </trkpt>
      <trkpt lat="35.15699" lon="-115.37039">
        <ele>1546.0</ele>
      </trkpt>
      <trkpt lat="35.1575" lon="-115.3706">
        <ele>1546.48</ele>
      </trkpt>
      <trkpt lat="35.15803" lon="-115.37082">
        <ele>1547.0</ele>
      </trkpt>
      <trkpt lat="35.15857" lon="-115.37104">
        <ele>1548.0</ele>
      </trkpt>
      <trkpt lat="35.1591" lon="-115.37126">
        <ele>1549.0</ele>
      </trkpt>
      <trkpt lat="35.1592" lon="-115.3713">
        <ele>1549.39</ele>
      </trkpt>
      <trkpt lat="35.1598" lon="-115.37164">
        <ele>1551.0</ele>
      </trkpt>
      <trkpt lat="35.16017" lon="-115.37193">
        <ele>1552.0</ele>
      </trkpt>
      <trkpt lat="35.16064" lon="-115.37234">
        <ele>1554.0</ele>
      </trkpt>
      <trkpt lat="35.1611" lon="-115.37285">
        <ele>1556.0</ele>
      </trkpt>
      <trkpt lat="35.16156" lon="-115.37337">
        <ele>1558.0</ele>
      </trkpt>
      <trkpt lat="35.16205" lon="-115.37393">
        <ele>1560.06</ele>
      </trkpt>
      <trkpt lat="35.16254" lon="-115.37449">
        <ele>1562.43</ele>
      </trkpt>
      <trkpt lat="35.16303" lon="-115.37505">
        <ele>1564.0</ele>
      </trkpt>
      <trkpt lat="35.16351" lon="-115.37561">
        <ele>1566.0</ele>
      </trkpt>
      <trkpt lat="35.16393" lon="-115.37612">
        <ele>1567.44</ele>
      </trkpt>
      <trkpt lat="35.16424" lon="-115.37653">
        <ele>1568.0</ele>
      </trkpt>
      <trkpt lat="35.16455" lon="-115.37694">
        <ele>1569.0</ele>
      </trkpt>
      <trkpt lat="35.16493" lon="-115.37751">
        <ele>1570.0</ele>
      </trkpt>
      <trkpt lat="35.16531" lon="-115.37807">
        <ele>1571.0</ele>
      </trkpt>
      <trkpt lat="35.16561" lon="-115.37868">
        <ele>1572.59</ele>
      </trkpt>
      <trkpt lat="35.16585" lon="-115.3793">
        <ele>1574.0</ele>
      </trkpt>
      <trkpt lat="35.16607" lon="-115.37992">
        <ele>1574.0</ele>
      </trkpt>
      <trkpt lat="35.16623" lon="-115.3804">
        <ele>1574.0</ele>
      </trkpt>
      <trkpt lat="35.16633" lon="-115.38083">
        <ele>1575.0</ele>
      </trkpt>
      <trkpt lat="35.16644" lon="-115.38136">
        <ele>1575.0</ele>
      </trkpt>
      <trkpt lat="35.16656" lon="-115.3819">
        <ele>1576.0</ele>
      </trkpt>
      <trkpt lat="35.16667" lon="-115.38243">
        <ele>1576.04</ele>
      </trkpt>
      <trkpt lat="35.16678" lon="-115.38296">
        <ele>1577.0</ele>
      </trkpt>
      <trkpt lat="35.16689" lon="-115.38356">
        <ele>1577.0</ele>
      </trkpt>
      <trkpt lat="35.16699" lon="-115.38417">
        <ele>1577.02</ele>
      </trkpt>
      <trkpt lat="35.1671" lon="-115.38477">
        <ele>1578.0</ele>
      </trkpt>
      <trkpt lat="35.16713" lon="-115.38507">
        <ele>1578.0</ele>
      </trkpt>
      <trkpt lat="35.16736" lon="-115.38599">
        <ele>1578.0</ele>
      </trkpt>
      <trkpt lat="35.16755" lon="-115.38658">
        <ele>1578.0</ele>
      </trkpt>
      <trkpt lat="35.1678" lon="-115.38723">
        <ele>1578.0</ele>
      </trkpt>
      <trkpt lat="35.16805" lon="-115.38787">
        <ele>1579.0</ele>
      </trkpt>
      <trkpt lat="35.16831" lon="-115.38842">
        <ele>1578.3</ele>
      </trkpt>
      <trkpt lat="35.16856" lon="-115.38896">
        <ele>1577.13</ele>
      </trkpt>
      <trkpt lat="35.16882" lon="-115.38951">
        <ele>1576.0</ele>
      </trkpt>
      <trkpt lat="35.16908" lon="-115.39006">
        <ele>1574.0</ele>
      </trkpt>
      <trkpt lat="35.16933" lon="-115.3906">
        <ele>1573.0</ele>
      </trkpt>
      <trkpt lat="35.16959" lon="-115.39115">
        <ele>1571.58</ele>
      </trkpt>
      <trkpt lat="35.16988" lon="-115.39177">
        <ele>1570.0</ele>
      </trkpt>
      <trkpt lat="35.17018" lon="-115.39238">
        <ele>1569.0</ele>
      </trkpt>
      <trkpt lat="35.17047" lon="-115.393">
        <ele>1568.0</ele>
      </trkpt>
      <trkpt lat="35.1708" lon="-115.39362">
        <ele>1566.9</ele>
      </trkpt>
      <trkpt lat="35.17112" lon="-115.39424">
        <ele>1565.02</ele>
      </trkpt>
      <trkpt lat="35.17161" lon="-115.39513">
        <ele>1563.6</ele>
      </trkpt>
      <trkpt lat="35.17187" lon="-115.39559">
        <ele>1562.12</ele>
      </trkpt>
      <trkpt lat="35.17213" lon="-115.39604">
        <ele>1562.0</ele>
      </trkpt>
      <trkpt lat="35.17239" lon="-115.3965">
        <ele>1561.0</ele>
      </trkpt>
      <trkpt lat="35.17273" lon="-115.39714">
        <ele>1559.0</ele>
      </trkpt>
      <trkpt lat="35.17297" lon="-115.39763">
        <ele>1558.63</ele>
      </trkpt>
      <trkpt lat="35.17321" lon="-115.39811">
        <ele>1558.0</ele>
      </trkpt>
      <trkpt lat="35.17343" lon="-115.39864">
        <ele>1557.0</ele>
      </trkpt>
      <trkpt lat="35.17364" lon="-115.39917">
        <ele>1555.96</ele>
      </trkpt>
      <trkpt lat="35.17386" lon="-115.3997">
        <ele>1554.76</ele>
      </trkpt>
      <trkpt lat="35.17407" lon="-115.40021">
        <ele>1553.7</ele>
      </trkpt>
      <trkpt lat="35.17428" lon="-115.40072">
        <ele>1553.0</ele>
      </trkpt>
      <trkpt lat="35.17449" lon="-115.40123">
        <ele>1552.0</ele>
      </trkpt>
      <trkpt lat="35.17468" lon="-115.40174">
        <ele>1551.64</ele>
      </trkpt>
      <trkpt lat="35.17487" lon="-115.40224">
        <ele>1551.0</ele>
      </trkpt>
      <trkpt lat="35.17506" lon="-115.40275">
        <ele>1549.11</ele>
      </trkpt>
      <trkpt lat="35.17524" lon="-115.40325">
        <ele>1547.9</ele>
      </trkpt>
      <trkpt lat="35.17543" lon="-115.40375">
        <ele>1546.64</ele>
      </trkpt>
      <trkpt lat="35.17562" lon="-115.40426">
        <ele>1546.69</ele>
      </trkpt>
      <trkpt lat="35.17585" lon="-115.405">
        <ele>1546.0</ele>
      </trkpt>
      <trkpt lat="35.17594" lon="-115.40565">
        <ele>1546.0</ele>
      </trkpt>
      <trkpt lat="35.17594" lon="-115.40621">
        <ele>1545.14</ele>
      </trkpt>
      <trkpt lat="35.17581" lon="-115.40693">
        <ele>1542.12</ele>
      </trkpt>
      <trkpt lat="35.17558" lon="-115.40798">
        <ele>1539.0</ele>
      </trkpt>
      <trkpt lat="35.17542" lon="-115.40865">
        <ele>1538.0</ele>
      </trkpt>
      <trkpt lat="35.17526" lon="-115.40931">
        <ele>1537.0</ele>
      </trkpt>
      <trkpt lat="35.17502" lon="-115.40999">
        <ele>1534.3</ele>
      </trkpt>
      <trkpt lat="35.17468" lon="-115.41085">
        <ele>1530.0</ele>
      </trkpt>
      <trkpt lat="35.17428" lon="-115.41157">
        <ele>1527.26</ele>
      </trkpt>
      <trkpt lat="35.17425" lon="-115.41163">
        <ele>1527.0</ele>
      </trkpt>
      <trkpt lat="35.17423" lon="-115.41166">
        <ele>1527.0</ele>
      </trkpt>
      <trkpt lat="35.17396" lon="-115.41221">
        <ele>1525.0</ele>
      </trkpt>
      <trkpt lat="35.1737" lon="-115.41275">
        <ele>1523.0</ele>
      </trkpt>
      <trkpt lat="35.17343" lon="-115.4133">
        <ele>1521.0</ele>
      </trkpt>
      <trkpt lat="35.17316" lon="-115.41384">
        <ele>1521.0</ele>
      </trkpt>
      <trkpt lat="35.17288" lon="-115.41443">
        <ele>1519.02</ele>
      </trkpt>
      <trkpt lat="35.17259" lon="-115.41501">
        <ele>1517.0</ele>
      </trkpt>
      <trkpt lat="35.17234" lon="-115.41563">
        <ele>1516.27</ele>
      </trkpt>
      <trkpt lat="35.17208" lon="-115.41624">
        <ele>1514.28</ele>
      </trkpt>
      <trkpt lat="35.17176" lon="-115.417">
        <ele>1512.0</ele>
      </trkpt>
      <trkpt lat="35.17151" lon="-115.41772">
        <ele>1511.0</ele>
      </trkpt>
      <trkpt lat="35.17138" lon="-115.41836">
        <ele>1507.0</ele>
      </trkpt>
      <trkpt lat="35.17128" lon="-115.41896">
        <ele>1505.0</ele>
      </trkpt>
      <trkpt lat="35.17119" lon="-115.41955">
        <ele>1502.98</ele>
      </trkpt>
      <trkpt lat="35.17109" lon="-115.42031">
        <ele>1501.0</ele>
      </trkpt>
      <trkpt lat="35.17098" lon="-115.42107">
        <ele>1499.0</ele>
      </trkpt>
      <trkpt lat="35.17086" lon="-115.42202">
        <ele>1497.0</ele>
      </trkpt>
      <trkpt lat="35.17083" lon="-115.42268">
        <ele>1495.0</ele>
      </trkpt>
      <trkpt lat="35.17093" lon="-115.42346">
        <ele>1493.6</ele>
      </trkpt>
      <trkpt lat="35.1711" lon="-115.42399">
        <ele>1492.0</ele>
      </trkpt>
      <trkpt lat="35.17127" lon="-115.42451">
        <ele>1491.0</ele>
      </trkpt>
      <trkpt lat="35.17151" lon="-115.42514">
        <ele>1485.84</ele>
      </trkpt>
      <trkpt lat="35.17175" lon="-115.42578">
        <ele>1481.0</ele>
      </trkpt>
      <trkpt lat="35.17199" lon="-115.42641">
        <ele>1479.77</ele>
      </trkpt>
      <trkpt lat="35.17212" lon="-115.42708">
        <ele>1478.0</ele>
      </trkpt>
      <trkpt lat="35.17207" lon="-115.42749">
        <ele>1477.0</ele>
      </trkpt>
      <trkpt lat="35.17196" lon="-115.42782">
        <ele>1477.0</ele>
      </trkpt>
      <trkpt lat="35.17169" lon="-115.42802">
        <ele>1477.29</ele>
      </trkpt>
      <trkpt lat="35.17119" lon="-115.42826">
        <ele>1476.79</ele>
      </trkpt>
      <trkpt lat="35.1707" lon="-115.42846">
        <ele>1475.28</ele>
      </trkpt>
      <trkpt lat="35.1702" lon="-115.42865">
        <ele>1473.58</ele>
      </trkpt>
      <trkpt lat="35.16974" lon="-115.4289">
        <ele>1470.9</ele>
      </trkpt>
      <trkpt lat="35.16925" lon="-115.42931">
        <ele>1468.5</ele>
      </trkpt>
      <trkpt lat="35.16875" lon="-115.42972">
        <ele>1466.52</ele>
      </trkpt>
      <trkpt lat="35.16831" lon="-115.4301">
        <ele>1466.32</ele>
      </trkpt>
      <trkpt lat="35.16787" lon="-115.43047">
        <ele>1464.92</ele>
      </trkpt>
      <trkpt lat="35.16736" lon="-115.43095">
        <ele>1464.76</ele>
      </trkpt>
      <trkpt lat="35.16685" lon="-115.43142">
        <ele>1468.67</ele>
      </trkpt>
      <trkpt lat="35.16617" lon="-115.43214">
        <ele>1466.25</ele>
      </trkpt>
      <trkpt lat="35.16583" lon="-115.43263">
        <ele>1465.63</ele>
      </trkpt>
      <trkpt lat="35.16548" lon="-115.43313">
        <ele>1465.85</ele>
      </trkpt>
      <trkpt lat="35.16514" lon="-115.43362">
        <ele>1462.95</ele>
      </trkpt>
      <trkpt lat="35.16484" lon="-115.43409">
        <ele>1460.0</ele>
      </trkpt>
      <trkpt lat="35.16454" lon="-115.43457">
        <ele>1452.32</ele>
      </trkpt>
      <trkpt lat="35.16424" lon="-115.43504">
        <ele>1450.66</ele>
      </trkpt>
      <trkpt lat="35.16372" lon="-115.4359">
        <ele>1448.28</ele>
      </trkpt>
      <trkpt lat="35.16341" lon="-115.43659">
        <ele>1441.97</ele>
      </trkpt>
      <trkpt lat="35.16322" lon="-115.43727">
        <ele>1440.6</ele>
      </trkpt>
      <trkpt lat="35.16307" lon="-115.43792">
        <ele>1436.46</ele>
      </trkpt>
      <trkpt lat="35.16293" lon="-115.43879">
        <ele>1430.36</ele>
      </trkpt>
      <trkpt lat="35.1628" lon="-115.43985">
        <ele>1427.38</ele>
      </trkpt>
      <trkpt lat="35.16273" lon="-115.44084">
        <ele>1420.97</ele>
      </trkpt>
      <trkpt lat="35.16281" lon="-115.44158">
        <ele>1415.26</ele>
      </trkpt>
      <trkpt lat="35.1629" lon="-115.44226">
        <ele>1409.72</ele>
      </trkpt>
      <trkpt lat="35.16299" lon="-115.44294">
        <ele>1406.47</ele>
      </trkpt>
      <trkpt lat="35.16314" lon="-115.44359">
        <ele>1406.91</ele>
      </trkpt>
      <trkpt lat="35.16329" lon="-115.44423">
        <ele>1407.53</ele>
      </trkpt>
      <trkpt lat="35.16346" lon="-115.44502">
        <ele>1407.23</ele>
      </trkpt>
      <trkpt lat="35.16362" lon="-115.44566">
        <ele>1408.1</ele>
      </trkpt>
      <trkpt lat="35.1637" lon="-115.44618">
        <ele>1407.93</ele>
      </trkpt>
      <trkpt lat="35.16374" lon="-115.44669">
        <ele>1406.14</ele>
      </trkpt>
      <trkpt lat="35.16368" lon="-115.44754">
        <ele>1403.0</ele>
      </trkpt>
      <trkpt lat="35.16357" lon="-115.44828">
        <ele>1400.56</ele>
      </trkpt>
      <trkpt lat="35.16348" lon="-115.44885">
        <ele>1398.76</ele>
      </trkpt>
      <trkpt lat="35.16338" lon="-115.44942">
        <ele>1396.0</ele>
      </trkpt>
      <trkpt lat="35.16328" lon="-115.45002">
        <ele>1394.0</ele>
      </trkpt>
      <trkpt lat="35.1632" lon="-115.45058">
        <ele>1393.32</ele>
      </trkpt>
      <trkpt lat="35.16317" lon="-115.45098">
        <ele>1393.0</ele>
      </trkpt>
      <trkpt lat="35.16317" lon="-115.45147">
        <ele>1392.03</ele>
      </trkpt>
      <trkpt lat="35.16322" lon="-115.45226">
        <ele>1392.0</ele>
      </trkpt>
      <trkpt lat="35.16331" lon="-115.45281">
        <ele>1390.75</ele>
      </trkpt>
      <trkpt lat="35.1634" lon="-115.45336">
        <ele>1385.72</ele>
      </trkpt>
      <trkpt lat="35.16349" lon="-115.4539">
        <ele>1383.61</ele>
      </trkpt>
      <trkpt lat="35.16358" lon="-115.45445">
        <ele>1382.94</ele>
      </trkpt>
      <trkpt lat="35.16367" lon="-115.455">
        <ele>1381.0</ele>
      </trkpt>
      <trkpt lat="35.16376" lon="-115.45556">
        <ele>1376.98</ele>
      </trkpt>
      <trkpt lat="35.16378" lon="-115.45579">
        <ele>1375.47</ele>
      </trkpt>
      <trkpt lat="35.16384" lon="-115.45679">
        <ele>1372.0</ele>
      </trkpt>
      <trkpt lat="35.16383" lon="-115.45769">
        <ele>1365.95</ele>
      </trkpt>
      <trkpt lat="35.16382" lon="-115.45834">
        <ele>1363.0</ele>
      </trkpt>
      <trkpt lat="35.1638" lon="-115.45899">
        <ele>1361.0</ele>
      </trkpt>
      <trkpt lat="35.16379" lon="-115.45964">
        <ele>1355.89</ele>
      </trkpt>
      <trkpt lat="35.16377" lon="-115.46029">
        <ele>1351.62</ele>
      </trkpt>
      <trkpt lat="35.16376" lon="-115.46094">
        <ele>1349.0</ele>
      </trkpt>
      <trkpt lat="35.16376" lon="-115.4616">
        <ele>1346.44</ele>
      </trkpt>
      <trkpt lat="35.16376" lon="-115.46226">
        <ele>1344.0</ele>
      </trkpt>
      <trkpt lat="35.16376" lon="-115.46292">
        <ele>1343.0</ele>
      </trkpt>
      <trkpt lat="35.16383" lon="-115.46365">
        <ele>1341.0</ele>
      </trkpt>
      <trkpt lat="35.1639" lon="-115.46438">
        <ele>1337.7</ele>
      </trkpt>
      <trkpt lat="35.16402" lon="-115.46512">
        <ele>1333.88</ele>
      </trkpt>
      <trkpt lat="35.16415" lon="-115.46585">
        <ele>1330.97</ele>
      </trkpt>
      <trkpt lat="35.16427" lon="-115.46643">
        <ele>1327.49</ele>
      </trkpt>
      <trkpt lat="35.1644" lon="-115.46702">
        <ele>1324.0</ele>
      </trkpt>
      <trkpt lat="35.16452" lon="-115.4676">
        <ele>1321.0</ele>
      </trkpt>
      <trkpt lat="35.16465" lon="-115.46818">
        <ele>1317.66</ele>
      </trkpt>
      <trkpt lat="35.16477" lon="-115.46876">
        <ele>1313.69</ele>
      </trkpt>
      <trkpt lat="35.1649" lon="-115.46935">
        <ele>1311.0</ele>
      </trkpt>
      <trkpt lat="35.16502" lon="-115.46993">
        <ele>1306.59</ele>
      </trkpt>
      <trkpt lat="35.16517" lon="-115.47058">
        <ele>1301.74</ele>
      </trkpt>
      <trkpt lat="35.16531" lon="-115.47122">
        <ele>1298.0</ele>
      </trkpt>
      <trkpt lat="35.16546" lon="-115.47187">
        <ele>1293.81</ele>
      </trkpt>
      <trkpt lat="35.1656" lon="-115.47243">
        <ele>1291.0</ele>
      </trkpt>
      <trkpt lat="35.16573" lon="-115.47299">
        <ele>1288.0</ele>
      </trkpt>
      <trkpt lat="35.16587" lon="-115.47354">
        <ele>1285.0</ele>
      </trkpt>
      <trkpt lat="35.166" lon="-115.4741">
        <ele>1282.0</ele>
      </trkpt>
      <trkpt lat="35.16613" lon="-115.47466">
        <ele>1280.67</ele>
      </trkpt>
      <trkpt lat="35.16627" lon="-115.47522">
        <ele>1277.0</ele>
      </trkpt>
      <trkpt lat="35.1664" lon="-115.47577">
        <ele>1274.0</ele>
      </trkpt>
      <trkpt lat="35.16654" lon="-115.47633">
        <ele>1271.64</ele>
      </trkpt>
      <trkpt lat="35.16669" lon="-115.47689">
        <ele>1270.0</ele>
      </trkpt>
      <trkpt lat="35.16683" lon="-115.47745">
        <ele>1266.13</ele>
      </trkpt>
      <trkpt lat="35.16698" lon="-115.47801">
        <ele>1263.49</ele>
      </trkpt>
      <trkpt lat="35.16712" lon="-115.47857">
        <ele>1261.0</ele>
      </trkpt>
      <trkpt lat="35.16727" lon="-115.47913">
        <ele>1259.0</ele>
      </trkpt>
      <trkpt lat="35.16747" lon="-115.47982">
        <ele>1255.0</ele>
      </trkpt>
      <trkpt lat="35.16766" lon="-115.48051">
        <ele>1252.0</ele>
      </trkpt>
      <trkpt lat="35.16786" lon="-115.4812">
        <ele>1250.0</ele>
      </trkpt>
      <trkpt lat="35.16809" lon="-115.48197">
        <ele>1245.0</ele>
      </trkpt>
      <trkpt lat="35.16824" lon="-115.48249">
        <ele>1243.0</ele>
      </trkpt>
      <trkpt lat="35.1684" lon="-115.48301">
        <ele>1241.0</ele>
      </trkpt>
      <trkpt lat="35.16855" lon="-115.48353">
        <ele>1238.58</ele>
      </trkpt>
      <trkpt lat="35.1687" lon="-115.48405">
        <ele>1236.01</ele>
      </trkpt>
      <trkpt lat="35.16885" lon="-115.48457">
        <ele>1234.0</ele>
      </trkpt>
      <trkpt lat="35.16901" lon="-115.48509">
        <ele>1231.03</ele>
      </trkpt>
      <trkpt lat="35.16916" lon="-115.48561">
        <ele>1230.96</ele>
      </trkpt>
      <trkpt lat="35.16931" lon="-115.48613">
        <ele>1227.8</ele>
      </trkpt>
      <trkpt lat="35.16946" lon="-115.48665">
        <ele>1225.0</ele>
      </trkpt>
      <trkpt lat="35.16962" lon="-115.48717">
        <ele>1222.0</ele>
      </trkpt>
      <trkpt lat="35.16977" lon="-115.48769">
        <ele>1221.0</ele>
      </trkpt>
      <trkpt lat="35.16992" lon="-115.48821">
        <ele>1218.91</ele>
      </trkpt>
      <trkpt lat="35.17007" lon="-115.48873">
        <ele>1216.0</ele>
      </trkpt>
      <trkpt lat="35.17023" lon="-115.48924">
        <ele>1214.0</ele>
      </trkpt>
      <trkpt lat="35.17038" lon="-115.48976">
        <ele>1211.59</ele>
      </trkpt>
      <trkpt lat="35.17053" lon="-115.49028">
        <ele>1210.0</ele>
      </trkpt>
      <trkpt lat="35.17068" lon="-115.4908">
        <ele>1207.78</ele>
      </trkpt>
      <trkpt lat="35.17084" lon="-115.49132">
        <ele>1205.0</ele>
      </trkpt>
      <trkpt lat="35.17099" lon="-115.49184">
        <ele>1203.04</ele>
      </trkpt>
      <trkpt lat="35.17114" lon="-115.49236">
        <ele>1201.0</ele>
      </trkpt>
      <trkpt lat="35.17129" lon="-115.49288">
        <ele>1199.9</ele>
      </trkpt>
      <trkpt lat="35.17145" lon="-115.4934">
        <ele>1197.0</ele>
      </trkpt>
      <trkpt lat="35.1716" lon="-115.49392">
        <ele>1194.0</ele>
      </trkpt>
      <trkpt lat="35.17175" lon="-115.49444">
        <ele>1192.0</ele>
      </trkpt>
      <trkpt lat="35.1719" lon="-115.49496">
        <ele>1190.73</ele>
      </trkpt>
      <trkpt lat="35.17206" lon="-115.49548">
        <ele>1187.95</ele>
      </trkpt>
      <trkpt lat="35.17221" lon="-115.496">
        <ele>1186.0</ele>
      </trkpt>
      <trkpt lat="35.17237" lon="-115.49654">
        <ele>1184.0</ele>
      </trkpt>
      <trkpt lat="35.17253" lon="-115.49708">
        <ele>1182.0</ele>
      </trkpt>
      <trkpt lat="35.1727" lon="-115.49762">
        <ele>1180.11</ele>
      </trkpt>
      <trkpt lat="35.17286" lon="-115.49816">
        <ele>1177.87</ele>
      </trkpt>
      <trkpt lat="35.17302" lon="-115.4987">
        <ele>1175.0</ele>
      </trkpt>
      <trkpt lat="35.17318" lon="-115.49924">
        <ele>1173.0</ele>
      </trkpt>
      <trkpt lat="35.17335" lon="-115.49978">
        <ele>1171.0</ele>
      </trkpt>
      <trkpt lat="35.17351" lon="-115.50032">
        <ele>1169.0</ele>
      </trkpt>
      <trkpt lat="35.17367" lon="-115.50086">
        <ele>1166.71</ele>
      </trkpt>
      <trkpt lat="35.17383" lon="-115.50137">
        <ele>1164.2</ele>
      </trkpt>
      <trkpt lat="35.17399" lon="-115.50189">
        <ele>1162.0</ele>
      </trkpt>
      <trkpt lat="35.17415" lon="-115.5024">
        <ele>1161.0</ele>
      </trkpt>
      <trkpt lat="35.17431" lon="-115.50292">
        <ele>1158.71</ele>
      </trkpt>
      <trkpt lat="35.17447" lon="-115.50343">
        <ele>1156.0</ele>
      </trkpt>
      <trkpt lat="35.17463" lon="-115.50395">
        <ele>1154.34</ele>
      </trkpt>
      <trkpt lat="35.17478" lon="-115.50446">
        <ele>1151.83</ele>
      </trkpt>
      <trkpt lat="35.17494" lon="-115.50498">
        <ele>1151.0</ele>
      </trkpt>
      <trkpt lat="35.1751" lon="-115.50549">
        <ele>1148.71</ele>
      </trkpt>
      <trkpt lat="35.17526" lon="-115.50601">
        <ele>1147.0</ele>
      </trkpt>
      <trkpt lat="35.17542" lon="-115.50652">
        <ele>1144.58</ele>
      </trkpt>
      <trkpt lat="35.17558" lon="-115.50704">
        <ele>1142.0</ele>
      </trkpt>
      <trkpt lat="35.17574" lon="-115.50755">
        <ele>1141.0</ele>
      </trkpt>
      <trkpt lat="35.17588" lon="-115.50803">
        <ele>1140.0</ele>
      </trkpt>
      <trkpt lat="35.17607" lon="-115.50857">
        <ele>1138.0</ele>
      </trkpt>
      <trkpt lat="35.17619" lon="-115.50888">
        <ele>1137.0</ele>
      </trkpt>
      <trkpt lat="35.17621" lon="-115.50894">
        <ele>1137.0</ele>
      </trkpt>
      <trkpt lat="35.17606" lon="-115.50906">
        <ele>1136.15</ele>
      </trkpt>
      <trkpt lat="35.17614" lon="-115.50927">
        <ele>1135.0</ele>
      </trkpt>
      <trkpt lat="35.17618" lon="-115.50965">
        <ele>1134.0</ele>
      </trkpt>
      <trkpt lat="35.17621" lon="-115.5103">
        <ele>1132.0</ele>
      </trkpt>
      <trkpt lat="35.17626" lon="-115.51079">
        <ele>1130.0</ele>
      </trkpt>
      <trkpt lat="35.17635" lon="-115.51111">
        <ele>1129.01</ele>
      </trkpt>
      <trkpt lat="35.1764" lon="-115.5116">
        <ele>1127.72</ele>
      </trkpt>
      <trkpt lat="35.17656" lon="-115.51191">
        <ele>1127.0</ele>
      </trkpt>
      <trkpt lat="35.17662" lon="-115.51225">
        <ele>1125.7</ele>
      </trkpt>
      <trkpt lat="35.17665" lon="-115.51262">
        <ele>1124.0</ele>
      </trkpt>
      <trkpt lat="35.17659" lon="-115.51318">
        <ele>1122.11</ele>
      </trkpt>
      <trkpt lat="35.17662" lon="-115.51381">
        <ele>1121.0</ele>
      </trkpt>
      <trkpt lat="35.17663" lon="-115.51418">
        <ele>1120.0</ele>
      </trkpt>
      <trkpt lat="35.17676" lon="-115.51446">
        <ele>1119.01</ele>
      </trkpt>
      <trkpt lat="35.17682" lon="-115.51465">
        <ele>1118.92</ele>
      </trkpt>
      <trkpt lat="35.1769" lon="-115.51509">
        <ele>1117.53</ele>
      </trkpt>
      <trkpt lat="35.17692" lon="-115.51532">
        <ele>1116.88</ele>
      </trkpt>
      <trkpt lat="35.17706" lon="-115.51585">
        <ele>1115.2</ele>
      </trkpt>
      <trkpt lat="35.17714" lon="-115.51637">
        <ele>1113.2</ele>
      </trkpt>
      <trkpt lat="35.17718" lon="-115.5167">
        <ele>1112.0</ele>
      </trkpt>
      <trkpt lat="35.1773" lon="-115.51703">
        <ele>1111.84</ele>
      </trkpt>
      <trkpt lat="35.17745" lon="-115.51777">
        <ele>1111.0</ele>
      </trkpt>
      <trkpt lat="35.17754" lon="-115.51807">
        <ele>1110.36</ele>
      </trkpt>
      <trkpt lat="35.17773" lon="-115.51913">
        <ele>1108.0</ele>
      </trkpt>
      <trkpt lat="35.17791" lon="-115.51983">
        <ele>1106.84</ele>
      </trkpt>
      <trkpt lat="35.1781" lon="-115.52076">
        <ele>1105.0</ele>
      </trkpt>
      <trkpt lat="35.17824" lon="-115.5213">
        <ele>1104.0</ele>
      </trkpt>
      <trkpt lat="35.17837" lon="-115.52184">
        <ele>1103.0</ele>
      </trkpt>
      <trkpt lat="35.17851" lon="-115.52238">
        <ele>1102.0</ele>
      </trkpt>
      <trkpt lat="35.17863" lon="-115.52314">
        <ele>1102.2</ele>
      </trkpt>
      <trkpt lat="35.17875" lon="-115.5239">
        <ele>1102.0</ele>
      </trkpt>
      <trkpt lat="35.17882" lon="-115.52447">
        <ele>1102.0</ele>
      </trkpt>
      <trkpt lat="35.17888" lon="-115.52504">
        <ele>1101.0</ele>
      </trkpt>
      <trkpt lat="35.17897" lon="-115.5255">
        <ele>1101.0</ele>
      </trkpt>
      <trkpt lat="35.17911" lon="-115.52607">
        <ele>1100.44</ele>
      </trkpt>
      <trkpt lat="35.17924" lon="-115.52664">
        <ele>1100.0</ele>
      </trkpt>
      <trkpt lat="35.17933" lon="-115.52719">
        <ele>1100.0</ele>
      </trkpt>
      <trkpt lat="35.17942" lon="-115.52777">
        <ele>1099.74</ele>
      </trkpt>
      <trkpt lat="35.1795" lon="-115.52834">
        <ele>1099.0</ele>
      </trkpt>
      <trkpt lat="35.17959" lon="-115.52896">
        <ele>1099.0</ele>
      </trkpt>
      <trkpt lat="35.17972" lon="-115.5295">
        <ele>1098.98</ele>
      </trkpt>
      <trkpt lat="35.17985" lon="-115.53034">
        <ele>1098.12</ele>
      </trkpt>
      <trkpt lat="35.18001" lon="-115.53102">
        <ele>1098.11</ele>
      </trkpt>
      <trkpt lat="35.18013" lon="-115.53163">
        <ele>1098.4</ele>
      </trkpt>
      <trkpt lat="35.18025" lon="-115.53223">
        <ele>1098.97</ele>
      </trkpt>
      <trkpt lat="35.18045" lon="-115.53316">
        <ele>1099.0</ele>
      </trkpt>
      <trkpt lat="35.18052" lon="-115.53367">
        <ele>1099.0</ele>
      </trkpt>
      <trkpt lat="35.18061" lon="-115.53415">
        <ele>1099.59</ele>
      </trkpt>
      <trkpt lat="35.18069" lon="-115.53494">
        <ele>1100.0</ele>
      </trkpt>
      <trkpt lat="35.18088" lon="-115.53577">
        <ele>1101.0</ele>
      </trkpt>
      <trkpt lat="35.18096" lon="-115.53636">
        <ele>1101.25</ele>
      </trkpt>
      <trkpt lat="35.18103" lon="-115.53696">
        <ele>1102.02</ele>
      </trkpt>
      <trkpt lat="35.18111" lon="-115.53755">
        <ele>1102.99</ele>
      </trkpt>
      <trkpt lat="35.18122" lon="-115.5381">
        <ele>1103.18</ele>
      </trkpt>
      <trkpt lat="35.18141" lon="-115.53865">
        <ele>1104.55</ele>
      </trkpt>
      <trkpt lat="35.18155" lon="-115.53918">
        <ele>1105.74</ele>
      </trkpt>
      <trkpt lat="35.18173" lon="-115.53989">
        <ele>1107.0</ele>
      </trkpt>
      <trkpt lat="35.18191" lon="-115.54059">
        <ele>1108.63</ele>
      </trkpt>
      <trkpt lat="35.18216" lon="-115.54137">
        <ele>1110.33</ele>
      </trkpt>
      <trkpt lat="35.18224" lon="-115.54188">
        <ele>1111.0</ele>
      </trkpt>
      <trkpt lat="35.18227" lon="-115.54256">
        <ele>1111.0</ele>
      </trkpt>
      <trkpt lat="35.18234" lon="-115.54312">
        <ele>1111.27</ele>
      </trkpt>
      <trkpt lat="35.18241" lon="-115.54368">
        <ele>1111.03</ele>
      </trkpt>
      <trkpt lat="35.18254" lon="-115.54425">
        <ele>1112.0</ele>
      </trkpt>
      <trkpt lat="35.18274" lon="-115.54531">
        <ele>1113.0</ele>
      </trkpt>
      <trkpt lat="35.18301" lon="-115.54627">
        <ele>1114.0</ele>
      </trkpt>
      <trkpt lat="35.18317" lon="-115.54694">
        <ele>1115.0</ele>
      </trkpt>
      <trkpt lat="35.18332" lon="-115.54785">
        <ele>1115.0</ele>
      </trkpt>
      <trkpt lat="35.18342" lon="-115.54889">
        <ele>1115.01</ele>
      </trkpt>
      <trkpt lat="35.18353" lon="-115.54968">
        <ele>1117.07</ele>
      </trkpt>
      <trkpt lat="35.18367" lon="-115.55068">
        <ele>1119.0</ele>
      </trkpt>
      <trkpt lat="35.18388" lon="-115.55166">
        <ele>1120.0</ele>
      </trkpt>
      <trkpt lat="35.18392" lon="-115.55268">
        <ele>1121.0</ele>
      </trkpt>
      <trkpt lat="35.18408" lon="-115.55355">
        <ele>1123.0</ele>
      </trkpt>
      <trkpt lat="35.18422" lon="-115.55418">
        <ele>1124.0</ele>
      </trkpt>
      <trkpt lat="35.18441" lon="-115.55505">
        <ele>1125.83</ele>
      </trkpt>
      <trkpt lat="35.18452" lon="-115.55585">
        <ele>1127.0</ele>
      </trkpt>
      <trkpt lat="35.18463" lon="-115.55663">
        <ele>1128.61</ele>
      </trkpt>
      <trkpt lat="35.18474" lon="-115.5574">
        <ele>1130.18</ele>
      </trkpt>
      <trkpt lat="35.18488" lon="-115.55799">
        <ele>1131.7</ele>
      </trkpt>
      <trkpt lat="35.18499" lon="-115.5586">
        <ele>1133.0</ele>
      </trkpt>
      <trkpt lat="35.18512" lon="-115.55919">
        <ele>1134.3</ele>
      </trkpt>
      <trkpt lat="35.18525" lon="-115.5599">
        <ele>1136.0</ele>
      </trkpt>
      <trkpt lat="35.18538" lon="-115.56061">
        <ele>1138.0</ele>
      </trkpt>
      <trkpt lat="35.18551" lon="-115.56122">
        <ele>1139.09</ele>
      </trkpt>
      <trkpt lat="35.18567" lon="-115.56188">
        <ele>1141.0</ele>
      </trkpt>
      <trkpt lat="35.18582" lon="-115.56253">
        <ele>1141.86</ele>
      </trkpt>
      <trkpt lat="35.18595" lon="-115.56331">
        <ele>1142.0</ele>
      </trkpt>
      <trkpt lat="35.18612" lon="-115.56432">
        <ele>1144.0</ele>
      </trkpt>
      <trkpt lat="35.18633" lon="-115.56498">
        <ele>1146.0</ele>
      </trkpt>
      <trkpt lat="35.18638" lon="-115.5653">
        <ele>1146.9</ele>
      </trkpt>
      <trkpt lat="35.18657" lon="-115.56602">
        <ele>1148.0</ele>
      </trkpt>
      <trkpt lat="35.18673" lon="-115.5669">
        <ele>1149.68</ele>
      </trkpt>
      <trkpt lat="35.18681" lon="-115.56748">
        <ele>1150.55</ele>
      </trkpt>
      <trkpt lat="35.18688" lon="-115.56796">
        <ele>1152.29</ele>
      </trkpt>
      <trkpt lat="35.18701" lon="-115.56854">
        <ele>1154.71</ele>
      </trkpt>
      <trkpt lat="35.18714" lon="-115.56912">
        <ele>1157.06</ele>
      </trkpt>
      <trkpt lat="35.18724" lon="-115.56944">
        <ele>1158.96</ele>
      </trkpt>
      <trkpt lat="35.18742" lon="-115.57021">
        <ele>1161.14</ele>
      </trkpt>
      <trkpt lat="35.18747" lon="-115.57066">
        <ele>1162.0</ele>
      </trkpt>
      <trkpt lat="35.18761" lon="-115.57123">
        <ele>1163.0</ele>
      </trkpt>
      <trkpt lat="35.18776" lon="-115.5718">
        <ele>1163.81</ele>
      </trkpt>
      <trkpt lat="35.18777" lon="-115.57218">
        <ele>1163.92</ele>
      </trkpt>
      <trkpt lat="35.18783" lon="-115.57256">
        <ele>1164.56</ele>
      </trkpt>
      <trkpt lat="35.18806" lon="-115.57353">
        <ele>1166.05</ele>
      </trkpt>
      <trkpt lat="35.18816" lon="-115.57418">
        <ele>1167.13</ele>
      </trkpt>
      <trkpt lat="35.18816" lon="-115.57464">
        <ele>1168.01</ele>
      </trkpt>
      <trkpt lat="35.18821" lon="-115.57489">
        <ele>1168.67</ele>
      </trkpt>
      <trkpt lat="35.18841" lon="-115.57565">
        <ele>1170.83</ele>
      </trkpt>
      <trkpt lat="35.18853" lon="-115.57632">
        <ele>1172.0</ele>
      </trkpt>
      <trkpt lat="35.18865" lon="-115.57699">
        <ele>1173.42</ele>
      </trkpt>
      <trkpt lat="35.18864" lon="-115.5776">
        <ele>1173.37</ele>
      </trkpt>
      <trkpt lat="35.18858" lon="-115.57816">
        <ele>1173.66</ele>
      </trkpt>
      <trkpt lat="35.18855" lon="-115.57905">
        <ele>1174.34</ele>
      </trkpt>
      <trkpt lat="35.18861" lon="-115.57995">
        <ele>1175.99</ele>
      </trkpt>
      <trkpt lat="35.18861" lon="-115.58051">
        <ele>1176.99</ele>
      </trkpt>
      <trkpt lat="35.18861" lon="-115.58106">
        <ele>1176.99</ele>
      </trkpt>
      <trkpt lat="35.18861" lon="-115.58162">
        <ele>1176.99</ele>
      </trkpt>
      <trkpt lat="35.18861" lon="-115.58217">
        <ele>1177.0</ele>
      </trkpt>
      <trkpt lat="35.18861" lon="-115.58273">
        <ele>1177.0</ele>
      </trkpt>
      <trkpt lat="35.18861" lon="-115.58328">
        <ele>1177.0</ele>
      </trkpt>
      <trkpt lat="35.1886" lon="-115.5836">
        <ele>1177.0</ele>
      </trkpt>
      <trkpt lat="35.18859" lon="-115.58424">
        <ele>1177.77</ele>
      </trkpt>
      <trkpt lat="35.18859" lon="-115.58487">
        <ele>1177.77</ele>
      </trkpt>
      <trkpt lat="35.18858" lon="-115.58551">
        <ele>1177.66</ele>
      </trkpt>
      <trkpt lat="35.18861" lon="-115.58653">
        <ele>1179.52</ele>
      </trkpt>
      <trkpt lat="35.18862" lon="-115.58711">
        <ele>1181.1</ele>
      </trkpt>
      <trkpt lat="35.18863" lon="-115.58768">
        <ele>1182.0</ele>
      </trkpt>
      <trkpt lat="35.18864" lon="-115.58826">
        <ele>1182.46</ele>
      </trkpt>
      <trkpt lat="35.18865" lon="-115.58883">
        <ele>1184.42</ele>
      </trkpt>
      <trkpt lat="35.18867" lon="-115.58928">
        <ele>1185.72</ele>
      </trkpt>
      <trkpt lat="35.18874" lon="-115.58966">
        <ele>1187.59</ele>
      </trkpt>
      <trkpt lat="35.18873" lon="-115.58999">
        <ele>1188.92</ele>
      </trkpt>
      <trkpt lat="35.18881" lon="-115.59099">
        <ele>1191.74</ele>
      </trkpt>
      <trkpt lat="35.18878" lon="-115.59173">
        <ele>1194.0</ele>
      </trkpt>
      <trkpt lat="35.18876" lon="-115.59247">
        <ele>1195.87</ele>
      </trkpt>
      <trkpt lat="35.18875" lon="-115.59344">
        <ele>1198.0</ele>
      </trkpt>
      <trkpt lat="35.18883" lon="-115.59408">
        <ele>1199.0</ele>
      </trkpt>
      <trkpt lat="35.18896" lon="-115.5947">
        <ele>1200.94</ele>
      </trkpt>
      <trkpt lat="35.18903" lon="-115.59526">
        <ele>1202.0</ele>
      </trkpt>
      <trkpt lat="35.18906" lon="-115.59614">
        <ele>1203.85</ele>
      </trkpt>
      <trkpt lat="35.18891" lon="-115.59691">
        <ele>1204.23</ele>
      </trkpt>
      <trkpt lat="35.18889" lon="-115.59719">
        <ele>1205.0</ele>
      </trkpt>
      <trkpt lat="35.18887" lon="-115.59773">
        <ele>1206.0</ele>
      </trkpt>
      <trkpt lat="35.18892" lon="-115.59844">
        <ele>1207.66</ele>
      </trkpt>
      <trkpt lat="35.18892" lon="-115.59888">
        <ele>1208.0</ele>
      </trkpt>
      <trkpt lat="35.18886" lon="-115.59947">
        <ele>1208.0</ele>
      </trkpt>
      <trkpt lat="35.1888" lon="-115.60006">
        <ele>1207.0</ele>
      </trkpt>
      <trkpt lat="35.18879" lon="-115.60029">
        <ele>1208.0</ele>
      </trkpt>
      <trkpt lat="35.18868" lon="-115.60046">
        <ele>1208.26</ele>
      </trkpt>
      <trkpt lat="35.18858" lon="-115.60065">
        <ele>1208.33</ele>
      </trkpt>
      <trkpt lat="35.18838" lon="-115.60131">
        <ele>1207.93</ele>
      </trkpt>
      <trkpt lat="35.18817" lon="-115.60173">
        <ele>1204.07</ele>
      </trkpt>
      <trkpt lat="35.18806" lon="-115.60206">
        <ele>1202.04</ele>
      </trkpt>
      <trkpt lat="35.18789" lon="-115.60236">
        <ele>1200.62</ele>
      </trkpt>
      <trkpt lat="35.18777" lon="-115.60274">
        <ele>1199.92</ele>
      </trkpt>
      <trkpt lat="35.18759" lon="-115.6032">
        <ele>1199.0</ele>
      </trkpt>
      <trkpt lat="35.18742" lon="-115.60356">
        <ele>1198.14</ele>
      </trkpt>
      <trkpt lat="35.18721" lon="-115.60405">
        <ele>1197.0</ele>
      </trkpt>
      <trkpt lat="35.18707" lon="-115.60436">
        <ele>1196.32</ele>
      </trkpt>
      <trkpt lat="35.18689" lon="-115.60483">
        <ele>1195.0</ele>
      </trkpt>
      <trkpt lat="35.18666" lon="-115.60552">
        <ele>1193.0</ele>
      </trkpt>
      <trkpt lat="35.18655" lon="-115.60581">
        <ele>1192.0</ele>
      </trkpt>
      <trkpt lat="35.18642" lon="-115.6061">
        <ele>1191.0</ele>
      </trkpt>
      <trkpt lat="35.18615" lon="-115.60656">
        <ele>1190.0</ele>
      </trkpt>
      <trkpt lat="35.18607" lon="-115.60675">
        <ele>1189.0</ele>
      </trkpt>
      <trkpt lat="35.1859" lon="-115.60733">
        <ele>1187.6</ele>
      </trkpt>
      <trkpt lat="35.18577" lon="-115.6076">
        <ele>1186.32</ele>
      </trkpt>
      <trkpt lat="35.18561" lon="-115.60788">
        <ele>1185.0</ele>
      </trkpt>
      <trkpt lat="35.1852" lon="-115.60845">
        <ele>1182.78</ele>
      </trkpt>
      <trkpt lat="35.18506" lon="-115.60883">
        <ele>1181.0</ele>
      </trkpt>
      <trkpt lat="35.18486" lon="-115.60923">
        <ele>1179.65</ele>
      </trkpt>
      <trkpt lat="35.18479" lon="-115.60947">
        <ele>1179.0</ele>
      </trkpt>
      <trkpt lat="35.18471" lon="-115.60963">
        <ele>1178.0</ele>
      </trkpt>
      <trkpt lat="35.1842" lon="-115.61037">
        <ele>1175.0</ele>
      </trkpt>
      <trkpt lat="35.18404" lon="-115.61067">
        <ele>1173.63</ele>
      </trkpt>
      <trkpt lat="35.18387" lon="-115.61094">
        <ele>1171.97</ele>
      </trkpt>
      <trkpt lat="35.18379" lon="-115.61121">
        <ele>1171.0</ele>
      </trkpt>
      <trkpt lat="35.18364" lon="-115.61143">
        <ele>1170.17</ele>
      </trkpt>
      <trkpt lat="35.18357" lon="-115.61162">
        <ele>1169.56</ele>
      </trkpt>
      <trkpt lat="35.18357" lon="-115.61181">
        <ele>1169.25</ele>
      </trkpt>
      <trkpt lat="35.18353" lon="-115.61198">
        <ele>1169.0</ele>
      </trkpt>
      <trkpt lat="35.18353" lon="-115.61228">
        <ele>1168.12</ele>
      </trkpt>
      <trkpt lat="35.18349" lon="-115.61255">
        <ele>1167.69</ele>
      </trkpt>
      <trkpt lat="35.18344" lon="-115.61268">
        <ele>1167.01</ele>
      </trkpt>
      <trkpt lat="35.18331" lon="-115.61284">
        <ele>1166.0</ele>
      </trkpt>
      <trkpt lat="35.18324" lon="-115.61308">
        <ele>1165.0</ele>
      </trkpt>
      <trkpt lat="35.18298" lon="-115.61351">
        <ele>1163.18</ele>
      </trkpt>
      <trkpt lat="35.18279" lon="-115.61379">
        <ele>1162.01</ele>
      </trkpt>
      <trkpt lat="35.18241" lon="-115.61413">
        <ele>1160.02</ele>
      </trkpt>
      <trkpt lat="35.18229" lon="-115.61428">
        <ele>1159.73</ele>
      </trkpt>
      <trkpt lat="35.18211" lon="-115.61487">
        <ele>1159.79</ele>
      </trkpt>
      <trkpt lat="35.18194" lon="-115.61545">
        <ele>1159.0</ele>
      </trkpt>
      <trkpt lat="35.18173" lon="-115.6161">
        <ele>1159.0</ele>
      </trkpt>
      <trkpt lat="35.1815" lon="-115.61672">
        <ele>1159.2</ele>
      </trkpt>
      <trkpt lat="35.18127" lon="-115.61734">
        <ele>1158.72</ele>
      </trkpt>
      <trkpt lat="35.18111" lon="-115.61794">
        <ele>1159.0</ele>
      </trkpt>
      <trkpt lat="35.18094" lon="-115.61854">
        <ele>1159.35</ele>
      </trkpt>
      <trkpt lat="35.18061" lon="-115.61935">
        <ele>1158.59</ele>
      </trkpt>
      <trkpt lat="35.1803" lon="-115.62017">
        <ele>1159.2</ele>
      </trkpt>
      <trkpt lat="35.18014" lon="-115.62066">
        <ele>1159.51</ele>
      </trkpt>
      <trkpt lat="35.18014" lon="-115.62066">
        <ele>1159.51</ele>
      </trkpt>
      <trkpt lat="35.17995" lon="-115.62124">
        <ele>1159.0</ele>
      </trkpt>
      <trkpt lat="35.17967" lon="-115.62201">
        <ele>1158.44</ele>
      </trkpt>
      <trkpt lat="35.17947" lon="-115.62265">
        <ele>1158.28</ele>
      </trkpt>
      <trkpt lat="35.17934" lon="-115.623">
        <ele>1157.92</ele>
      </trkpt>
      <trkpt lat="35.17906" lon="-115.62364">
        <ele>1157.85</ele>
      </trkpt>
      <trkpt lat="35.17883" lon="-115.62422">
        <ele>1159.36</ele>
      </trkpt>
      <trkpt lat="35.17857" lon="-115.62503">
        <ele>1160.18</ele>
      </trkpt>
      <trkpt lat="35.17839" lon="-115.62566">
        <ele>1161.61</ele>
      </trkpt>
      <trkpt lat="35.17823" lon="-115.62616">
        <ele>1162.0</ele>
      </trkpt>
      <trkpt lat="35.17798" lon="-115.62684">
        <ele>1163.0</ele>
      </trkpt>
      <trkpt lat="35.17765" lon="-115.62766">
        <ele>1163.45</ele>
      </trkpt>
      <trkpt lat="35.17752" lon="-115.62823">
        <ele>1164.19</ele>
      </trkpt>
      <trkpt lat="35.17731" lon="-115.62878">
        <ele>1165.0</ele>
      </trkpt>
      <trkpt lat="35.17709" lon="-115.62932">
        <ele>1165.85</ele>
      </trkpt>
      <trkpt lat="35.17688" lon="-115.62987">
        <ele>1166.18</ele>
      </trkpt>
      <trkpt lat="35.17668" lon="-115.63044">
        <ele>1167.0</ele>
      </trkpt>
      <trkpt lat="35.17647" lon="-115.631">
        <ele>1167.7</ele>
      </trkpt>
      <trkpt lat="35.1762" lon="-115.63159">
        <ele>1168.0</ele>
      </trkpt>
      <trkpt lat="35.1759" lon="-115.63247">
        <ele>1169.49</ele>
      </trkpt>
      <trkpt lat="35.17562" lon="-115.63311">
        <ele>1170.0</ele>
      </trkpt>
      <trkpt lat="35.17534" lon="-115.63375">
        <ele>1171.0</ele>
      </trkpt>
      <trkpt lat="35.17523" lon="-115.63398">
        <ele>1172.0</ele>
      </trkpt>
      <trkpt lat="35.17519" lon="-115.63412">
        <ele>1172.52</ele>
      </trkpt>
      <trkpt lat="35.17496" lon="-115.63468">
        <ele>1173.8</ele>
      </trkpt>
      <trkpt lat="35.17473" lon="-115.63523">
        <ele>1175.04</ele>
      </trkpt>
      <trkpt lat="35.17449" lon="-115.63574">
        <ele>1176.0</ele>
      </trkpt>
      <trkpt lat="35.17424" lon="-115.63625">
        <ele>1176.4</ele>
      </trkpt>
      <trkpt lat="35.174" lon="-115.63676">
        <ele>1177.2</ele>
      </trkpt>
      <trkpt lat="35.17367" lon="-115.63761">
        <ele>1179.64</ele>
      </trkpt>
      <trkpt lat="35.1734" lon="-115.63831">
        <ele>1180.0</ele>
      </trkpt>
      <trkpt lat="35.17313" lon="-115.639">
        <ele>1180.8</ele>
      </trkpt>
      <trkpt lat="35.17284" lon="-115.63966">
        <ele>1181.0</ele>
      </trkpt>
      <trkpt lat="35.17255" lon="-115.64031">
        <ele>1182.7</ele>
      </trkpt>
      <trkpt lat="35.17236" lon="-115.64088">
        <ele>1183.75</ele>
      </trkpt>
      <trkpt lat="35.17217" lon="-115.64144">
        <ele>1184.44</ele>
      </trkpt>
      <trkpt lat="35.17198" lon="-115.64201">
        <ele>1184.82</ele>
      </trkpt>
      <trkpt lat="35.17179" lon="-115.64257">
        <ele>1185.33</ele>
      </trkpt>
      <trkpt lat="35.17155" lon="-115.64315">
        <ele>1186.01</ele>
      </trkpt>
      <trkpt lat="35.17132" lon="-115.64373">
        <ele>1187.47</ele>
      </trkpt>
      <trkpt lat="35.17108" lon="-115.6443">
        <ele>1189.29</ele>
      </trkpt>
      <trkpt lat="35.17084" lon="-115.64488">
        <ele>1190.07</ele>
      </trkpt>
      <trkpt lat="35.17065" lon="-115.64545">
        <ele>1190.02</ele>
      </trkpt>
      <trkpt lat="35.17045" lon="-115.64601">
        <ele>1188.86</ele>
      </trkpt>
      <trkpt lat="35.17002" lon="-115.64689">
        <ele>1184.22</ele>
      </trkpt>
      <trkpt lat="35.17027" lon="-115.64686">
        <ele>1187.83</ele>
      </trkpt>
      <trkpt lat="35.17088" lon="-115.64688">
        <ele>1193.0</ele>
      </trkpt>
      <trkpt lat="35.17137" lon="-115.64695">
        <ele>1196.8</ele>
      </trkpt>
      <trkpt lat="35.17189" lon="-115.64694">
        <ele>1201.97</ele>
      </trkpt>
      <trkpt lat="35.17241" lon="-115.64693">
        <ele>1207.06</ele>
      </trkpt>
      <trkpt lat="35.17282" lon="-115.64701">
        <ele>1212.0</ele>
      </trkpt>
      <trkpt lat="35.1736" lon="-115.64703">
        <ele>1219.88</ele>
      </trkpt>
      <trkpt lat="35.17402" lon="-115.64716">
        <ele>1222.61</ele>
      </trkpt>
      <trkpt lat="35.17429" lon="-115.64729">
        <ele>1225.06</ele>
      </trkpt>
      <trkpt lat="35.1745" lon="-115.6475">
        <ele>1227.6</ele>
      </trkpt>
      <trkpt lat="35.17495" lon="-115.64801">
        <ele>1232.73</ele>
      </trkpt>
      <trkpt lat="35.17503" lon="-115.64825">
        <ele>1234.1</ele>
      </trkpt>
      <trkpt lat="35.17523" lon="-115.64858">
        <ele>1236.83</ele>
      </trkpt>
      <trkpt lat="35.17556" lon="-115.64932">
        <ele>1242.67</ele>
      </trkpt>
      <trkpt lat="35.1759" lon="-115.65005">
        <ele>1248.87</ele>
      </trkpt>
      <trkpt lat="35.1761" lon="-115.65058">
        <ele>1251.0</ele>
      </trkpt>
      <trkpt lat="35.1763" lon="-115.65111">
        <ele>1254.04</ele>
      </trkpt>
      <trkpt lat="35.17651" lon="-115.65162">
        <ele>1258.5</ele>
      </trkpt>
      <trkpt lat="35.17673" lon="-115.65212">
        <ele>1261.9</ele>
      </trkpt>
      <trkpt lat="35.17688" lon="-115.65242">
        <ele>1263.14</ele>
      </trkpt>
      <trkpt lat="35.17715" lon="-115.65308">
        <ele>1267.43</ele>
      </trkpt>
      <trkpt lat="35.17742" lon="-115.65373">
        <ele>1272.38</ele>
      </trkpt>
      <trkpt lat="35.17748" lon="-115.65397">
        <ele>1273.88</ele>
      </trkpt>
      <trkpt lat="35.17762" lon="-115.65424">
        <ele>1275.85</ele>
      </trkpt>
      <trkpt lat="35.17783" lon="-115.65478">
        <ele>1280.19</ele>
      </trkpt>
      <trkpt lat="35.17797" lon="-115.65534">
        <ele>1282.7</ele>
      </trkpt>
      <trkpt lat="35.17807" lon="-115.65563">
        <ele>1284.13</ele>
      </trkpt>
      <trkpt lat="35.17817" lon="-115.65587">
        <ele>1286.24</ele>
      </trkpt>
      <trkpt lat="35.17859" lon="-115.65633">
        <ele>1291.85</ele>
      </trkpt>
      <trkpt lat="35.17908" lon="-115.65725">
        <ele>1298.36</ele>
      </trkpt>
      <trkpt lat="35.17929" lon="-115.65785">
        <ele>1302.0</ele>
      </trkpt>
      <trkpt lat="35.17941" lon="-115.65802">
        <ele>1302.24</ele>
      </trkpt>
      <trkpt lat="35.17951" lon="-115.65811">
        <ele>1302.29</ele>
      </trkpt>
      <trkpt lat="35.17961" lon="-115.65824">
        <ele>1303.0</ele>
      </trkpt>
      <trkpt lat="35.17972" lon="-115.65866">
        <ele>1306.52</ele>
      </trkpt>
      <trkpt lat="35.17972" lon="-115.65881">
        <ele>1309.12</ele>
      </trkpt>
      <trkpt lat="35.17974" lon="-115.65894">
        <ele>1310.19</ele>
      </trkpt>
      <trkpt lat="35.17989" lon="-115.6591">
        <ele>1311.86</ele>
      </trkpt>
      <trkpt lat="35.17995" lon="-115.65929">
        <ele>1312.64</ele>
      </trkpt>
      <trkpt lat="35.18004" lon="-115.65945">
        <ele>1313.47</ele>
      </trkpt>
      <trkpt lat="35.1802" lon="-115.65966">
        <ele>1315.44</ele>
      </trkpt>
      <trkpt lat="35.18054" lon="-115.65991">
        <ele>1318.02</ele>
      </trkpt>
      <trkpt lat="35.18101" lon="-115.66023">
        <ele>1321.44</ele>
      </trkpt>
      <trkpt lat="35.18132" lon="-115.66066">
        <ele>1325.13</ele>
      </trkpt>
      <trkpt lat="35.18169" lon="-115.66107">
        <ele>1328.67</ele>
      </trkpt>
      <trkpt lat="35.1819" lon="-115.66136">
        <ele>1331.0</ele>
      </trkpt>
      <trkpt lat="35.18206" lon="-115.6617">
        <ele>1333.09</ele>
      </trkpt>
      <trkpt lat="35.18225" lon="-115.66217">
        <ele>1336.13</ele>
      </trkpt>
      <trkpt lat="35.18234" lon="-115.66273">
        <ele>1339.13</ele>
      </trkpt>
      <trkpt lat="35.1824" lon="-115.66287">
        <ele>1340.0</ele>
      </trkpt>
      <trkpt lat="35.18263" lon="-115.66318">
        <ele>1342.14</ele>
      </trkpt>
      <trkpt lat="35.18292" lon="-115.66346">
        <ele>1345.2</ele>
      </trkpt>
      <trkpt lat="35.18315" lon="-115.66364">
        <ele>1347.01</ele>
      </trkpt>
      <trkpt lat="35.18324" lon="-115.66381">
        <ele>1348.0</ele>
      </trkpt>
      <trkpt lat="35.18338" lon="-115.66396">
        <ele>1349.0</ele>
      </trkpt>
      <trkpt lat="35.18352" lon="-115.66418">
        <ele>1350.16</ele>
      </trkpt>
      <trkpt lat="35.18362" lon="-115.66444">
        <ele>1352.09</ele>
      </trkpt>
      <trkpt lat="35.18381" lon="-115.66479">
        <ele>1355.0</ele>
      </trkpt>
      <trkpt lat="35.18388" lon="-115.66511">
        <ele>1357.0</ele>
      </trkpt>
      <trkpt lat="35.18398" lon="-115.66533">
        <ele>1358.55</ele>
      </trkpt>
      <trkpt lat="35.18422" lon="-115.66594">
        <ele>1362.15</ele>
      </trkpt>
      <trkpt lat="35.18441" lon="-115.66633">
        <ele>1365.23</ele>
      </trkpt>
      <trkpt lat="35.18452" lon="-115.6667">
        <ele>1367.88</ele>
      </trkpt>
      <trkpt lat="35.18467" lon="-115.66712">
        <ele>1370.0</ele>
      </trkpt>
      <trkpt lat="35.18479" lon="-115.66767">
        <ele>1372.96</ele>
      </trkpt>
      <trkpt lat="35.1848" lon="-115.66821">
        <ele>1376.56</ele>
      </trkpt>
      <trkpt lat="35.18485" lon="-115.66853">
        <ele>1378.12</ele>
      </trkpt>
      <trkpt lat="35.18487" lon="-115.66883">
        <ele>1380.0</ele>
      </trkpt>
      <trkpt lat="35.185" lon="-115.66914">
        <ele>1381.71</ele>
      </trkpt>
      <trkpt lat="35.18516" lon="-115.66941">
        <ele>1383.0</ele>
      </trkpt>
      <trkpt lat="35.1852" lon="-115.66955">
        <ele>1384.0</ele>
      </trkpt>
      <trkpt lat="35.18525" lon="-115.66973">
        <ele>1384.7</ele>
      </trkpt>
      <trkpt lat="35.18534" lon="-115.66985">
        <ele>1385.0</ele>
      </trkpt>
      <trkpt lat="35.1854" lon="-115.67008">
        <ele>1385.32</ele>
      </trkpt>
      <trkpt lat="35.18533" lon="-115.67032">
        <ele>1384.8</ele>
      </trkpt>
      <trkpt lat="35.18496" lon="-115.67107">
        <ele>1380.0</ele>
      </trkpt>
      <trkpt lat="35.1847" lon="-115.6715">
        <ele>1377.76</ele>
      </trkpt>
      <trkpt lat="35.18453" lon="-115.67174">
        <ele>1376.0</ele>
      </trkpt>
      <trkpt lat="35.18434" lon="-115.67209">
        <ele>1373.93</ele>
      </trkpt>
      <trkpt lat="35.18424" lon="-115.67237">
        <ele>1372.79</ele>
      </trkpt>
      <trkpt lat="35.18373" lon="-115.67318">
        <ele>1367.28</ele>
      </trkpt>
      <trkpt lat="35.18356" lon="-115.67356">
        <ele>1364.75</ele>
      </trkpt>
      <trkpt lat="35.18346" lon="-115.6738">
        <ele>1363.35</ele>
      </trkpt>
      <trkpt lat="35.18347" lon="-115.6741">
        <ele>1362.48</ele>
      </trkpt>
      <trkpt lat="35.18369" lon="-115.67486">
        <ele>1361.93</ele>
      </trkpt>
      <trkpt lat="35.18382" lon="-115.67525">
        <ele>1361.08</ele>
      </trkpt>
      <trkpt lat="35.1838" lon="-115.67574">
        <ele>1359.05</ele>
      </trkpt>
      <trkpt lat="35.18383" lon="-115.67603">
        <ele>1358.92</ele>
      </trkpt>
      <trkpt lat="35.18381" lon="-115.67624">
        <ele>1358.15</ele>
      </trkpt>
      <trkpt lat="35.18374" lon="-115.6766">
        <ele>1356.83</ele>
      </trkpt>
      <trkpt lat="35.18344" lon="-115.67729">
        <ele>1353.04</ele>
      </trkpt>
      <trkpt lat="35.1834" lon="-115.67773">
        <ele>1351.37</ele>
      </trkpt>
      <trkpt lat="35.18341" lon="-115.67806">
        <ele>1350.79</ele>
      </trkpt>
      <trkpt lat="35.18337" lon="-115.67841">
        <ele>1349.4</ele>
      </trkpt>
      <trkpt lat="35.18323" lon="-115.67885">
        <ele>1346.93</ele>
      </trkpt>
      <trkpt lat="35.1832" lon="-115.67897">
        <ele>1346.07</ele>
      </trkpt>
      <trkpt lat="35.18325" lon="-115.67913">
        <ele>1346.0</ele>
      </trkpt>
      <trkpt lat="35.18344" lon="-115.67941">
        <ele>1346.25</ele>
      </trkpt>
      <trkpt lat="35.18365" lon="-115.67963">
        <ele>1348.0</ele>
      </trkpt>
      <trkpt lat="35.18381" lon="-115.67989">
        <ele>1348.0</ele>
      </trkpt>
      <trkpt lat="35.1841" lon="-115.68092">
        <ele>1348.02</ele>
      </trkpt>
      <trkpt lat="35.18422" lon="-115.6813">
        <ele>1347.58</ele>
      </trkpt>
      <trkpt lat="35.18438" lon="-115.68165">
        <ele>1347.3</ele>
      </trkpt>
      <trkpt lat="35.1847" lon="-115.68215">
        <ele>1346.95</ele>
      </trkpt>
      <trkpt lat="35.18502" lon="-115.68264">
        <ele>1346.11</ele>
      </trkpt>
      <trkpt lat="35.18518" lon="-115.68301">
        <ele>1345.0</ele>
      </trkpt>
      <trkpt lat="35.18537" lon="-115.68372">
        <ele>1343.82</ele>
      </trkpt>
      <trkpt lat="35.18555" lon="-115.68443">
        <ele>1342.0</ele>
      </trkpt>
      <trkpt lat="35.18564" lon="-115.68473">
        <ele>1340.99</ele>
      </trkpt>
      <trkpt lat="35.1858" lon="-115.68513">
        <ele>1338.6</ele>
      </trkpt>
      <trkpt lat="35.1858" lon="-115.68588">
        <ele>1335.82</ele>
      </trkpt>
      <trkpt lat="35.18588" lon="-115.68606">
        <ele>1335.28</ele>
      </trkpt>
      <trkpt lat="35.18613" lon="-115.68632">
        <ele>1335.8</ele>
      </trkpt>
      <trkpt lat="35.18624" lon="-115.68647">
        <ele>1335.47</ele>
      </trkpt>
      <trkpt lat="35.18647" lon="-115.68745">
        <ele>1333.47</ele>
      </trkpt>
      <trkpt lat="35.18652" lon="-115.6878">
        <ele>1332.32</ele>
      </trkpt>
      <trkpt lat="35.18655" lon="-115.68816">
        <ele>1331.0</ele>
      </trkpt>
      <trkpt lat="35.18655" lon="-115.68857">
        <ele>1330.0</ele>
      </trkpt>
      <trkpt lat="35.18641" lon="-115.6892">
        <ele>1327.0</ele>
      </trkpt>
      <trkpt lat="35.18616" lon="-115.69004">
        <ele>1323.8</ele>
      </trkpt>
      <trkpt lat="35.18583" lon="-115.69083">
        <ele>1320.03</ele>
      </trkpt>
      <trkpt lat="35.18569" lon="-115.69152">
        <ele>1317.26</ele>
      </trkpt>
      <trkpt lat="35.18546" lon="-115.69219">
        <ele>1314.34</ele>
      </trkpt>
      <trkpt lat="35.18535" lon="-115.69272">
        <ele>1312.0</ele>
      </trkpt>
      <trkpt lat="35.18519" lon="-115.69309">
        <ele>1310.63</ele>
      </trkpt>
      <trkpt lat="35.18512" lon="-115.69333">
        <ele>1309.04</ele>
      </trkpt>
      <trkpt lat="35.18507" lon="-115.6935">
        <ele>1308.8</ele>
      </trkpt>
      <trkpt lat="35.18475" lon="-115.69412">
        <ele>1305.0</ele>
      </trkpt>
      <trkpt lat="35.18442" lon="-115.69473">
        <ele>1301.67</ele>
      </trkpt>
      <trkpt lat="35.18424" lon="-115.69563">
        <ele>1298.16</ele>
      </trkpt>
      <trkpt lat="35.18417" lon="-115.69605">
        <ele>1297.0</ele>
      </trkpt>
      <trkpt lat="35.18413" lon="-115.69647">
        <ele>1295.07</ele>
      </trkpt>
      <trkpt lat="35.18411" lon="-115.69697">
        <ele>1293.83</ele>
      </trkpt>
      <trkpt lat="35.18406" lon="-115.69751">
        <ele>1290.76</ele>
      </trkpt>
      <trkpt lat="35.18397" lon="-115.69798">
        <ele>1289.0</ele>
      </trkpt>
      <trkpt lat="35.18387" lon="-115.69874">
        <ele>1286.0</ele>
      </trkpt>
      <trkpt lat="35.18381" lon="-115.69943">
        <ele>1284.0</ele>
      </trkpt>
      <trkpt lat="35.18375" lon="-115.70011">
        <ele>1281.0</ele>
      </trkpt>
      <trkpt lat="35.18369" lon="-115.70098">
        <ele>1277.91</ele>
      </trkpt>
      <trkpt lat="35.1836" lon="-115.70156">
        <ele>1275.0</ele>
      </trkpt>
      <trkpt lat="35.18344" lon="-115.70229">
        <ele>1271.38</ele>
      </trkpt>
      <trkpt lat="35.18328" lon="-115.70302">
        <ele>1269.42</ele>
      </trkpt>
      <trkpt lat="35.18327" lon="-115.70327">
        <ele>1269.0</ele>
      </trkpt>
      <trkpt lat="35.18328" lon="-115.70392">
        <ele>1267.0</ele>
      </trkpt>
      <trkpt lat="35.18329" lon="-115.70457">
        <ele>1265.0</ele>
      </trkpt>
      <trkpt lat="35.1832" lon="-115.70531">
        <ele>1262.0</ele>
      </trkpt>
      <trkpt lat="35.18308" lon="-115.70577">
        <ele>1259.68</ele>
      </trkpt>
      <trkpt lat="35.18306" lon="-115.70603">
        <ele>1258.88</ele>
      </trkpt>
      <trkpt lat="35.18302" lon="-115.70629">
        <ele>1257.04</ele>
      </trkpt>
      <trkpt lat="35.18289" lon="-115.70685">
        <ele>1254.21</ele>
      </trkpt>
      <trkpt lat="35.18276" lon="-115.70741">
        <ele>1251.81</ele>
      </trkpt>
      <trkpt lat="35.18271" lon="-115.70796">
        <ele>1250.01</ele>
      </trkpt>
      <trkpt lat="35.18267" lon="-115.70825">
        <ele>1248.75</ele>
      </trkpt>
      <trkpt lat="35.18257" lon="-115.70868">
        <ele>1246.19</ele>
      </trkpt>
      <trkpt lat="35.18245" lon="-115.70906">
        <ele>1244.0</ele>
      </trkpt>
      <trkpt lat="35.18218" lon="-115.70985">
        <ele>1239.83</ele>
      </trkpt>
      <trkpt lat="35.18196" lon="-115.7104">
        <ele>1237.0</ele>
      </trkpt>
      <trkpt lat="35.18178" lon="-115.71086">
        <ele>1234.78</ele>
      </trkpt>
      <trkpt lat="35.18167" lon="-115.71129">
        <ele>1233.0</ele>
      </trkpt>
      <trkpt lat="35.18158" lon="-115.71149">
        <ele>1232.0</ele>
      </trkpt>
      <trkpt lat="35.18139" lon="-115.71214">
        <ele>1229.0</ele>
      </trkpt>
      <trkpt lat="35.18121" lon="-115.71279">
        <ele>1225.0</ele>
      </trkpt>
      <trkpt lat="35.18094" lon="-115.71363">
        <ele>1220.0</ele>
      </trkpt>
      <trkpt lat="35.18071" lon="-115.71422">
        <ele>1217.0</ele>
      </trkpt>
      <trkpt lat="35.18062" lon="-115.71459">
        <ele>1214.83</ele>
      </trkpt>
      <trkpt lat="35.18043" lon="-115.71524">
        <ele>1211.26</ele>
      </trkpt>
      <trkpt lat="35.18034" lon="-115.71563">
        <ele>1209.13</ele>
      </trkpt>
      <trkpt lat="35.18019" lon="-115.71624">
        <ele>1206.0</ele>
      </trkpt>
      <trkpt lat="35.18005" lon="-115.71684">
        <ele>1203.0</ele>
      </trkpt>
      <trkpt lat="35.17987" lon="-115.71731">
        <ele>1200.62</ele>
      </trkpt>
      <trkpt lat="35.17978" lon="-115.7177">
        <ele>1198.52</ele>
      </trkpt>
      <trkpt lat="35.17961" lon="-115.71857">
        <ele>1193.44</ele>
      </trkpt>
      <trkpt lat="35.17946" lon="-115.71906">
        <ele>1191.0</ele>
      </trkpt>
      <trkpt lat="35.17936" lon="-115.71968">
        <ele>1188.0</ele>
      </trkpt>
      <trkpt lat="35.17925" lon="-115.72029">
        <ele>1184.87</ele>
      </trkpt>
      <trkpt lat="35.17908" lon="-115.72095">
        <ele>1181.74</ele>
      </trkpt>
      <trkpt lat="35.1789" lon="-115.72171">
        <ele>1178.0</ele>
      </trkpt>
      <trkpt lat="35.17877" lon="-115.7224">
        <ele>1175.0</ele>
      </trkpt>
      <trkpt lat="35.17867" lon="-115.72281">
        <ele>1173.0</ele>
      </trkpt>
      <trkpt lat="35.17839" lon="-115.72342">
        <ele>1170.0</ele>
      </trkpt>
      <trkpt lat="35.17812" lon="-115.72425">
        <ele>1165.73</ele>
      </trkpt>
      <trkpt lat="35.17798" lon="-115.72492">
        <ele>1162.86</ele>
      </trkpt>
      <trkpt lat="35.17783" lon="-115.72559">
        <ele>1159.63</ele>
      </trkpt>
      <trkpt lat="35.17765" lon="-115.72636">
        <ele>1156.0</ele>
      </trkpt>
      <trkpt lat="35.17764" lon="-115.72656">
        <ele>1155.0</ele>
      </trkpt>
      <trkpt lat="35.17758" lon="-115.7267">
        <ele>1154.64</ele>
      </trkpt>
      <trkpt lat="35.17737" lon="-115.72767">
        <ele>1151.0</ele>
      </trkpt>
      <trkpt lat="35.17733" lon="-115.72798">
        <ele>1149.0</ele>
      </trkpt>
      <trkpt lat="35.1771" lon="-115.72901">
        <ele>1143.69</ele>
      </trkpt>
      <trkpt lat="35.17686" lon="-115.72997">
        <ele>1139.0</ele>
      </trkpt>
      <trkpt lat="35.17675" lon="-115.73052">
        <ele>1136.38</ele>
      </trkpt>
      <trkpt lat="35.1766" lon="-115.73124">
        <ele>1133.0</ele>
      </trkpt>
      <trkpt lat="35.17644" lon="-115.73196">
        <ele>1130.0</ele>
      </trkpt>
      <trkpt lat="35.17626" lon="-115.73277">
        <ele>1127.0</ele>
      </trkpt>
      <trkpt lat="35.17595" lon="-115.73379">
        <ele>1122.0</ele>
      </trkpt>
      <trkpt lat="35.17559" lon="-115.73467">
        <ele>1118.56</ele>
      </trkpt>
      <trkpt lat="35.17542" lon="-115.73528">
        <ele>1115.99</ele>
      </trkpt>
      <trkpt lat="35.17525" lon="-115.73588">
        <ele>1113.5</ele>
      </trkpt>
      <trkpt lat="35.17495" lon="-115.73676">
        <ele>1110.99</ele>
      </trkpt>
      <trkpt lat="35.17483" lon="-115.73713">
        <ele>1109.0</ele>
      </trkpt>
      <trkpt lat="35.17476" lon="-115.73746">
        <ele>1108.0</ele>
      </trkpt>
      <trkpt lat="35.17451" lon="-115.73839">
        <ele>1104.11</ele>
      </trkpt>
      <trkpt lat="35.17432" lon="-115.73888">
        <ele>1102.1</ele>
      </trkpt>
      <trkpt lat="35.17416" lon="-115.73938">
        <ele>1100.7</ele>
      </trkpt>
      <trkpt lat="35.17403" lon="-115.73984">
        <ele>1099.0</ele>
      </trkpt>
      <trkpt lat="35.17374" lon="-115.74067">
        <ele>1096.0</ele>
      </trkpt>
      <trkpt lat="35.17358" lon="-115.74124">
        <ele>1094.0</ele>
      </trkpt>
      <trkpt lat="35.17343" lon="-115.74187">
        <ele>1091.0</ele>
      </trkpt>
      <trkpt lat="35.17327" lon="-115.7425">
        <ele>1090.0</ele>
      </trkpt>
      <trkpt lat="35.17317" lon="-115.7427">
        <ele>1089.0</ele>
      </trkpt>
      <trkpt lat="35.17313" lon="-115.74293">
        <ele>1088.36</ele>
      </trkpt>
      <trkpt lat="35.17306" lon="-115.74355">
        <ele>1086.66</ele>
      </trkpt>
      <trkpt lat="35.17293" lon="-115.74432">
        <ele>1084.77</ele>
      </trkpt>
      <trkpt lat="35.17275" lon="-115.74496">
        <ele>1083.0</ele>
      </trkpt>
      <trkpt lat="35.17257" lon="-115.7456">
        <ele>1081.0</ele>
      </trkpt>
      <trkpt lat="35.17236" lon="-115.7463">
        <ele>1079.0</ele>
      </trkpt>
      <trkpt lat="35.17215" lon="-115.747">
        <ele>1077.0</ele>
      </trkpt>
      <trkpt lat="35.17198" lon="-115.74762">
        <ele>1075.0</ele>
      </trkpt>
      <trkpt lat="35.17188" lon="-115.74824">
        <ele>1073.0</ele>
      </trkpt>
      <trkpt lat="35.17187" lon="-115.74861">
        <ele>1071.01</ele>
      </trkpt>
      <trkpt lat="35.17176" lon="-115.74944">
        <ele>1069.0</ele>
      </trkpt>
      <trkpt lat="35.17177" lon="-115.75025">
        <ele>1066.0</ele>
      </trkpt>
      <trkpt lat="35.17184" lon="-115.75061">
        <ele>1065.0</ele>
      </trkpt>
      <trkpt lat="35.17188" lon="-115.75119">
        <ele>1063.0</ele>
      </trkpt>
      <trkpt lat="35.17192" lon="-115.75153">
        <ele>1062.0</ele>
      </trkpt>
      <trkpt lat="35.17199" lon="-115.7524">
        <ele>1058.0</ele>
      </trkpt>
      <trkpt lat="35.17205" lon="-115.7527">
        <ele>1056.84</ele>
      </trkpt>
      <trkpt lat="35.17216" lon="-115.75292">
        <ele>1056.0</ele>
      </trkpt>
      <trkpt lat="35.17225" lon="-115.75313">
        <ele>1055.2</ele>
      </trkpt>
      <trkpt lat="35.17227" lon="-115.75333">
        <ele>1055.0</ele>
      </trkpt>
      <trkpt lat="35.1722" lon="-115.75413">
        <ele>1052.3</ele>
      </trkpt>
      <trkpt lat="35.17228" lon="-115.75445">
        <ele>1051.0</ele>
      </trkpt>
      <trkpt lat="35.17229" lon="-115.75481">
        <ele>1050.05</ele>
      </trkpt>
      <trkpt lat="35.17225" lon="-115.75502">
        <ele>1049.78</ele>
      </trkpt>
      <trkpt lat="35.17221" lon="-115.75545">
        <ele>1048.0</ele>
      </trkpt>
      <trkpt lat="35.17219" lon="-115.75636">
        <ele>1045.0</ele>
      </trkpt>
      <trkpt lat="35.17228" lon="-115.75662">
        <ele>1044.0</ele>
      </trkpt>
      <trkpt lat="35.17224" lon="-115.75707">
        <ele>1043.0</ele>
      </trkpt>
      <trkpt lat="35.17224" lon="-115.75766">
        <ele>1041.27</ele>
      </trkpt>
      <trkpt lat="35.17211" lon="-115.75842">
        <ele>1039.0</ele>
      </trkpt>
      <trkpt lat="35.17192" lon="-115.75933">
        <ele>1036.0</ele>
      </trkpt>
      <trkpt lat="35.17189" lon="-115.76003">
        <ele>1034.0</ele>
      </trkpt>
      <trkpt lat="35.17196" lon="-115.76073">
        <ele>1032.0</ele>
      </trkpt>
      <trkpt lat="35.17204" lon="-115.76113">
        <ele>1030.8</ele>
      </trkpt>
      <trkpt lat="35.17209" lon="-115.76169">
        <ele>1029.0</ele>
      </trkpt>
      <trkpt lat="35.17222" lon="-115.76224">
        <ele>1027.0</ele>
      </trkpt>
      <trkpt lat="35.1723" lon="-115.76298">
        <ele>1024.85</ele>
      </trkpt>
      <trkpt lat="35.17234" lon="-115.7632">
        <ele>1024.0</ele>
      </trkpt>
      <trkpt lat="35.1725" lon="-115.76363">
        <ele>1022.8</ele>
      </trkpt>
      <trkpt lat="35.17251" lon="-115.76408">
        <ele>1021.0</ele>
      </trkpt>
      <trkpt lat="35.17266" lon="-115.76463">
        <ele>1020.0</ele>
      </trkpt>
      <trkpt lat="35.17267" lon="-115.7648">
        <ele>1019.16</ele>
      </trkpt>
      <trkpt lat="35.17263" lon="-115.76514">
        <ele>1018.0</ele>
      </trkpt>
      <trkpt lat="35.17263" lon="-115.76562">
        <ele>1016.59</ele>
      </trkpt>
      <trkpt lat="35.17263" lon="-115.76647">
        <ele>1014.0</ele>
      </trkpt>
      <trkpt lat="35.17256" lon="-115.7667">
        <ele>1013.0</ele>
      </trkpt>
      <trkpt lat="35.1726" lon="-115.76718">
        <ele>1011.0</ele>
      </trkpt>
      <trkpt lat="35.17286" lon="-115.76805">
        <ele>1008.01</ele>
      </trkpt>
      <trkpt lat="35.17289" lon="-115.76825">
        <ele>1007.9</ele>
      </trkpt>
      <trkpt lat="35.1729" lon="-115.76845">
        <ele>1007.0</ele>
      </trkpt>
      <trkpt lat="35.1731" lon="-115.76902">
        <ele>1005.58</ele>
      </trkpt>
      <trkpt lat="35.17329" lon="-115.76958">
        <ele>1004.0</ele>
      </trkpt>
      <trkpt lat="35.1733" lon="-115.76976">
        <ele>1003.59</ele>
      </trkpt>
      <trkpt lat="35.17326" lon="-115.7703">
        <ele>1001.76</ele>
      </trkpt>
      <trkpt lat="35.17324" lon="-115.77108">
        <ele>999.34</ele>
      </trkpt>
      <trkpt lat="35.17313" lon="-115.77175">
        <ele>997.1</ele>
      </trkpt>
      <trkpt lat="35.17313" lon="-115.77203">
        <ele>996.82</ele>
      </trkpt>
      <trkpt lat="35.17318" lon="-115.77235">
        <ele>995.62</ele>
      </trkpt>
      <trkpt lat="35.17332" lon="-115.77258">
        <ele>995.0</ele>
      </trkpt>
      <trkpt lat="35.1734" lon="-115.77323">
        <ele>993.0</ele>
      </trkpt>
      <trkpt lat="35.17334" lon="-115.77365">
        <ele>992.0</ele>
      </trkpt>
      <trkpt lat="35.17331" lon="-115.77417">
        <ele>990.0</ele>
      </trkpt>
      <trkpt lat="35.1732" lon="-115.7748">
        <ele>988.0</ele>
      </trkpt>
      <trkpt lat="35.17309" lon="-115.77542">
        <ele>986.0</ele>
      </trkpt>
      <trkpt lat="35.17298" lon="-115.77626">
        <ele>983.07</ele>
      </trkpt>
      <trkpt lat="35.17304" lon="-115.77729">
        <ele>981.0</ele>
      </trkpt>
      <trkpt lat="35.17308" lon="-115.77744">
        <ele>980.0</ele>
      </trkpt>
      <trkpt lat="35.17307" lon="-115.77763">
        <ele>979.0</ele>
      </trkpt>
      <trkpt lat="35.17301" lon="-115.77855">
        <ele>976.0</ele>
      </trkpt>
      <trkpt lat="35.17305" lon="-115.7791">
        <ele>974.0</ele>
      </trkpt>
      <trkpt lat="35.17299" lon="-115.77954">
        <ele>972.97</ele>
      </trkpt>
      <trkpt lat="35.17285" lon="-115.78002">
        <ele>971.0</ele>
      </trkpt>
      <trkpt lat="35.17264" lon="-115.78061">
        <ele>969.21</ele>
      </trkpt>
      <trkpt lat="35.17242" lon="-115.7812">
        <ele>968.0</ele>
      </trkpt>
      <trkpt lat="35.17218" lon="-115.78146">
        <ele>967.0</ele>
      </trkpt>
      <trkpt lat="35.17182" lon="-115.78229">
        <ele>964.0</ele>
      </trkpt>
      <trkpt lat="35.17174" lon="-115.7826">
        <ele>963.0</ele>
      </trkpt>
      <trkpt lat="35.17173" lon="-115.78287">
        <ele>963.0</ele>
      </trkpt>
      <trkpt lat="35.17171" lon="-115.78317">
        <ele>962.0</ele>
      </trkpt>
      <trkpt lat="35.1716" lon="-115.78344">
        <ele>961.24</ele>
      </trkpt>
      <trkpt lat="35.17127" lon="-115.78383">
        <ele>960.0</ele>
      </trkpt>
      <trkpt lat="35.17093" lon="-115.78422">
        <ele>958.45</ele>
      </trkpt>
      <trkpt lat="35.17032" lon="-115.78501">
        <ele>956.0</ele>
      </trkpt>
      <trkpt lat="35.1696" lon="-115.78564">
        <ele>952.71</ele>
      </trkpt>
      <trkpt lat="35.16937" lon="-115.78601">
        <ele>951.27</ele>
      </trkpt>
      <trkpt lat="35.16922" lon="-115.78635">
        <ele>950.24</ele>
      </trkpt>
      <trkpt lat="35.16921" lon="-115.78684">
        <ele>949.47</ele>
      </trkpt>
      <trkpt lat="35.16904" lon="-115.78736">
        <ele>948.0</ele>
      </trkpt>
      <trkpt lat="35.16873" lon="-115.78769">
        <ele>946.27</ele>
      </trkpt>
      <trkpt lat="35.16804" lon="-115.78828">
        <ele>943.93</ele>
      </trkpt>
      <trkpt lat="35.16736" lon="-115.78888">
        <ele>941.0</ele>
      </trkpt>
      <trkpt lat="35.16716" lon="-115.78928">
        <ele>939.85</ele>
      </trkpt>
      <trkpt lat="35.16704" lon="-115.78981">
        <ele>938.05</ele>
      </trkpt>
      <trkpt lat="35.1668" lon="-115.79055">
        <ele>936.03</ele>
      </trkpt>
      <trkpt lat="35.16678" lon="-115.79095">
        <ele>935.17</ele>
      </trkpt>
      <trkpt lat="35.16675" lon="-115.79127">
        <ele>934.93</ele>
      </trkpt>
      <trkpt lat="35.16663" lon="-115.79152">
        <ele>934.0</ele>
      </trkpt>
      <trkpt lat="35.1663" lon="-115.79199">
        <ele>932.02</ele>
      </trkpt>
      <trkpt lat="35.16596" lon="-115.79246">
        <ele>931.0</ele>
      </trkpt>
      <trkpt lat="35.16572" lon="-115.79288">
        <ele>929.7</ele>
      </trkpt>
      <trkpt lat="35.16563" lon="-115.79326">
        <ele>928.0</ele>
      </trkpt>
      <trkpt lat="35.16536" lon="-115.79403">
        <ele>926.0</ele>
      </trkpt>
      <trkpt lat="35.16525" lon="-115.79453">
        <ele>925.0</ele>
      </trkpt>
      <trkpt lat="35.16505" lon="-115.7949">
        <ele>923.58</ele>
      </trkpt>
      <trkpt lat="35.16487" lon="-115.79536">
        <ele>922.0</ele>
      </trkpt>
      <trkpt lat="35.16472" lon="-115.79549">
        <ele>921.99</ele>
      </trkpt>
      <trkpt lat="35.16452" lon="-115.7956">
        <ele>921.0</ele>
      </trkpt>
      <trkpt lat="35.16443" lon="-115.79583">
        <ele>920.03</ele>
      </trkpt>
      <trkpt lat="35.16423" lon="-115.79597">
        <ele>919.52</ele>
      </trkpt>
      <trkpt lat="35.16402" lon="-115.79627">
        <ele>918.28</ele>
      </trkpt>
      <trkpt lat="35.16398" lon="-115.79684">
        <ele>917.0</ele>
      </trkpt>
      <trkpt lat="35.16393" lon="-115.7974">
        <ele>915.04</ele>
      </trkpt>
      <trkpt lat="35.16373" lon="-115.79794">
        <ele>913.46</ele>
      </trkpt>
      <trkpt lat="35.16324" lon="-115.79878">
        <ele>911.0</ele>
      </trkpt>
      <trkpt lat="35.16296" lon="-115.79969">
        <ele>908.0</ele>
      </trkpt>
      <trkpt lat="35.16293" lon="-115.80029">
        <ele>906.87</ele>
      </trkpt>
      <trkpt lat="35.16291" lon="-115.80088">
        <ele>905.0</ele>
      </trkpt>
      <trkpt lat="35.16289" lon="-115.80148">
        <ele>903.02</ele>
      </trkpt>
      <trkpt lat="35.16286" lon="-115.80207">
        <ele>902.0</ele>
      </trkpt>
      <trkpt lat="35.16307" lon="-115.80292">
        <ele>899.92</ele>
      </trkpt>
      <trkpt lat="35.16313" lon="-115.80327">
        <ele>898.68</ele>
      </trkpt>
      <trkpt lat="35.16311" lon="-115.80383">
        <ele>897.0</ele>
      </trkpt>
      <trkpt lat="35.16309" lon="-115.80439">
        <ele>895.59</ele>
      </trkpt>
      <trkpt lat="35.1631" lon="-115.80503">
        <ele>894.0</ele>
      </trkpt>
      <trkpt lat="35.16312" lon="-115.80566">
        <ele>892.0</ele>
      </trkpt>
      <trkpt lat="35.16313" lon="-115.8063">
        <ele>890.0</ele>
      </trkpt>
      <trkpt lat="35.16323" lon="-115.80684">
        <ele>889.0</ele>
      </trkpt>
      <trkpt lat="35.16348" lon="-115.8077">
        <ele>886.0</ele>
      </trkpt>
      <trkpt lat="35.1636" lon="-115.80835">
        <ele>884.82</ele>
      </trkpt>
      <trkpt lat="35.16372" lon="-115.80899">
        <ele>883.0</ele>
      </trkpt>
      <trkpt lat="35.16381" lon="-115.80988">
        <ele>880.3</ele>
      </trkpt>
      <trkpt lat="35.16387" lon="-115.81057">
        <ele>879.0</ele>
      </trkpt>
      <trkpt lat="35.16394" lon="-115.81126">
        <ele>877.39</ele>
      </trkpt>
      <trkpt lat="35.16413" lon="-115.81191">
        <ele>876.0</ele>
      </trkpt>
      <trkpt lat="35.16432" lon="-115.81255">
        <ele>874.16</ele>
      </trkpt>
      <trkpt lat="35.16451" lon="-115.8132">
        <ele>873.0</ele>
      </trkpt>
      <trkpt lat="35.16465" lon="-115.81406">
        <ele>871.0</ele>
      </trkpt>
      <trkpt lat="35.16492" lon="-115.81461">
        <ele>869.0</ele>
      </trkpt>
      <trkpt lat="35.16536" lon="-115.81525">
        <ele>867.0</ele>
      </trkpt>
      <trkpt lat="35.16566" lon="-115.81579">
        <ele>865.0</ele>
      </trkpt>
      <trkpt lat="35.16591" lon="-115.8163">
        <ele>863.0</ele>
      </trkpt>
      <trkpt lat="35.16615" lon="-115.8168">
        <ele>861.0</ele>
      </trkpt>
      <trkpt lat="35.16637" lon="-115.81745">
        <ele>859.63</ele>
      </trkpt>
      <trkpt lat="35.16666" lon="-115.81797">
        <ele>858.0</ele>
      </trkpt>
      <trkpt lat="35.16698" lon="-115.81864">
        <ele>856.0</ele>
      </trkpt>
      <trkpt lat="35.16729" lon="-115.8193">
        <ele>854.0</ele>
      </trkpt>
      <trkpt lat="35.16766" lon="-115.81964">
        <ele>852.89</ele>
      </trkpt>
      <trkpt lat="35.16801" lon="-115.82012">
        <ele>851.0</ele>
      </trkpt>
      <trkpt lat="35.1683" lon="-115.8206">
        <ele>849.0</ele>
      </trkpt>
      <trkpt lat="35.16859" lon="-115.82107">
        <ele>847.44</ele>
      </trkpt>
      <trkpt lat="35.16888" lon="-115.82155">
        <ele>846.0</ele>
      </trkpt>
      <trkpt lat="35.16911" lon="-115.82188">
        <ele>844.0</ele>
      </trkpt>
      <trkpt lat="35.16927" lon="-115.82203">
        <ele>844.0</ele>
      </trkpt>
      <trkpt lat="35.16926" lon="-115.82219">
        <ele>843.0</ele>
      </trkpt>
      <trkpt lat="35.16926" lon="-115.82242">
        <ele>842.86</ele>
      </trkpt>
      <trkpt lat="35.16931" lon="-115.82256">
        <ele>842.0</ele>
      </trkpt>
      <trkpt lat="35.16932" lon="-115.82279">
        <ele>841.0</ele>
      </trkpt>
      <trkpt lat="35.16921" lon="-115.82319">
        <ele>840.0</ele>
      </trkpt>
      <trkpt lat="35.16906" lon="-115.82398">
        <ele>840.0</ele>
      </trkpt>
      <trkpt lat="35.16893" lon="-115.82492">
        <ele>839.0</ele>
      </trkpt>
      <trkpt lat="35.16894" lon="-115.82538">
        <ele>838.45</ele>
      </trkpt>
      <trkpt lat="35.16901" lon="-115.82574">
        <ele>837.01</ele>
      </trkpt>
      <trkpt lat="35.16923" lon="-115.82607">
        <ele>836.0</ele>
      </trkpt>
      <trkpt lat="35.16957" lon="-115.82678">
        <ele>834.0</ele>
      </trkpt>
      <trkpt lat="35.16971" lon="-115.82699">
        <ele>834.0</ele>
      </trkpt>
      <trkpt lat="35.16998" lon="-115.82763">
        <ele>832.0</ele>
      </trkpt>
      <trkpt lat="35.17025" lon="-115.82826">
        <ele>830.85</ele>
      </trkpt>
      <trkpt lat="35.17069" lon="-115.82885">
        <ele>828.0</ele>
      </trkpt>
      <trkpt lat="35.1713" lon="-115.8295">
        <ele>825.0</ele>
      </trkpt>
      <trkpt lat="35.17177" lon="-115.83004">
        <ele>822.95</ele>
      </trkpt>
      <trkpt lat="35.17202" lon="-115.83022">
        <ele>822.0</ele>
      </trkpt>
      <trkpt lat="35.17226" lon="-115.83047">
        <ele>821.0</ele>
      </trkpt>
      <trkpt lat="35.17263" lon="-115.83102">
        <ele>819.0</ele>
      </trkpt>
      <trkpt lat="35.1729" lon="-115.83127">
        <ele>818.0</ele>
      </trkpt>
      <trkpt lat="35.17331" lon="-115.83181">
        <ele>817.0</ele>
      </trkpt>
      <trkpt lat="35.17372" lon="-115.83234">
        <ele>815.0</ele>
      </trkpt>
      <trkpt lat="35.17432" lon="-115.83312">
        <ele>813.0</ele>
      </trkpt>
      <trkpt lat="35.1744" lon="-115.83336">
        <ele>812.0</ele>
      </trkpt>
      <trkpt lat="35.17453" lon="-115.83421">
        <ele>810.04</ele>
      </trkpt>
      <trkpt lat="35.17465" lon="-115.83466">
        <ele>809.0</ele>
      </trkpt>
      <trkpt lat="35.17495" lon="-115.83522">
        <ele>807.0</ele>
      </trkpt>
      <trkpt lat="35.17531" lon="-115.83574">
        <ele>805.0</ele>
      </trkpt>
      <trkpt lat="35.1757" lon="-115.83645">
        <ele>802.63</ele>
      </trkpt>
      <trkpt lat="35.17584" lon="-115.83702">
        <ele>801.0</ele>
      </trkpt>
      <trkpt lat="35.17593" lon="-115.83769">
        <ele>799.0</ele>
      </trkpt>
      <trkpt lat="35.17602" lon="-115.83835">
        <ele>797.0</ele>
      </trkpt>
      <trkpt lat="35.17611" lon="-115.8387">
        <ele>796.05</ele>
      </trkpt>
      <trkpt lat="35.17636" lon="-115.83909">
        <ele>795.0</ele>
      </trkpt>
      <trkpt lat="35.17684" lon="-115.83964">
        <ele>793.0</ele>
      </trkpt>
      <trkpt lat="35.17732" lon="-115.84019">
        <ele>791.0</ele>
      </trkpt>
      <trkpt lat="35.17763" lon="-115.84059">
        <ele>789.85</ele>
      </trkpt>
      <trkpt lat="35.17781" lon="-115.84099">
        <ele>788.2</ele>
      </trkpt>
      <trkpt lat="35.17796" lon="-115.84158">
        <ele>787.0</ele>
      </trkpt>
      <trkpt lat="35.17812" lon="-115.84217">
        <ele>785.0</ele>
      </trkpt>
      <trkpt lat="35.17827" lon="-115.84276">
        <ele>784.0</ele>
      </trkpt>
      <trkpt lat="35.17841" lon="-115.84334">
        <ele>782.0</ele>
      </trkpt>
      <trkpt lat="35.1786" lon="-115.84364">
        <ele>781.0</ele>
      </trkpt>
      <trkpt lat="35.17901" lon="-115.8441">
        <ele>779.72</ele>
      </trkpt>
      <trkpt lat="35.17943" lon="-115.84456">
        <ele>778.0</ele>
      </trkpt>
      <trkpt lat="35.17984" lon="-115.84502">
        <ele>776.0</ele>
      </trkpt>
      <trkpt lat="35.18033" lon="-115.84532">
        <ele>774.0</ele>
      </trkpt>
      <trkpt lat="35.18071" lon="-115.84563">
        <ele>773.0</ele>
      </trkpt>
      <trkpt lat="35.18109" lon="-115.84593">
        <ele>771.0</ele>
      </trkpt>
      <trkpt lat="35.18162" lon="-115.84652">
        <ele>769.0</ele>
      </trkpt>
      <trkpt lat="35.18202" lon="-115.84713">
        <ele>767.0</ele>
      </trkpt>
      <trkpt lat="35.18235" lon="-115.84768">
        <ele>765.0</ele>
      </trkpt>
      <trkpt lat="35.18268" lon="-115.84823">
        <ele>763.12</ele>
      </trkpt>
      <trkpt lat="35.18303" lon="-115.84886">
        <ele>761.5</ele>
      </trkpt>
      <trkpt lat="35.18337" lon="-115.84949">
        <ele>759.31</ele>
      </trkpt>
      <trkpt lat="35.18361" lon="-115.84997">
        <ele>758.0</ele>
      </trkpt>
      <trkpt lat="35.18385" lon="-115.85044">
        <ele>756.0</ele>
      </trkpt>
      <trkpt lat="35.18414" lon="-115.85097">
        <ele>754.0</ele>
      </trkpt>
      <trkpt lat="35.18443" lon="-115.8515">
        <ele>752.0</ele>
      </trkpt>
      <trkpt lat="35.1849" lon="-115.85235">
        <ele>749.65</ele>
      </trkpt>
      <trkpt lat="35.18526" lon="-115.85304">
        <ele>748.0</ele>
      </trkpt>
      <trkpt lat="35.18562" lon="-115.85373">
        <ele>746.0</ele>
      </trkpt>
      <trkpt lat="35.18587" lon="-115.85423">
        <ele>744.19</ele>
      </trkpt>
      <trkpt lat="35.18613" lon="-115.85473">
        <ele>743.0</ele>
      </trkpt>
      <trkpt lat="35.18644" lon="-115.85533">
        <ele>741.2</ele>
      </trkpt>
      <trkpt lat="35.18675" lon="-115.85592">
        <ele>740.0</ele>
      </trkpt>
      <trkpt lat="35.18712" lon="-115.85668">
        <ele>737.09</ele>
      </trkpt>
      <trkpt lat="35.18735" lon="-115.85743">
        <ele>735.47</ele>
      </trkpt>
      <trkpt lat="35.18755" lon="-115.85808">
        <ele>734.0</ele>
      </trkpt>
      <trkpt lat="35.18774" lon="-115.85873">
        <ele>732.0</ele>
      </trkpt>
      <trkpt lat="35.18799" lon="-115.85947">
        <ele>730.0</ele>
      </trkpt>
      <trkpt lat="35.18824" lon="-115.86021">
        <ele>728.01</ele>
      </trkpt>
      <trkpt lat="35.18861" lon="-115.86106">
        <ele>726.0</ele>
      </trkpt>
      <trkpt lat="35.18884" lon="-115.86157">
        <ele>724.02</ele>
      </trkpt>
      <trkpt lat="35.18907" lon="-115.86207">
        <ele>723.0</ele>
      </trkpt>
      <trkpt lat="35.18949" lon="-115.86284">
        <ele>720.17</ele>
      </trkpt>
      <trkpt lat="35.1898" lon="-115.86332">
        <ele>719.0</ele>
      </trkpt>
      <trkpt lat="35.19011" lon="-115.86379">
        <ele>717.82</ele>
      </trkpt>
      <trkpt lat="35.19062" lon="-115.86448">
        <ele>715.19</ele>
      </trkpt>
      <trkpt lat="35.1912" lon="-115.86525">
        <ele>713.0</ele>
      </trkpt>
      <trkpt lat="35.19165" lon="-115.86583">
        <ele>711.0</ele>
      </trkpt>
      <trkpt lat="35.19199" lon="-115.86622">
        <ele>709.42</ele>
      </trkpt>
      <trkpt lat="35.19228" lon="-115.86658">
        <ele>708.0</ele>
      </trkpt>
      <trkpt lat="35.19254" lon="-115.86686">
        <ele>707.0</ele>
      </trkpt>
      <trkpt lat="35.19302" lon="-115.86726">
        <ele>705.23</ele>
      </trkpt>
      <trkpt lat="35.19343" lon="-115.86754">
        <ele>704.0</ele>
      </trkpt>
      <trkpt lat="35.19385" lon="-115.86782">
        <ele>702.23</ele>
      </trkpt>
      <trkpt lat="35.1943" lon="-115.86811">
        <ele>701.0</ele>
      </trkpt>
      <trkpt lat="35.19475" lon="-115.8684">
        <ele>700.0</ele>
      </trkpt>
      <trkpt lat="35.19533" lon="-115.86889">
        <ele>697.43</ele>
      </trkpt>
      <trkpt lat="35.19559" lon="-115.86918">
        <ele>696.0</ele>
      </trkpt>
      <trkpt lat="35.19607" lon="-115.86961">
        <ele>694.44</ele>
      </trkpt>
      <trkpt lat="35.19634" lon="-115.8698">
        <ele>693.6</ele>
      </trkpt>
      <trkpt lat="35.1965" lon="-115.86997">
        <ele>693.0</ele>
      </trkpt>
      <trkpt lat="35.19663" lon="-115.87005">
        <ele>692.67</ele>
      </trkpt>
      <trkpt lat="35.19675" lon="-115.87015">
        <ele>692.0</ele>
      </trkpt>
      <trkpt lat="35.19707" lon="-115.8707">
        <ele>690.8</ele>
      </trkpt>
      <trkpt lat="35.19724" lon="-115.8709">
        <ele>689.86</ele>
      </trkpt>
      <trkpt lat="35.19769" lon="-115.87111">
        <ele>688.0</ele>
      </trkpt>
      <trkpt lat="35.19815" lon="-115.87152">
        <ele>685.98</ele>
      </trkpt>
      <trkpt lat="35.19864" lon="-115.87198">
        <ele>683.0</ele>
      </trkpt>
      <trkpt lat="35.19908" lon="-115.87241">
        <ele>681.0</ele>
      </trkpt>
      <trkpt lat="35.19928" lon="-115.87259">
        <ele>681.0</ele>
      </trkpt>
      <trkpt lat="35.19951" lon="-115.87265">
        <ele>679.56</ele>
      </trkpt>
      <trkpt lat="35.19975" lon="-115.87268">
        <ele>679.0</ele>
      </trkpt>
      <trkpt lat="35.19996" lon="-115.8726">
        <ele>678.4</ele>
      </trkpt>
      <trkpt lat="35.20028" lon="-115.87255">
        <ele>678.0</ele>
      </trkpt>
      <trkpt lat="35.20051" lon="-115.8726">
        <ele>677.08</ele>
      </trkpt>
      <trkpt lat="35.20101" lon="-115.87289">
        <ele>677.02</ele>
      </trkpt>
      <trkpt lat="35.20169" lon="-115.87313">
        <ele>674.8</ele>
      </trkpt>
      <trkpt lat="35.20238" lon="-115.87334">
        <ele>673.0</ele>
      </trkpt>
      <trkpt lat="35.20276" lon="-115.87336">
        <ele>672.0</ele>
      </trkpt>
      <trkpt lat="35.20344" lon="-115.87357">
        <ele>670.0</ele>
      </trkpt>
      <trkpt lat="35.20399" lon="-115.87365">
        <ele>668.0</ele>
      </trkpt>
      <trkpt lat="35.20453" lon="-115.87372">
        <ele>666.08</ele>
      </trkpt>
      <trkpt lat="35.20493" lon="-115.87385">
        <ele>664.76</ele>
      </trkpt>
      <trkpt lat="35.20549" lon="-115.87417">
        <ele>662.81</ele>
      </trkpt>
      <trkpt lat="35.20609" lon="-115.87461">
        <ele>660.0</ele>
      </trkpt>
      <trkpt lat="35.20655" lon="-115.87494">
        <ele>659.0</ele>
      </trkpt>
      <trkpt lat="35.20717" lon="-115.87533">
        <ele>659.0</ele>
      </trkpt>
      <trkpt lat="35.20759" lon="-115.87569">
        <ele>658.0</ele>
      </trkpt>
      <trkpt lat="35.20794" lon="-115.87621">
        <ele>655.95</ele>
      </trkpt>
      <trkpt lat="35.20844" lon="-115.87708">
        <ele>652.85</ele>
      </trkpt>
      <trkpt lat="35.20896" lon="-115.87778">
        <ele>649.23</ele>
      </trkpt>
      <trkpt lat="35.20949" lon="-115.87855">
        <ele>647.0</ele>
      </trkpt>
      <trkpt lat="35.20982" lon="-115.87913">
        <ele>646.0</ele>
      </trkpt>
      <trkpt lat="35.21015" lon="-115.87971">
        <ele>644.05</ele>
      </trkpt>
      <trkpt lat="35.21045" lon="-115.8803">
        <ele>643.0</ele>
      </trkpt>
      <trkpt lat="35.21068" lon="-115.88098">
        <ele>641.27</ele>
      </trkpt>
      <trkpt lat="35.21118" lon="-115.88182">
        <ele>639.0</ele>
      </trkpt>
      <trkpt lat="35.21142" lon="-115.88244">
        <ele>637.88</ele>
      </trkpt>
      <trkpt lat="35.21171" lon="-115.88303">
        <ele>636.15</ele>
      </trkpt>
      <trkpt lat="35.21194" lon="-115.88332">
        <ele>635.19</ele>
      </trkpt>
      <trkpt lat="35.2122" lon="-115.88352">
        <ele>635.0</ele>
      </trkpt>
      <trkpt lat="35.21264" lon="-115.88378">
        <ele>633.0</ele>
      </trkpt>
      <trkpt lat="35.21298" lon="-115.88404">
        <ele>632.0</ele>
      </trkpt>
      <trkpt lat="35.21326" lon="-115.88413">
        <ele>631.79</ele>
      </trkpt>
      <trkpt lat="35.21357" lon="-115.88411">
        <ele>631.0</ele>
      </trkpt>
      <trkpt lat="35.21392" lon="-115.88413">
        <ele>629.66</ele>
      </trkpt>
      <trkpt lat="35.21448" lon="-115.88424">
        <ele>628.79</ele>
      </trkpt>
      <trkpt lat="35.21504" lon="-115.88435">
        <ele>626.56</ele>
      </trkpt>
      <trkpt lat="35.21551" lon="-115.88454">
        <ele>625.57</ele>
      </trkpt>
      <trkpt lat="35.21593" lon="-115.88489">
        <ele>625.54</ele>
      </trkpt>
      <trkpt lat="35.21631" lon="-115.88506">
        <ele>621.3</ele>
      </trkpt>
      <trkpt lat="35.2167" lon="-115.88539">
        <ele>620.0</ele>
      </trkpt>
      <trkpt lat="35.21709" lon="-115.88572">
        <ele>619.0</ele>
      </trkpt>
      <trkpt lat="35.21749" lon="-115.88616">
        <ele>618.17</ele>
      </trkpt>
      <trkpt lat="35.21797" lon="-115.88655">
        <ele>616.0</ele>
      </trkpt>
      <trkpt lat="35.21838" lon="-115.88697">
        <ele>615.0</ele>
      </trkpt>
      <trkpt lat="35.21878" lon="-115.88738">
        <ele>614.0</ele>
      </trkpt>
      <trkpt lat="35.21916" lon="-115.88782">
        <ele>612.04</ele>
      </trkpt>
      <trkpt lat="35.21938" lon="-115.88799">
        <ele>612.0</ele>
      </trkpt>
      <trkpt lat="35.21963" lon="-115.88822">
        <ele>611.0</ele>
      </trkpt>
      <trkpt lat="35.21985" lon="-115.88857">
        <ele>610.0</ele>
      </trkpt>
      <trkpt lat="35.22015" lon="-115.88935">
        <ele>607.39</ele>
      </trkpt>
      <trkpt lat="35.22036" lon="-115.88985">
        <ele>606.0</ele>
      </trkpt>
      <trkpt lat="35.22057" lon="-115.89034">
        <ele>604.0</ele>
      </trkpt>
      <trkpt lat="35.22082" lon="-115.89092">
        <ele>602.2</ele>
      </trkpt>
      <trkpt lat="35.22107" lon="-115.8915">
        <ele>600.8</ele>
      </trkpt>
      <trkpt lat="35.22131" lon="-115.89206">
        <ele>599.21</ele>
      </trkpt>
      <trkpt lat="35.22154" lon="-115.89261">
        <ele>598.37</ele>
      </trkpt>
      <trkpt lat="35.22162" lon="-115.89288">
        <ele>597.5</ele>
      </trkpt>
      <trkpt lat="35.22166" lon="-115.89321">
        <ele>597.02</ele>
      </trkpt>
      <trkpt lat="35.22165" lon="-115.89362">
        <ele>596.16</ele>
      </trkpt>
      <trkpt lat="35.22163" lon="-115.89395">
        <ele>595.0</ele>
      </trkpt>
      <trkpt lat="35.22151" lon="-115.8945">
        <ele>594.0</ele>
      </trkpt>
      <trkpt lat="35.22146" lon="-115.89514">
        <ele>591.0</ele>
      </trkpt>
      <trkpt lat="35.22139" lon="-115.89534">
        <ele>590.34</ele>
      </trkpt>
      <trkpt lat="35.22113" lon="-115.89586">
        <ele>589.94</ele>
      </trkpt>
      <trkpt lat="35.22108" lon="-115.89609">
        <ele>589.49</ele>
      </trkpt>
      <trkpt lat="35.22097" lon="-115.89661">
        <ele>588.0</ele>
      </trkpt>
      <trkpt lat="35.22079" lon="-115.89713">
        <ele>585.47</ele>
      </trkpt>
      <trkpt lat="35.22068" lon="-115.89733">
        <ele>584.84</ele>
      </trkpt>
      <trkpt lat="35.22029" lon="-115.89785">
        <ele>582.0</ele>
      </trkpt>
      <trkpt lat="35.22007" lon="-115.89837">
        <ele>580.0</ele>
      </trkpt>
      <trkpt lat="35.21978" lon="-115.89876">
        <ele>578.0</ele>
      </trkpt>
      <trkpt lat="35.21952" lon="-115.89936">
        <ele>577.0</ele>
      </trkpt>
      <trkpt lat="35.2192" lon="-115.89991">
        <ele>574.36</ele>
      </trkpt>
      <trkpt lat="35.21888" lon="-115.90049">
        <ele>572.0</ele>
      </trkpt>
      <trkpt lat="35.21856" lon="-115.90107">
        <ele>570.0</ele>
      </trkpt>
      <trkpt lat="35.21829" lon="-115.90155">
        <ele>568.14</ele>
      </trkpt>
      <trkpt lat="35.21803" lon="-115.90204">
        <ele>566.7</ele>
      </trkpt>
      <trkpt lat="35.21776" lon="-115.90252">
        <ele>564.96</ele>
      </trkpt>
      <trkpt lat="35.21749" lon="-115.90301">
        <ele>563.0</ele>
      </trkpt>
      <trkpt lat="35.21723" lon="-115.90349">
        <ele>561.37</ele>
      </trkpt>
      <trkpt lat="35.21696" lon="-115.90398">
        <ele>560.0</ele>
      </trkpt>
      <trkpt lat="35.21669" lon="-115.90446">
        <ele>558.21</ele>
      </trkpt>
      <trkpt lat="35.21643" lon="-115.90495">
        <ele>556.24</ele>
      </trkpt>
      <trkpt lat="35.21616" lon="-115.90543">
        <ele>555.0</ele>
      </trkpt>
      <trkpt lat="35.21589" lon="-115.90593">
        <ele>553.0</ele>
      </trkpt>
      <trkpt lat="35.21561" lon="-115.90642">
        <ele>551.86</ele>
      </trkpt>
      <trkpt lat="35.21533" lon="-115.90692">
        <ele>550.0</ele>
      </trkpt>
      <trkpt lat="35.21506" lon="-115.90742">
        <ele>548.56</ele>
      </trkpt>
      <trkpt lat="35.21479" lon="-115.90791">
        <ele>546.57</ele>
      </trkpt>
      <trkpt lat="35.21451" lon="-115.90841">
        <ele>544.76</ele>
      </trkpt>
      <trkpt lat="35.2142" lon="-115.90896">
        <ele>542.08</ele>
      </trkpt>
      <trkpt lat="35.21389" lon="-115.90951">
        <ele>541.0</ele>
      </trkpt>
      <trkpt lat="35.21359" lon="-115.91006">
        <ele>539.0</ele>
      </trkpt>
      <trkpt lat="35.21328" lon="-115.91061">
        <ele>537.0</ele>
      </trkpt>
      <trkpt lat="35.21296" lon="-115.91115">
        <ele>535.0</ele>
      </trkpt>
      <trkpt lat="35.21277" lon="-115.91153">
        <ele>534.0</ele>
      </trkpt>
      <trkpt lat="35.2125" lon="-115.91202">
        <ele>532.0</ele>
      </trkpt>
      <trkpt lat="35.21222" lon="-115.91252">
        <ele>530.98</ele>
      </trkpt>
      <trkpt lat="35.21195" lon="-115.91301">
        <ele>529.03</ele>
      </trkpt>
      <trkpt lat="35.21167" lon="-115.91351">
        <ele>527.12</ele>
      </trkpt>
      <trkpt lat="35.2114" lon="-115.914">
        <ele>526.0</ele>
      </trkpt>
      <trkpt lat="35.21112" lon="-115.9145">
        <ele>524.0</ele>
      </trkpt>
      <trkpt lat="35.21085" lon="-115.915">
        <ele>523.0</ele>
      </trkpt>
      <trkpt lat="35.21057" lon="-115.9155">
        <ele>521.0</ele>
      </trkpt>
      <trkpt lat="35.21029" lon="-115.91601">
        <ele>519.21</ele>
      </trkpt>
      <trkpt lat="35.21001" lon="-115.91651">
        <ele>517.73</ele>
      </trkpt>
      <trkpt lat="35.20974" lon="-115.91701">
        <ele>516.0</ele>
      </trkpt>
      <trkpt lat="35.20946" lon="-115.91751">
        <ele>514.0</ele>
      </trkpt>
      <trkpt lat="35.20918" lon="-115.91801">
        <ele>513.0</ele>
      </trkpt>
      <trkpt lat="35.20892" lon="-115.91847">
        <ele>511.18</ele>
      </trkpt>
      <trkpt lat="35.20867" lon="-115.91893">
        <ele>510.0</ele>
      </trkpt>
      <trkpt lat="35.20841" lon="-115.91939">
        <ele>508.49</ele>
      </trkpt>
      <trkpt lat="35.20816" lon="-115.91985">
        <ele>507.0</ele>
      </trkpt>
      <trkpt lat="35.2079" lon="-115.92031">
        <ele>505.21</ele>
      </trkpt>
      <trkpt lat="35.20763" lon="-115.92076">
        <ele>504.0</ele>
      </trkpt>
      <trkpt lat="35.20735" lon="-115.92121">
        <ele>502.38</ele>
      </trkpt>
      <trkpt lat="35.20708" lon="-115.92165">
        <ele>501.0</ele>
      </trkpt>
      <trkpt lat="35.2068" lon="-115.9221">
        <ele>500.0</ele>
      </trkpt>
      <trkpt lat="35.20652" lon="-115.92254">
        <ele>498.42</ele>
      </trkpt>
      <trkpt lat="35.20624" lon="-115.92297">
        <ele>497.0</ele>
      </trkpt>
      <trkpt lat="35.20596" lon="-115.92341">
        <ele>496.0</ele>
      </trkpt>
      <trkpt lat="35.20568" lon="-115.92385">
        <ele>494.34</ele>
      </trkpt>
      <trkpt lat="35.2054" lon="-115.92429">
        <ele>493.0</ele>
      </trkpt>
      <trkpt lat="35.20512" lon="-115.92472">
        <ele>492.0</ele>
      </trkpt>
      <trkpt lat="35.20484" lon="-115.92516">
        <ele>491.0</ele>
      </trkpt>
      <trkpt lat="35.20455" lon="-115.92561">
        <ele>489.06</ele>
      </trkpt>
      <trkpt lat="35.20427" lon="-115.92607">
        <ele>488.0</ele>
      </trkpt>
      <trkpt lat="35.20398" lon="-115.92652">
        <ele>486.0</ele>
      </trkpt>
      <trkpt lat="35.2037" lon="-115.92698">
        <ele>485.0</ele>
      </trkpt>
      <trkpt lat="35.20341" lon="-115.92743">
        <ele>483.0</ele>
      </trkpt>
      <trkpt lat="35.2029" lon="-115.92824">
        <ele>481.0</ele>
      </trkpt>
      <trkpt lat="35.20263" lon="-115.92868">
        <ele>480.4</ele>
      </trkpt>
      <trkpt lat="35.20235" lon="-115.92912">
        <ele>479.0</ele>
      </trkpt>
      <trkpt lat="35.20208" lon="-115.92956">
        <ele>477.0</ele>
      </trkpt>
      <trkpt lat="35.2018" lon="-115.92999">
        <ele>476.0</ele>
      </trkpt>
      <trkpt lat="35.20153" lon="-115.93043">
        <ele>474.52</ele>
      </trkpt>
      <trkpt lat="35.20125" lon="-115.93087">
        <ele>473.0</ele>
      </trkpt>
      <trkpt lat="35.20098" lon="-115.93131">
        <ele>472.0</ele>
      </trkpt>
      <trkpt lat="35.20068" lon="-115.93178">
        <ele>471.0</ele>
      </trkpt>
      <trkpt lat="35.20039" lon="-115.93224">
        <ele>470.0</ele>
      </trkpt>
      <trkpt lat="35.20009" lon="-115.93271">
        <ele>468.0</ele>
      </trkpt>
      <trkpt lat="35.1998" lon="-115.93318">
        <ele>466.84</ele>
      </trkpt>
      <trkpt lat="35.1995" lon="-115.93365">
        <ele>465.0</ele>
      </trkpt>
      <trkpt lat="35.1992" lon="-115.93411">
        <ele>464.0</ele>
      </trkpt>
      <trkpt lat="35.19891" lon="-115.93458">
        <ele>463.0</ele>
      </trkpt>
      <trkpt lat="35.19861" lon="-115.93505">
        <ele>461.0</ele>
      </trkpt>
      <trkpt lat="35.19832" lon="-115.93551">
        <ele>460.0</ele>
      </trkpt>
      <trkpt lat="35.19802" lon="-115.93598">
        <ele>458.26</ele>
      </trkpt>
      <trkpt lat="35.19773" lon="-115.93643">
        <ele>456.48</ele>
      </trkpt>
      <trkpt lat="35.19745" lon="-115.93688">
        <ele>455.0</ele>
      </trkpt>
      <trkpt lat="35.19716" lon="-115.93732">
        <ele>453.33</ele>
      </trkpt>
      <trkpt lat="35.19687" lon="-115.93777">
        <ele>452.2</ele>
      </trkpt>
      <trkpt lat="35.19659" lon="-115.93822">
        <ele>452.0</ele>
      </trkpt>
      <trkpt lat="35.1963" lon="-115.93867">
        <ele>451.0</ele>
      </trkpt>
      <trkpt lat="35.19602" lon="-115.93912">
        <ele>449.0</ele>
      </trkpt>
      <trkpt lat="35.19573" lon="-115.93957">
        <ele>447.0</ele>
      </trkpt>
      <trkpt lat="35.19544" lon="-115.94001">
        <ele>445.67</ele>
      </trkpt>
      <trkpt lat="35.19516" lon="-115.94046">
        <ele>444.0</ele>
      </trkpt>
      <trkpt lat="35.19487" lon="-115.94091">
        <ele>443.0</ele>
      </trkpt>
      <trkpt lat="35.19456" lon="-115.94139">
        <ele>442.0</ele>
      </trkpt>
      <trkpt lat="35.19426" lon="-115.94187">
        <ele>441.0</ele>
      </trkpt>
      <trkpt lat="35.19395" lon="-115.94235">
        <ele>439.0</ele>
      </trkpt>
      <trkpt lat="35.19365" lon="-115.94283">
        <ele>437.67</ele>
      </trkpt>
      <trkpt lat="35.19334" lon="-115.94331">
        <ele>436.02</ele>
      </trkpt>
      <trkpt lat="35.19303" lon="-115.94379">
        <ele>435.0</ele>
      </trkpt>
      <trkpt lat="35.19273" lon="-115.94427">
        <ele>434.0</ele>
      </trkpt>
      <trkpt lat="35.19242" lon="-115.94475">
        <ele>432.74</ele>
      </trkpt>
      <trkpt lat="35.19202" lon="-115.94539">
        <ele>431.0</ele>
      </trkpt>
      <trkpt lat="35.19161" lon="-115.94603">
        <ele>429.0</ele>
      </trkpt>
      <trkpt lat="35.19123" lon="-115.94663">
        <ele>427.0</ele>
      </trkpt>
      <trkpt lat="35.19084" lon="-115.94723">
        <ele>425.92</ele>
      </trkpt>
      <trkpt lat="35.19052" lon="-115.94775">
        <ele>424.0</ele>
      </trkpt>
      <trkpt lat="35.1902" lon="-115.94828">
        <ele>423.0</ele>
      </trkpt>
      <trkpt lat="35.18988" lon="-115.9488">
        <ele>422.0</ele>
      </trkpt>
      <trkpt lat="35.18957" lon="-115.94929">
        <ele>421.0</ele>
      </trkpt>
      <trkpt lat="35.18925" lon="-115.94978">
        <ele>419.0</ele>
      </trkpt>
      <trkpt lat="35.18891" lon="-115.95033">
        <ele>418.0</ele>
      </trkpt>
      <trkpt lat="35.18857" lon="-115.95089">
        <ele>416.0</ele>
      </trkpt>
      <trkpt lat="35.18823" lon="-115.95144">
        <ele>415.0</ele>
      </trkpt>
      <trkpt lat="35.18795" lon="-115.95189">
        <ele>413.94</ele>
      </trkpt>
      <trkpt lat="35.18766" lon="-115.95233">
        <ele>412.0</ele>
      </trkpt>
      <trkpt lat="35.18714" lon="-115.95318">
        <ele>411.0</ele>
      </trkpt>
      <trkpt lat="35.18685" lon="-115.95352">
        <ele>409.96</ele>
      </trkpt>
      <trkpt lat="35.18668" lon="-115.95394">
        <ele>407.0</ele>
      </trkpt>
      <trkpt lat="35.1864" lon="-115.95474">
        <ele>407.0</ele>
      </trkpt>
      <trkpt lat="35.18608" lon="-115.95526">
        <ele>406.0</ele>
      </trkpt>
      <trkpt lat="35.18585" lon="-115.95578">
        <ele>404.65</ele>
      </trkpt>
      <trkpt lat="35.18553" lon="-115.95669">
        <ele>403.0</ele>
      </trkpt>
      <trkpt lat="35.18532" lon="-115.9573">
        <ele>402.0</ele>
      </trkpt>
      <trkpt lat="35.18502" lon="-115.95782">
        <ele>401.0</ele>
      </trkpt>
      <trkpt lat="35.18466" lon="-115.95826">
        <ele>400.0</ele>
      </trkpt>
      <trkpt lat="35.18433" lon="-115.95876">
        <ele>398.39</ele>
      </trkpt>
      <trkpt lat="35.18404" lon="-115.95931">
        <ele>397.0</ele>
      </trkpt>
      <trkpt lat="35.18388" lon="-115.95974">
        <ele>396.0</ele>
      </trkpt>
      <trkpt lat="35.18377" lon="-115.95991">
        <ele>395.99</ele>
      </trkpt>
      <trkpt lat="35.18358" lon="-115.96007">
        <ele>395.0</ele>
      </trkpt>
      <trkpt lat="35.18325" lon="-115.96064">
        <ele>394.0</ele>
      </trkpt>
      <trkpt lat="35.18292" lon="-115.96123">
        <ele>393.0</ele>
      </trkpt>
      <trkpt lat="35.18259" lon="-115.96182">
        <ele>392.0</ele>
      </trkpt>
      <trkpt lat="35.18231" lon="-115.96226">
        <ele>391.0</ele>
      </trkpt>
      <trkpt lat="35.18194" lon="-115.963">
        <ele>390.0</ele>
      </trkpt>
      <trkpt lat="35.18166" lon="-115.96352">
        <ele>388.0</ele>
      </trkpt>
      <trkpt lat="35.18118" lon="-115.96423">
        <ele>386.0</ele>
      </trkpt>
      <trkpt lat="35.18094" lon="-115.9647">
        <ele>385.0</ele>
      </trkpt>
      <trkpt lat="35.18071" lon="-115.96518">
        <ele>384.0</ele>
      </trkpt>
      <trkpt lat="35.18047" lon="-115.96565">
        <ele>383.0</ele>
      </trkpt>
      <trkpt lat="35.17996" lon="-115.9662">
        <ele>382.0</ele>
      </trkpt>
      <trkpt lat="35.17941" lon="-115.96684">
        <ele>380.0</ele>
      </trkpt>
      <trkpt lat="35.17905" lon="-115.96743">
        <ele>378.94</ele>
      </trkpt>
      <trkpt lat="35.17868" lon="-115.96802">
        <ele>377.0</ele>
      </trkpt>
      <trkpt lat="35.17835" lon="-115.96843">
        <ele>376.0</ele>
      </trkpt>
      <trkpt lat="35.17793" lon="-115.96905">
        <ele>375.0</ele>
      </trkpt>
      <trkpt lat="35.17751" lon="-115.96966">
        <ele>373.0</ele>
      </trkpt>
      <trkpt lat="35.17717" lon="-115.97003">
        <ele>372.0</ele>
      </trkpt>
      <trkpt lat="35.17683" lon="-115.97039">
        <ele>371.0</ele>
      </trkpt>
      <trkpt lat="35.17653" lon="-115.97084">
        <ele>370.0</ele>
      </trkpt>
      <trkpt lat="35.17623" lon="-115.97128">
        <ele>370.0</ele>
      </trkpt>
      <trkpt lat="35.17586" lon="-115.97179">
        <ele>369.0</ele>
      </trkpt>
      <trkpt lat="35.17548" lon="-115.97211">
        <ele>368.0</ele>
      </trkpt>
      <trkpt lat="35.17509" lon="-115.97242">
        <ele>367.84</ele>
      </trkpt>
      <trkpt lat="35.17471" lon="-115.97274">
        <ele>367.0</ele>
      </trkpt>
      <trkpt lat="35.17433" lon="-115.97308">
        <ele>366.0</ele>
      </trkpt>
      <trkpt lat="35.17395" lon="-115.97341">
        <ele>365.0</ele>
      </trkpt>
      <trkpt lat="35.17341" lon="-115.97412">
        <ele>363.42</ele>
      </trkpt>
      <trkpt lat="35.17308" lon="-115.97455">
        <ele>363.0</ele>
      </trkpt>
      <trkpt lat="35.17276" lon="-115.97497">
        <ele>362.0</ele>
      </trkpt>
      <trkpt lat="35.17243" lon="-115.9754">
        <ele>361.0</ele>
      </trkpt>
      <trkpt lat="35.17207" lon="-115.97583">
        <ele>360.0</ele>
      </trkpt>
      <trkpt lat="35.1717" lon="-115.97625">
        <ele>359.0</ele>
      </trkpt>
      <trkpt lat="35.17134" lon="-115.97668">
        <ele>358.0</ele>
      </trkpt>
      <trkpt lat="35.17109" lon="-115.9771">
        <ele>357.0</ele>
      </trkpt>
      <trkpt lat="35.17093" lon="-115.97761">
        <ele>356.0</ele>
      </trkpt>
      <trkpt lat="35.17069" lon="-115.97832">
        <ele>355.0</ele>
      </trkpt>
      <trkpt lat="35.17045" lon="-115.97903">
        <ele>353.41</ele>
      </trkpt>
      <trkpt lat="35.17027" lon="-115.97959">
        <ele>352.39</ele>
      </trkpt>
      <trkpt lat="35.17009" lon="-115.98016">
        <ele>351.26</ele>
      </trkpt>
      <trkpt lat="35.1698" lon="-115.98106">
        <ele>350.0</ele>
      </trkpt>
      <trkpt lat="35.16961" lon="-115.98169">
        <ele>349.0</ele>
      </trkpt>
      <trkpt lat="35.16941" lon="-115.98232">
        <ele>348.0</ele>
      </trkpt>
      <trkpt lat="35.16911" lon="-115.98321">
        <ele>347.0</ele>
      </trkpt>
      <trkpt lat="35.16892" lon="-115.98377">
        <ele>346.0</ele>
      </trkpt>
      <trkpt lat="35.16861" lon="-115.98479">
        <ele>344.26</ele>
      </trkpt>
      <trkpt lat="35.16844" lon="-115.98531">
        <ele>344.0</ele>
      </trkpt>
      <trkpt lat="35.16827" lon="-115.98584">
        <ele>343.0</ele>
      </trkpt>
      <trkpt lat="35.1681" lon="-115.98636">
        <ele>342.0</ele>
      </trkpt>
      <trkpt lat="35.16794" lon="-115.98688">
        <ele>342.0</ele>
      </trkpt>
      <trkpt lat="35.16777" lon="-115.98741">
        <ele>341.0</ele>
      </trkpt>
      <trkpt lat="35.1676" lon="-115.98793">
        <ele>340.41</ele>
      </trkpt>
      <trkpt lat="35.16742" lon="-115.9885">
        <ele>340.0</ele>
      </trkpt>
      <trkpt lat="35.16723" lon="-115.98907">
        <ele>339.0</ele>
      </trkpt>
      <trkpt lat="35.16705" lon="-115.98964">
        <ele>337.9</ele>
      </trkpt>
      <trkpt lat="35.16686" lon="-115.99021">
        <ele>336.76</ele>
      </trkpt>
      <trkpt lat="35.16669" lon="-115.99075">
        <ele>335.93</ele>
      </trkpt>
      <trkpt lat="35.16652" lon="-115.99129">
        <ele>335.0</ele>
      </trkpt>
      <trkpt lat="35.16634" lon="-115.99183">
        <ele>334.0</ele>
      </trkpt>
      <trkpt lat="35.16617" lon="-115.99237">
        <ele>333.0</ele>
      </trkpt>
      <trkpt lat="35.16594" lon="-115.99308">
        <ele>332.0</ele>
      </trkpt>
      <trkpt lat="35.1657" lon="-115.99378">
        <ele>331.0</ele>
      </trkpt>
      <trkpt lat="35.1655" lon="-115.9944">
        <ele>330.0</ele>
      </trkpt>
      <trkpt lat="35.16531" lon="-115.99501">
        <ele>329.0</ele>
      </trkpt>
      <trkpt lat="35.16511" lon="-115.99563">
        <ele>329.0</ele>
      </trkpt>
      <trkpt lat="35.16493" lon="-115.99616">
        <ele>328.0</ele>
      </trkpt>
      <trkpt lat="35.16475" lon="-115.99668">
        <ele>328.0</ele>
      </trkpt>
      <trkpt lat="35.16457" lon="-115.99721">
        <ele>327.05</ele>
      </trkpt>
      <trkpt lat="35.1644" lon="-115.99773">
        <ele>327.0</ele>
      </trkpt>
      <trkpt lat="35.16422" lon="-115.99826">
        <ele>326.0</ele>
      </trkpt>
      <trkpt lat="35.16404" lon="-115.99878">
        <ele>326.0</ele>
      </trkpt>
      <trkpt lat="35.16386" lon="-115.99931">
        <ele>325.0</ele>
      </trkpt>
      <trkpt lat="35.16378" lon="-115.99952">
        <ele>324.0</ele>
      </trkpt>
      <trkpt lat="35.16373" lon="-115.99968">
        <ele>324.0</ele>
      </trkpt>
      <trkpt lat="35.16364" lon="-115.99996">
        <ele>324.0</ele>
      </trkpt>
      <trkpt lat="35.16346" lon="-116.00044">
        <ele>323.0</ele>
      </trkpt>
      <trkpt lat="35.16331" lon="-116.00089">
        <ele>322.29</ele>
      </trkpt>
      <trkpt lat="35.16308" lon="-116.00158">
        <ele>321.25</ele>
      </trkpt>
      <trkpt lat="35.16285" lon="-116.00226">
        <ele>320.0</ele>
      </trkpt>
      <trkpt lat="35.16266" lon="-116.00279">
        <ele>319.63</ele>
      </trkpt>
      <trkpt lat="35.16249" lon="-116.00337">
        <ele>319.0</ele>
      </trkpt>
      <trkpt lat="35.16233" lon="-116.00395">
        <ele>318.0</ele>
      </trkpt>
      <trkpt lat="35.16216" lon="-116.00453">
        <ele>318.0</ele>
      </trkpt>
      <trkpt lat="35.16194" lon="-116.00512">
        <ele>317.0</ele>
      </trkpt>
      <trkpt lat="35.16179" lon="-116.00576">
        <ele>316.0</ele>
      </trkpt>
      <trkpt lat="35.16176" lon="-116.00642">
        <ele>315.01</ele>
      </trkpt>
      <trkpt lat="35.16174" lon="-116.00707">
        <ele>315.0</ele>
      </trkpt>
      <trkpt lat="35.16171" lon="-116.00773">
        <ele>314.0</ele>
      </trkpt>
      <trkpt lat="35.1617" lon="-116.00836">
        <ele>313.0</ele>
      </trkpt>
      <trkpt lat="35.16175" lon="-116.00911">
        <ele>312.0</ele>
      </trkpt>
      <trkpt lat="35.1618" lon="-116.00974">
        <ele>311.0</ele>
      </trkpt>
      <trkpt lat="35.16184" lon="-116.01036">
        <ele>310.0</ele>
      </trkpt>
      <trkpt lat="35.16183" lon="-116.01075">
        <ele>310.0</ele>
      </trkpt>
      <trkpt lat="35.16168" lon="-116.01157">
        <ele>309.0</ele>
      </trkpt>
      <trkpt lat="35.16158" lon="-116.01211">
        <ele>308.0</ele>
      </trkpt>
      <trkpt lat="35.16156" lon="-116.01293">
        <ele>307.0</ele>
      </trkpt>
      <trkpt lat="35.1615" lon="-116.01366">
        <ele>306.0</ele>
      </trkpt>
      <trkpt lat="35.16143" lon="-116.01439">
        <ele>305.0</ele>
      </trkpt>
      <trkpt lat="35.16132" lon="-116.01506">
        <ele>304.35</ele>
      </trkpt>
      <trkpt lat="35.16114" lon="-116.01574">
        <ele>304.0</ele>
      </trkpt>
      <trkpt lat="35.16084" lon="-116.01674">
        <ele>302.0</ele>
      </trkpt>
      <trkpt lat="35.16064" lon="-116.01739">
        <ele>301.93</ele>
      </trkpt>
      <trkpt lat="35.1605" lon="-116.01795">
        <ele>301.0</ele>
      </trkpt>
      <trkpt lat="35.16035" lon="-116.01851">
        <ele>301.0</ele>
      </trkpt>
      <trkpt lat="35.16021" lon="-116.01907">
        <ele>300.0</ele>
      </trkpt>
      <trkpt lat="35.16007" lon="-116.01963">
        <ele>299.0</ele>
      </trkpt>
      <trkpt lat="35.15995" lon="-116.02016">
        <ele>298.0</ele>
      </trkpt>
      <trkpt lat="35.15982" lon="-116.02069">
        <ele>297.0</ele>
      </trkpt>
      <trkpt lat="35.1597" lon="-116.02122">
        <ele>296.0</ele>
      </trkpt>
      <trkpt lat="35.15957" lon="-116.02175">
        <ele>295.1</ele>
      </trkpt>
      <trkpt lat="35.15942" lon="-116.02236">
        <ele>295.0</ele>
      </trkpt>
      <trkpt lat="35.15923" lon="-116.02307">
        <ele>293.95</ele>
      </trkpt>
      <trkpt lat="35.15903" lon="-116.02377">
        <ele>293.0</ele>
      </trkpt>
      <trkpt lat="35.15881" lon="-116.02464">
        <ele>291.13</ele>
      </trkpt>
      <trkpt lat="35.15867" lon="-116.02528">
        <ele>291.0</ele>
      </trkpt>
      <trkpt lat="35.15848" lon="-116.02613">
        <ele>291.0</ele>
      </trkpt>
      <trkpt lat="35.15845" lon="-116.0266">
        <ele>290.93</ele>
      </trkpt>
      <trkpt lat="35.15826" lon="-116.02744">
        <ele>290.0</ele>
      </trkpt>
      <trkpt lat="35.15816" lon="-116.02776">
        <ele>290.0</ele>
      </trkpt>
      <trkpt lat="35.15816" lon="-116.02812">
        <ele>290.0</ele>
      </trkpt>
      <trkpt lat="35.15818" lon="-116.02839">
        <ele>290.0</ele>
      </trkpt>
      <trkpt lat="35.15816" lon="-116.02861">
        <ele>290.0</ele>
      </trkpt>
      <trkpt lat="35.15799" lon="-116.0288">
        <ele>290.0</ele>
      </trkpt>
      <trkpt lat="35.15787" lon="-116.02953">
        <ele>290.0</ele>
      </trkpt>
      <trkpt lat="35.15769" lon="-116.03049">
        <ele>290.0</ele>
      </trkpt>
      <trkpt lat="35.15767" lon="-116.03115">
        <ele>290.16</ele>
      </trkpt>
      <trkpt lat="35.15758" lon="-116.03153">
        <ele>290.0</ele>
      </trkpt>
      <trkpt lat="35.1574" lon="-116.03206">
        <ele>290.0</ele>
      </trkpt>
      <trkpt lat="35.15707" lon="-116.03289">
        <ele>290.0</ele>
      </trkpt>
      <trkpt lat="35.15689" lon="-116.03381">
        <ele>290.0</ele>
      </trkpt>
      <trkpt lat="35.15676" lon="-116.03437">
        <ele>290.0</ele>
      </trkpt>
      <trkpt lat="35.15662" lon="-116.03494">
        <ele>290.0</ele>
      </trkpt>
      <trkpt lat="35.15649" lon="-116.0355">
        <ele>290.0</ele>
      </trkpt>
      <trkpt lat="35.15636" lon="-116.03611">
        <ele>290.0</ele>
      </trkpt>
      <trkpt lat="35.15623" lon="-116.03671">
        <ele>290.0</ele>
      </trkpt>
      <trkpt lat="35.1561" lon="-116.03732">
        <ele>290.0</ele>
      </trkpt>
      <trkpt lat="35.15601" lon="-116.03805">
        <ele>290.0</ele>
      </trkpt>
      <trkpt lat="35.15589" lon="-116.03871">
        <ele>290.0</ele>
      </trkpt>
      <trkpt lat="35.15576" lon="-116.03937">
        <ele>290.0</ele>
      </trkpt>
      <trkpt lat="35.15563" lon="-116.03997">
        <ele>290.0</ele>
      </trkpt>
      <trkpt lat="35.1555" lon="-116.04057">
        <ele>289.49</ele>
      </trkpt>
      <trkpt lat="35.15537" lon="-116.04117">
        <ele>290.0</ele>
      </trkpt>
      <trkpt lat="35.15524" lon="-116.04178">
        <ele>290.0</ele>
      </trkpt>
      <trkpt lat="35.15511" lon="-116.04238">
        <ele>290.0</ele>
      </trkpt>
      <trkpt lat="35.15498" lon="-116.04298">
        <ele>290.0</ele>
      </trkpt>
      <trkpt lat="35.15485" lon="-116.04358">
        <ele>290.0</ele>
      </trkpt>
      <trkpt lat="35.15464" lon="-116.04428">
        <ele>289.0</ele>
      </trkpt>
      <trkpt lat="35.15443" lon="-116.04498">
        <ele>289.0</ele>
      </trkpt>
      <trkpt lat="35.15422" lon="-116.04563">
        <ele>290.0</ele>
      </trkpt>
      <trkpt lat="35.15401" lon="-116.04628">
        <ele>289.0</ele>
      </trkpt>
      <trkpt lat="35.15382" lon="-116.04684">
        <ele>289.0</ele>
      </trkpt>
      <trkpt lat="35.15364" lon="-116.04741">
        <ele>289.0</ele>
      </trkpt>
      <trkpt lat="35.15345" lon="-116.04798">
        <ele>289.0</ele>
      </trkpt>
      <trkpt lat="35.15326" lon="-116.04854">
        <ele>289.0</ele>
      </trkpt>
      <trkpt lat="35.15309" lon="-116.04909">
        <ele>290.0</ele>
      </trkpt>
      <trkpt lat="35.15292" lon="-116.04964">
        <ele>290.0</ele>
      </trkpt>
      <trkpt lat="35.15274" lon="-116.05019">
        <ele>289.0</ele>
      </trkpt>
      <trkpt lat="35.15257" lon="-116.05074">
        <ele>289.0</ele>
      </trkpt>
      <trkpt lat="35.15241" lon="-116.05125">
        <ele>289.0</ele>
      </trkpt>
      <trkpt lat="35.15224" lon="-116.05177">
        <ele>289.0</ele>
      </trkpt>
      <trkpt lat="35.15208" lon="-116.05228">
        <ele>289.0</ele>
      </trkpt>
      <trkpt lat="35.15184" lon="-116.05288">
        <ele>289.0</ele>
      </trkpt>
      <trkpt lat="35.15161" lon="-116.05349">
        <ele>289.0</ele>
      </trkpt>
      <trkpt lat="35.15137" lon="-116.05409">
        <ele>290.0</ele>
      </trkpt>
      <trkpt lat="35.15111" lon="-116.05466">
        <ele>289.0</ele>
      </trkpt>
      <trkpt lat="35.15085" lon="-116.05523">
        <ele>289.0</ele>
      </trkpt>
      <trkpt lat="35.1506" lon="-116.05581">
        <ele>289.0</ele>
      </trkpt>
      <trkpt lat="35.15034" lon="-116.05638">
        <ele>289.0</ele>
      </trkpt>
      <trkpt lat="35.15008" lon="-116.05695">
        <ele>289.0</ele>
      </trkpt>
      <trkpt lat="35.14983" lon="-116.05746">
        <ele>289.0</ele>
      </trkpt>
      <trkpt lat="35.14959" lon="-116.05797">
        <ele>289.0</ele>
      </trkpt>
      <trkpt lat="35.14934" lon="-116.05848">
        <ele>289.0</ele>
      </trkpt>
      <trkpt lat="35.14909" lon="-116.059">
        <ele>289.2</ele>
      </trkpt>
      <trkpt lat="35.14884" lon="-116.05951">
        <ele>290.0</ele>
      </trkpt>
      <trkpt lat="35.1486" lon="-116.06002">
        <ele>290.0</ele>
      </trkpt>
      <trkpt lat="35.14835" lon="-116.06053">
        <ele>290.0</ele>
      </trkpt>
      <trkpt lat="35.14807" lon="-116.06103">
        <ele>290.0</ele>
      </trkpt>
      <trkpt lat="35.14779" lon="-116.06153">
        <ele>289.0</ele>
      </trkpt>
      <trkpt lat="35.14751" lon="-116.06203">
        <ele>288.0</ele>
      </trkpt>
      <trkpt lat="35.14723" lon="-116.06253">
        <ele>288.0</ele>
      </trkpt>
      <trkpt lat="35.14698" lon="-116.06303">
        <ele>288.0</ele>
      </trkpt>
      <trkpt lat="35.14673" lon="-116.06353">
        <ele>289.0</ele>
      </trkpt>
      <trkpt lat="35.14649" lon="-116.06404">
        <ele>289.0</ele>
      </trkpt>
      <trkpt lat="35.14624" lon="-116.06454">
        <ele>288.0</ele>
      </trkpt>
      <trkpt lat="35.14599" lon="-116.06504">
        <ele>289.0</ele>
      </trkpt>
      <trkpt lat="35.14576" lon="-116.06554">
        <ele>289.0</ele>
      </trkpt>
      <trkpt lat="35.14552" lon="-116.06603">
        <ele>289.0</ele>
      </trkpt>
      <trkpt lat="35.14529" lon="-116.06653">
        <ele>289.87</ele>
      </trkpt>
      <trkpt lat="35.14506" lon="-116.06703">
        <ele>290.0</ele>
      </trkpt>
      <trkpt lat="35.14482" lon="-116.06752">
        <ele>289.0</ele>
      </trkpt>
      <trkpt lat="35.14459" lon="-116.06802">
        <ele>288.0</ele>
      </trkpt>
      <trkpt lat="35.14436" lon="-116.06852">
        <ele>287.0</ele>
      </trkpt>
      <trkpt lat="35.14413" lon="-116.06902">
        <ele>288.0</ele>
      </trkpt>
      <trkpt lat="35.14389" lon="-116.06951">
        <ele>289.71</ele>
      </trkpt>
      <trkpt lat="35.14366" lon="-116.07001">
        <ele>290.0</ele>
      </trkpt>
      <trkpt lat="35.14341" lon="-116.0705">
        <ele>289.83</ele>
      </trkpt>
      <trkpt lat="35.14316" lon="-116.071">
        <ele>290.0</ele>
      </trkpt>
      <trkpt lat="35.14291" lon="-116.07149">
        <ele>290.0</ele>
      </trkpt>
      <trkpt lat="35.14266" lon="-116.07199">
        <ele>289.0</ele>
      </trkpt>
      <trkpt lat="35.14241" lon="-116.07248">
        <ele>288.24</ele>
      </trkpt>
      <trkpt lat="35.14212" lon="-116.07306">
        <ele>289.0</ele>
      </trkpt>
      <trkpt lat="35.14182" lon="-116.07365">
        <ele>289.0</ele>
      </trkpt>
      <trkpt lat="35.14153" lon="-116.07423">
        <ele>289.0</ele>
      </trkpt>
      <trkpt lat="35.14128" lon="-116.07478">
        <ele>289.0</ele>
      </trkpt>
      <trkpt lat="35.14104" lon="-116.07534">
        <ele>288.0</ele>
      </trkpt>
      <trkpt lat="35.14079" lon="-116.07589">
        <ele>288.0</ele>
      </trkpt>
      <trkpt lat="35.14053" lon="-116.07657">
        <ele>288.0</ele>
      </trkpt>
      <trkpt lat="35.14029" lon="-116.07707">
        <ele>288.0</ele>
      </trkpt>
      <trkpt lat="35.14004" lon="-116.07757">
        <ele>288.0</ele>
      </trkpt>
      <trkpt lat="35.1398" lon="-116.07807">
        <ele>288.0</ele>
      </trkpt>
      <trkpt lat="35.13955" lon="-116.07857">
        <ele>287.86</ele>
      </trkpt>
      <trkpt lat="35.13923" lon="-116.07925">
        <ele>288.0</ele>
      </trkpt>
      <trkpt lat="35.13891" lon="-116.07994">
        <ele>287.0</ele>
      </trkpt>
      <trkpt lat="35.13865" lon="-116.08048">
        <ele>287.0</ele>
      </trkpt>
      <trkpt lat="35.1384" lon="-116.08102">
        <ele>287.0</ele>
      </trkpt>
      <trkpt lat="35.13814" lon="-116.08157">
        <ele>287.0</ele>
      </trkpt>
      <trkpt lat="35.13789" lon="-116.08211">
        <ele>287.0</ele>
      </trkpt>
      <trkpt lat="35.13763" lon="-116.08265">
        <ele>287.0</ele>
      </trkpt>
      <trkpt lat="35.13739" lon="-116.08315">
        <ele>287.0</ele>
      </trkpt>
      <trkpt lat="35.13714" lon="-116.08365">
        <ele>287.0</ele>
      </trkpt>
      <trkpt lat="35.13684" lon="-116.08421">
        <ele>287.07</ele>
      </trkpt>
      <trkpt lat="35.13654" lon="-116.08476">
        <ele>288.0</ele>
      </trkpt>
      <trkpt lat="35.13624" lon="-116.08532">
        <ele>288.0</ele>
      </trkpt>
      <trkpt lat="35.13596" lon="-116.08581">
        <ele>288.0</ele>
      </trkpt>
      <trkpt lat="35.13569" lon="-116.08629">
        <ele>288.0</ele>
      </trkpt>
      <trkpt lat="35.13541" lon="-116.08678">
        <ele>288.0</ele>
      </trkpt>
      <trkpt lat="35.13513" lon="-116.08737">
        <ele>288.6</ele>
      </trkpt>
      <trkpt lat="35.13484" lon="-116.08795">
        <ele>289.0</ele>
      </trkpt>
      <trkpt lat="35.13458" lon="-116.08843">
        <ele>289.0</ele>
      </trkpt>
      <trkpt lat="35.13431" lon="-116.0889">
        <ele>289.0</ele>
      </trkpt>
      <trkpt lat="35.13405" lon="-116.08938">
        <ele>289.0</ele>
      </trkpt>
      <trkpt lat="35.13378" lon="-116.08985">
        <ele>289.0</ele>
      </trkpt>
      <trkpt lat="35.13351" lon="-116.09036">
        <ele>288.0</ele>
      </trkpt>
      <trkpt lat="35.13324" lon="-116.09087">
        <ele>287.0</ele>
      </trkpt>
      <trkpt lat="35.13297" lon="-116.09138">
        <ele>287.0</ele>
      </trkpt>
      <trkpt lat="35.1327" lon="-116.09188">
        <ele>287.0</ele>
      </trkpt>
      <trkpt lat="35.13243" lon="-116.09239">
        <ele>287.0</ele>
      </trkpt>
      <trkpt lat="35.13216" lon="-116.0929">
        <ele>287.0</ele>
      </trkpt>
      <trkpt lat="35.1319" lon="-116.09338">
        <ele>287.0</ele>
      </trkpt>
      <trkpt lat="35.13165" lon="-116.09386">
        <ele>287.0</ele>
      </trkpt>
      <trkpt lat="35.13139" lon="-116.09434">
        <ele>287.0</ele>
      </trkpt>
      <trkpt lat="35.13113" lon="-116.09482">
        <ele>287.0</ele>
      </trkpt>
      <trkpt lat="35.13078" lon="-116.09529">
        <ele>287.0</ele>
      </trkpt>
      <trkpt lat="35.13055" lon="-116.09573">
        <ele>287.0</ele>
      </trkpt>
      <trkpt lat="35.13023" lon="-116.09618">
        <ele>288.0</ele>
      </trkpt>
      <trkpt lat="35.12991" lon="-116.09662">
        <ele>288.0</ele>
      </trkpt>
      <trkpt lat="35.12955" lon="-116.09729">
        <ele>287.0</ele>
      </trkpt>
      <trkpt lat="35.1292" lon="-116.09796">
        <ele>287.0</ele>
      </trkpt>
      <trkpt lat="35.12883" lon="-116.09856">
        <ele>286.0</ele>
      </trkpt>
      <trkpt lat="35.12847" lon="-116.09915">
        <ele>287.0</ele>
      </trkpt>
      <trkpt lat="35.12821" lon="-116.0996">
        <ele>287.0</ele>
      </trkpt>
      <trkpt lat="35.12794" lon="-116.10005">
        <ele>287.0</ele>
      </trkpt>
      <trkpt lat="35.12768" lon="-116.1005">
        <ele>287.0</ele>
      </trkpt>
      <trkpt lat="35.12734" lon="-116.10116">
        <ele>286.0</ele>
      </trkpt>
      <trkpt lat="35.12699" lon="-116.10181">
        <ele>286.0</ele>
      </trkpt>
      <trkpt lat="35.12668" lon="-116.1024">
        <ele>286.0</ele>
      </trkpt>
      <trkpt lat="35.12636" lon="-116.10299">
        <ele>286.0</ele>
      </trkpt>
      <trkpt lat="35.12592" lon="-116.10347">
        <ele>286.0</ele>
      </trkpt>
      <trkpt lat="35.12547" lon="-116.10395">
        <ele>286.0</ele>
      </trkpt>
      <trkpt lat="35.12501" lon="-116.10439">
        <ele>287.0</ele>
      </trkpt>
      <trkpt lat="35.12455" lon="-116.10484">
        <ele>287.0</ele>
      </trkpt>
      <trkpt lat="35.12409" lon="-116.10528">
        <ele>286.17</ele>
      </trkpt>
      <trkpt lat="35.12368" lon="-116.10565">
        <ele>286.0</ele>
      </trkpt>
      <trkpt lat="35.12327" lon="-116.10602">
        <ele>286.0</ele>
      </trkpt>
      <trkpt lat="35.12285" lon="-116.1064">
        <ele>286.0</ele>
      </trkpt>
      <trkpt lat="35.12244" lon="-116.10677">
        <ele>286.0</ele>
      </trkpt>
      <trkpt lat="35.12193" lon="-116.1073">
        <ele>286.0</ele>
      </trkpt>
      <trkpt lat="35.12143" lon="-116.10783">
        <ele>286.0</ele>
      </trkpt>
      <trkpt lat="35.12091" lon="-116.10839">
        <ele>287.0</ele>
      </trkpt>
      <trkpt lat="35.12058" lon="-116.10885">
        <ele>287.0</ele>
      </trkpt>
      <trkpt lat="35.12025" lon="-116.10931">
        <ele>287.0</ele>
      </trkpt>
      <trkpt lat="35.11992" lon="-116.10977">
        <ele>287.0</ele>
      </trkpt>
      <trkpt lat="35.11948" lon="-116.11038">
        <ele>287.66</ele>
      </trkpt>
      <trkpt lat="35.11895" lon="-116.11106">
        <ele>288.0</ele>
      </trkpt>
      <trkpt lat="35.11856" lon="-116.11155">
        <ele>288.0</ele>
      </trkpt>
      <trkpt lat="35.11849" lon="-116.11168">
        <ele>288.0</ele>
      </trkpt>
      <trkpt lat="35.1185" lon="-116.11177">
        <ele>288.0</ele>
      </trkpt>
      <trkpt lat="35.11869" lon="-116.11207">
        <ele>288.0</ele>
      </trkpt>
      <trkpt lat="35.11902" lon="-116.11253">
        <ele>288.0</ele>
      </trkpt>
      <trkpt lat="35.11955" lon="-116.11284">
        <ele>288.0</ele>
      </trkpt>
      <trkpt lat="35.12013" lon="-116.11303">
        <ele>288.0</ele>
      </trkpt>
      <trkpt lat="35.12036" lon="-116.11298">
        <ele>288.0</ele>
      </trkpt>
      <trkpt lat="35.12062" lon="-116.113">
        <ele>288.0</ele>
      </trkpt>
      <trkpt lat="35.12077" lon="-116.11311">
        <ele>287.28</ele>
      </trkpt>
      <trkpt lat="35.12087" lon="-116.11341">
        <ele>288.0</ele>
      </trkpt>
      <trkpt lat="35.12083" lon="-116.11375">
        <ele>288.0</ele>
      </trkpt>
      <trkpt lat="35.12076" lon="-116.1141">
        <ele>288.0</ele>
      </trkpt>
      <trkpt lat="35.1207" lon="-116.11439">
        <ele>288.0</ele>
      </trkpt>
      <trkpt lat="35.12067" lon="-116.11469">
        <ele>288.0</ele>
      </trkpt>
      <trkpt lat="35.12063" lon="-116.11505">
        <ele>288.0</ele>
      </trkpt>
      <trkpt lat="35.12049" lon="-116.1156">
        <ele>288.0</ele>
      </trkpt>
      <trkpt lat="35.12026" lon="-116.11613">
        <ele>287.85</ele>
      </trkpt>
      <trkpt lat="35.12003" lon="-116.11666">
        <ele>288.0</ele>
      </trkpt>
      <trkpt lat="35.11994" lon="-116.11725">
        <ele>288.0</ele>
      </trkpt>
      <trkpt lat="35.11984" lon="-116.11766">
        <ele>289.0</ele>
      </trkpt>
      <trkpt lat="35.11971" lon="-116.11794">
        <ele>289.97</ele>
      </trkpt>
      <trkpt lat="35.11951" lon="-116.11817">
        <ele>290.0</ele>
      </trkpt>
      <trkpt lat="35.11911" lon="-116.11843">
        <ele>290.0</ele>
      </trkpt>
      <trkpt lat="35.1187" lon="-116.11876">
        <ele>291.0</ele>
      </trkpt>
      <trkpt lat="35.11828" lon="-116.11909">
        <ele>291.0</ele>
      </trkpt>
      <trkpt lat="35.11789" lon="-116.11941">
        <ele>291.0</ele>
      </trkpt>
      <trkpt lat="35.11728" lon="-116.11997">
        <ele>291.0</ele>
      </trkpt>
      <trkpt lat="35.11691" lon="-116.12028">
        <ele>291.0</ele>
      </trkpt>
      <trkpt lat="35.11653" lon="-116.12059">
        <ele>290.0</ele>
      </trkpt>
      <trkpt lat="35.11627" lon="-116.12097">
        <ele>291.0</ele>
      </trkpt>
      <trkpt lat="35.1158" lon="-116.12171">
        <ele>291.0</ele>
      </trkpt>
      <trkpt lat="35.1152" lon="-116.12252">
        <ele>291.0</ele>
      </trkpt>
      <trkpt lat="35.11486" lon="-116.12315">
        <ele>291.0</ele>
      </trkpt>
      <trkpt lat="35.11468" lon="-116.12382">
        <ele>291.0</ele>
      </trkpt>
      <trkpt lat="35.11449" lon="-116.12448">
        <ele>293.0</ele>
      </trkpt>
      <trkpt lat="35.11441" lon="-116.12501">
        <ele>293.0</ele>
      </trkpt>
      <trkpt lat="35.11428" lon="-116.12557">
        <ele>293.0</ele>
      </trkpt>
      <trkpt lat="35.11421" lon="-116.12617">
        <ele>293.0</ele>
      </trkpt>
      <trkpt lat="35.11424" lon="-116.12678">
        <ele>293.0</ele>
      </trkpt>
      <trkpt lat="35.11423" lon="-116.12716">
        <ele>293.0</ele>
      </trkpt>
      <trkpt lat="35.11413" lon="-116.12757">
        <ele>294.0</ele>
      </trkpt>
      <trkpt lat="35.11409" lon="-116.12794">
        <ele>295.0</ele>
      </trkpt>
      <trkpt lat="35.11405" lon="-116.12815">
        <ele>295.0</ele>
      </trkpt>
      <trkpt lat="35.11399" lon="-116.12838">
        <ele>295.0</ele>
      </trkpt>
      <trkpt lat="35.11383" lon="-116.12881">
        <ele>296.0</ele>
      </trkpt>
      <trkpt lat="35.11366" lon="-116.12912">
        <ele>296.0</ele>
      </trkpt>
      <trkpt lat="35.1135" lon="-116.12959">
        <ele>297.0</ele>
      </trkpt>
      <trkpt lat="35.11333" lon="-116.13007">
        <ele>298.0</ele>
      </trkpt>
      <trkpt lat="35.11317" lon="-116.13044">
        <ele>298.57</ele>
      </trkpt>
      <trkpt lat="35.11292" lon="-116.13103">
        <ele>300.12</ele>
      </trkpt>
      <trkpt lat="35.11267" lon="-116.13161">
        <ele>302.0</ele>
      </trkpt>
      <trkpt lat="35.11243" lon="-116.1322">
        <ele>303.0</ele>
      </trkpt>
      <trkpt lat="35.11218" lon="-116.13278">
        <ele>304.0</ele>
      </trkpt>
      <trkpt lat="35.11192" lon="-116.13351">
        <ele>305.0</ele>
      </trkpt>
      <trkpt lat="35.11166" lon="-116.13424">
        <ele>306.0</ele>
      </trkpt>
      <trkpt lat="35.11144" lon="-116.13481">
        <ele>307.0</ele>
      </trkpt>
      <trkpt lat="35.11122" lon="-116.13537">
        <ele>308.0</ele>
      </trkpt>
      <trkpt lat="35.11109" lon="-116.13613">
        <ele>309.0</ele>
      </trkpt>
      <trkpt lat="35.11091" lon="-116.13671">
        <ele>310.0</ele>
      </trkpt>
      <trkpt lat="35.11058" lon="-116.13742">
        <ele>311.0</ele>
      </trkpt>
      <trkpt lat="35.1103" lon="-116.13825">
        <ele>312.0</ele>
      </trkpt>
      <trkpt lat="35.11012" lon="-116.13876">
        <ele>312.0</ele>
      </trkpt>
      <trkpt lat="35.10995" lon="-116.13927">
        <ele>313.0</ele>
      </trkpt>
      <trkpt lat="35.10977" lon="-116.13978">
        <ele>313.0</ele>
      </trkpt>
      <trkpt lat="35.1096" lon="-116.14029">
        <ele>313.09</ele>
      </trkpt>
      <trkpt lat="35.10942" lon="-116.1408">
        <ele>314.0</ele>
      </trkpt>
      <trkpt lat="35.10916" lon="-116.14179">
        <ele>314.0</ele>
      </trkpt>
      <trkpt lat="35.10896" lon="-116.14239">
        <ele>314.96</ele>
      </trkpt>
      <trkpt lat="35.10876" lon="-116.14299">
        <ele>315.0</ele>
      </trkpt>
      <trkpt lat="35.10856" lon="-116.14359">
        <ele>315.0</ele>
      </trkpt>
      <trkpt lat="35.10839" lon="-116.14415">
        <ele>315.0</ele>
      </trkpt>
      <trkpt lat="35.10823" lon="-116.14472">
        <ele>315.0</ele>
      </trkpt>
      <trkpt lat="35.10806" lon="-116.14528">
        <ele>315.0</ele>
      </trkpt>
      <trkpt lat="35.10789" lon="-116.146">
        <ele>315.0</ele>
      </trkpt>
      <trkpt lat="35.10772" lon="-116.14672">
        <ele>315.0</ele>
      </trkpt>
      <trkpt lat="35.10737" lon="-116.14772">
        <ele>314.85</ele>
      </trkpt>
      <trkpt lat="35.10726" lon="-116.14822">
        <ele>314.87</ele>
      </trkpt>
      <trkpt lat="35.10693" lon="-116.14892">
        <ele>314.0</ele>
      </trkpt>
      <trkpt lat="35.10671" lon="-116.14949">
        <ele>314.0</ele>
      </trkpt>
      <trkpt lat="35.1065" lon="-116.15006">
        <ele>314.0</ele>
      </trkpt>
      <trkpt lat="35.10635" lon="-116.15067">
        <ele>314.0</ele>
      </trkpt>
      <trkpt lat="35.10612" lon="-116.1513">
        <ele>314.1</ele>
      </trkpt>
      <trkpt lat="35.10589" lon="-116.15193">
        <ele>315.0</ele>
      </trkpt>
      <trkpt lat="35.10566" lon="-116.15273">
        <ele>315.55</ele>
      </trkpt>
      <trkpt lat="35.10531" lon="-116.15353">
        <ele>316.04</ele>
      </trkpt>
      <trkpt lat="35.10504" lon="-116.15427">
        <ele>317.0</ele>
      </trkpt>
      <trkpt lat="35.10477" lon="-116.15493">
        <ele>318.0</ele>
      </trkpt>
      <trkpt lat="35.10452" lon="-116.15553">
        <ele>319.0</ele>
      </trkpt>
      <trkpt lat="35.10427" lon="-116.15612">
        <ele>320.0</ele>
      </trkpt>
      <trkpt lat="35.10405" lon="-116.1567">
        <ele>321.0</ele>
      </trkpt>
      <trkpt lat="35.10382" lon="-116.15727">
        <ele>322.52</ele>
      </trkpt>
      <trkpt lat="35.1036" lon="-116.15785">
        <ele>323.78</ele>
      </trkpt>
      <trkpt lat="35.1033" lon="-116.15841">
        <ele>324.83</ele>
      </trkpt>
      <trkpt lat="35.10291" lon="-116.15914">
        <ele>326.0</ele>
      </trkpt>
      <trkpt lat="35.10267" lon="-116.15964">
        <ele>327.0</ele>
      </trkpt>
      <trkpt lat="35.10238" lon="-116.16037">
        <ele>328.0</ele>
      </trkpt>
      <trkpt lat="35.10208" lon="-116.16099">
        <ele>329.0</ele>
      </trkpt>
      <trkpt lat="35.10179" lon="-116.16162">
        <ele>330.0</ele>
      </trkpt>
      <trkpt lat="35.10149" lon="-116.16224">
        <ele>332.0</ele>
      </trkpt>
      <trkpt lat="35.1012" lon="-116.16279">
        <ele>333.0</ele>
      </trkpt>
      <trkpt lat="35.10084" lon="-116.1634">
        <ele>334.0</ele>
      </trkpt>
      <trkpt lat="35.10052" lon="-116.16391">
        <ele>335.0</ele>
      </trkpt>
      <trkpt lat="35.10021" lon="-116.16443">
        <ele>336.0</ele>
      </trkpt>
      <trkpt lat="35.09989" lon="-116.16494">
        <ele>337.0</ele>
      </trkpt>
      <trkpt lat="35.09961" lon="-116.16542">
        <ele>338.0</ele>
      </trkpt>
      <trkpt lat="35.09933" lon="-116.16591">
        <ele>339.0</ele>
      </trkpt>
      <trkpt lat="35.09905" lon="-116.16639">
        <ele>340.0</ele>
      </trkpt>
      <trkpt lat="35.09874" lon="-116.16694">
        <ele>341.0</ele>
      </trkpt>
      <trkpt lat="35.09842" lon="-116.16748">
        <ele>342.0</ele>
      </trkpt>
      <trkpt lat="35.09814" lon="-116.16806">
        <ele>343.0</ele>
      </trkpt>
      <trkpt lat="35.09785" lon="-116.16863">
        <ele>344.0</ele>
      </trkpt>
      <trkpt lat="35.09739" lon="-116.16956">
        <ele>345.0</ele>
      </trkpt>
      <trkpt lat="35.09715" lon="-116.17009">
        <ele>346.0</ele>
      </trkpt>
      <trkpt lat="35.09691" lon="-116.17061">
        <ele>346.37</ele>
      </trkpt>
      <trkpt lat="35.09654" lon="-116.17131">
        <ele>347.09</ele>
      </trkpt>
      <trkpt lat="35.09614" lon="-116.17214">
        <ele>348.0</ele>
      </trkpt>
      <trkpt lat="35.09589" lon="-116.17268">
        <ele>349.0</ele>
      </trkpt>
      <trkpt lat="35.09564" lon="-116.17321">
        <ele>350.0</ele>
      </trkpt>
      <trkpt lat="35.09534" lon="-116.17376">
        <ele>350.87</ele>
      </trkpt>
      <trkpt lat="35.09505" lon="-116.1744">
        <ele>351.0</ele>
      </trkpt>
      <trkpt lat="35.09476" lon="-116.17503">
        <ele>352.0</ele>
      </trkpt>
      <trkpt lat="35.09429" lon="-116.17591">
        <ele>352.0</ele>
      </trkpt>
      <trkpt lat="35.09406" lon="-116.1763">
        <ele>351.85</ele>
      </trkpt>
      <trkpt lat="35.09383" lon="-116.17687">
        <ele>353.0</ele>
      </trkpt>
      <trkpt lat="35.09376" lon="-116.1774">
        <ele>353.56</ele>
      </trkpt>
      <trkpt lat="35.0937" lon="-116.17772">
        <ele>351.98</ele>
      </trkpt>
      <trkpt lat="35.09353" lon="-116.17799">
        <ele>351.0</ele>
      </trkpt>
      <trkpt lat="35.09342" lon="-116.17831">
        <ele>350.98</ele>
      </trkpt>
      <trkpt lat="35.0934" lon="-116.17875">
        <ele>350.36</ele>
      </trkpt>
      <trkpt lat="35.09342" lon="-116.17921">
        <ele>347.97</ele>
      </trkpt>
      <trkpt lat="35.09303" lon="-116.18">
        <ele>340.72</ele>
      </trkpt>
      <trkpt lat="35.09263" lon="-116.18048">
        <ele>338.93</ele>
      </trkpt>
      <trkpt lat="35.09206" lon="-116.18095">
        <ele>334.8</ele>
      </trkpt>
      <trkpt lat="35.0916" lon="-116.18138">
        <ele>333.0</ele>
      </trkpt>
      <trkpt lat="35.09121" lon="-116.18131">
        <ele>332.0</ele>
      </trkpt>
      <trkpt lat="35.09094" lon="-116.18103">
        <ele>331.02</ele>
      </trkpt>
      <trkpt lat="35.09076" lon="-116.18092">
        <ele>331.0</ele>
      </trkpt>
      <trkpt lat="35.09055" lon="-116.18091">
        <ele>330.94</ele>
      </trkpt>
      <trkpt lat="35.09007" lon="-116.18093">
        <ele>329.0</ele>
      </trkpt>
      <trkpt lat="35.08978" lon="-116.1809">
        <ele>328.0</ele>
      </trkpt>
      <trkpt lat="35.08912" lon="-116.1809">
        <ele>326.0</ele>
      </trkpt>
      <trkpt lat="35.08889" lon="-116.18085">
        <ele>326.0</ele>
      </trkpt>
      <trkpt lat="35.0886" lon="-116.18069">
        <ele>325.0</ele>
      </trkpt>
      <trkpt lat="35.088" lon="-116.18066">
        <ele>323.0</ele>
      </trkpt>
      <trkpt lat="35.0874" lon="-116.18063">
        <ele>322.0</ele>
      </trkpt>
      <trkpt lat="35.08698" lon="-116.18045">
        <ele>321.0</ele>
      </trkpt>
      <trkpt lat="35.0866" lon="-116.18045">
        <ele>319.9</ele>
      </trkpt>
      <trkpt lat="35.08616" lon="-116.18029">
        <ele>318.0</ele>
      </trkpt>
      <trkpt lat="35.08571" lon="-116.18013">
        <ele>317.0</ele>
      </trkpt>
      <trkpt lat="35.08524" lon="-116.18001">
        <ele>317.0</ele>
      </trkpt>
      <trkpt lat="35.08489" lon="-116.17976">
        <ele>316.0</ele>
      </trkpt>
      <trkpt lat="35.08489" lon="-116.17976">
        <ele>316.0</ele>
      </trkpt>
      <trkpt lat="35.0848" lon="-116.17969">
        <ele>316.0</ele>
      </trkpt>
      <trkpt lat="35.08466" lon="-116.17955">
        <ele>316.0</ele>
      </trkpt>
      <trkpt lat="35.0846" lon="-116.17938">
        <ele>316.0</ele>
      </trkpt>
      <trkpt lat="35.08452" lon="-116.17926">
        <ele>316.0</ele>
      </trkpt>
      <trkpt lat="35.08437" lon="-116.17914">
        <ele>316.0</ele>
      </trkpt>
      <trkpt lat="35.0842" lon="-116.17906">
        <ele>316.0</ele>
      </trkpt>
      <trkpt lat="35.08404" lon="-116.17902">
        <ele>316.0</ele>
      </trkpt>
      <trkpt lat="35.08386" lon="-116.17903">
        <ele>316.0</ele>
      </trkpt>
      <trkpt lat="35.08372" lon="-116.17911">
        <ele>316.0</ele>
      </trkpt>
      <trkpt lat="35.08353" lon="-116.17921">
        <ele>316.0</ele>
      </trkpt>
      <trkpt lat="35.08336" lon="-116.17924">
        <ele>316.0</ele>
      </trkpt>
      <trkpt lat="35.08318" lon="-116.17925">
        <ele>316.0</ele>
      </trkpt>
      <trkpt lat="35.08301" lon="-116.17925">
        <ele>316.0</ele>
      </trkpt>
      <trkpt lat="35.08267" lon="-116.17929">
        <ele>315.89</ele>
      </trkpt>
      <trkpt lat="35.08223" lon="-116.17921">
        <ele>315.0</ele>
      </trkpt>
      <trkpt lat="35.08203" lon="-116.17913">
        <ele>315.0</ele>
      </trkpt>
      <trkpt lat="35.08188" lon="-116.17906">
        <ele>315.0</ele>
      </trkpt>
      <trkpt lat="35.08172" lon="-116.17901">
        <ele>315.0</ele>
      </trkpt>
      <trkpt lat="35.08134" lon="-116.17877">
        <ele>315.0</ele>
      </trkpt>
      <trkpt lat="35.0811" lon="-116.17867">
        <ele>315.0</ele>
      </trkpt>
      <trkpt lat="35.08082" lon="-116.17864">
        <ele>315.0</ele>
      </trkpt>
      <trkpt lat="35.08068" lon="-116.17853">
        <ele>315.0</ele>
      </trkpt>
      <trkpt lat="35.08041" lon="-116.17858">
        <ele>315.0</ele>
      </trkpt>
      <trkpt lat="35.08014" lon="-116.17862">
        <ele>315.0</ele>
      </trkpt>
      <trkpt lat="35.07966" lon="-116.17853">
        <ele>316.0</ele>
      </trkpt>
      <trkpt lat="35.07905" lon="-116.17836">
        <ele>316.0</ele>
      </trkpt>
      <trkpt lat="35.07892" lon="-116.17831">
        <ele>316.0</ele>
      </trkpt>
      <trkpt lat="35.07869" lon="-116.17835">
        <ele>316.0</ele>
      </trkpt>
      <trkpt lat="35.07856" lon="-116.1785">
        <ele>316.0</ele>
      </trkpt>
      <trkpt lat="35.07834" lon="-116.17879">
        <ele>316.0</ele>
      </trkpt>
      <trkpt lat="35.07824" lon="-116.17901">
        <ele>316.0</ele>
      </trkpt>
      <trkpt lat="35.07812" lon="-116.17917">
        <ele>316.0</ele>
      </trkpt>
      <trkpt lat="35.07794" lon="-116.17933">
        <ele>316.0</ele>
      </trkpt>
      <trkpt lat="35.07794" lon="-116.17933">
        <ele>316.0</ele>
      </trkpt>
      <trkpt lat="35.07775" lon="-116.17952">
        <ele>316.0</ele>
      </trkpt>
      <trkpt lat="35.07748" lon="-116.17966">
        <ele>317.0</ele>
      </trkpt>
      <trkpt lat="35.07701" lon="-116.17966">
        <ele>317.0</ele>
      </trkpt>
      <trkpt lat="35.07676" lon="-116.17969">
        <ele>317.0</ele>
      </trkpt>
      <trkpt lat="35.07648" lon="-116.17983">
        <ele>317.0</ele>
      </trkpt>
      <trkpt lat="35.07628" lon="-116.18023">
        <ele>317.0</ele>
      </trkpt>
      <trkpt lat="35.07624" lon="-116.18047">
        <ele>317.0</ele>
      </trkpt>
      <trkpt lat="35.07621" lon="-116.18075">
        <ele>317.0</ele>
      </trkpt>
      <trkpt lat="35.07623" lon="-116.18153">
        <ele>317.0</ele>
      </trkpt>
      <trkpt lat="35.07607" lon="-116.18255">
        <ele>317.74</ele>
      </trkpt>
      <trkpt lat="35.07603" lon="-116.18329">
        <ele>318.0</ele>
      </trkpt>
      <trkpt lat="35.07594" lon="-116.18382">
        <ele>318.0</ele>
      </trkpt>
      <trkpt lat="35.07584" lon="-116.1841">
        <ele>318.26</ele>
      </trkpt>
      <trkpt lat="35.07585" lon="-116.18428">
        <ele>319.0</ele>
      </trkpt>
      <trkpt lat="35.07586" lon="-116.18461">
        <ele>319.0</ele>
      </trkpt>
      <trkpt lat="35.07582" lon="-116.18483">
        <ele>319.86</ele>
      </trkpt>
      <trkpt lat="35.07573" lon="-116.18504">
        <ele>319.0</ele>
      </trkpt>
      <trkpt lat="35.07552" lon="-116.18527">
        <ele>319.0</ele>
      </trkpt>
      <trkpt lat="35.07541" lon="-116.18538">
        <ele>318.04</ele>
      </trkpt>
      <trkpt lat="35.07529" lon="-116.18562">
        <ele>318.0</ele>
      </trkpt>
      <trkpt lat="35.0752" lon="-116.18589">
        <ele>318.0</ele>
      </trkpt>
      <trkpt lat="35.07513" lon="-116.18609">
        <ele>318.0</ele>
      </trkpt>
      <trkpt lat="35.07512" lon="-116.18635">
        <ele>318.3</ele>
      </trkpt>
      <trkpt lat="35.07515" lon="-116.1867">
        <ele>318.86</ele>
      </trkpt>
      <trkpt lat="35.07523" lon="-116.18702">
        <ele>319.0</ele>
      </trkpt>
      <trkpt lat="35.07523" lon="-116.1872">
        <ele>319.0</ele>
      </trkpt>
      <trkpt lat="35.07518" lon="-116.18753">
        <ele>319.0</ele>
      </trkpt>
      <trkpt lat="35.07512" lon="-116.18777">
        <ele>319.27</ele>
      </trkpt>
      <trkpt lat="35.0751" lon="-116.18805">
        <ele>319.08</ele>
      </trkpt>
      <trkpt lat="35.07512" lon="-116.18838">
        <ele>319.65</ele>
      </trkpt>
      <trkpt lat="35.07527" lon="-116.18902">
        <ele>320.0</ele>
      </trkpt>
      <trkpt lat="35.07543" lon="-116.18948">
        <ele>320.0</ele>
      </trkpt>
      <trkpt lat="35.07564" lon="-116.18993">
        <ele>320.0</ele>
      </trkpt>
      <trkpt lat="35.07575" lon="-116.1904">
        <ele>320.03</ele>
      </trkpt>
      <trkpt lat="35.07573" lon="-116.19097">
        <ele>320.88</ele>
      </trkpt>
      <trkpt lat="35.0757" lon="-116.1912">
        <ele>320.0</ele>
      </trkpt>
      <trkpt lat="35.07567" lon="-116.19158">
        <ele>320.0</ele>
      </trkpt>
      <trkpt lat="35.07561" lon="-116.19206">
        <ele>320.59</ele>
      </trkpt>
      <trkpt lat="35.07555" lon="-116.19271">
        <ele>320.0</ele>
      </trkpt>
      <trkpt lat="35.07544" lon="-116.19327">
        <ele>320.0</ele>
      </trkpt>
      <trkpt lat="35.07537" lon="-116.19398">
        <ele>320.0</ele>
      </trkpt>
      <trkpt lat="35.07531" lon="-116.19435">
        <ele>320.0</ele>
      </trkpt>
      <trkpt lat="35.07526" lon="-116.19467">
        <ele>320.0</ele>
      </trkpt>
      <trkpt lat="35.07525" lon="-116.195">
        <ele>320.0</ele>
      </trkpt>
      <trkpt lat="35.07529" lon="-116.19538">
        <ele>320.0</ele>
      </trkpt>
      <trkpt lat="35.07531" lon="-116.19571">
        <ele>320.0</ele>
      </trkpt>
      <trkpt lat="35.07536" lon="-116.19619">
        <ele>320.0</ele>
      </trkpt>
      <trkpt lat="35.0753" lon="-116.19675">
        <ele>321.0</ele>
      </trkpt>
      <trkpt lat="35.07523" lon="-116.19698">
        <ele>321.0</ele>
      </trkpt>
      <trkpt lat="35.07513" lon="-116.1972">
        <ele>321.0</ele>
      </trkpt>
      <trkpt lat="35.07519" lon="-116.19777">
        <ele>321.0</ele>
      </trkpt>
      <trkpt lat="35.07516" lon="-116.19813">
        <ele>321.0</ele>
      </trkpt>
      <trkpt lat="35.07518" lon="-116.1987">
        <ele>321.0</ele>
      </trkpt>
      <trkpt lat="35.07525" lon="-116.19965">
        <ele>322.0</ele>
      </trkpt>
      <trkpt lat="35.07533" lon="-116.20003">
        <ele>322.0</ele>
      </trkpt>
      <trkpt lat="35.07535" lon="-116.20056">
        <ele>322.0</ele>
      </trkpt>
      <trkpt lat="35.07531" lon="-116.20108">
        <ele>322.0</ele>
      </trkpt>
      <trkpt lat="35.07499" lon="-116.2024">
        <ele>322.0</ele>
      </trkpt>
      <trkpt lat="35.0747" lon="-116.20294">
        <ele>322.0</ele>
      </trkpt>
      <trkpt lat="35.07421" lon="-116.20481">
        <ele>323.0</ele>
      </trkpt>
      <trkpt lat="35.07381" lon="-116.20543">
        <ele>323.0</ele>
      </trkpt>
      <trkpt lat="35.07341" lon="-116.20662">
        <ele>323.0</ele>
      </trkpt>
      <trkpt lat="35.07288" lon="-116.20829">
        <ele>324.0</ele>
      </trkpt>
      <trkpt lat="35.07271" lon="-116.20938">
        <ele>324.0</ele>
      </trkpt>
      <trkpt lat="35.07266" lon="-116.21013">
        <ele>325.0</ele>
      </trkpt>
      <trkpt lat="35.07275" lon="-116.21054">
        <ele>325.0</ele>
      </trkpt>
      <trkpt lat="35.07296" lon="-116.21101">
        <ele>325.0</ele>
      </trkpt>
      <trkpt lat="35.07343" lon="-116.21172">
        <ele>325.0</ele>
      </trkpt>
      <trkpt lat="35.07366" lon="-116.21246">
        <ele>325.53</ele>
      </trkpt>
      <trkpt lat="35.07406" lon="-116.21358">
        <ele>325.0</ele>
      </trkpt>
      <trkpt lat="35.07426" lon="-116.21417">
        <ele>325.0</ele>
      </trkpt>
      <trkpt lat="35.07438" lon="-116.21478">
        <ele>325.0</ele>
      </trkpt>
      <trkpt lat="35.07431" lon="-116.21578">
        <ele>326.0</ele>
      </trkpt>
      <trkpt lat="35.07439" lon="-116.21631">
        <ele>326.0</ele>
      </trkpt>
      <trkpt lat="35.07548" lon="-116.21807">
        <ele>326.16</ele>
      </trkpt>
      <trkpt lat="35.07616" lon="-116.21964">
        <ele>327.0</ele>
      </trkpt>
      <trkpt lat="35.07698" lon="-116.22145">
        <ele>327.66</ele>
      </trkpt>
      <trkpt lat="35.07705" lon="-116.2214">
        <ele>327.1</ele>
      </trkpt>
      <trkpt lat="35.07698" lon="-116.22145">
        <ele>327.66</ele>
      </trkpt>
      <trkpt lat="35.07749" lon="-116.2223">
        <ele>328.0</ele>
      </trkpt>
      <trkpt lat="35.07778" lon="-116.22286">
        <ele>328.0</ele>
      </trkpt>
      <trkpt lat="35.07806" lon="-116.22341">
        <ele>328.79</ele>
      </trkpt>
      <trkpt lat="35.07833" lon="-116.22396">
        <ele>329.0</ele>
      </trkpt>
      <trkpt lat="35.07831" lon="-116.22468">
        <ele>329.14</ele>
      </trkpt>
      <trkpt lat="35.07826" lon="-116.22511">
        <ele>330.0</ele>
      </trkpt>
      <trkpt lat="35.07801" lon="-116.22544">
        <ele>331.0</ele>
      </trkpt>
      <trkpt lat="35.07778" lon="-116.22606">
        <ele>331.0</ele>
      </trkpt>
      <trkpt lat="35.0775" lon="-116.22652">
        <ele>331.0</ele>
      </trkpt>
      <trkpt lat="35.07721" lon="-116.22697">
        <ele>331.0</ele>
      </trkpt>
      <trkpt lat="35.07706" lon="-116.22752">
        <ele>332.0</ele>
      </trkpt>
      <trkpt lat="35.07691" lon="-116.22776">
        <ele>332.0</ele>
      </trkpt>
      <trkpt lat="35.07663" lon="-116.22848">
        <ele>332.0</ele>
      </trkpt>
      <trkpt lat="35.07634" lon="-116.2292">
        <ele>332.53</ele>
      </trkpt>
      <trkpt lat="35.0763" lon="-116.22958">
        <ele>332.96</ele>
      </trkpt>
      <trkpt lat="35.07635" lon="-116.23007">
        <ele>332.0</ele>
      </trkpt>
      <trkpt lat="35.07636" lon="-116.23012">
        <ele>332.0</ele>
      </trkpt>
      <trkpt lat="35.07632" lon="-116.23052">
        <ele>332.0</ele>
      </trkpt>
      <trkpt lat="35.07605" lon="-116.23143">
        <ele>332.0</ele>
      </trkpt>
      <trkpt lat="35.07586" lon="-116.23174">
        <ele>333.0</ele>
      </trkpt>
      <trkpt lat="35.0755" lon="-116.23259">
        <ele>333.0</ele>
      </trkpt>
      <trkpt lat="35.0754" lon="-116.23322">
        <ele>333.0</ele>
      </trkpt>
      <trkpt lat="35.07531" lon="-116.23389">
        <ele>333.0</ele>
      </trkpt>
      <trkpt lat="35.0752" lon="-116.23444">
        <ele>334.0</ele>
      </trkpt>
      <trkpt lat="35.07511" lon="-116.23519">
        <ele>335.0</ele>
      </trkpt>
      <trkpt lat="35.075" lon="-116.23571">
        <ele>335.0</ele>
      </trkpt>
      <trkpt lat="35.07488" lon="-116.23667">
        <ele>335.32</ele>
      </trkpt>
      <trkpt lat="35.07482" lon="-116.23735">
        <ele>335.0</ele>
      </trkpt>
      <trkpt lat="35.07466" lon="-116.23798">
        <ele>336.0</ele>
      </trkpt>
      <trkpt lat="35.07449" lon="-116.2386">
        <ele>336.0</ele>
      </trkpt>
      <trkpt lat="35.0743" lon="-116.23946">
        <ele>336.07</ele>
      </trkpt>
      <trkpt lat="35.07414" lon="-116.24013">
        <ele>337.0</ele>
      </trkpt>
      <trkpt lat="35.07398" lon="-116.24079">
        <ele>337.0</ele>
      </trkpt>
      <trkpt lat="35.07371" lon="-116.24131">
        <ele>337.0</ele>
      </trkpt>
      <trkpt lat="35.07324" lon="-116.24189">
        <ele>337.0</ele>
      </trkpt>
      <trkpt lat="35.07284" lon="-116.24229">
        <ele>337.0</ele>
      </trkpt>
      <trkpt lat="35.07247" lon="-116.24295">
        <ele>338.0</ele>
      </trkpt>
      <trkpt lat="35.07192" lon="-116.24379">
        <ele>338.0</ele>
      </trkpt>
      <trkpt lat="35.07175" lon="-116.24434">
        <ele>339.0</ele>
      </trkpt>
      <trkpt lat="35.07159" lon="-116.24489">
        <ele>339.0</ele>
      </trkpt>
      <trkpt lat="35.07142" lon="-116.24544">
        <ele>339.66</ele>
      </trkpt>
      <trkpt lat="35.07114" lon="-116.24577">
        <ele>340.0</ele>
      </trkpt>
      <trkpt lat="35.07092" lon="-116.24673">
        <ele>340.0</ele>
      </trkpt>
      <trkpt lat="35.07054" lon="-116.24738">
        <ele>341.0</ele>
      </trkpt>
      <trkpt lat="35.07057" lon="-116.24779">
        <ele>341.0</ele>
      </trkpt>
      <trkpt lat="35.07049" lon="-116.24832">
        <ele>341.0</ele>
      </trkpt>
      <trkpt lat="35.07018" lon="-116.249">
        <ele>341.0</ele>
      </trkpt>
      <trkpt lat="35.06986" lon="-116.24968">
        <ele>342.0</ele>
      </trkpt>
      <trkpt lat="35.06963" lon="-116.25022">
        <ele>342.0</ele>
      </trkpt>
      <trkpt lat="35.06906" lon="-116.2507">
        <ele>342.0</ele>
      </trkpt>
      <trkpt lat="35.06887" lon="-116.25126">
        <ele>342.69</ele>
      </trkpt>
      <trkpt lat="35.06867" lon="-116.25183">
        <ele>343.0</ele>
      </trkpt>
      <trkpt lat="35.0686" lon="-116.25239">
        <ele>343.0</ele>
      </trkpt>
      <trkpt lat="35.06832" lon="-116.25306">
        <ele>343.0</ele>
      </trkpt>
      <trkpt lat="35.06802" lon="-116.25382">
        <ele>344.0</ele>
      </trkpt>
      <trkpt lat="35.06768" lon="-116.25405">
        <ele>344.0</ele>
      </trkpt>
      <trkpt lat="35.06717" lon="-116.2547">
        <ele>344.0</ele>
      </trkpt>
      <trkpt lat="35.06702" lon="-116.25523">
        <ele>345.0</ele>
      </trkpt>
      <trkpt lat="35.06686" lon="-116.25575">
        <ele>345.0</ele>
      </trkpt>
      <trkpt lat="35.06671" lon="-116.25628">
        <ele>345.0</ele>
      </trkpt>
      <trkpt lat="35.06639" lon="-116.25689">
        <ele>345.0</ele>
      </trkpt>
      <trkpt lat="35.06606" lon="-116.25748">
        <ele>346.0</ele>
      </trkpt>
      <trkpt lat="35.06577" lon="-116.25782">
        <ele>346.0</ele>
      </trkpt>
      <trkpt lat="35.06561" lon="-116.25812">
        <ele>346.0</ele>
      </trkpt>
      <trkpt lat="35.06547" lon="-116.25888">
        <ele>346.0</ele>
      </trkpt>
      <trkpt lat="35.06532" lon="-116.25964">
        <ele>347.0</ele>
      </trkpt>
      <trkpt lat="35.06508" lon="-116.26012">
        <ele>347.0</ele>
      </trkpt>
      <trkpt lat="35.06484" lon="-116.2606">
        <ele>347.0</ele>
      </trkpt>
      <trkpt lat="35.06469" lon="-116.26134">
        <ele>348.0</ele>
      </trkpt>
      <trkpt lat="35.06452" lon="-116.26174">
        <ele>348.0</ele>
      </trkpt>
      <trkpt lat="35.06397" lon="-116.26253">
        <ele>348.0</ele>
      </trkpt>
      <trkpt lat="35.06359" lon="-116.26314">
        <ele>349.0</ele>
      </trkpt>
      <trkpt lat="35.06355" lon="-116.26346">
        <ele>349.0</ele>
      </trkpt>
      <trkpt lat="35.0633" lon="-116.26402">
        <ele>349.0</ele>
      </trkpt>
      <trkpt lat="35.06309" lon="-116.26465">
        <ele>350.0</ele>
      </trkpt>
      <trkpt lat="35.0627" lon="-116.26555">
        <ele>350.0</ele>
      </trkpt>
      <trkpt lat="35.0625" lon="-116.26579">
        <ele>351.0</ele>
      </trkpt>
      <trkpt lat="35.06237" lon="-116.26603">
        <ele>351.0</ele>
      </trkpt>
      <trkpt lat="35.06221" lon="-116.26626">
        <ele>351.0</ele>
      </trkpt>
      <trkpt lat="35.0621" lon="-116.26658">
        <ele>351.0</ele>
      </trkpt>
      <trkpt lat="35.06196" lon="-116.26684">
        <ele>351.0</ele>
      </trkpt>
      <trkpt lat="35.0617" lon="-116.26727">
        <ele>352.0</ele>
      </trkpt>
      <trkpt lat="35.0616" lon="-116.26762">
        <ele>352.0</ele>
      </trkpt>
      <trkpt lat="35.06126" lon="-116.2682">
        <ele>352.0</ele>
      </trkpt>
      <trkpt lat="35.06115" lon="-116.26864">
        <ele>352.18</ele>
      </trkpt>
      <trkpt lat="35.06109" lon="-116.26927">
        <ele>353.0</ele>
      </trkpt>
      <trkpt lat="35.06102" lon="-116.27007">
        <ele>353.0</ele>
      </trkpt>
      <trkpt lat="35.06089" lon="-116.27068">
        <ele>353.0</ele>
      </trkpt>
      <trkpt lat="35.06094" lon="-116.27121">
        <ele>354.0</ele>
      </trkpt>
      <trkpt lat="35.06086" lon="-116.27186">
        <ele>354.0</ele>
      </trkpt>
      <trkpt lat="35.06077" lon="-116.2724">
        <ele>354.0</ele>
      </trkpt>
      <trkpt lat="35.06064" lon="-116.27269">
        <ele>354.0</ele>
      </trkpt>
      <trkpt lat="35.06038" lon="-116.27306">
        <ele>354.0</ele>
      </trkpt>
      <trkpt lat="35.06018" lon="-116.27344">
        <ele>354.2</ele>
      </trkpt>
      <trkpt lat="35.06008" lon="-116.27388">
        <ele>355.0</ele>
      </trkpt>
      <trkpt lat="35.05998" lon="-116.27427">
        <ele>355.0</ele>
      </trkpt>
      <trkpt lat="35.05989" lon="-116.27473">
        <ele>355.0</ele>
      </trkpt>
      <trkpt lat="35.05971" lon="-116.27508">
        <ele>356.0</ele>
      </trkpt>
      <trkpt lat="35.05933" lon="-116.2754">
        <ele>356.0</ele>
      </trkpt>
      <trkpt lat="35.059" lon="-116.27557">
        <ele>356.0</ele>
      </trkpt>
      <trkpt lat="35.05845" lon="-116.27584">
        <ele>357.0</ele>
      </trkpt>
      <trkpt lat="35.05812" lon="-116.27604">
        <ele>357.0</ele>
      </trkpt>
      <trkpt lat="35.05757" lon="-116.27629">
        <ele>357.0</ele>
      </trkpt>
      <trkpt lat="35.05685" lon="-116.27646">
        <ele>358.0</ele>
      </trkpt>
      <trkpt lat="35.05634" lon="-116.27679">
        <ele>358.0</ele>
      </trkpt>
      <trkpt lat="35.0556" lon="-116.27714">
        <ele>358.06</ele>
      </trkpt>
      <trkpt lat="35.05535" lon="-116.27728">
        <ele>359.0</ele>
      </trkpt>
      <trkpt lat="35.05518" lon="-116.27732">
        <ele>359.0</ele>
      </trkpt>
      <trkpt lat="35.05498" lon="-116.27735">
        <ele>359.0</ele>
      </trkpt>
      <trkpt lat="35.05472" lon="-116.27762">
        <ele>359.0</ele>
      </trkpt>
      <trkpt lat="35.05462" lon="-116.27787">
        <ele>359.0</ele>
      </trkpt>
      <trkpt lat="35.05452" lon="-116.27827">
        <ele>359.44</ele>
      </trkpt>
      <trkpt lat="35.05422" lon="-116.27873">
        <ele>360.0</ele>
      </trkpt>
      <trkpt lat="35.054" lon="-116.27935">
        <ele>360.0</ele>
      </trkpt>
      <trkpt lat="35.05385" lon="-116.2801">
        <ele>361.0</ele>
      </trkpt>
      <trkpt lat="35.05357" lon="-116.2808">
        <ele>362.0</ele>
      </trkpt>
      <trkpt lat="35.05329" lon="-116.28149">
        <ele>362.0</ele>
      </trkpt>
      <trkpt lat="35.05325" lon="-116.28175">
        <ele>362.0</ele>
      </trkpt>
      <trkpt lat="35.05313" lon="-116.28173">
        <ele>362.75</ele>
      </trkpt>
      <trkpt lat="35.05325" lon="-116.28175">
        <ele>362.0</ele>
      </trkpt>
      <trkpt lat="35.05323" lon="-116.28185">
        <ele>362.98</ele>
      </trkpt>
      <trkpt lat="35.05315" lon="-116.28205">
        <ele>363.0</ele>
      </trkpt>
      <trkpt lat="35.0529" lon="-116.2823">
        <ele>363.0</ele>
      </trkpt>
      <trkpt lat="35.05285" lon="-116.28244">
        <ele>363.0</ele>
      </trkpt>
      <trkpt lat="35.05284" lon="-116.28263">
        <ele>363.0</ele>
      </trkpt>
      <trkpt lat="35.05279" lon="-116.28284">
        <ele>363.58</ele>
      </trkpt>
      <trkpt lat="35.05266" lon="-116.28309">
        <ele>364.0</ele>
      </trkpt>
      <trkpt lat="35.0526" lon="-116.28343">
        <ele>364.0</ele>
      </trkpt>
      <trkpt lat="35.05248" lon="-116.28385">
        <ele>364.0</ele>
      </trkpt>
      <trkpt lat="35.05225" lon="-116.28432">
        <ele>365.0</ele>
      </trkpt>
      <trkpt lat="35.05209" lon="-116.28511">
        <ele>366.0</ele>
      </trkpt>
      <trkpt lat="35.05214" lon="-116.28551">
        <ele>366.0</ele>
      </trkpt>
      <trkpt lat="35.05217" lon="-116.28607">
        <ele>366.0</ele>
      </trkpt>
      <trkpt lat="35.05194" lon="-116.28861">
        <ele>365.0</ele>
      </trkpt>
      <trkpt lat="35.05184" lon="-116.28916">
        <ele>365.0</ele>
      </trkpt>
      <trkpt lat="35.05165" lon="-116.28968">
        <ele>365.0</ele>
      </trkpt>
      <trkpt lat="35.0516" lon="-116.28997">
        <ele>365.72</ele>
      </trkpt>
      <trkpt lat="35.05153" lon="-116.29045">
        <ele>366.0</ele>
      </trkpt>
      <trkpt lat="35.05145" lon="-116.29084">
        <ele>366.0</ele>
      </trkpt>
      <trkpt lat="35.05123" lon="-116.29141">
        <ele>366.0</ele>
      </trkpt>
      <trkpt lat="35.05116" lon="-116.29195">
        <ele>366.0</ele>
      </trkpt>
      <trkpt lat="35.05112" lon="-116.29243">
        <ele>366.0</ele>
      </trkpt>
      <trkpt lat="35.05113" lon="-116.29279">
        <ele>366.0</ele>
      </trkpt>
      <trkpt lat="35.05107" lon="-116.29294">
        <ele>366.0</ele>
      </trkpt>
      <trkpt lat="35.05079" lon="-116.29332">
        <ele>367.0</ele>
      </trkpt>
      <trkpt lat="35.05065" lon="-116.29363">
        <ele>367.0</ele>
      </trkpt>
      <trkpt lat="35.05055" lon="-116.29385">
        <ele>367.0</ele>
      </trkpt>
      <trkpt lat="35.05035" lon="-116.29417">
        <ele>367.0</ele>
      </trkpt>
      <trkpt lat="35.0502" lon="-116.2943">
        <ele>367.91</ele>
      </trkpt>
      <trkpt lat="35.05009" lon="-116.2944">
        <ele>368.0</ele>
      </trkpt>
      <trkpt lat="35.05008" lon="-116.29449">
        <ele>368.0</ele>
      </trkpt>
      <trkpt lat="35.05015" lon="-116.29465">
        <ele>368.14</ele>
      </trkpt>
      <trkpt lat="35.05012" lon="-116.29483">
        <ele>369.51</ele>
      </trkpt>
      <trkpt lat="35.04995" lon="-116.29517">
        <ele>371.21</ele>
      </trkpt>
      <trkpt lat="35.04984" lon="-116.29528">
        <ele>370.62</ele>
      </trkpt>
      <trkpt lat="35.04962" lon="-116.29532">
        <ele>369.0</ele>
      </trkpt>
      <trkpt lat="35.04937" lon="-116.29553">
        <ele>369.0</ele>
      </trkpt>
      <trkpt lat="35.04836" lon="-116.29672">
        <ele>370.58</ele>
      </trkpt>
      <trkpt lat="35.04832" lon="-116.29677">
        <ele>371.0</ele>
      </trkpt>
      <trkpt lat="35.04811" lon="-116.29718">
        <ele>371.0</ele>
      </trkpt>
      <trkpt lat="35.04782" lon="-116.29767">
        <ele>371.45</ele>
      </trkpt>
      <trkpt lat="35.04779" lon="-116.29784">
        <ele>372.0</ele>
      </trkpt>
      <trkpt lat="35.04757" lon="-116.29835">
        <ele>372.0</ele>
      </trkpt>
      <trkpt lat="35.04723" lon="-116.29922">
        <ele>373.0</ele>
      </trkpt>
      <trkpt lat="35.04678" lon="-116.30024">
        <ele>374.0</ele>
      </trkpt>
      <trkpt lat="35.04659" lon="-116.30073">
        <ele>374.0</ele>
      </trkpt>
      <trkpt lat="35.04651" lon="-116.30116">
        <ele>375.0</ele>
      </trkpt>
      <trkpt lat="35.04639" lon="-116.30159">
        <ele>375.0</ele>
      </trkpt>
      <trkpt lat="35.04592" lon="-116.30283">
        <ele>376.0</ele>
      </trkpt>
      <trkpt lat="35.0458" lon="-116.30312">
        <ele>377.0</ele>
      </trkpt>
      <trkpt lat="35.0455" lon="-116.30333">
        <ele>377.0</ele>
      </trkpt>
      <trkpt lat="35.04531" lon="-116.30358">
        <ele>377.0</ele>
      </trkpt>
      <trkpt lat="35.04529" lon="-116.3038">
        <ele>377.0</ele>
      </trkpt>
      <trkpt lat="35.0453" lon="-116.30404">
        <ele>377.0</ele>
      </trkpt>
      <trkpt lat="35.04522" lon="-116.30404">
        <ele>377.0</ele>
      </trkpt>
      <trkpt lat="35.0453" lon="-116.30404">
        <ele>377.0</ele>
      </trkpt>
      <trkpt lat="35.04531" lon="-116.30418">
        <ele>377.14</ele>
      </trkpt>
      <trkpt lat="35.0452" lon="-116.30449">
        <ele>378.0</ele>
      </trkpt>
      <trkpt lat="35.04516" lon="-116.30508">
        <ele>378.0</ele>
      </trkpt>
      <trkpt lat="35.04492" lon="-116.306">
        <ele>377.0</ele>
      </trkpt>
      <trkpt lat="35.04459" lon="-116.30663">
        <ele>377.0</ele>
      </trkpt>
      <trkpt lat="35.04441" lon="-116.30699">
        <ele>377.0</ele>
      </trkpt>
      <trkpt lat="35.04415" lon="-116.30761">
        <ele>377.0</ele>
      </trkpt>
      <trkpt lat="35.04393" lon="-116.30797">
        <ele>377.0</ele>
      </trkpt>
      <trkpt lat="35.0436" lon="-116.30844">
        <ele>377.0</ele>
      </trkpt>
      <trkpt lat="35.0435" lon="-116.30874">
        <ele>377.0</ele>
      </trkpt>
      <trkpt lat="35.04324" lon="-116.309">
        <ele>377.0</ele>
      </trkpt>
      <trkpt lat="35.04289" lon="-116.30936">
        <ele>377.0</ele>
      </trkpt>
      <trkpt lat="35.0422" lon="-116.30963">
        <ele>377.0</ele>
      </trkpt>
      <trkpt lat="35.04193" lon="-116.30988">
        <ele>377.0</ele>
      </trkpt>
      <trkpt lat="35.04168" lon="-116.31007">
        <ele>377.0</ele>
      </trkpt>
      <trkpt lat="35.04156" lon="-116.31018">
        <ele>378.14</ele>
      </trkpt>
      <trkpt lat="35.04148" lon="-116.31057">
        <ele>378.85</ele>
      </trkpt>
      <trkpt lat="35.04121" lon="-116.31088">
        <ele>379.0</ele>
      </trkpt>
      <trkpt lat="35.04113" lon="-116.31115">
        <ele>379.0</ele>
      </trkpt>
      <trkpt lat="35.04092" lon="-116.31165">
        <ele>379.0</ele>
      </trkpt>
      <trkpt lat="35.04075" lon="-116.31195">
        <ele>380.0</ele>
      </trkpt>
      <trkpt lat="35.04036" lon="-116.31224">
        <ele>381.28</ele>
      </trkpt>
      <trkpt lat="35.04022" lon="-116.31241">
        <ele>382.0</ele>
      </trkpt>
      <trkpt lat="35.04015" lon="-116.31273">
        <ele>382.18</ele>
      </trkpt>
      <trkpt lat="35.03994" lon="-116.31311">
        <ele>383.0</ele>
      </trkpt>
      <trkpt lat="35.03969" lon="-116.31339">
        <ele>383.75</ele>
      </trkpt>
      <trkpt lat="35.0394" lon="-116.31376">
        <ele>384.0</ele>
      </trkpt>
      <trkpt lat="35.03905" lon="-116.31417">
        <ele>384.0</ele>
      </trkpt>
      <trkpt lat="35.03859" lon="-116.31476">
        <ele>385.0</ele>
      </trkpt>
      <trkpt lat="35.03794" lon="-116.31541">
        <ele>386.0</ele>
      </trkpt>
      <trkpt lat="35.03767" lon="-116.31598">
        <ele>386.0</ele>
      </trkpt>
      <trkpt lat="35.03739" lon="-116.31654">
        <ele>386.0</ele>
      </trkpt>
      <trkpt lat="35.03718" lon="-116.31703">
        <ele>386.0</ele>
      </trkpt>
      <trkpt lat="35.03696" lon="-116.31752">
        <ele>386.0</ele>
      </trkpt>
      <trkpt lat="35.03675" lon="-116.31802">
        <ele>386.0</ele>
      </trkpt>
      <trkpt lat="35.03653" lon="-116.31851">
        <ele>386.0</ele>
      </trkpt>
      <trkpt lat="35.03632" lon="-116.319">
        <ele>386.0</ele>
      </trkpt>
      <trkpt lat="35.03603" lon="-116.31949">
        <ele>386.0</ele>
      </trkpt>
      <trkpt lat="35.03575" lon="-116.31998">
        <ele>386.0</ele>
      </trkpt>
      <trkpt lat="35.03546" lon="-116.32047">
        <ele>386.0</ele>
      </trkpt>
      <trkpt lat="35.03518" lon="-116.32096">
        <ele>386.0</ele>
      </trkpt>
      <trkpt lat="35.03489" lon="-116.32145">
        <ele>386.0</ele>
      </trkpt>
      <trkpt lat="35.03461" lon="-116.32198">
        <ele>386.21</ele>
      </trkpt>
      <trkpt lat="35.03433" lon="-116.3225">
        <ele>386.0</ele>
      </trkpt>
      <trkpt lat="35.03405" lon="-116.32303">
        <ele>386.07</ele>
      </trkpt>
      <trkpt lat="35.03364" lon="-116.32348">
        <ele>386.0</ele>
      </trkpt>
      <trkpt lat="35.03342" lon="-116.32398">
        <ele>386.0</ele>
      </trkpt>
      <trkpt lat="35.03327" lon="-116.32422">
        <ele>386.0</ele>
      </trkpt>
      <trkpt lat="35.03279" lon="-116.32476">
        <ele>386.0</ele>
      </trkpt>
      <trkpt lat="35.03248" lon="-116.32532">
        <ele>386.0</ele>
      </trkpt>
      <trkpt lat="35.03248" lon="-116.32568">
        <ele>386.0</ele>
      </trkpt>
      <trkpt lat="35.03246" lon="-116.32619">
        <ele>386.0</ele>
      </trkpt>
      <trkpt lat="35.03228" lon="-116.32666">
        <ele>386.0</ele>
      </trkpt>
      <trkpt lat="35.03194" lon="-116.32704">
        <ele>386.0</ele>
      </trkpt>
      <trkpt lat="35.03155" lon="-116.32742">
        <ele>386.0</ele>
      </trkpt>
      <trkpt lat="35.03116" lon="-116.3278">
        <ele>386.0</ele>
      </trkpt>
      <trkpt lat="35.03065" lon="-116.32822">
        <ele>386.0</ele>
      </trkpt>
      <trkpt lat="35.03015" lon="-116.32864">
        <ele>386.0</ele>
      </trkpt>
      <trkpt lat="35.02969" lon="-116.32902">
        <ele>386.0</ele>
      </trkpt>
      <trkpt lat="35.02922" lon="-116.32939">
        <ele>386.0</ele>
      </trkpt>
      <trkpt lat="35.02876" lon="-116.32977">
        <ele>386.0</ele>
      </trkpt>
      <trkpt lat="35.02819" lon="-116.33045">
        <ele>387.39</ele>
      </trkpt>
      <trkpt lat="35.02805" lon="-116.33086">
        <ele>389.0</ele>
      </trkpt>
      <trkpt lat="35.02786" lon="-116.33119">
        <ele>389.76</ele>
      </trkpt>
      <trkpt lat="35.02762" lon="-116.33126">
        <ele>389.18</ele>
      </trkpt>
      <trkpt lat="35.02743" lon="-116.3313">
        <ele>389.0</ele>
      </trkpt>
      <trkpt lat="35.02698" lon="-116.33211">
        <ele>391.0</ele>
      </trkpt>
      <trkpt lat="35.02681" lon="-116.33251">
        <ele>392.0</ele>
      </trkpt>
      <trkpt lat="35.02674" lon="-116.33247">
        <ele>392.0</ele>
      </trkpt>
      <trkpt lat="35.02681" lon="-116.33251">
        <ele>392.0</ele>
      </trkpt>
      <trkpt lat="35.02655" lon="-116.33313">
        <ele>393.21</ele>
      </trkpt>
      <trkpt lat="35.02628" lon="-116.33375">
        <ele>395.09</ele>
      </trkpt>
      <trkpt lat="35.02602" lon="-116.33437">
        <ele>397.0</ele>
      </trkpt>
      <trkpt lat="35.02582" lon="-116.33499">
        <ele>398.14</ele>
      </trkpt>
      <trkpt lat="35.02561" lon="-116.33561">
        <ele>400.24</ele>
      </trkpt>
      <trkpt lat="35.02532" lon="-116.33663">
        <ele>401.72</ele>
      </trkpt>
      <trkpt lat="35.02521" lon="-116.3371">
        <ele>402.0</ele>
      </trkpt>
      <trkpt lat="35.02521" lon="-116.33757">
        <ele>401.73</ele>
      </trkpt>
      <trkpt lat="35.02533" lon="-116.33798">
        <ele>401.44</ele>
      </trkpt>
      <trkpt lat="35.02566" lon="-116.33843">
        <ele>400.88</ele>
      </trkpt>
      <trkpt lat="35.026" lon="-116.33918">
        <ele>401.0</ele>
      </trkpt>
      <trkpt lat="35.02641" lon="-116.3399">
        <ele>400.0</ele>
      </trkpt>
      <trkpt lat="35.02667" lon="-116.34059">
        <ele>400.0</ele>
      </trkpt>
      <trkpt lat="35.02661" lon="-116.34102">
        <ele>400.0</ele>
      </trkpt>
      <trkpt lat="35.02656" lon="-116.34135">
        <ele>400.0</ele>
      </trkpt>
      <trkpt lat="35.02646" lon="-116.34183">
        <ele>400.0</ele>
      </trkpt>
      <trkpt lat="35.02649" lon="-116.34229">
        <ele>400.0</ele>
      </trkpt>
      <trkpt lat="35.02662" lon="-116.34255">
        <ele>400.0</ele>
      </trkpt>
      <trkpt lat="35.02666" lon="-116.34329">
        <ele>400.0</ele>
      </trkpt>
      <trkpt lat="35.02661" lon="-116.34394">
        <ele>400.0</ele>
      </trkpt>
      <trkpt lat="35.02654" lon="-116.34433">
        <ele>400.0</ele>
      </trkpt>
      <trkpt lat="35.02659" lon="-116.34465">
        <ele>400.0</ele>
      </trkpt>
      <trkpt lat="35.02657" lon="-116.34496">
        <ele>400.04</ele>
      </trkpt>
      <trkpt lat="35.02629" lon="-116.34586">
        <ele>400.78</ele>
      </trkpt>
      <trkpt lat="35.02622" lon="-116.34652">
        <ele>400.0</ele>
      </trkpt>
      <trkpt lat="35.02621" lon="-116.3472">
        <ele>400.0</ele>
      </trkpt>
      <trkpt lat="35.02627" lon="-116.3476">
        <ele>400.0</ele>
      </trkpt>
      <trkpt lat="35.02632" lon="-116.34788">
        <ele>400.0</ele>
      </trkpt>
      <trkpt lat="35.02633" lon="-116.34817">
        <ele>400.0</ele>
      </trkpt>
      <trkpt lat="35.02611" lon="-116.34882">
        <ele>400.0</ele>
      </trkpt>
      <trkpt lat="35.02607" lon="-116.34928">
        <ele>400.0</ele>
      </trkpt>
      <trkpt lat="35.02596" lon="-116.34966">
        <ele>400.0</ele>
      </trkpt>
      <trkpt lat="35.02566" lon="-116.35019">
        <ele>401.0</ele>
      </trkpt>
      <trkpt lat="35.02533" lon="-116.35049">
        <ele>403.0</ele>
      </trkpt>
      <trkpt lat="35.02486" lon="-116.3514">
        <ele>403.0</ele>
      </trkpt>
      <trkpt lat="35.02458" lon="-116.35179">
        <ele>403.0</ele>
      </trkpt>
      <trkpt lat="35.0245" lon="-116.3519">
        <ele>403.0</ele>
      </trkpt>
      <trkpt lat="35.02403" lon="-116.3522">
        <ele>403.0</ele>
      </trkpt>
      <trkpt lat="35.02361" lon="-116.35263">
        <ele>403.01</ele>
      </trkpt>
      <trkpt lat="35.02334" lon="-116.35301">
        <ele>404.96</ele>
      </trkpt>
      <trkpt lat="35.02324" lon="-116.35356">
        <ele>407.0</ele>
      </trkpt>
      <trkpt lat="35.02313" lon="-116.3541">
        <ele>408.0</ele>
      </trkpt>
      <trkpt lat="35.02311" lon="-116.35515">
        <ele>409.0</ele>
      </trkpt>
      <trkpt lat="35.02321" lon="-116.356">
        <ele>409.33</ele>
      </trkpt>
      <trkpt lat="35.02346" lon="-116.35663">
        <ele>409.0</ele>
      </trkpt>
      <trkpt lat="35.02371" lon="-116.35725">
        <ele>409.0</ele>
      </trkpt>
      <trkpt lat="35.02394" lon="-116.35774">
        <ele>409.0</ele>
      </trkpt>
      <trkpt lat="35.02418" lon="-116.35822">
        <ele>408.66</ele>
      </trkpt>
      <trkpt lat="35.02423" lon="-116.3584">
        <ele>408.32</ele>
      </trkpt>
      <trkpt lat="35.02471" lon="-116.35932">
        <ele>408.13</ele>
      </trkpt>
      <trkpt lat="35.02503" lon="-116.35956">
        <ele>408.0</ele>
      </trkpt>
      <trkpt lat="35.02523" lon="-116.35981">
        <ele>408.0</ele>
      </trkpt>
      <trkpt lat="35.02545" lon="-116.35996">
        <ele>408.0</ele>
      </trkpt>
      <trkpt lat="35.02569" lon="-116.36001">
        <ele>407.51</ele>
      </trkpt>
      <trkpt lat="35.02599" lon="-116.35994">
        <ele>408.45</ele>
      </trkpt>
      <trkpt lat="35.02614" lon="-116.35999">
        <ele>409.03</ele>
      </trkpt>
      <trkpt lat="35.02642" lon="-116.36034">
        <ele>409.66</ele>
      </trkpt>
      <trkpt lat="35.02678" lon="-116.36084">
        <ele>408.22</ele>
      </trkpt>
      <trkpt lat="35.02713" lon="-116.36134">
        <ele>411.48</ele>
      </trkpt>
      <trkpt lat="35.02749" lon="-116.36184">
        <ele>415.0</ele>
      </trkpt>
      <trkpt lat="35.02784" lon="-116.36234">
        <ele>415.0</ele>
      </trkpt>
      <trkpt lat="35.02842" lon="-116.36317">
        <ele>415.0</ele>
      </trkpt>
      <trkpt lat="35.02873" lon="-116.36359">
        <ele>415.0</ele>
      </trkpt>
      <trkpt lat="35.02905" lon="-116.364">
        <ele>415.0</ele>
      </trkpt>
      <trkpt lat="35.02936" lon="-116.36442">
        <ele>415.06</ele>
      </trkpt>
      <trkpt lat="35.02946" lon="-116.36451">
        <ele>415.41</ele>
      </trkpt>
      <trkpt lat="35.02956" lon="-116.36459">
        <ele>415.82</ele>
      </trkpt>
      <trkpt lat="35.02982" lon="-116.36494">
        <ele>429.93</ele>
      </trkpt>
      <trkpt lat="35.03039" lon="-116.36575">
        <ele>466.19</ele>
      </trkpt>
      <trkpt lat="35.0308" lon="-116.36638">
        <ele>427.43</ele>
      </trkpt>
      <trkpt lat="35.0309" lon="-116.36657">
        <ele>424.32</ele>
      </trkpt>
      <trkpt lat="35.03127" lon="-116.3671">
        <ele>421.0</ele>
      </trkpt>
      <trkpt lat="35.03155" lon="-116.36708">
        <ele>422.0</ele>
      </trkpt>
      <trkpt lat="35.03171" lon="-116.36711">
        <ele>423.26</ele>
      </trkpt>
      <trkpt lat="35.0318" lon="-116.36723">
        <ele>425.12</ele>
      </trkpt>
      <trkpt lat="35.03178" lon="-116.36725">
        <ele>425.37</ele>
      </trkpt>
      <trkpt lat="35.03193" lon="-116.36756">
        <ele>427.0</ele>
      </trkpt>
      <trkpt lat="35.0321" lon="-116.36817">
        <ele>427.0</ele>
      </trkpt>
      <trkpt lat="35.03218" lon="-116.36923">
        <ele>423.91</ele>
      </trkpt>
      <trkpt lat="35.03225" lon="-116.36978">
        <ele>422.74</ele>
      </trkpt>
      <trkpt lat="35.03232" lon="-116.37033">
        <ele>423.0</ele>
      </trkpt>
      <trkpt lat="35.03239" lon="-116.37088">
        <ele>422.5</ele>
      </trkpt>
      <trkpt lat="35.03249" lon="-116.37147">
        <ele>422.91</ele>
      </trkpt>
      <trkpt lat="35.0326" lon="-116.37206">
        <ele>423.0</ele>
      </trkpt>
      <trkpt lat="35.03266" lon="-116.37235">
        <ele>423.0</ele>
      </trkpt>
      <trkpt lat="35.03274" lon="-116.37263">
        <ele>423.0</ele>
      </trkpt>
      <trkpt lat="35.03292" lon="-116.3733">
        <ele>423.0</ele>
      </trkpt>
      <trkpt lat="35.03322" lon="-116.37385">
        <ele>424.58</ele>
      </trkpt>
      <trkpt lat="35.03351" lon="-116.37439">
        <ele>426.09</ele>
      </trkpt>
      <trkpt lat="35.03381" lon="-116.37494">
        <ele>426.3</ele>
      </trkpt>
      <trkpt lat="35.03416" lon="-116.37538">
        <ele>427.0</ele>
      </trkpt>
      <trkpt lat="35.03451" lon="-116.37582">
        <ele>428.9</ele>
      </trkpt>
      <trkpt lat="35.03459" lon="-116.37595">
        <ele>429.11</ele>
      </trkpt>
      <trkpt lat="35.03459" lon="-116.37595">
        <ele>429.11</ele>
      </trkpt>
      <trkpt lat="35.03492" lon="-116.37651">
        <ele>426.91</ele>
      </trkpt>
      <trkpt lat="35.03525" lon="-116.37721">
        <ele>428.38</ele>
      </trkpt>
      <trkpt lat="35.03564" lon="-116.37781">
        <ele>427.49</ele>
      </trkpt>
      <trkpt lat="35.03608" lon="-116.37844">
        <ele>427.0</ele>
      </trkpt>
      <trkpt lat="35.03648" lon="-116.37901">
        <ele>427.0</ele>
      </trkpt>
      <trkpt lat="35.03694" lon="-116.38044">
        <ele>427.95</ele>
      </trkpt>
      <trkpt lat="35.03703" lon="-116.38049">
        <ele>428.0</ele>
      </trkpt>
      <trkpt lat="35.03713" lon="-116.38057">
        <ele>429.16</ele>
      </trkpt>
      <trkpt lat="35.03731" lon="-116.38072">
        <ele>430.95</ele>
      </trkpt>
      <trkpt lat="35.03752" lon="-116.3809">
        <ele>431.0</ele>
      </trkpt>
      <trkpt lat="35.03762" lon="-116.381">
        <ele>431.0</ele>
      </trkpt>
      <trkpt lat="35.0377" lon="-116.38109">
        <ele>431.0</ele>
      </trkpt>
      <trkpt lat="35.03786" lon="-116.38129">
        <ele>430.94</ele>
      </trkpt>
      <trkpt lat="35.0379" lon="-116.38135">
        <ele>430.68</ele>
      </trkpt>
      <trkpt lat="35.03795" lon="-116.38143">
        <ele>430.14</ele>
      </trkpt>
      <trkpt lat="35.03797" lon="-116.38149">
        <ele>430.0</ele>
      </trkpt>
      <trkpt lat="35.03799" lon="-116.38156">
        <ele>430.0</ele>
      </trkpt>
      <trkpt lat="35.038" lon="-116.38165">
        <ele>430.0</ele>
      </trkpt>
      <trkpt lat="35.03801" lon="-116.38174">
        <ele>430.0</ele>
      </trkpt>
      <trkpt lat="35.03801" lon="-116.38187">
        <ele>430.59</ele>
      </trkpt>
      <trkpt lat="35.03801" lon="-116.38199">
        <ele>431.0</ele>
      </trkpt>
      <trkpt lat="35.038" lon="-116.3821">
        <ele>431.0</ele>
      </trkpt>
      <trkpt lat="35.03798" lon="-116.38223">
        <ele>431.07</ele>
      </trkpt>
      <trkpt lat="35.03796" lon="-116.38239">
        <ele>432.0</ele>
      </trkpt>
      <trkpt lat="35.03792" lon="-116.3826">
        <ele>432.0</ele>
      </trkpt>
      <trkpt lat="35.03788" lon="-116.38284">
        <ele>432.97</ele>
      </trkpt>
      <trkpt lat="35.03762" lon="-116.38418">
        <ele>433.0</ele>
      </trkpt>
      <trkpt lat="35.03772" lon="-116.38427">
        <ele>433.0</ele>
      </trkpt>
      <trkpt lat="35.0378" lon="-116.38436">
        <ele>433.0</ele>
      </trkpt>
      <trkpt lat="35.03786" lon="-116.38445">
        <ele>433.0</ele>
      </trkpt>
      <trkpt lat="35.03792" lon="-116.38454">
        <ele>432.46</ele>
      </trkpt>
      <trkpt lat="35.03813" lon="-116.38513">
        <ele>432.0</ele>
      </trkpt>
      <trkpt lat="35.03818" lon="-116.38527">
        <ele>432.0</ele>
      </trkpt>
      <trkpt lat="35.03822" lon="-116.38539">
        <ele>432.16</ele>
      </trkpt>
      <trkpt lat="35.0383" lon="-116.38557">
        <ele>433.0</ele>
      </trkpt>
      <trkpt lat="35.03837" lon="-116.38572">
        <ele>433.0</ele>
      </trkpt>
      <trkpt lat="35.03841" lon="-116.38585">
        <ele>433.0</ele>
      </trkpt>
      <trkpt lat="35.03846" lon="-116.386">
        <ele>433.0</ele>
      </trkpt>
      <trkpt lat="35.03849" lon="-116.38612">
        <ele>433.0</ele>
      </trkpt>
      <trkpt lat="35.03849" lon="-116.38612">
        <ele>433.0</ele>
      </trkpt>
      <trkpt lat="35.0385" lon="-116.38614">
        <ele>433.0</ele>
      </trkpt>
      <trkpt lat="35.03853" lon="-116.38625">
        <ele>433.0</ele>
      </trkpt>
      <trkpt lat="35.03854" lon="-116.38635">
        <ele>433.0</ele>
      </trkpt>
      <trkpt lat="35.03856" lon="-116.38646">
        <ele>433.34</ele>
      </trkpt>
      <trkpt lat="35.03858" lon="-116.38659">
        <ele>433.66</ele>
      </trkpt>
      <trkpt lat="35.0386" lon="-116.38674">
        <ele>433.88</ele>
      </trkpt>
      <trkpt lat="35.03861" lon="-116.38684">
        <ele>434.0</ele>
      </trkpt>
      <trkpt lat="35.03861" lon="-116.38695">
        <ele>434.0</ele>
      </trkpt>
      <trkpt lat="35.03861" lon="-116.38742">
        <ele>434.0</ele>
      </trkpt>
      <trkpt lat="35.03862" lon="-116.3875">
        <ele>434.1</ele>
      </trkpt>
      <trkpt lat="35.03862" lon="-116.38757">
        <ele>434.1</ele>
      </trkpt>
      <trkpt lat="35.03863" lon="-116.38761">
        <ele>434.35</ele>
      </trkpt>
      <trkpt lat="35.03864" lon="-116.38764">
        <ele>434.66</ele>
      </trkpt>
      <trkpt lat="35.03865" lon="-116.38767">
        <ele>434.9</ele>
      </trkpt>
      <trkpt lat="35.03867" lon="-116.3877">
        <ele>435.0</ele>
      </trkpt>
      <trkpt lat="35.0387" lon="-116.38775">
        <ele>435.0</ele>
      </trkpt>
      <trkpt lat="35.03875" lon="-116.38783">
        <ele>435.0</ele>
      </trkpt>
      <trkpt lat="35.03882" lon="-116.38791">
        <ele>435.26</ele>
      </trkpt>
      <trkpt lat="35.0389" lon="-116.388">
        <ele>436.0</ele>
      </trkpt>
      <trkpt lat="35.039" lon="-116.38809">
        <ele>436.07</ele>
      </trkpt>
      <trkpt lat="35.03911" lon="-116.38818">
        <ele>437.0</ele>
      </trkpt>
      <trkpt lat="35.03922" lon="-116.38827">
        <ele>437.0</ele>
      </trkpt>
      <trkpt lat="35.03932" lon="-116.38834">
        <ele>437.05</ele>
      </trkpt>
      <trkpt lat="35.03941" lon="-116.38839">
        <ele>437.61</ele>
      </trkpt>
      <trkpt lat="35.0395" lon="-116.38844">
        <ele>438.0</ele>
      </trkpt>
      <trkpt lat="35.03959" lon="-116.38848">
        <ele>438.0</ele>
      </trkpt>
      <trkpt lat="35.0397" lon="-116.38853">
        <ele>438.0</ele>
      </trkpt>
      <trkpt lat="35.03991" lon="-116.38862">
        <ele>439.03</ele>
      </trkpt>
      <trkpt lat="35.04024" lon="-116.38874">
        <ele>446.13</ele>
      </trkpt>
      <trkpt lat="35.04031" lon="-116.38877">
        <ele>447.68</ele>
      </trkpt>
      <trkpt lat="35.04037" lon="-116.3888">
        <ele>449.08</ele>
      </trkpt>
      <trkpt lat="35.04039" lon="-116.38883">
        <ele>449.52</ele>
      </trkpt>
      <trkpt lat="35.04042" lon="-116.38885">
        <ele>449.62</ele>
      </trkpt>
      <trkpt lat="35.04045" lon="-116.38888">
        <ele>449.95</ele>
      </trkpt>
      <trkpt lat="35.04047" lon="-116.38891">
        <ele>450.23</ele>
      </trkpt>
      <trkpt lat="35.04048" lon="-116.38894">
        <ele>450.55</ele>
      </trkpt>
      <trkpt lat="35.04049" lon="-116.38896">
        <ele>450.77</ele>
      </trkpt>
      <trkpt lat="35.04052" lon="-116.38911">
        <ele>452.39</ele>
      </trkpt>
      <trkpt lat="35.04054" lon="-116.38919">
        <ele>453.0</ele>
      </trkpt>
      <trkpt lat="35.04056" lon="-116.38926">
        <ele>453.01</ele>
      </trkpt>
      <trkpt lat="35.04058" lon="-116.3893">
        <ele>453.44</ele>
      </trkpt>
      <trkpt lat="35.0406" lon="-116.38935">
        <ele>453.98</ele>
      </trkpt>
      <trkpt lat="35.04062" lon="-116.3894">
        <ele>454.52</ele>
      </trkpt>
      <trkpt lat="35.04065" lon="-116.38945">
        <ele>454.98</ele>
      </trkpt>
      <trkpt lat="35.04073" lon="-116.38955">
        <ele>455.14</ele>
      </trkpt>
      <trkpt lat="35.04077" lon="-116.38961">
        <ele>455.79</ele>
      </trkpt>
      <trkpt lat="35.04079" lon="-116.38966">
        <ele>456.33</ele>
      </trkpt>
      <trkpt lat="35.04082" lon="-116.38972">
        <ele>456.98</ele>
      </trkpt>
      <trkpt lat="35.04084" lon="-116.38977">
        <ele>457.59</ele>
      </trkpt>
      <trkpt lat="35.04085" lon="-116.38982">
        <ele>458.23</ele>
      </trkpt>
      <trkpt lat="35.04086" lon="-116.38988">
        <ele>458.79</ele>
      </trkpt>
      <trkpt lat="35.04087" lon="-116.38993">
        <ele>459.1</ele>
      </trkpt>
      <trkpt lat="35.04088" lon="-116.39">
        <ele>459.5</ele>
      </trkpt>
      <trkpt lat="35.04089" lon="-116.39013">
        <ele>459.77</ele>
      </trkpt>
      <trkpt lat="35.04089" lon="-116.39028">
        <ele>460.02</ele>
      </trkpt>
      <trkpt lat="35.04089" lon="-116.39049">
        <ele>461.0</ele>
      </trkpt>
      <trkpt lat="35.04086" lon="-116.39117">
        <ele>465.35</ele>
      </trkpt>
      <trkpt lat="35.04086" lon="-116.39129">
        <ele>465.98</ele>
      </trkpt>
      <trkpt lat="35.04087" lon="-116.39139">
        <ele>467.01</ele>
      </trkpt>
      <trkpt lat="35.04088" lon="-116.39154">
        <ele>468.0</ele>
      </trkpt>
      <trkpt lat="35.04093" lon="-116.39189">
        <ele>467.63</ele>
      </trkpt>
      <trkpt lat="35.04094" lon="-116.39199">
        <ele>466.66</ele>
      </trkpt>
      <trkpt lat="35.04095" lon="-116.39211">
        <ele>465.27</ele>
      </trkpt>
      <trkpt lat="35.04095" lon="-116.39216">
        <ele>464.67</ele>
      </trkpt>
      <trkpt lat="35.04095" lon="-116.3922">
        <ele>464.24</ele>
      </trkpt>
      <trkpt lat="35.04095" lon="-116.39225">
        <ele>464.0</ele>
      </trkpt>
      <trkpt lat="35.04094" lon="-116.39229">
        <ele>464.0</ele>
      </trkpt>
      <trkpt lat="35.04093" lon="-116.39234">
        <ele>463.73</ele>
      </trkpt>
      <trkpt lat="35.04092" lon="-116.39238">
        <ele>463.28</ele>
      </trkpt>
      <trkpt lat="35.0409" lon="-116.39242">
        <ele>462.86</ele>
      </trkpt>
      <trkpt lat="35.04088" lon="-116.39247">
        <ele>462.32</ele>
      </trkpt>
      <trkpt lat="35.04074" lon="-116.39272">
        <ele>460.99</ele>
      </trkpt>
      <trkpt lat="35.04072" lon="-116.39278">
        <ele>460.78</ele>
      </trkpt>
      <trkpt lat="35.0407" lon="-116.39284">
        <ele>460.56</ele>
      </trkpt>
      <trkpt lat="35.04068" lon="-116.39289">
        <ele>460.34</ele>
      </trkpt>
      <trkpt lat="35.04068" lon="-116.39289">
        <ele>460.34</ele>
      </trkpt>
      <trkpt lat="35.04066" lon="-116.39295">
        <ele>460.13</ele>
      </trkpt>
      <trkpt lat="35.04065" lon="-116.39301">
        <ele>460.02</ele>
      </trkpt>
      <trkpt lat="35.04065" lon="-116.39307">
        <ele>460.02</ele>
      </trkpt>
      <trkpt lat="35.04064" lon="-116.39313">
        <ele>459.82</ele>
      </trkpt>
      <trkpt lat="35.04064" lon="-116.39321">
        <ele>459.21</ele>
      </trkpt>
      <trkpt lat="35.04064" lon="-116.39327">
        <ele>458.88</ele>
      </trkpt>
      <trkpt lat="35.04064" lon="-116.39332">
        <ele>458.84</ele>
      </trkpt>
      <trkpt lat="35.04065" lon="-116.3934">
        <ele>458.3</ele>
      </trkpt>
      <trkpt lat="35.04065" lon="-116.39348">
        <ele>457.45</ele>
      </trkpt>
      <trkpt lat="35.04067" lon="-116.39357">
        <ele>456.92</ele>
      </trkpt>
      <trkpt lat="35.04068" lon="-116.39361">
        <ele>456.7</ele>
      </trkpt>
      <trkpt lat="35.0407" lon="-116.39365">
        <ele>456.88</ele>
      </trkpt>
      <trkpt lat="35.04071" lon="-116.39369">
        <ele>456.77</ele>
      </trkpt>
      <trkpt lat="35.04074" lon="-116.39372">
        <ele>456.82</ele>
      </trkpt>
      <trkpt lat="35.04076" lon="-116.39374">
        <ele>456.73</ele>
      </trkpt>
      <trkpt lat="35.04079" lon="-116.39377">
        <ele>456.44</ele>
      </trkpt>
      <trkpt lat="35.04082" lon="-116.39379">
        <ele>456.13</ele>
      </trkpt>
      <trkpt lat="35.04085" lon="-116.3938">
        <ele>455.92</ele>
      </trkpt>
      <trkpt lat="35.04088" lon="-116.39381">
        <ele>455.7</ele>
      </trkpt>
      <trkpt lat="35.0409" lon="-116.39381">
        <ele>455.7</ele>
      </trkpt>
      <trkpt lat="35.04093" lon="-116.39382">
        <ele>455.49</ele>
      </trkpt>
      <trkpt lat="35.04097" lon="-116.39382">
        <ele>455.49</ele>
      </trkpt>
      <trkpt lat="35.041" lon="-116.39381">
        <ele>455.7</ele>
      </trkpt>
      <trkpt lat="35.04154" lon="-116.39368">
        <ele>449.27</ele>
      </trkpt>
      <trkpt lat="35.04131" lon="-116.39405">
        <ele>448.89</ele>
      </trkpt>
      <trkpt lat="35.04105" lon="-116.39436">
        <ele>448.57</ele>
      </trkpt>
      <trkpt lat="35.04095" lon="-116.39466">
        <ele>444.43</ele>
      </trkpt>
      <trkpt lat="35.04084" lon="-116.39485">
        <ele>441.69</ele>
      </trkpt>
      <trkpt lat="35.04084" lon="-116.395">
        <ele>441.0</ele>
      </trkpt>
      <trkpt lat="35.04091" lon="-116.39514">
        <ele>440.91</ele>
      </trkpt>
      <trkpt lat="35.04111" lon="-116.3954">
        <ele>441.99</ele>
      </trkpt>
      <trkpt lat="35.0415" lon="-116.39582">
        <ele>441.32</ele>
      </trkpt>
      <trkpt lat="35.04201" lon="-116.39632">
        <ele>439.93</ele>
      </trkpt>
      <trkpt lat="35.04221" lon="-116.39655">
        <ele>440.23</ele>
      </trkpt>
      <trkpt lat="35.04237" lon="-116.39679">
        <ele>439.87</ele>
      </trkpt>
      <trkpt lat="35.04261" lon="-116.39712">
        <ele>439.27</ele>
      </trkpt>
      <trkpt lat="35.04304" lon="-116.39767">
        <ele>439.86</ele>
      </trkpt>
      <trkpt lat="35.04333" lon="-116.398">
        <ele>440.96</ele>
      </trkpt>
      <trkpt lat="35.04348" lon="-116.39822">
        <ele>442.0</ele>
      </trkpt>
      <trkpt lat="35.04382" lon="-116.39861">
        <ele>443.26</ele>
      </trkpt>
      <trkpt lat="35.04416" lon="-116.399">
        <ele>443.93</ele>
      </trkpt>
      <trkpt lat="35.04424" lon="-116.39927">
        <ele>442.98</ele>
      </trkpt>
      <trkpt lat="35.04452" lon="-116.39966">
        <ele>441.55</ele>
      </trkpt>
      <trkpt lat="35.04474" lon="-116.39984">
        <ele>442.19</ele>
      </trkpt>
      <trkpt lat="35.04501" lon="-116.40002">
        <ele>444.11</ele>
      </trkpt>
      <trkpt lat="35.04527" lon="-116.40029">
        <ele>444.99</ele>
      </trkpt>
      <trkpt lat="35.04544" lon="-116.40063">
        <ele>445.75</ele>
      </trkpt>
      <trkpt lat="35.04552" lon="-116.40077">
        <ele>445.62</ele>
      </trkpt>
      <trkpt lat="35.04558" lon="-116.40104">
        <ele>446.0</ele>
      </trkpt>
      <trkpt lat="35.04553" lon="-116.40142">
        <ele>446.0</ele>
      </trkpt>
      <trkpt lat="35.04557" lon="-116.40181">
        <ele>447.0</ele>
      </trkpt>
      <trkpt lat="35.04557" lon="-116.40202">
        <ele>446.16</ele>
      </trkpt>
      <trkpt lat="35.04549" lon="-116.40234">
        <ele>444.29</ele>
      </trkpt>
      <trkpt lat="35.04552" lon="-116.40257">
        <ele>444.62</ele>
      </trkpt>
      <trkpt lat="35.0455" lon="-116.40284">
        <ele>444.4</ele>
      </trkpt>
      <trkpt lat="35.0454" lon="-116.40314">
        <ele>444.32</ele>
      </trkpt>
      <trkpt lat="35.04536" lon="-116.4035">
        <ele>444.89</ele>
      </trkpt>
      <trkpt lat="35.04532" lon="-116.40379">
        <ele>444.46</ele>
      </trkpt>
      <trkpt lat="35.0452" lon="-116.40395">
        <ele>444.0</ele>
      </trkpt>
      <trkpt lat="35.04478" lon="-116.40422">
        <ele>442.62</ele>
      </trkpt>
      <trkpt lat="35.04457" lon="-116.4046">
        <ele>442.0</ele>
      </trkpt>
      <trkpt lat="35.04427" lon="-116.40494">
        <ele>441.0</ele>
      </trkpt>
      <trkpt lat="35.04411" lon="-116.40531">
        <ele>441.0</ele>
      </trkpt>
      <trkpt lat="35.04376" lon="-116.40683">
        <ele>441.46</ele>
      </trkpt>
      <trkpt lat="35.04364" lon="-116.40708">
        <ele>442.0</ele>
      </trkpt>
      <trkpt lat="35.04355" lon="-116.40735">
        <ele>442.0</ele>
      </trkpt>
      <trkpt lat="35.04353" lon="-116.40799">
        <ele>443.0</ele>
      </trkpt>
      <trkpt lat="35.04357" lon="-116.40858">
        <ele>443.66</ele>
      </trkpt>
      <trkpt lat="35.04356" lon="-116.40922">
        <ele>444.0</ele>
      </trkpt>
      <trkpt lat="35.04343" lon="-116.40978">
        <ele>444.98</ele>
      </trkpt>
      <trkpt lat="35.04275" lon="-116.41101">
        <ele>446.0</ele>
      </trkpt>
      <trkpt lat="35.04147" lon="-116.41378">
        <ele>449.0</ele>
      </trkpt>
      <trkpt lat="35.04137" lon="-116.4143">
        <ele>449.0</ele>
      </trkpt>
      <trkpt lat="35.04142" lon="-116.41562">
        <ele>449.66</ele>
      </trkpt>
      <trkpt lat="35.04154" lon="-116.41741">
        <ele>450.01</ele>
      </trkpt>
      <trkpt lat="35.04151" lon="-116.41778">
        <ele>451.0</ele>
      </trkpt>
      <trkpt lat="35.04146" lon="-116.41794">
        <ele>451.0</ele>
      </trkpt>
      <trkpt lat="35.04136" lon="-116.41828">
        <ele>451.0</ele>
      </trkpt>
      <trkpt lat="35.04121" lon="-116.4187">
        <ele>451.0</ele>
      </trkpt>
      <trkpt lat="35.04114" lon="-116.41913">
        <ele>451.0</ele>
      </trkpt>
      <trkpt lat="35.04119" lon="-116.41952">
        <ele>451.0</ele>
      </trkpt>
      <trkpt lat="35.04139" lon="-116.41997">
        <ele>451.0</ele>
      </trkpt>
      <trkpt lat="35.04164" lon="-116.42033">
        <ele>451.0</ele>
      </trkpt>
      <trkpt lat="35.04178" lon="-116.42068">
        <ele>451.0</ele>
      </trkpt>
      <trkpt lat="35.0418" lon="-116.42102">
        <ele>451.0</ele>
      </trkpt>
      <trkpt lat="35.04175" lon="-116.42146">
        <ele>451.0</ele>
      </trkpt>
      <trkpt lat="35.04158" lon="-116.42186">
        <ele>451.0</ele>
      </trkpt>
      <trkpt lat="35.04137" lon="-116.42224">
        <ele>451.0</ele>
      </trkpt>
      <trkpt lat="35.04119" lon="-116.42266">
        <ele>451.0</ele>
      </trkpt>
      <trkpt lat="35.04111" lon="-116.42331">
        <ele>451.0</ele>
      </trkpt>
      <trkpt lat="35.04098" lon="-116.42376">
        <ele>451.0</ele>
      </trkpt>
      <trkpt lat="35.04065" lon="-116.42443">
        <ele>451.0</ele>
      </trkpt>
      <trkpt lat="35.04033" lon="-116.4251">
        <ele>451.0</ele>
      </trkpt>
      <trkpt lat="35.04001" lon="-116.42577">
        <ele>451.0</ele>
      </trkpt>
      <trkpt lat="35.03962" lon="-116.42644">
        <ele>451.0</ele>
      </trkpt>
      <trkpt lat="35.03936" lon="-116.42688">
        <ele>451.0</ele>
      </trkpt>
      <trkpt lat="35.03918" lon="-116.42746">
        <ele>451.0</ele>
      </trkpt>
      <trkpt lat="35.03907" lon="-116.42785">
        <ele>451.0</ele>
      </trkpt>
      <trkpt lat="35.03897" lon="-116.42816">
        <ele>451.0</ele>
      </trkpt>
      <trkpt lat="35.03887" lon="-116.42837">
        <ele>451.0</ele>
      </trkpt>
      <trkpt lat="35.0386" lon="-116.42863">
        <ele>451.0</ele>
      </trkpt>
      <trkpt lat="35.03815" lon="-116.42874">
        <ele>451.0</ele>
      </trkpt>
      <trkpt lat="35.0377" lon="-116.42885">
        <ele>451.0</ele>
      </trkpt>
      <trkpt lat="35.03723" lon="-116.42901">
        <ele>451.0</ele>
      </trkpt>
      <trkpt lat="35.03673" lon="-116.42908">
        <ele>451.0</ele>
      </trkpt>
      <trkpt lat="35.0363" lon="-116.42915">
        <ele>451.0</ele>
      </trkpt>
      <trkpt lat="35.03593" lon="-116.42927">
        <ele>451.0</ele>
      </trkpt>
      <trkpt lat="35.03549" lon="-116.42943">
        <ele>451.0</ele>
      </trkpt>
      <trkpt lat="35.03506" lon="-116.42959">
        <ele>451.0</ele>
      </trkpt>
      <trkpt lat="35.03455" lon="-116.42986">
        <ele>451.0</ele>
      </trkpt>
      <trkpt lat="35.03404" lon="-116.43013">
        <ele>452.0</ele>
      </trkpt>
      <trkpt lat="35.03334" lon="-116.43068">
        <ele>453.95</ele>
      </trkpt>
      <trkpt lat="35.03289" lon="-116.43106">
        <ele>454.45</ele>
      </trkpt>
      <trkpt lat="35.03245" lon="-116.43155">
        <ele>455.0</ele>
      </trkpt>
      <trkpt lat="35.03201" lon="-116.43203">
        <ele>455.92</ele>
      </trkpt>
      <trkpt lat="35.03162" lon="-116.43251">
        <ele>457.0</ele>
      </trkpt>
      <trkpt lat="35.03136" lon="-116.43299">
        <ele>458.0</ele>
      </trkpt>
      <trkpt lat="35.03103" lon="-116.43352">
        <ele>460.0</ele>
      </trkpt>
      <trkpt lat="35.0307" lon="-116.43406">
        <ele>461.47</ele>
      </trkpt>
      <trkpt lat="35.03037" lon="-116.43459">
        <ele>462.57</ele>
      </trkpt>
      <trkpt lat="35.03004" lon="-116.43527">
        <ele>463.0</ele>
      </trkpt>
      <trkpt lat="35.02973" lon="-116.43574">
        <ele>463.0</ele>
      </trkpt>
      <trkpt lat="35.02933" lon="-116.43613">
        <ele>463.0</ele>
      </trkpt>
      <trkpt lat="35.02892" lon="-116.43642">
        <ele>462.0</ele>
      </trkpt>
      <trkpt lat="35.0285" lon="-116.4367">
        <ele>462.0</ele>
      </trkpt>
      <trkpt lat="35.02809" lon="-116.43699">
        <ele>461.18</ele>
      </trkpt>
      <trkpt lat="35.02767" lon="-116.43727">
        <ele>461.0</ele>
      </trkpt>
      <trkpt lat="35.02716" lon="-116.43757">
        <ele>461.0</ele>
      </trkpt>
      <trkpt lat="35.02665" lon="-116.43787">
        <ele>461.0</ele>
      </trkpt>
      <trkpt lat="35.02612" lon="-116.4384">
        <ele>462.0</ele>
      </trkpt>
      <trkpt lat="35.02579" lon="-116.43906">
        <ele>462.0</ele>
      </trkpt>
      <trkpt lat="35.02561" lon="-116.43982">
        <ele>463.0</ele>
      </trkpt>
      <trkpt lat="35.02554" lon="-116.44088">
        <ele>463.0</ele>
      </trkpt>
      <trkpt lat="35.02547" lon="-116.44183">
        <ele>463.0</ele>
      </trkpt>
      <trkpt lat="35.02553" lon="-116.4424">
        <ele>463.0</ele>
      </trkpt>
      <trkpt lat="35.02558" lon="-116.44297">
        <ele>464.0</ele>
      </trkpt>
      <trkpt lat="35.02564" lon="-116.44354">
        <ele>464.0</ele>
      </trkpt>
      <trkpt lat="35.02556" lon="-116.44419">
        <ele>464.0</ele>
      </trkpt>
      <trkpt lat="35.02548" lon="-116.44484">
        <ele>464.0</ele>
      </trkpt>
      <trkpt lat="35.0254" lon="-116.44549">
        <ele>464.0</ele>
      </trkpt>
      <trkpt lat="35.02546" lon="-116.44612">
        <ele>464.0</ele>
      </trkpt>
      <trkpt lat="35.02553" lon="-116.44676">
        <ele>464.0</ele>
      </trkpt>
      <trkpt lat="35.0256" lon="-116.44739">
        <ele>464.0</ele>
      </trkpt>
      <trkpt lat="35.02566" lon="-116.44802">
        <ele>464.0</ele>
      </trkpt>
      <trkpt lat="35.02563" lon="-116.44884">
        <ele>464.0</ele>
      </trkpt>
      <trkpt lat="35.0256" lon="-116.44965">
        <ele>464.0</ele>
      </trkpt>
      <trkpt lat="35.02553" lon="-116.45016">
        <ele>464.0</ele>
      </trkpt>
      <trkpt lat="35.02532" lon="-116.45081">
        <ele>464.0</ele>
      </trkpt>
      <trkpt lat="35.02511" lon="-116.45146">
        <ele>464.0</ele>
      </trkpt>
      <trkpt lat="35.0249" lon="-116.45211">
        <ele>464.0</ele>
      </trkpt>
      <trkpt lat="35.02476" lon="-116.45273">
        <ele>464.0</ele>
      </trkpt>
      <trkpt lat="35.02461" lon="-116.45335">
        <ele>464.0</ele>
      </trkpt>
      <trkpt lat="35.02437" lon="-116.45401">
        <ele>464.0</ele>
      </trkpt>
      <trkpt lat="35.02414" lon="-116.45466">
        <ele>464.0</ele>
      </trkpt>
      <trkpt lat="35.0239" lon="-116.45532">
        <ele>464.0</ele>
      </trkpt>
      <trkpt lat="35.02357" lon="-116.45583">
        <ele>464.0</ele>
      </trkpt>
      <trkpt lat="35.02323" lon="-116.45634">
        <ele>464.0</ele>
      </trkpt>
      <trkpt lat="35.0229" lon="-116.4569">
        <ele>464.0</ele>
      </trkpt>
      <trkpt lat="35.02256" lon="-116.45746">
        <ele>464.0</ele>
      </trkpt>
      <trkpt lat="35.0221" lon="-116.4577">
        <ele>464.0</ele>
      </trkpt>
      <trkpt lat="35.02163" lon="-116.45793">
        <ele>464.0</ele>
      </trkpt>
      <trkpt lat="35.02102" lon="-116.45812">
        <ele>464.0</ele>
      </trkpt>
      <trkpt lat="35.02041" lon="-116.45831">
        <ele>464.0</ele>
      </trkpt>
      <trkpt lat="35.01993" lon="-116.45848">
        <ele>464.0</ele>
      </trkpt>
      <trkpt lat="35.01946" lon="-116.45864">
        <ele>464.0</ele>
      </trkpt>
      <trkpt lat="35.01898" lon="-116.45881">
        <ele>464.0</ele>
      </trkpt>
      <trkpt lat="35.0185" lon="-116.45897">
        <ele>464.0</ele>
      </trkpt>
      <trkpt lat="35.01795" lon="-116.45922">
        <ele>464.0</ele>
      </trkpt>
      <trkpt lat="35.0174" lon="-116.45947">
        <ele>464.0</ele>
      </trkpt>
      <trkpt lat="35.01692" lon="-116.45986">
        <ele>464.0</ele>
      </trkpt>
      <trkpt lat="35.0167" lon="-116.46004">
        <ele>464.0</ele>
      </trkpt>
      <trkpt lat="35.01604" lon="-116.46055">
        <ele>464.0</ele>
      </trkpt>
      <trkpt lat="35.01565" lon="-116.46097">
        <ele>464.0</ele>
      </trkpt>
      <trkpt lat="35.01525" lon="-116.46138">
        <ele>464.0</ele>
      </trkpt>
      <trkpt lat="35.01473" lon="-116.46171">
        <ele>464.0</ele>
      </trkpt>
      <trkpt lat="35.01421" lon="-116.46204">
        <ele>464.0</ele>
      </trkpt>
      <trkpt lat="35.01364" lon="-116.46251">
        <ele>464.0</ele>
      </trkpt>
      <trkpt lat="35.01319" lon="-116.46287">
        <ele>464.0</ele>
      </trkpt>
      <trkpt lat="35.01273" lon="-116.46322">
        <ele>464.0</ele>
      </trkpt>
      <trkpt lat="35.0123" lon="-116.46346">
        <ele>464.0</ele>
      </trkpt>
      <trkpt lat="35.01188" lon="-116.46371">
        <ele>464.0</ele>
      </trkpt>
      <trkpt lat="35.01145" lon="-116.46395">
        <ele>464.0</ele>
      </trkpt>
      <trkpt lat="35.01101" lon="-116.46425">
        <ele>464.0</ele>
      </trkpt>
      <trkpt lat="35.01057" lon="-116.46455">
        <ele>464.0</ele>
      </trkpt>
      <trkpt lat="35.01012" lon="-116.46479">
        <ele>464.0</ele>
      </trkpt>
      <trkpt lat="35.00968" lon="-116.46502">
        <ele>464.0</ele>
      </trkpt>
      <trkpt lat="35.00923" lon="-116.46526">
        <ele>464.0</ele>
      </trkpt>
      <trkpt lat="35.00865" lon="-116.46594">
        <ele>464.0</ele>
      </trkpt>
      <trkpt lat="35.0082" lon="-116.46653">
        <ele>464.0</ele>
      </trkpt>
      <trkpt lat="35.00774" lon="-116.46712">
        <ele>464.0</ele>
      </trkpt>
      <trkpt lat="35.00724" lon="-116.46759">
        <ele>464.0</ele>
      </trkpt>
      <trkpt lat="35.00674" lon="-116.46806">
        <ele>464.0</ele>
      </trkpt>
      <trkpt lat="35.00639" lon="-116.46855">
        <ele>464.0</ele>
      </trkpt>
      <trkpt lat="35.00604" lon="-116.46904">
        <ele>464.0</ele>
      </trkpt>
      <trkpt lat="35.00568" lon="-116.46953">
        <ele>464.0</ele>
      </trkpt>
      <trkpt lat="35.00533" lon="-116.47002">
        <ele>464.0</ele>
      </trkpt>
      <trkpt lat="35.00498" lon="-116.47051">
        <ele>465.0</ele>
      </trkpt>
      <trkpt lat="35.00424" lon="-116.471">
        <ele>466.0</ele>
      </trkpt>
      <trkpt lat="35.00375" lon="-116.47112">
        <ele>466.0</ele>
      </trkpt>
      <trkpt lat="35.00326" lon="-116.47124">
        <ele>465.52</ele>
      </trkpt>
      <trkpt lat="35.00276" lon="-116.47135">
        <ele>465.0</ele>
      </trkpt>
      <trkpt lat="35.00227" lon="-116.47147">
        <ele>464.0</ele>
      </trkpt>
      <trkpt lat="35.00178" lon="-116.47159">
        <ele>464.0</ele>
      </trkpt>
      <trkpt lat="35.0014" lon="-116.47187">
        <ele>464.0</ele>
      </trkpt>
      <trkpt lat="35.00092" lon="-116.47222">
        <ele>464.0</ele>
      </trkpt>
      <trkpt lat="35.00047" lon="-116.47309">
        <ele>464.0</ele>
      </trkpt>
      <trkpt lat="35.00043" lon="-116.47316">
        <ele>464.0</ele>
      </trkpt>
      <trkpt lat="35.00034" lon="-116.47325">
        <ele>464.0</ele>
      </trkpt>
      <trkpt lat="34.99982" lon="-116.47381">
        <ele>464.0</ele>
      </trkpt>
      <trkpt lat="34.99902" lon="-116.47415">
        <ele>464.82</ele>
      </trkpt>
      <trkpt lat="34.99856" lon="-116.47435">
        <ele>465.0</ele>
      </trkpt>
      <trkpt lat="34.9981" lon="-116.47454">
        <ele>465.0</ele>
      </trkpt>
      <trkpt lat="34.99763" lon="-116.47474">
        <ele>466.0</ele>
      </trkpt>
      <trkpt lat="34.99717" lon="-116.47493">
        <ele>466.0</ele>
      </trkpt>
      <trkpt lat="34.99655" lon="-116.47521">
        <ele>467.0</ele>
      </trkpt>
      <trkpt lat="34.99602" lon="-116.47557">
        <ele>467.0</ele>
      </trkpt>
      <trkpt lat="34.99566" lon="-116.47586">
        <ele>468.0</ele>
      </trkpt>
      <trkpt lat="34.99526" lon="-116.47615">
        <ele>468.0</ele>
      </trkpt>
      <trkpt lat="34.9949" lon="-116.47645">
        <ele>468.0</ele>
      </trkpt>
      <trkpt lat="34.99439" lon="-116.47674">
        <ele>468.91</ele>
      </trkpt>
      <trkpt lat="34.99433" lon="-116.47676">
        <ele>469.0</ele>
      </trkpt>
      <trkpt lat="34.99433" lon="-116.47677">
        <ele>469.0</ele>
      </trkpt>
      <trkpt lat="34.99433" lon="-116.47676">
        <ele>469.0</ele>
      </trkpt>
      <trkpt lat="34.99381" lon="-116.47693">
        <ele>469.85</ele>
      </trkpt>
      <trkpt lat="34.99365" lon="-116.47709">
        <ele>470.0</ele>
      </trkpt>
      <trkpt lat="34.99314" lon="-116.4771">
        <ele>470.0</ele>
      </trkpt>
      <trkpt lat="34.9928" lon="-116.47708">
        <ele>470.89</ele>
      </trkpt>
      <trkpt lat="34.99243" lon="-116.4771">
        <ele>471.76</ele>
      </trkpt>
      <trkpt lat="34.992" lon="-116.47715">
        <ele>473.87</ele>
      </trkpt>
      <trkpt lat="34.9917" lon="-116.47722">
        <ele>475.0</ele>
      </trkpt>
      <trkpt lat="34.99108" lon="-116.47723">
        <ele>476.0</ele>
      </trkpt>
      <trkpt lat="34.99045" lon="-116.47721">
        <ele>476.0</ele>
      </trkpt>
      <trkpt lat="34.99003" lon="-116.47738">
        <ele>476.0</ele>
      </trkpt>
      <trkpt lat="34.98939" lon="-116.47776">
        <ele>476.0</ele>
      </trkpt>
      <trkpt lat="34.98904" lon="-116.47807">
        <ele>476.0</ele>
      </trkpt>
      <trkpt lat="34.98872" lon="-116.4783">
        <ele>476.3</ele>
      </trkpt>
      <trkpt lat="34.98826" lon="-116.47865">
        <ele>476.46</ele>
      </trkpt>
      <trkpt lat="34.98777" lon="-116.47897">
        <ele>476.2</ele>
      </trkpt>
      <trkpt lat="34.98732" lon="-116.47927">
        <ele>476.83</ele>
      </trkpt>
      <trkpt lat="34.98686" lon="-116.47956">
        <ele>476.75</ele>
      </trkpt>
      <trkpt lat="34.98639" lon="-116.47984">
        <ele>476.73</ele>
      </trkpt>
      <trkpt lat="34.98589" lon="-116.48019">
        <ele>476.95</ele>
      </trkpt>
      <trkpt lat="34.98562" lon="-116.48046">
        <ele>476.33</ele>
      </trkpt>
      <trkpt lat="34.9852" lon="-116.48079">
        <ele>476.0</ele>
      </trkpt>
      <trkpt lat="34.98479" lon="-116.48117">
        <ele>476.0</ele>
      </trkpt>
      <trkpt lat="34.98449" lon="-116.48149">
        <ele>476.0</ele>
      </trkpt>
      <trkpt lat="34.98394" lon="-116.48191">
        <ele>477.0</ele>
      </trkpt>
      <trkpt lat="34.98339" lon="-116.48256">
        <ele>477.14</ele>
      </trkpt>
      <trkpt lat="34.98327" lon="-116.48316">
        <ele>477.0</ele>
      </trkpt>
      <trkpt lat="34.98312" lon="-116.48358">
        <ele>478.0</ele>
      </trkpt>
      <trkpt lat="34.98287" lon="-116.48413">
        <ele>478.0</ele>
      </trkpt>
      <trkpt lat="34.98255" lon="-116.48466">
        <ele>478.0</ele>
      </trkpt>
      <trkpt lat="34.98209" lon="-116.48532">
        <ele>480.0</ele>
      </trkpt>
      <trkpt lat="34.9818" lon="-116.4857">
        <ele>480.0</ele>
      </trkpt>
      <trkpt lat="34.98145" lon="-116.48624">
        <ele>480.79</ele>
      </trkpt>
      <trkpt lat="34.98117" lon="-116.48661">
        <ele>481.0</ele>
      </trkpt>
      <trkpt lat="34.98084" lon="-116.48714">
        <ele>481.0</ele>
      </trkpt>
      <trkpt lat="34.98057" lon="-116.48762">
        <ele>481.0</ele>
      </trkpt>
      <trkpt lat="34.98028" lon="-116.48825">
        <ele>482.0</ele>
      </trkpt>
      <trkpt lat="34.97993" lon="-116.48866">
        <ele>482.0</ele>
      </trkpt>
      <trkpt lat="34.97941" lon="-116.48949">
        <ele>482.0</ele>
      </trkpt>
      <trkpt lat="34.97915" lon="-116.49022">
        <ele>482.89</ele>
      </trkpt>
      <trkpt lat="34.9788" lon="-116.49114">
        <ele>483.0</ele>
      </trkpt>
      <trkpt lat="34.97861" lon="-116.49173">
        <ele>483.0</ele>
      </trkpt>
      <trkpt lat="34.97841" lon="-116.49232">
        <ele>483.06</ele>
      </trkpt>
      <trkpt lat="34.9783" lon="-116.4928">
        <ele>484.0</ele>
      </trkpt>
      <trkpt lat="34.97824" lon="-116.49348">
        <ele>484.0</ele>
      </trkpt>
      <trkpt lat="34.97819" lon="-116.49401">
        <ele>484.31</ele>
      </trkpt>
      <trkpt lat="34.97818" lon="-116.49472">
        <ele>485.0</ele>
      </trkpt>
      <trkpt lat="34.9782" lon="-116.4952">
        <ele>485.0</ele>
      </trkpt>
      <trkpt lat="34.97823" lon="-116.49579">
        <ele>486.0</ele>
      </trkpt>
      <trkpt lat="34.97833" lon="-116.49648">
        <ele>486.0</ele>
      </trkpt>
      <trkpt lat="34.97828" lon="-116.49718">
        <ele>486.0</ele>
      </trkpt>
      <trkpt lat="34.97824" lon="-116.49822">
        <ele>487.0</ele>
      </trkpt>
      <trkpt lat="34.97809" lon="-116.49878">
        <ele>487.11</ele>
      </trkpt>
      <trkpt lat="34.97789" lon="-116.49897">
        <ele>487.81</ele>
      </trkpt>
      <trkpt lat="34.97775" lon="-116.4993">
        <ele>487.17</ele>
      </trkpt>
      <trkpt lat="34.9777" lon="-116.49965">
        <ele>487.0</ele>
      </trkpt>
      <trkpt lat="34.97787" lon="-116.50031">
        <ele>485.65</ele>
      </trkpt>
      <trkpt lat="34.97815" lon="-116.501">
        <ele>483.0</ele>
      </trkpt>
      <trkpt lat="34.97867" lon="-116.50145">
        <ele>483.0</ele>
      </trkpt>
      <trkpt lat="34.97912" lon="-116.50169">
        <ele>483.0</ele>
      </trkpt>
      <trkpt lat="34.9797" lon="-116.50187">
        <ele>483.0</ele>
      </trkpt>
      <trkpt lat="34.98023" lon="-116.50197">
        <ele>483.0</ele>
      </trkpt>
      <trkpt lat="34.98083" lon="-116.50211">
        <ele>483.0</ele>
      </trkpt>
      <trkpt lat="34.98145" lon="-116.50211">
        <ele>483.0</ele>
      </trkpt>
      <trkpt lat="34.9818" lon="-116.50226">
        <ele>482.77</ele>
      </trkpt>
      <trkpt lat="34.98214" lon="-116.50237">
        <ele>482.0</ele>
      </trkpt>
      <trkpt lat="34.98237" lon="-116.50254">
        <ele>482.0</ele>
      </trkpt>
      <trkpt lat="34.98262" lon="-116.50271">
        <ele>482.0</ele>
      </trkpt>
      <trkpt lat="34.98299" lon="-116.50314">
        <ele>482.0</ele>
      </trkpt>
      <trkpt lat="34.98334" lon="-116.50351">
        <ele>482.0</ele>
      </trkpt>
      <trkpt lat="34.98377" lon="-116.50406">
        <ele>482.0</ele>
      </trkpt>
      <trkpt lat="34.98405" lon="-116.50444">
        <ele>482.95</ele>
      </trkpt>
      <trkpt lat="34.98442" lon="-116.50487">
        <ele>483.0</ele>
      </trkpt>
      <trkpt lat="34.98467" lon="-116.50518">
        <ele>483.02</ele>
      </trkpt>
      <trkpt lat="34.9849" lon="-116.50556">
        <ele>484.0</ele>
      </trkpt>
      <trkpt lat="34.98509" lon="-116.50584">
        <ele>484.0</ele>
      </trkpt>
      <trkpt lat="34.98541" lon="-116.50644">
        <ele>485.0</ele>
      </trkpt>
      <trkpt lat="34.98558" lon="-116.50692">
        <ele>485.0</ele>
      </trkpt>
      <trkpt lat="34.98559" lon="-116.50734">
        <ele>485.0</ele>
      </trkpt>
      <trkpt lat="34.98553" lon="-116.50779">
        <ele>484.72</ele>
      </trkpt>
      <trkpt lat="34.98545" lon="-116.50805">
        <ele>484.0</ele>
      </trkpt>
      <trkpt lat="34.98514" lon="-116.50871">
        <ele>484.03</ele>
      </trkpt>
      <trkpt lat="34.98476" lon="-116.50931">
        <ele>485.0</ele>
      </trkpt>
      <trkpt lat="34.98458" lon="-116.50952">
        <ele>485.0</ele>
      </trkpt>
      <trkpt lat="34.98427" lon="-116.50993">
        <ele>485.0</ele>
      </trkpt>
      <trkpt lat="34.98371" lon="-116.51036">
        <ele>485.0</ele>
      </trkpt>
      <trkpt lat="34.98336" lon="-116.51062">
        <ele>485.0</ele>
      </trkpt>
      <trkpt lat="34.98302" lon="-116.51086">
        <ele>485.0</ele>
      </trkpt>
      <trkpt lat="34.98263" lon="-116.51095">
        <ele>485.0</ele>
      </trkpt>
      <trkpt lat="34.98228" lon="-116.51102">
        <ele>486.37</ele>
      </trkpt>
      <trkpt lat="34.98193" lon="-116.51094">
        <ele>487.87</ele>
      </trkpt>
      <trkpt lat="34.98161" lon="-116.51095">
        <ele>488.0</ele>
      </trkpt>
      <trkpt lat="34.98126" lon="-116.511">
        <ele>488.0</ele>
      </trkpt>
      <trkpt lat="34.98088" lon="-116.51115">
        <ele>488.0</ele>
      </trkpt>
      <trkpt lat="34.98066" lon="-116.51128">
        <ele>488.0</ele>
      </trkpt>
      <trkpt lat="34.98049" lon="-116.51144">
        <ele>488.0</ele>
      </trkpt>
      <trkpt lat="34.98022" lon="-116.51162">
        <ele>488.0</ele>
      </trkpt>
      <trkpt lat="34.97997" lon="-116.51175">
        <ele>488.06</ele>
      </trkpt>
      <trkpt lat="34.97973" lon="-116.51201">
        <ele>487.67</ele>
      </trkpt>
      <trkpt lat="34.97935" lon="-116.51266">
        <ele>486.0</ele>
      </trkpt>
      <trkpt lat="34.97912" lon="-116.51332">
        <ele>485.5</ele>
      </trkpt>
      <trkpt lat="34.97897" lon="-116.5139">
        <ele>485.0</ele>
      </trkpt>
      <trkpt lat="34.97881" lon="-116.51464">
        <ele>485.0</ele>
      </trkpt>
      <trkpt lat="34.97865" lon="-116.51537">
        <ele>485.0</ele>
      </trkpt>
      <trkpt lat="34.97854" lon="-116.51571">
        <ele>485.0</ele>
      </trkpt>
      <trkpt lat="34.97832" lon="-116.51617">
        <ele>485.05</ele>
      </trkpt>
      <trkpt lat="34.97787" lon="-116.51707">
        <ele>485.01</ele>
      </trkpt>
      <trkpt lat="34.97763" lon="-116.51772">
        <ele>487.19</ele>
      </trkpt>
      <trkpt lat="34.97756" lon="-116.51809">
        <ele>488.7</ele>
      </trkpt>
      <trkpt lat="34.97761" lon="-116.51855">
        <ele>487.62</ele>
      </trkpt>
      <trkpt lat="34.97773" lon="-116.51913">
        <ele>486.52</ele>
      </trkpt>
      <trkpt lat="34.97789" lon="-116.51988">
        <ele>487.0</ele>
      </trkpt>
      <trkpt lat="34.97783" lon="-116.5204">
        <ele>487.44</ele>
      </trkpt>
      <trkpt lat="34.97782" lon="-116.52142">
        <ele>488.54</ele>
      </trkpt>
      <trkpt lat="34.97805" lon="-116.52204">
        <ele>488.0</ele>
      </trkpt>
      <trkpt lat="34.97831" lon="-116.52278">
        <ele>489.0</ele>
      </trkpt>
      <trkpt lat="34.97869" lon="-116.52371">
        <ele>490.0</ele>
      </trkpt>
      <trkpt lat="34.97883" lon="-116.52443">
        <ele>491.0</ele>
      </trkpt>
      <trkpt lat="34.97876" lon="-116.52516">
        <ele>491.0</ele>
      </trkpt>
      <trkpt lat="34.97868" lon="-116.52578">
        <ele>491.0</ele>
      </trkpt>
      <trkpt lat="34.97856" lon="-116.52637">
        <ele>491.0</ele>
      </trkpt>
      <trkpt lat="34.97852" lon="-116.52713">
        <ele>491.0</ele>
      </trkpt>
      <trkpt lat="34.97836" lon="-116.52795">
        <ele>491.0</ele>
      </trkpt>
      <trkpt lat="34.97824" lon="-116.52853">
        <ele>491.0</ele>
      </trkpt>
      <trkpt lat="34.97811" lon="-116.5291">
        <ele>491.0</ele>
      </trkpt>
      <trkpt lat="34.97796" lon="-116.52969">
        <ele>491.0</ele>
      </trkpt>
      <trkpt lat="34.97775" lon="-116.53014">
        <ele>491.0</ele>
      </trkpt>
      <trkpt lat="34.97741" lon="-116.53046">
        <ele>491.0</ele>
      </trkpt>
      <trkpt lat="34.97706" lon="-116.53086">
        <ele>491.0</ele>
      </trkpt>
      <trkpt lat="34.97681" lon="-116.53142">
        <ele>491.0</ele>
      </trkpt>
      <trkpt lat="34.97656" lon="-116.53197">
        <ele>491.0</ele>
      </trkpt>
      <trkpt lat="34.97633" lon="-116.53248">
        <ele>491.0</ele>
      </trkpt>
      <trkpt lat="34.97609" lon="-116.53298">
        <ele>491.0</ele>
      </trkpt>
      <trkpt lat="34.97583" lon="-116.5335">
        <ele>491.0</ele>
      </trkpt>
      <trkpt lat="34.97556" lon="-116.53402">
        <ele>491.0</ele>
      </trkpt>
      <trkpt lat="34.97519" lon="-116.53498">
        <ele>491.0</ele>
      </trkpt>
      <trkpt lat="34.97493" lon="-116.5358">
        <ele>491.0</ele>
      </trkpt>
      <trkpt lat="34.97484" lon="-116.53663">
        <ele>492.0</ele>
      </trkpt>
      <trkpt lat="34.97478" lon="-116.53738">
        <ele>492.0</ele>
      </trkpt>
      <trkpt lat="34.97451" lon="-116.53808">
        <ele>493.0</ele>
      </trkpt>
      <trkpt lat="34.97446" lon="-116.53836">
        <ele>493.0</ele>
      </trkpt>
      <trkpt lat="34.97423" lon="-116.53882">
        <ele>493.0</ele>
      </trkpt>
      <trkpt lat="34.9739" lon="-116.53949">
        <ele>494.0</ele>
      </trkpt>
      <trkpt lat="34.97388" lon="-116.53978">
        <ele>494.0</ele>
      </trkpt>
      <trkpt lat="34.97407" lon="-116.54026">
        <ele>494.0</ele>
      </trkpt>
      <trkpt lat="34.97451" lon="-116.54078">
        <ele>494.0</ele>
      </trkpt>
      <trkpt lat="34.97452" lon="-116.5408">
        <ele>494.0</ele>
      </trkpt>
      <trkpt lat="34.97452" lon="-116.5408">
        <ele>494.0</ele>
      </trkpt>
      <trkpt lat="34.97482" lon="-116.54154">
        <ele>495.0</ele>
      </trkpt>
      <trkpt lat="34.97582" lon="-116.54332">
        <ele>497.0</ele>
      </trkpt>
      <trkpt lat="34.97616" lon="-116.54395">
        <ele>497.53</ele>
      </trkpt>
      <trkpt lat="34.9764" lon="-116.54561">
        <ele>499.0</ele>
      </trkpt>
      <trkpt lat="34.97635" lon="-116.5467">
        <ele>500.0</ele>
      </trkpt>
      <trkpt lat="34.97648" lon="-116.5475">
        <ele>501.03</ele>
      </trkpt>
      <trkpt lat="34.97666" lon="-116.54811">
        <ele>505.63</ele>
      </trkpt>
      <trkpt lat="34.97687" lon="-116.54866">
        <ele>506.0</ele>
      </trkpt>
      <trkpt lat="34.97713" lon="-116.5493">
        <ele>507.0</ele>
      </trkpt>
      <trkpt lat="34.97735" lon="-116.54964">
        <ele>506.0</ele>
      </trkpt>
      <trkpt lat="34.97762" lon="-116.55009">
        <ele>506.0</ele>
      </trkpt>
      <trkpt lat="34.9779" lon="-116.55027">
        <ele>506.0</ele>
      </trkpt>
      <trkpt lat="34.97828" lon="-116.5505">
        <ele>506.0</ele>
      </trkpt>
      <trkpt lat="34.97865" lon="-116.55068">
        <ele>506.0</ele>
      </trkpt>
      <trkpt lat="34.97881" lon="-116.5507">
        <ele>506.0</ele>
      </trkpt>
      <trkpt lat="34.97896" lon="-116.55073">
        <ele>506.0</ele>
      </trkpt>
      <trkpt lat="34.97926" lon="-116.55093">
        <ele>506.0</ele>
      </trkpt>
      <trkpt lat="34.9795" lon="-116.55108">
        <ele>506.6</ele>
      </trkpt>
      <trkpt lat="34.97983" lon="-116.55156">
        <ele>507.0</ele>
      </trkpt>
      <trkpt lat="34.98021" lon="-116.55248">
        <ele>509.0</ele>
      </trkpt>
      <trkpt lat="34.98045" lon="-116.55298">
        <ele>510.14</ele>
      </trkpt>
      <trkpt lat="34.98073" lon="-116.55333">
        <ele>511.0</ele>
      </trkpt>
      <trkpt lat="34.9811" lon="-116.5537">
        <ele>511.96</ele>
      </trkpt>
      <trkpt lat="34.98145" lon="-116.55394">
        <ele>512.0</ele>
      </trkpt>
      <trkpt lat="34.98187" lon="-116.55434">
        <ele>512.0</ele>
      </trkpt>
      <trkpt lat="34.98218" lon="-116.55465">
        <ele>512.0</ele>
      </trkpt>
      <trkpt lat="34.9829" lon="-116.55542">
        <ele>512.83</ele>
      </trkpt>
      <trkpt lat="34.98324" lon="-116.55571">
        <ele>513.0</ele>
      </trkpt>
      <trkpt lat="34.98369" lon="-116.55594">
        <ele>514.0</ele>
      </trkpt>
      <trkpt lat="34.98425" lon="-116.55637">
        <ele>514.0</ele>
      </trkpt>
      <trkpt lat="34.98485" lon="-116.5569">
        <ele>515.0</ele>
      </trkpt>
      <trkpt lat="34.98541" lon="-116.55726">
        <ele>515.0</ele>
      </trkpt>
      <trkpt lat="34.98594" lon="-116.55765">
        <ele>516.0</ele>
      </trkpt>
      <trkpt lat="34.98623" lon="-116.55789">
        <ele>516.0</ele>
      </trkpt>
      <trkpt lat="34.98646" lon="-116.55816">
        <ele>516.03</ele>
      </trkpt>
      <trkpt lat="34.98662" lon="-116.55846">
        <ele>517.0</ele>
      </trkpt>
      <trkpt lat="34.98676" lon="-116.55891">
        <ele>517.0</ele>
      </trkpt>
      <trkpt lat="34.98686" lon="-116.55961">
        <ele>518.0</ele>
      </trkpt>
      <trkpt lat="34.98669" lon="-116.55996">
        <ele>519.0</ele>
      </trkpt>
      <trkpt lat="34.9867" lon="-116.56034">
        <ele>519.0</ele>
      </trkpt>
      <trkpt lat="34.98667" lon="-116.5605">
        <ele>519.96</ele>
      </trkpt>
      <trkpt lat="34.98664" lon="-116.56093">
        <ele>520.29</ele>
      </trkpt>
      <trkpt lat="34.98666" lon="-116.56133">
        <ele>521.0</ele>
      </trkpt>
      <trkpt lat="34.9866" lon="-116.56171">
        <ele>521.0</ele>
      </trkpt>
      <trkpt lat="34.98646" lon="-116.56205">
        <ele>521.23</ele>
      </trkpt>
      <trkpt lat="34.98614" lon="-116.56255">
        <ele>524.0</ele>
      </trkpt>
      <trkpt lat="34.98592" lon="-116.56285">
        <ele>525.06</ele>
      </trkpt>
      <trkpt lat="34.98561" lon="-116.56327">
        <ele>526.13</ele>
      </trkpt>
      <trkpt lat="34.98523" lon="-116.56382">
        <ele>529.13</ele>
      </trkpt>
      <trkpt lat="34.98502" lon="-116.56419">
        <ele>530.05</ele>
      </trkpt>
      <trkpt lat="34.98489" lon="-116.56447">
        <ele>530.81</ele>
      </trkpt>
      <trkpt lat="34.98478" lon="-116.56471">
        <ele>530.0</ele>
      </trkpt>
      <trkpt lat="34.98462" lon="-116.56491">
        <ele>530.0</ele>
      </trkpt>
      <trkpt lat="34.98395" lon="-116.5655">
        <ele>528.0</ele>
      </trkpt>
      <trkpt lat="34.98375" lon="-116.56575">
        <ele>527.0</ele>
      </trkpt>
      <trkpt lat="34.98348" lon="-116.56616">
        <ele>526.0</ele>
      </trkpt>
      <trkpt lat="34.98323" lon="-116.56654">
        <ele>525.0</ele>
      </trkpt>
      <trkpt lat="34.98307" lon="-116.56693">
        <ele>525.0</ele>
      </trkpt>
      <trkpt lat="34.98295" lon="-116.56752">
        <ele>525.0</ele>
      </trkpt>
      <trkpt lat="34.98285" lon="-116.56819">
        <ele>525.0</ele>
      </trkpt>
      <trkpt lat="34.98275" lon="-116.56862">
        <ele>525.0</ele>
      </trkpt>
      <trkpt lat="34.98263" lon="-116.56899">
        <ele>525.0</ele>
      </trkpt>
      <trkpt lat="34.98247" lon="-116.56936">
        <ele>525.0</ele>
      </trkpt>
      <trkpt lat="34.98218" lon="-116.56987">
        <ele>525.0</ele>
      </trkpt>
      <trkpt lat="34.98197" lon="-116.57036">
        <ele>524.28</ele>
      </trkpt>
      <trkpt lat="34.98179" lon="-116.57059">
        <ele>524.0</ele>
      </trkpt>
      <trkpt lat="34.9816" lon="-116.57091">
        <ele>524.0</ele>
      </trkpt>
      <trkpt lat="34.98141" lon="-116.57138">
        <ele>524.0</ele>
      </trkpt>
      <trkpt lat="34.98127" lon="-116.57164">
        <ele>524.0</ele>
      </trkpt>
      <trkpt lat="34.98114" lon="-116.5718">
        <ele>524.0</ele>
      </trkpt>
      <trkpt lat="34.98067" lon="-116.57227">
        <ele>525.0</ele>
      </trkpt>
      <trkpt lat="34.98047" lon="-116.57264">
        <ele>525.96</ele>
      </trkpt>
      <trkpt lat="34.98026" lon="-116.57309">
        <ele>527.0</ele>
      </trkpt>
      <trkpt lat="34.98011" lon="-116.57366">
        <ele>530.43</ele>
      </trkpt>
      <trkpt lat="34.97998" lon="-116.57412">
        <ele>531.0</ele>
      </trkpt>
      <trkpt lat="34.97976" lon="-116.57448">
        <ele>531.0</ele>
      </trkpt>
      <trkpt lat="34.97958" lon="-116.57483">
        <ele>532.0</ele>
      </trkpt>
      <trkpt lat="34.97932" lon="-116.57545">
        <ele>532.0</ele>
      </trkpt>
      <trkpt lat="34.97916" lon="-116.5758">
        <ele>532.64</ele>
      </trkpt>
      <trkpt lat="34.97889" lon="-116.57632">
        <ele>533.0</ele>
      </trkpt>
      <trkpt lat="34.9787" lon="-116.5768">
        <ele>533.0</ele>
      </trkpt>
      <trkpt lat="34.97848" lon="-116.5773">
        <ele>534.0</ele>
      </trkpt>
      <trkpt lat="34.97831" lon="-116.5778">
        <ele>534.0</ele>
      </trkpt>
      <trkpt lat="34.97805" lon="-116.57847">
        <ele>534.0</ele>
      </trkpt>
      <trkpt lat="34.97778" lon="-116.57902">
        <ele>533.59</ele>
      </trkpt>
      <trkpt lat="34.97756" lon="-116.5794">
        <ele>534.0</ele>
      </trkpt>
      <trkpt lat="34.97699" lon="-116.58036">
        <ele>533.0</ele>
      </trkpt>
      <trkpt lat="34.97668" lon="-116.58093">
        <ele>534.0</ele>
      </trkpt>
      <trkpt lat="34.97645" lon="-116.58135">
        <ele>534.0</ele>
      </trkpt>
      <trkpt lat="34.97622" lon="-116.5817">
        <ele>534.0</ele>
      </trkpt>
      <trkpt lat="34.97596" lon="-116.58202">
        <ele>534.0</ele>
      </trkpt>
      <trkpt lat="34.97564" lon="-116.58239">
        <ele>534.0</ele>
      </trkpt>
      <trkpt lat="34.97543" lon="-116.58266">
        <ele>534.0</ele>
      </trkpt>
      <trkpt lat="34.97528" lon="-116.58294">
        <ele>534.0</ele>
      </trkpt>
      <trkpt lat="34.97511" lon="-116.58338">
        <ele>534.0</ele>
      </trkpt>
      <trkpt lat="34.97491" lon="-116.58411">
        <ele>534.0</ele>
      </trkpt>
      <trkpt lat="34.97477" lon="-116.58457">
        <ele>534.0</ele>
      </trkpt>
      <trkpt lat="34.9746" lon="-116.58492">
        <ele>534.0</ele>
      </trkpt>
      <trkpt lat="34.97384" lon="-116.58624">
        <ele>535.0</ele>
      </trkpt>
      <trkpt lat="34.97354" lon="-116.58663">
        <ele>535.0</ele>
      </trkpt>
      <trkpt lat="34.97338" lon="-116.58691">
        <ele>535.0</ele>
      </trkpt>
      <trkpt lat="34.97307" lon="-116.58769">
        <ele>535.0</ele>
      </trkpt>
      <trkpt lat="34.97264" lon="-116.58863">
        <ele>534.0</ele>
      </trkpt>
      <trkpt lat="34.97206" lon="-116.58977">
        <ele>534.0</ele>
      </trkpt>
      <trkpt lat="34.97167" lon="-116.59058">
        <ele>534.0</ele>
      </trkpt>
      <trkpt lat="34.97138" lon="-116.59122">
        <ele>535.0</ele>
      </trkpt>
      <trkpt lat="34.97106" lon="-116.59174">
        <ele>535.0</ele>
      </trkpt>
      <trkpt lat="34.97031" lon="-116.59293">
        <ele>535.0</ele>
      </trkpt>
      <trkpt lat="34.97011" lon="-116.59329">
        <ele>535.0</ele>
      </trkpt>
      <trkpt lat="34.97" lon="-116.59363">
        <ele>535.0</ele>
      </trkpt>
      <trkpt lat="34.96981" lon="-116.5941">
        <ele>536.0</ele>
      </trkpt>
      <trkpt lat="34.96945" lon="-116.59477">
        <ele>536.03</ele>
      </trkpt>
      <trkpt lat="34.96908" lon="-116.5954">
        <ele>536.0</ele>
      </trkpt>
      <trkpt lat="34.96881" lon="-116.59604">
        <ele>536.85</ele>
      </trkpt>
      <trkpt lat="34.9686" lon="-116.59655">
        <ele>537.0</ele>
      </trkpt>
      <trkpt lat="34.9684" lon="-116.59681">
        <ele>537.0</ele>
      </trkpt>
      <trkpt lat="34.9682" lon="-116.59711">
        <ele>537.0</ele>
      </trkpt>
      <trkpt lat="34.96802" lon="-116.5976">
        <ele>537.0</ele>
      </trkpt>
      <trkpt lat="34.96778" lon="-116.59808">
        <ele>537.0</ele>
      </trkpt>
      <trkpt lat="34.96774" lon="-116.5982">
        <ele>537.0</ele>
      </trkpt>
      <trkpt lat="34.96749" lon="-116.59888">
        <ele>537.0</ele>
      </trkpt>
      <trkpt lat="34.9673" lon="-116.59919">
        <ele>537.25</ele>
      </trkpt>
      <trkpt lat="34.96697" lon="-116.59966">
        <ele>538.0</ele>
      </trkpt>
      <trkpt lat="34.96672" lon="-116.60002">
        <ele>539.0</ele>
      </trkpt>
      <trkpt lat="34.96662" lon="-116.60021">
        <ele>539.0</ele>
      </trkpt>
      <trkpt lat="34.96582" lon="-116.60016">
        <ele>538.0</ele>
      </trkpt>
      <trkpt lat="34.96535" lon="-116.60014">
        <ele>538.0</ele>
      </trkpt>
      <trkpt lat="34.96487" lon="-116.60012">
        <ele>538.0</ele>
      </trkpt>
      <trkpt lat="34.9644" lon="-116.6001">
        <ele>538.0</ele>
      </trkpt>
      <trkpt lat="34.96393" lon="-116.60008">
        <ele>538.0</ele>
      </trkpt>
      <trkpt lat="34.96345" lon="-116.60006">
        <ele>538.0</ele>
      </trkpt>
      <trkpt lat="34.96298" lon="-116.60005">
        <ele>538.0</ele>
      </trkpt>
      <trkpt lat="34.9625" lon="-116.60003">
        <ele>537.0</ele>
      </trkpt>
      <trkpt lat="34.96203" lon="-116.60001">
        <ele>535.92</ele>
      </trkpt>
      <trkpt lat="34.96156" lon="-116.59999">
        <ele>534.0</ele>
      </trkpt>
      <trkpt lat="34.96108" lon="-116.59997">
        <ele>534.0</ele>
      </trkpt>
      <trkpt lat="34.96061" lon="-116.59995">
        <ele>534.0</ele>
      </trkpt>
      <trkpt lat="34.96007" lon="-116.59995">
        <ele>534.0</ele>
      </trkpt>
      <trkpt lat="34.95952" lon="-116.59994">
        <ele>534.0</ele>
      </trkpt>
      <trkpt lat="34.95904" lon="-116.59994">
        <ele>534.0</ele>
      </trkpt>
      <trkpt lat="34.95855" lon="-116.59994">
        <ele>533.77</ele>
      </trkpt>
      <trkpt lat="34.95807" lon="-116.59994">
        <ele>533.0</ele>
      </trkpt>
      <trkpt lat="34.95759" lon="-116.59994">
        <ele>533.01</ele>
      </trkpt>
      <trkpt lat="34.9571" lon="-116.59994">
        <ele>534.56</ele>
      </trkpt>
      <trkpt lat="34.95662" lon="-116.59994">
        <ele>537.5</ele>
      </trkpt>
      <trkpt lat="34.95614" lon="-116.59991">
        <ele>539.02</ele>
      </trkpt>
      <trkpt lat="34.95566" lon="-116.59987">
        <ele>540.0</ele>
      </trkpt>
      <trkpt lat="34.95519" lon="-116.59984">
        <ele>540.95</ele>
      </trkpt>
      <trkpt lat="34.95471" lon="-116.59981">
        <ele>543.01</ele>
      </trkpt>
      <trkpt lat="34.95423" lon="-116.59977">
        <ele>547.32</ele>
      </trkpt>
      <trkpt lat="34.95375" lon="-116.59974">
        <ele>552.5</ele>
      </trkpt>
      <trkpt lat="34.95328" lon="-116.59971">
        <ele>556.58</ele>
      </trkpt>
      <trkpt lat="34.9528" lon="-116.59967">
        <ele>560.0</ele>
      </trkpt>
      <trkpt lat="34.95232" lon="-116.59964">
        <ele>561.0</ele>
      </trkpt>
      <trkpt lat="34.95232" lon="-116.59959">
        <ele>561.0</ele>
      </trkpt>
    </trkseg>
  </trk>
</gpx>
