<?xml version="1.0"?>
<gpx xmlns="http://www.topografix.com/GPX/1/1" xmlns:xsi="http://www.w3.org/2001/XMLSchema-instance" version="1.1" creator="AllTrails.com" xsi:schemaLocation="http://www.topografix.com/GPX/1/1 http://www.topografix.com/GPX/1/1/gpx.xsd">
  <metadata>
    <name><![CDATA[Cleghorn Ridge OHV Road: I-15 to Highway 138 at Silverwood Lake]]></name>
    <desc><![CDATA[]]></desc>
    <link href="http://www.alltrails.com">
      <text>AllTrails, LLC</text>
    </link>
    <bounds minlat="34.2895" minlon="-117.45623" maxlat="34.31517" maxlon="-117.33712"/>
  </metadata>
  <trk>
    <name><![CDATA[Cleghorn Ridge OHV Road: I-15 to Highway 138 at Silverwood Lake]]></name>
    <src>AllTrails</src>
    <trkseg>
      <trkpt lat="34.29976" lon="-117.45623">
        <ele>923.1</ele>
      </trkpt>
      <trkpt lat="34.29976" lon="-117.45623">
        <ele>923.1</ele>
      </trkpt>
      <trkpt lat="34.29978" lon="-117.45618">
        <ele>923.09</ele>
      </trkpt>
      <trkpt lat="34.2998" lon="-117.45613">
        <ele>923.01</ele>
      </trkpt>
      <trkpt lat="34.29981" lon="-117.45603">
        <ele>922.95</ele>
      </trkpt>
      <trkpt lat="34.29975" lon="-117.45592">
        <ele>923.36</ele>
      </trkpt>
      <trkpt lat="34.29968" lon="-117.45584">
        <ele>923.44</ele>
      </trkpt>
      <trkpt lat="34.2996" lon="-117.45576">
        <ele>923.15</ele>
      </trkpt>
      <trkpt lat="34.29953" lon="-117.45566">
        <ele>922.72</ele>
      </trkpt>
      <trkpt lat="34.29948" lon="-117.45556">
        <ele>922.72</ele>
      </trkpt>
      <trkpt lat="34.29942" lon="-117.45544">
        <ele>923.52</ele>
      </trkpt>
      <trkpt lat="34.29937" lon="-117.45535">
        <ele>923.66</ele>
      </trkpt>
      <trkpt lat="34.29931" lon="-117.45527">
        <ele>923.26</ele>
      </trkpt>
      <trkpt lat="34.29925" lon="-117.45519">
        <ele>923.79</ele>
      </trkpt>
      <trkpt lat="34.29919" lon="-117.45508">
        <ele>927.08</ele>
      </trkpt>
      <trkpt lat="34.29914" lon="-117.45495">
        <ele>931.43</ele>
      </trkpt>
      <trkpt lat="34.29911" lon="-117.45486">
        <ele>933.7</ele>
      </trkpt>
      <trkpt lat="34.29901" lon="-117.45462">
        <ele>935.0</ele>
      </trkpt>
      <trkpt lat="34.29896" lon="-117.45451">
        <ele>934.37</ele>
      </trkpt>
      <trkpt lat="34.29893" lon="-117.45438">
        <ele>934.2</ele>
      </trkpt>
      <trkpt lat="34.29892" lon="-117.45432">
        <ele>934.24</ele>
      </trkpt>
      <trkpt lat="34.29893" lon="-117.45421">
        <ele>935.66</ele>
      </trkpt>
      <trkpt lat="34.29895" lon="-117.45415">
        <ele>937.22</ele>
      </trkpt>
      <trkpt lat="34.29896" lon="-117.45413">
        <ele>937.79</ele>
      </trkpt>
      <trkpt lat="34.299" lon="-117.45406">
        <ele>940.07</ele>
      </trkpt>
      <trkpt lat="34.29904" lon="-117.45399">
        <ele>942.77</ele>
      </trkpt>
      <trkpt lat="34.29907" lon="-117.45392">
        <ele>943.87</ele>
      </trkpt>
      <trkpt lat="34.29911" lon="-117.45385">
        <ele>944.32</ele>
      </trkpt>
      <trkpt lat="34.29914" lon="-117.45378">
        <ele>943.83</ele>
      </trkpt>
      <trkpt lat="34.29917" lon="-117.45374">
        <ele>943.87</ele>
      </trkpt>
      <trkpt lat="34.29926" lon="-117.45365">
        <ele>943.86</ele>
      </trkpt>
      <trkpt lat="34.29935" lon="-117.45354">
        <ele>943.44</ele>
      </trkpt>
      <trkpt lat="34.29937" lon="-117.45353">
        <ele>943.44</ele>
      </trkpt>
      <trkpt lat="34.2994" lon="-117.4535">
        <ele>943.22</ele>
      </trkpt>
      <trkpt lat="34.2994" lon="-117.4535">
        <ele>943.22</ele>
      </trkpt>
      <trkpt lat="34.29949" lon="-117.45345">
        <ele>943.01</ele>
      </trkpt>
      <trkpt lat="34.29958" lon="-117.45345">
        <ele>943.52</ele>
      </trkpt>
      <trkpt lat="34.29977" lon="-117.45351">
        <ele>945.86</ele>
      </trkpt>
      <trkpt lat="34.29987" lon="-117.45354">
        <ele>946.92</ele>
      </trkpt>
      <trkpt lat="34.29997" lon="-117.45356">
        <ele>947.75</ele>
      </trkpt>
      <trkpt lat="34.30006" lon="-117.45357">
        <ele>949.05</ele>
      </trkpt>
      <trkpt lat="34.30016" lon="-117.45355">
        <ele>950.07</ele>
      </trkpt>
      <trkpt lat="34.30026" lon="-117.45352">
        <ele>952.45</ele>
      </trkpt>
      <trkpt lat="34.30037" lon="-117.45348">
        <ele>955.57</ele>
      </trkpt>
      <trkpt lat="34.30047" lon="-117.45343">
        <ele>957.24</ele>
      </trkpt>
      <trkpt lat="34.30055" lon="-117.45338">
        <ele>958.38</ele>
      </trkpt>
      <trkpt lat="34.30057" lon="-117.45336">
        <ele>958.64</ele>
      </trkpt>
      <trkpt lat="34.30064" lon="-117.4533">
        <ele>959.43</ele>
      </trkpt>
      <trkpt lat="34.3007" lon="-117.4532">
        <ele>960.24</ele>
      </trkpt>
      <trkpt lat="34.30076" lon="-117.45307">
        <ele>961.86</ele>
      </trkpt>
      <trkpt lat="34.30081" lon="-117.45284">
        <ele>963.91</ele>
      </trkpt>
      <trkpt lat="34.30083" lon="-117.45279">
        <ele>964.82</ele>
      </trkpt>
      <trkpt lat="34.30087" lon="-117.45277">
        <ele>965.23</ele>
      </trkpt>
      <trkpt lat="34.30092" lon="-117.45277">
        <ele>965.77</ele>
      </trkpt>
      <trkpt lat="34.30094" lon="-117.45277">
        <ele>965.83</ele>
      </trkpt>
      <trkpt lat="34.30104" lon="-117.45279">
        <ele>966.06</ele>
      </trkpt>
      <trkpt lat="34.30108" lon="-117.45281">
        <ele>966.26</ele>
      </trkpt>
      <trkpt lat="34.30112" lon="-117.45284">
        <ele>966.92</ele>
      </trkpt>
      <trkpt lat="34.30114" lon="-117.45286">
        <ele>967.35</ele>
      </trkpt>
      <trkpt lat="34.3012" lon="-117.4529">
        <ele>967.99</ele>
      </trkpt>
      <trkpt lat="34.30124" lon="-117.45292">
        <ele>968.61</ele>
      </trkpt>
      <trkpt lat="34.30125" lon="-117.45293">
        <ele>968.93</ele>
      </trkpt>
      <trkpt lat="34.30131" lon="-117.45296">
        <ele>969.9</ele>
      </trkpt>
      <trkpt lat="34.30143" lon="-117.45296">
        <ele>969.87</ele>
      </trkpt>
      <trkpt lat="34.3016" lon="-117.4529">
        <ele>968.66</ele>
      </trkpt>
      <trkpt lat="34.30165" lon="-117.45288">
        <ele>968.89</ele>
      </trkpt>
      <trkpt lat="34.30171" lon="-117.45284">
        <ele>968.81</ele>
      </trkpt>
      <trkpt lat="34.30176" lon="-117.45283">
        <ele>969.13</ele>
      </trkpt>
      <trkpt lat="34.3018" lon="-117.45283">
        <ele>969.38</ele>
      </trkpt>
      <trkpt lat="34.3018" lon="-117.45283">
        <ele>969.38</ele>
      </trkpt>
      <trkpt lat="34.30193" lon="-117.45284">
        <ele>970.29</ele>
      </trkpt>
      <trkpt lat="34.30197" lon="-117.45285">
        <ele>970.78</ele>
      </trkpt>
      <trkpt lat="34.30202" lon="-117.45285">
        <ele>971.2</ele>
      </trkpt>
      <trkpt lat="34.30205" lon="-117.45284">
        <ele>971.16</ele>
      </trkpt>
      <trkpt lat="34.30213" lon="-117.4528">
        <ele>970.72</ele>
      </trkpt>
      <trkpt lat="34.30217" lon="-117.45276">
        <ele>970.14</ele>
      </trkpt>
      <trkpt lat="34.30221" lon="-117.45272">
        <ele>970.16</ele>
      </trkpt>
      <trkpt lat="34.30224" lon="-117.45268">
        <ele>970.1</ele>
      </trkpt>
      <trkpt lat="34.30228" lon="-117.45265">
        <ele>970.34</ele>
      </trkpt>
      <trkpt lat="34.30231" lon="-117.45264">
        <ele>970.9</ele>
      </trkpt>
      <trkpt lat="34.3024" lon="-117.45264">
        <ele>972.39</ele>
      </trkpt>
      <trkpt lat="34.30244" lon="-117.45266">
        <ele>973.34</ele>
      </trkpt>
      <trkpt lat="34.30246" lon="-117.45267">
        <ele>973.88</ele>
      </trkpt>
      <trkpt lat="34.30254" lon="-117.45276">
        <ele>976.24</ele>
      </trkpt>
      <trkpt lat="34.30257" lon="-117.4528">
        <ele>977.0</ele>
      </trkpt>
      <trkpt lat="34.30261" lon="-117.45284">
        <ele>977.8</ele>
      </trkpt>
      <trkpt lat="34.30262" lon="-117.45285">
        <ele>978.01</ele>
      </trkpt>
      <trkpt lat="34.30273" lon="-117.45296">
        <ele>979.47</ele>
      </trkpt>
      <trkpt lat="34.30276" lon="-117.453">
        <ele>980.07</ele>
      </trkpt>
      <trkpt lat="34.3028" lon="-117.45302">
        <ele>979.75</ele>
      </trkpt>
      <trkpt lat="34.30287" lon="-117.45308">
        <ele>979.8</ele>
      </trkpt>
      <trkpt lat="34.30295" lon="-117.45312">
        <ele>979.37</ele>
      </trkpt>
      <trkpt lat="34.30305" lon="-117.45318">
        <ele>979.13</ele>
      </trkpt>
      <trkpt lat="34.30316" lon="-117.45322">
        <ele>979.33</ele>
      </trkpt>
      <trkpt lat="34.30316" lon="-117.45322">
        <ele>979.33</ele>
      </trkpt>
      <trkpt lat="34.30333" lon="-117.45324">
        <ele>980.94</ele>
      </trkpt>
      <trkpt lat="34.30342" lon="-117.4532">
        <ele>981.14</ele>
      </trkpt>
      <trkpt lat="34.30357" lon="-117.45312">
        <ele>979.47</ele>
      </trkpt>
      <trkpt lat="34.30368" lon="-117.45307">
        <ele>978.14</ele>
      </trkpt>
      <trkpt lat="34.30372" lon="-117.45306">
        <ele>978.1</ele>
      </trkpt>
      <trkpt lat="34.30377" lon="-117.45305">
        <ele>977.92</ele>
      </trkpt>
      <trkpt lat="34.30381" lon="-117.45306">
        <ele>978.24</ele>
      </trkpt>
      <trkpt lat="34.30388" lon="-117.45309">
        <ele>979.31</ele>
      </trkpt>
      <trkpt lat="34.30391" lon="-117.45312">
        <ele>979.92</ele>
      </trkpt>
      <trkpt lat="34.30395" lon="-117.45316">
        <ele>980.83</ele>
      </trkpt>
      <trkpt lat="34.30395" lon="-117.45316">
        <ele>980.83</ele>
      </trkpt>
      <trkpt lat="34.30403" lon="-117.45326">
        <ele>982.21</ele>
      </trkpt>
      <trkpt lat="34.30405" lon="-117.4533">
        <ele>982.64</ele>
      </trkpt>
      <trkpt lat="34.30406" lon="-117.45333">
        <ele>982.96</ele>
      </trkpt>
      <trkpt lat="34.3041" lon="-117.45343">
        <ele>984.36</ele>
      </trkpt>
      <trkpt lat="34.30412" lon="-117.45351">
        <ele>985.86</ele>
      </trkpt>
      <trkpt lat="34.30416" lon="-117.45359">
        <ele>987.49</ele>
      </trkpt>
      <trkpt lat="34.30424" lon="-117.45369">
        <ele>990.5</ele>
      </trkpt>
      <trkpt lat="34.30441" lon="-117.45383">
        <ele>993.5</ele>
      </trkpt>
      <trkpt lat="34.30453" lon="-117.45384">
        <ele>993.47</ele>
      </trkpt>
      <trkpt lat="34.30462" lon="-117.45383">
        <ele>993.69</ele>
      </trkpt>
      <trkpt lat="34.30472" lon="-117.4538">
        <ele>993.08</ele>
      </trkpt>
      <trkpt lat="34.30477" lon="-117.45378">
        <ele>992.47</ele>
      </trkpt>
      <trkpt lat="34.30481" lon="-117.45377">
        <ele>992.15</ele>
      </trkpt>
      <trkpt lat="34.30485" lon="-117.45376">
        <ele>991.82</ele>
      </trkpt>
      <trkpt lat="34.30497" lon="-117.45375">
        <ele>991.5</ele>
      </trkpt>
      <trkpt lat="34.30501" lon="-117.45375">
        <ele>991.55</ele>
      </trkpt>
      <trkpt lat="34.30506" lon="-117.45376">
        <ele>992.08</ele>
      </trkpt>
      <trkpt lat="34.30508" lon="-117.45376">
        <ele>992.16</ele>
      </trkpt>
      <trkpt lat="34.30516" lon="-117.45379">
        <ele>992.91</ele>
      </trkpt>
      <trkpt lat="34.30519" lon="-117.45381">
        <ele>993.2</ele>
      </trkpt>
      <trkpt lat="34.30523" lon="-117.45381">
        <ele>993.63</ele>
      </trkpt>
      <trkpt lat="34.30528" lon="-117.45382">
        <ele>994.28</ele>
      </trkpt>
      <trkpt lat="34.30533" lon="-117.45381">
        <ele>994.71</ele>
      </trkpt>
      <trkpt lat="34.30536" lon="-117.45379">
        <ele>994.95</ele>
      </trkpt>
      <trkpt lat="34.30541" lon="-117.45374">
        <ele>996.2</ele>
      </trkpt>
      <trkpt lat="34.30544" lon="-117.45368">
        <ele>996.56</ele>
      </trkpt>
      <trkpt lat="34.30545" lon="-117.45363">
        <ele>996.18</ele>
      </trkpt>
      <trkpt lat="34.30544" lon="-117.45357">
        <ele>996.0</ele>
      </trkpt>
      <trkpt lat="34.30542" lon="-117.45351">
        <ele>996.18</ele>
      </trkpt>
      <trkpt lat="34.30542" lon="-117.45351">
        <ele>996.18</ele>
      </trkpt>
      <trkpt lat="34.30535" lon="-117.45341">
        <ele>997.9</ele>
      </trkpt>
      <trkpt lat="34.30531" lon="-117.45338">
        <ele>997.69</ele>
      </trkpt>
      <trkpt lat="34.30528" lon="-117.45335">
        <ele>997.69</ele>
      </trkpt>
      <trkpt lat="34.30517" lon="-117.45325">
        <ele>997.31</ele>
      </trkpt>
      <trkpt lat="34.30513" lon="-117.45322">
        <ele>996.35</ele>
      </trkpt>
      <trkpt lat="34.30513" lon="-117.45322">
        <ele>996.35</ele>
      </trkpt>
      <trkpt lat="34.30511" lon="-117.45321">
        <ele>995.83</ele>
      </trkpt>
      <trkpt lat="34.30509" lon="-117.45319">
        <ele>995.51</ele>
      </trkpt>
      <trkpt lat="34.30503" lon="-117.45316">
        <ele>995.11</ele>
      </trkpt>
      <trkpt lat="34.30498" lon="-117.45313">
        <ele>995.22</ele>
      </trkpt>
      <trkpt lat="34.30492" lon="-117.45311">
        <ele>995.32</ele>
      </trkpt>
      <trkpt lat="34.30487" lon="-117.45308">
        <ele>996.21</ele>
      </trkpt>
      <trkpt lat="34.30482" lon="-117.45304">
        <ele>997.66</ele>
      </trkpt>
      <trkpt lat="34.30481" lon="-117.45303">
        <ele>998.1</ele>
      </trkpt>
      <trkpt lat="34.30472" lon="-117.45293">
        <ele>1002.06</ele>
      </trkpt>
      <trkpt lat="34.30468" lon="-117.45281">
        <ele>1004.85</ele>
      </trkpt>
      <trkpt lat="34.30465" lon="-117.4526">
        <ele>1009.28</ele>
      </trkpt>
      <trkpt lat="34.30464" lon="-117.45256">
        <ele>1009.62</ele>
      </trkpt>
      <trkpt lat="34.30463" lon="-117.4525">
        <ele>1010.01</ele>
      </trkpt>
      <trkpt lat="34.30457" lon="-117.4524">
        <ele>1009.79</ele>
      </trkpt>
      <trkpt lat="34.30451" lon="-117.45235">
        <ele>1009.22</ele>
      </trkpt>
      <trkpt lat="34.30449" lon="-117.45235">
        <ele>1008.92</ele>
      </trkpt>
      <trkpt lat="34.30444" lon="-117.45232">
        <ele>1008.79</ele>
      </trkpt>
      <trkpt lat="34.30439" lon="-117.45229">
        <ele>1008.36</ele>
      </trkpt>
      <trkpt lat="34.30434" lon="-117.45224">
        <ele>1008.36</ele>
      </trkpt>
      <trkpt lat="34.30429" lon="-117.4522">
        <ele>1008.38</ele>
      </trkpt>
      <trkpt lat="34.30429" lon="-117.4522">
        <ele>1008.38</ele>
      </trkpt>
      <trkpt lat="34.30421" lon="-117.45214">
        <ele>1008.13</ele>
      </trkpt>
      <trkpt lat="34.30415" lon="-117.45201">
        <ele>1008.8</ele>
      </trkpt>
      <trkpt lat="34.30413" lon="-117.45195">
        <ele>1009.12</ele>
      </trkpt>
      <trkpt lat="34.3041" lon="-117.45187">
        <ele>1009.94</ele>
      </trkpt>
      <trkpt lat="34.30402" lon="-117.45182">
        <ele>1009.38</ele>
      </trkpt>
      <trkpt lat="34.30394" lon="-117.45181">
        <ele>1008.66</ele>
      </trkpt>
      <trkpt lat="34.3039" lon="-117.45179">
        <ele>1009.04</ele>
      </trkpt>
      <trkpt lat="34.3038" lon="-117.45177">
        <ele>1009.65</ele>
      </trkpt>
      <trkpt lat="34.30354" lon="-117.45174">
        <ele>1013.98</ele>
      </trkpt>
      <trkpt lat="34.3035" lon="-117.45173">
        <ele>1015.28</ele>
      </trkpt>
      <trkpt lat="34.30345" lon="-117.45172">
        <ele>1016.44</ele>
      </trkpt>
      <trkpt lat="34.30342" lon="-117.45171">
        <ele>1017.06</ele>
      </trkpt>
      <trkpt lat="34.3033" lon="-117.45165">
        <ele>1017.94</ele>
      </trkpt>
      <trkpt lat="34.30326" lon="-117.45161">
        <ele>1017.95</ele>
      </trkpt>
      <trkpt lat="34.30323" lon="-117.45157">
        <ele>1017.86</ele>
      </trkpt>
      <trkpt lat="34.30321" lon="-117.45152">
        <ele>1018.7</ele>
      </trkpt>
      <trkpt lat="34.30319" lon="-117.45148">
        <ele>1019.48</ele>
      </trkpt>
      <trkpt lat="34.30314" lon="-117.4514">
        <ele>1020.66</ele>
      </trkpt>
      <trkpt lat="34.3031" lon="-117.45138">
        <ele>1020.67</ele>
      </trkpt>
      <trkpt lat="34.30305" lon="-117.45137">
        <ele>1020.36</ele>
      </trkpt>
      <trkpt lat="34.30302" lon="-117.45136">
        <ele>1020.36</ele>
      </trkpt>
      <trkpt lat="34.30285" lon="-117.45137">
        <ele>1018.61</ele>
      </trkpt>
      <trkpt lat="34.3028" lon="-117.45137">
        <ele>1018.61</ele>
      </trkpt>
      <trkpt lat="34.30276" lon="-117.45136">
        <ele>1018.94</ele>
      </trkpt>
      <trkpt lat="34.30251" lon="-117.45131">
        <ele>1018.81</ele>
      </trkpt>
      <trkpt lat="34.30247" lon="-117.45128">
        <ele>1018.53</ele>
      </trkpt>
      <trkpt lat="34.30244" lon="-117.45124">
        <ele>1018.31</ele>
      </trkpt>
      <trkpt lat="34.30242" lon="-117.45119">
        <ele>1018.29</ele>
      </trkpt>
      <trkpt lat="34.30242" lon="-117.45118">
        <ele>1018.31</ele>
      </trkpt>
      <trkpt lat="34.3024" lon="-117.45107">
        <ele>1017.8</ele>
      </trkpt>
      <trkpt lat="34.30241" lon="-117.45101">
        <ele>1017.99</ele>
      </trkpt>
      <trkpt lat="34.30242" lon="-117.45095">
        <ele>1017.67</ele>
      </trkpt>
      <trkpt lat="34.30242" lon="-117.45095">
        <ele>1017.67</ele>
      </trkpt>
      <trkpt lat="34.30247" lon="-117.45078">
        <ele>1017.45</ele>
      </trkpt>
      <trkpt lat="34.30249" lon="-117.45073">
        <ele>1017.55</ele>
      </trkpt>
      <trkpt lat="34.30249" lon="-117.45071">
        <ele>1017.31</ele>
      </trkpt>
      <trkpt lat="34.30254" lon="-117.45064">
        <ele>1019.16</ele>
      </trkpt>
      <trkpt lat="34.30259" lon="-117.45062">
        <ele>1021.86</ele>
      </trkpt>
      <trkpt lat="34.30264" lon="-117.4506">
        <ele>1023.02</ele>
      </trkpt>
      <trkpt lat="34.30268" lon="-117.45057">
        <ele>1023.89</ele>
      </trkpt>
      <trkpt lat="34.30272" lon="-117.45054">
        <ele>1023.83</ele>
      </trkpt>
      <trkpt lat="34.30274" lon="-117.4505">
        <ele>1023.4</ele>
      </trkpt>
      <trkpt lat="34.30274" lon="-117.45042">
        <ele>1022.81</ele>
      </trkpt>
      <trkpt lat="34.30272" lon="-117.45037">
        <ele>1022.38</ele>
      </trkpt>
      <trkpt lat="34.30269" lon="-117.45033">
        <ele>1022.05</ele>
      </trkpt>
      <trkpt lat="34.30265" lon="-117.4503">
        <ele>1021.33</ele>
      </trkpt>
      <trkpt lat="34.30261" lon="-117.45028">
        <ele>1020.4</ele>
      </trkpt>
      <trkpt lat="34.3026" lon="-117.45027">
        <ele>1020.39</ele>
      </trkpt>
      <trkpt lat="34.30247" lon="-117.45026">
        <ele>1024.74</ele>
      </trkpt>
      <trkpt lat="34.30243" lon="-117.45025">
        <ele>1026.85</ele>
      </trkpt>
      <trkpt lat="34.30238" lon="-117.45025">
        <ele>1029.26</ele>
      </trkpt>
      <trkpt lat="34.30233" lon="-117.45026">
        <ele>1031.24</ele>
      </trkpt>
      <trkpt lat="34.30229" lon="-117.45027">
        <ele>1031.4</ele>
      </trkpt>
      <trkpt lat="34.30227" lon="-117.45027">
        <ele>1031.38</ele>
      </trkpt>
      <trkpt lat="34.30223" lon="-117.45029">
        <ele>1030.06</ele>
      </trkpt>
      <trkpt lat="34.30211" lon="-117.45036">
        <ele>1025.67</ele>
      </trkpt>
      <trkpt lat="34.30206" lon="-117.4504">
        <ele>1023.64</ele>
      </trkpt>
      <trkpt lat="34.30183" lon="-117.45065">
        <ele>1020.2</ele>
      </trkpt>
      <trkpt lat="34.30166" lon="-117.45068">
        <ele>1022.55</ele>
      </trkpt>
      <trkpt lat="34.30158" lon="-117.45075">
        <ele>1022.47</ele>
      </trkpt>
      <trkpt lat="34.30155" lon="-117.45078">
        <ele>1022.08</ele>
      </trkpt>
      <trkpt lat="34.30146" lon="-117.45093">
        <ele>1018.32</ele>
      </trkpt>
      <trkpt lat="34.30141" lon="-117.45095">
        <ele>1018.56</ele>
      </trkpt>
      <trkpt lat="34.30137" lon="-117.45095">
        <ele>1019.01</ele>
      </trkpt>
      <trkpt lat="34.30132" lon="-117.45095">
        <ele>1019.15</ele>
      </trkpt>
      <trkpt lat="34.30131" lon="-117.45094">
        <ele>1019.52</ele>
      </trkpt>
      <trkpt lat="34.30127" lon="-117.45091">
        <ele>1020.69</ele>
      </trkpt>
      <trkpt lat="34.30124" lon="-117.45087">
        <ele>1022.42</ele>
      </trkpt>
      <trkpt lat="34.30123" lon="-117.45085">
        <ele>1023.28</ele>
      </trkpt>
      <trkpt lat="34.30114" lon="-117.45075">
        <ele>1027.47</ele>
      </trkpt>
      <trkpt lat="34.30112" lon="-117.45072">
        <ele>1028.83</ele>
      </trkpt>
      <trkpt lat="34.30102" lon="-117.45058">
        <ele>1031.78</ele>
      </trkpt>
      <trkpt lat="34.30097" lon="-117.45056">
        <ele>1030.17</ele>
      </trkpt>
      <trkpt lat="34.30095" lon="-117.45055">
        <ele>1029.46</ele>
      </trkpt>
      <trkpt lat="34.30083" lon="-117.45056">
        <ele>1025.82</ele>
      </trkpt>
      <trkpt lat="34.30079" lon="-117.45057">
        <ele>1025.06</ele>
      </trkpt>
      <trkpt lat="34.30074" lon="-117.45058">
        <ele>1024.2</ele>
      </trkpt>
      <trkpt lat="34.30069" lon="-117.4506">
        <ele>1023.01</ele>
      </trkpt>
      <trkpt lat="34.30068" lon="-117.4506">
        <ele>1022.9</ele>
      </trkpt>
      <trkpt lat="34.30062" lon="-117.45066">
        <ele>1020.92</ele>
      </trkpt>
      <trkpt lat="34.30058" lon="-117.45069">
        <ele>1020.38</ele>
      </trkpt>
      <trkpt lat="34.30054" lon="-117.45073">
        <ele>1019.52</ele>
      </trkpt>
      <trkpt lat="34.30051" lon="-117.45075">
        <ele>1019.14</ele>
      </trkpt>
      <trkpt lat="34.30046" lon="-117.45079">
        <ele>1018.47</ele>
      </trkpt>
      <trkpt lat="34.30041" lon="-117.45081">
        <ele>1018.9</ele>
      </trkpt>
      <trkpt lat="34.3004" lon="-117.45082">
        <ele>1018.79</ele>
      </trkpt>
      <trkpt lat="34.30027" lon="-117.45086">
        <ele>1020.57</ele>
      </trkpt>
      <trkpt lat="34.30022" lon="-117.45087">
        <ele>1021.21</ele>
      </trkpt>
      <trkpt lat="34.30021" lon="-117.45088">
        <ele>1021.09</ele>
      </trkpt>
      <trkpt lat="34.30013" lon="-117.45093">
        <ele>1021.08</ele>
      </trkpt>
      <trkpt lat="34.30009" lon="-117.45095">
        <ele>1021.28</ele>
      </trkpt>
      <trkpt lat="34.30005" lon="-117.45097">
        <ele>1021.49</ele>
      </trkpt>
      <trkpt lat="34.29997" lon="-117.45102">
        <ele>1021.28</ele>
      </trkpt>
      <trkpt lat="34.29992" lon="-117.45104">
        <ele>1021.17</ele>
      </trkpt>
      <trkpt lat="34.2999" lon="-117.45104">
        <ele>1021.38</ele>
      </trkpt>
      <trkpt lat="34.29978" lon="-117.45104">
        <ele>1022.3</ele>
      </trkpt>
      <trkpt lat="34.29974" lon="-117.45101">
        <ele>1023.18</ele>
      </trkpt>
      <trkpt lat="34.29971" lon="-117.45098">
        <ele>1023.65</ele>
      </trkpt>
      <trkpt lat="34.29971" lon="-117.45097">
        <ele>1023.85</ele>
      </trkpt>
      <trkpt lat="34.29971" lon="-117.45088">
        <ele>1025.6</ele>
      </trkpt>
      <trkpt lat="34.29974" lon="-117.45084">
        <ele>1026.86</ele>
      </trkpt>
      <trkpt lat="34.29978" lon="-117.4508">
        <ele>1026.86</ele>
      </trkpt>
      <trkpt lat="34.29981" lon="-117.45078">
        <ele>1026.97</ele>
      </trkpt>
      <trkpt lat="34.29992" lon="-117.45076">
        <ele>1027.48</ele>
      </trkpt>
      <trkpt lat="34.29996" lon="-117.45076">
        <ele>1027.13</ele>
      </trkpt>
      <trkpt lat="34.3" lon="-117.45076">
        <ele>1026.79</ele>
      </trkpt>
      <trkpt lat="34.30007" lon="-117.45074">
        <ele>1026.26</ele>
      </trkpt>
      <trkpt lat="34.3001" lon="-117.45074">
        <ele>1025.94</ele>
      </trkpt>
      <trkpt lat="34.30011" lon="-117.45074">
        <ele>1025.83</ele>
      </trkpt>
      <trkpt lat="34.30022" lon="-117.45071">
        <ele>1025.5</ele>
      </trkpt>
      <trkpt lat="34.30039" lon="-117.4506">
        <ele>1026.14</ele>
      </trkpt>
      <trkpt lat="34.3004" lon="-117.45059">
        <ele>1026.24</ele>
      </trkpt>
      <trkpt lat="34.3005" lon="-117.45051">
        <ele>1027.08</ele>
      </trkpt>
      <trkpt lat="34.30055" lon="-117.45048">
        <ele>1027.51</ele>
      </trkpt>
      <trkpt lat="34.30066" lon="-117.45038">
        <ele>1030.6</ele>
      </trkpt>
      <trkpt lat="34.30078" lon="-117.45033">
        <ele>1032.55</ele>
      </trkpt>
      <trkpt lat="34.30087" lon="-117.45027">
        <ele>1034.65</ele>
      </trkpt>
      <trkpt lat="34.30098" lon="-117.45026">
        <ele>1036.86</ele>
      </trkpt>
      <trkpt lat="34.30106" lon="-117.4503">
        <ele>1039.23</ele>
      </trkpt>
      <trkpt lat="34.30116" lon="-117.45036">
        <ele>1042.51</ele>
      </trkpt>
      <trkpt lat="34.30119" lon="-117.45039">
        <ele>1042.83</ele>
      </trkpt>
      <trkpt lat="34.30124" lon="-117.45046">
        <ele>1041.49</ele>
      </trkpt>
      <trkpt lat="34.30128" lon="-117.45053">
        <ele>1039.91</ele>
      </trkpt>
      <trkpt lat="34.3013" lon="-117.45055">
        <ele>1039.18</ele>
      </trkpt>
      <trkpt lat="34.30139" lon="-117.45054">
        <ele>1039.31</ele>
      </trkpt>
      <trkpt lat="34.30143" lon="-117.45052">
        <ele>1039.05</ele>
      </trkpt>
      <trkpt lat="34.30151" lon="-117.45039">
        <ele>1041.27</ele>
      </trkpt>
      <trkpt lat="34.30153" lon="-117.45037">
        <ele>1041.49</ele>
      </trkpt>
      <trkpt lat="34.30162" lon="-117.45029">
        <ele>1041.74</ele>
      </trkpt>
      <trkpt lat="34.30171" lon="-117.45025">
        <ele>1040.66</ele>
      </trkpt>
      <trkpt lat="34.30182" lon="-117.45022">
        <ele>1038.69</ele>
      </trkpt>
      <trkpt lat="34.30186" lon="-117.4502">
        <ele>1038.33</ele>
      </trkpt>
      <trkpt lat="34.30196" lon="-117.45008">
        <ele>1040.39</ele>
      </trkpt>
      <trkpt lat="34.30199" lon="-117.45">
        <ele>1042.51</ele>
      </trkpt>
      <trkpt lat="34.30205" lon="-117.44994">
        <ele>1043.94</ele>
      </trkpt>
      <trkpt lat="34.30209" lon="-117.44992">
        <ele>1044.59</ele>
      </trkpt>
      <trkpt lat="34.30224" lon="-117.44991">
        <ele>1043.73</ele>
      </trkpt>
      <trkpt lat="34.30249" lon="-117.44988">
        <ele>1040.25</ele>
      </trkpt>
      <trkpt lat="34.30253" lon="-117.44987">
        <ele>1038.83</ele>
      </trkpt>
      <trkpt lat="34.30256" lon="-117.44983">
        <ele>1037.95</ele>
      </trkpt>
      <trkpt lat="34.3026" lon="-117.44975">
        <ele>1036.71</ele>
      </trkpt>
      <trkpt lat="34.30266" lon="-117.44961">
        <ele>1034.54</ele>
      </trkpt>
      <trkpt lat="34.30271" lon="-117.44942">
        <ele>1035.26</ele>
      </trkpt>
      <trkpt lat="34.30279" lon="-117.44936">
        <ele>1036.06</ele>
      </trkpt>
      <trkpt lat="34.30312" lon="-117.44938">
        <ele>1046.09</ele>
      </trkpt>
      <trkpt lat="34.30316" lon="-117.44942">
        <ele>1047.51</ele>
      </trkpt>
      <trkpt lat="34.30317" lon="-117.44955">
        <ele>1047.91</ele>
      </trkpt>
      <trkpt lat="34.30315" lon="-117.4497">
        <ele>1046.32</ele>
      </trkpt>
      <trkpt lat="34.30316" lon="-117.44985">
        <ele>1046.0</ele>
      </trkpt>
      <trkpt lat="34.30317" lon="-117.44994">
        <ele>1045.36</ele>
      </trkpt>
      <trkpt lat="34.30323" lon="-117.45001">
        <ele>1046.54</ele>
      </trkpt>
      <trkpt lat="34.30325" lon="-117.45002">
        <ele>1047.18</ele>
      </trkpt>
      <trkpt lat="34.3033" lon="-117.4501">
        <ele>1048.48</ele>
      </trkpt>
      <trkpt lat="34.30338" lon="-117.45028">
        <ele>1050.53</ele>
      </trkpt>
      <trkpt lat="34.30339" lon="-117.45048">
        <ele>1052.58</ele>
      </trkpt>
      <trkpt lat="34.30334" lon="-117.4506">
        <ele>1049.54</ele>
      </trkpt>
      <trkpt lat="34.30333" lon="-117.45075">
        <ele>1047.66</ele>
      </trkpt>
      <trkpt lat="34.30338" lon="-117.45079">
        <ele>1048.68</ele>
      </trkpt>
      <trkpt lat="34.30347" lon="-117.45085">
        <ele>1049.33</ele>
      </trkpt>
      <trkpt lat="34.30363" lon="-117.45103">
        <ele>1045.96</ele>
      </trkpt>
      <trkpt lat="34.3037" lon="-117.45108">
        <ele>1045.63</ele>
      </trkpt>
      <trkpt lat="34.30381" lon="-117.4511">
        <ele>1047.68</ele>
      </trkpt>
      <trkpt lat="34.30399" lon="-117.4511">
        <ele>1052.33</ele>
      </trkpt>
      <trkpt lat="34.30424" lon="-117.451">
        <ele>1056.4</ele>
      </trkpt>
      <trkpt lat="34.30438" lon="-117.45096">
        <ele>1057.94</ele>
      </trkpt>
      <trkpt lat="34.30446" lon="-117.45094">
        <ele>1059.16</ele>
      </trkpt>
      <trkpt lat="34.3045" lon="-117.45095">
        <ele>1059.78</ele>
      </trkpt>
      <trkpt lat="34.30459" lon="-117.45106">
        <ele>1058.99</ele>
      </trkpt>
      <trkpt lat="34.30468" lon="-117.45125">
        <ele>1054.77</ele>
      </trkpt>
      <trkpt lat="34.30471" lon="-117.45132">
        <ele>1053.97</ele>
      </trkpt>
      <trkpt lat="34.30475" lon="-117.45136">
        <ele>1053.79</ele>
      </trkpt>
      <trkpt lat="34.30481" lon="-117.45137">
        <ele>1053.25</ele>
      </trkpt>
      <trkpt lat="34.30486" lon="-117.45134">
        <ele>1052.55</ele>
      </trkpt>
      <trkpt lat="34.30486" lon="-117.45134">
        <ele>1052.55</ele>
      </trkpt>
      <trkpt lat="34.30493" lon="-117.45122">
        <ele>1052.29</ele>
      </trkpt>
      <trkpt lat="34.30496" lon="-117.45113">
        <ele>1052.66</ele>
      </trkpt>
      <trkpt lat="34.30501" lon="-117.45091">
        <ele>1052.59</ele>
      </trkpt>
      <trkpt lat="34.30503" lon="-117.45074">
        <ele>1053.04</ele>
      </trkpt>
      <trkpt lat="34.30506" lon="-117.45058">
        <ele>1055.65</ele>
      </trkpt>
      <trkpt lat="34.30508" lon="-117.45048">
        <ele>1057.66</ele>
      </trkpt>
      <trkpt lat="34.30512" lon="-117.45042">
        <ele>1058.6</ele>
      </trkpt>
      <trkpt lat="34.30526" lon="-117.4504">
        <ele>1060.98</ele>
      </trkpt>
      <trkpt lat="34.30537" lon="-117.45044">
        <ele>1064.48</ele>
      </trkpt>
      <trkpt lat="34.30547" lon="-117.45049">
        <ele>1068.72</ele>
      </trkpt>
      <trkpt lat="34.30554" lon="-117.45057">
        <ele>1070.04</ele>
      </trkpt>
      <trkpt lat="34.30558" lon="-117.45062">
        <ele>1070.22</ele>
      </trkpt>
      <trkpt lat="34.30564" lon="-117.45066">
        <ele>1070.57</ele>
      </trkpt>
      <trkpt lat="34.30566" lon="-117.45067">
        <ele>1070.78</ele>
      </trkpt>
      <trkpt lat="34.30575" lon="-117.45072">
        <ele>1071.79</ele>
      </trkpt>
      <trkpt lat="34.30582" lon="-117.45079">
        <ele>1072.5</ele>
      </trkpt>
      <trkpt lat="34.30586" lon="-117.45088">
        <ele>1071.71</ele>
      </trkpt>
      <trkpt lat="34.30595" lon="-117.45098">
        <ele>1071.35</ele>
      </trkpt>
      <trkpt lat="34.30603" lon="-117.45109">
        <ele>1069.68</ele>
      </trkpt>
      <trkpt lat="34.30607" lon="-117.45114">
        <ele>1068.06</ele>
      </trkpt>
      <trkpt lat="34.30608" lon="-117.45116">
        <ele>1067.42</ele>
      </trkpt>
      <trkpt lat="34.30611" lon="-117.45119">
        <ele>1066.44</ele>
      </trkpt>
      <trkpt lat="34.30611" lon="-117.45119">
        <ele>1066.44</ele>
      </trkpt>
      <trkpt lat="34.30617" lon="-117.45121">
        <ele>1065.89</ele>
      </trkpt>
      <trkpt lat="34.30621" lon="-117.45121">
        <ele>1065.8</ele>
      </trkpt>
      <trkpt lat="34.30623" lon="-117.45121">
        <ele>1065.6</ele>
      </trkpt>
      <trkpt lat="34.30627" lon="-117.45119">
        <ele>1065.62</ele>
      </trkpt>
      <trkpt lat="34.3063" lon="-117.45116">
        <ele>1065.89</ele>
      </trkpt>
      <trkpt lat="34.30631" lon="-117.45115">
        <ele>1065.93</ele>
      </trkpt>
      <trkpt lat="34.30639" lon="-117.45104">
        <ele>1065.74</ele>
      </trkpt>
      <trkpt lat="34.30643" lon="-117.45099">
        <ele>1065.42</ele>
      </trkpt>
      <trkpt lat="34.30652" lon="-117.45079">
        <ele>1065.22</ele>
      </trkpt>
      <trkpt lat="34.30654" lon="-117.45067">
        <ele>1065.59</ele>
      </trkpt>
      <trkpt lat="34.30657" lon="-117.45053">
        <ele>1066.36</ele>
      </trkpt>
      <trkpt lat="34.30659" lon="-117.45042">
        <ele>1067.66</ele>
      </trkpt>
      <trkpt lat="34.30665" lon="-117.45032">
        <ele>1069.27</ele>
      </trkpt>
      <trkpt lat="34.30674" lon="-117.45022">
        <ele>1072.51</ele>
      </trkpt>
      <trkpt lat="34.30683" lon="-117.45021">
        <ele>1076.62</ele>
      </trkpt>
      <trkpt lat="34.30694" lon="-117.45025">
        <ele>1081.68</ele>
      </trkpt>
      <trkpt lat="34.30703" lon="-117.45031">
        <ele>1081.8</ele>
      </trkpt>
      <trkpt lat="34.30708" lon="-117.45033">
        <ele>1081.77</ele>
      </trkpt>
      <trkpt lat="34.30713" lon="-117.45033">
        <ele>1082.31</ele>
      </trkpt>
      <trkpt lat="34.30718" lon="-117.45034">
        <ele>1081.81</ele>
      </trkpt>
      <trkpt lat="34.30719" lon="-117.45033">
        <ele>1082.02</ele>
      </trkpt>
      <trkpt lat="34.30724" lon="-117.45032">
        <ele>1082.0</ele>
      </trkpt>
      <trkpt lat="34.30728" lon="-117.45029">
        <ele>1082.65</ele>
      </trkpt>
      <trkpt lat="34.30731" lon="-117.45027">
        <ele>1083.34</ele>
      </trkpt>
      <trkpt lat="34.30735" lon="-117.45025">
        <ele>1083.82</ele>
      </trkpt>
      <trkpt lat="34.30744" lon="-117.45022">
        <ele>1083.92</ele>
      </trkpt>
      <trkpt lat="34.30756" lon="-117.4502">
        <ele>1082.33</ele>
      </trkpt>
      <trkpt lat="34.30766" lon="-117.45018">
        <ele>1080.66</ele>
      </trkpt>
      <trkpt lat="34.30772" lon="-117.45015">
        <ele>1079.87</ele>
      </trkpt>
      <trkpt lat="34.30776" lon="-117.45012">
        <ele>1079.22</ele>
      </trkpt>
      <trkpt lat="34.30776" lon="-117.45012">
        <ele>1079.22</ele>
      </trkpt>
      <trkpt lat="34.30781" lon="-117.45004">
        <ele>1078.87</ele>
      </trkpt>
      <trkpt lat="34.30783" lon="-117.44999">
        <ele>1079.03</ele>
      </trkpt>
      <trkpt lat="34.30784" lon="-117.44997">
        <ele>1079.09</ele>
      </trkpt>
      <trkpt lat="34.30788" lon="-117.44986">
        <ele>1079.25</ele>
      </trkpt>
      <trkpt lat="34.30789" lon="-117.44981">
        <ele>1079.67</ele>
      </trkpt>
      <trkpt lat="34.30791" lon="-117.44975">
        <ele>1080.24</ele>
      </trkpt>
      <trkpt lat="34.30791" lon="-117.44974">
        <ele>1080.41</ele>
      </trkpt>
      <trkpt lat="34.30793" lon="-117.4497">
        <ele>1080.62</ele>
      </trkpt>
      <trkpt lat="34.30797" lon="-117.44966">
        <ele>1080.86</ele>
      </trkpt>
      <trkpt lat="34.308" lon="-117.44963">
        <ele>1081.19</ele>
      </trkpt>
      <trkpt lat="34.30805" lon="-117.4496">
        <ele>1081.04</ele>
      </trkpt>
      <trkpt lat="34.30824" lon="-117.44949">
        <ele>1085.03</ele>
      </trkpt>
      <trkpt lat="34.3084" lon="-117.4494">
        <ele>1085.8</ele>
      </trkpt>
      <trkpt lat="34.30841" lon="-117.44932">
        <ele>1086.8</ele>
      </trkpt>
      <trkpt lat="34.30842" lon="-117.44921">
        <ele>1087.66</ele>
      </trkpt>
      <trkpt lat="34.30839" lon="-117.449">
        <ele>1089.09</ele>
      </trkpt>
      <trkpt lat="34.30838" lon="-117.44888">
        <ele>1089.49</ele>
      </trkpt>
      <trkpt lat="34.30837" lon="-117.44876">
        <ele>1089.58</ele>
      </trkpt>
      <trkpt lat="34.30839" lon="-117.44864">
        <ele>1088.35</ele>
      </trkpt>
      <trkpt lat="34.30841" lon="-117.44851">
        <ele>1088.61</ele>
      </trkpt>
      <trkpt lat="34.30844" lon="-117.44838">
        <ele>1090.26</ele>
      </trkpt>
      <trkpt lat="34.30846" lon="-117.44824">
        <ele>1093.64</ele>
      </trkpt>
      <trkpt lat="34.30851" lon="-117.44813">
        <ele>1094.11</ele>
      </trkpt>
      <trkpt lat="34.30858" lon="-117.44801">
        <ele>1094.5</ele>
      </trkpt>
      <trkpt lat="34.30867" lon="-117.44792">
        <ele>1095.44</ele>
      </trkpt>
      <trkpt lat="34.30877" lon="-117.44783">
        <ele>1097.43</ele>
      </trkpt>
      <trkpt lat="34.30887" lon="-117.44777">
        <ele>1102.23</ele>
      </trkpt>
      <trkpt lat="34.30898" lon="-117.44774">
        <ele>1107.76</ele>
      </trkpt>
      <trkpt lat="34.30909" lon="-117.44774">
        <ele>1109.24</ele>
      </trkpt>
      <trkpt lat="34.3092" lon="-117.44776">
        <ele>1107.9</ele>
      </trkpt>
      <trkpt lat="34.30929" lon="-117.44776">
        <ele>1107.26</ele>
      </trkpt>
      <trkpt lat="34.30942" lon="-117.44774">
        <ele>1106.26</ele>
      </trkpt>
      <trkpt lat="34.30946" lon="-117.44772">
        <ele>1105.77</ele>
      </trkpt>
      <trkpt lat="34.30952" lon="-117.44769">
        <ele>1105.14</ele>
      </trkpt>
      <trkpt lat="34.30956" lon="-117.44766">
        <ele>1104.96</ele>
      </trkpt>
      <trkpt lat="34.30959" lon="-117.44762">
        <ele>1104.73</ele>
      </trkpt>
      <trkpt lat="34.3096" lon="-117.44761">
        <ele>1104.58</ele>
      </trkpt>
      <trkpt lat="34.30964" lon="-117.44753">
        <ele>1104.6</ele>
      </trkpt>
      <trkpt lat="34.30965" lon="-117.44748">
        <ele>1104.78</ele>
      </trkpt>
      <trkpt lat="34.30965" lon="-117.44742">
        <ele>1104.78</ele>
      </trkpt>
      <trkpt lat="34.30964" lon="-117.44737">
        <ele>1105.29</ele>
      </trkpt>
      <trkpt lat="34.30961" lon="-117.44731">
        <ele>1106.25</ele>
      </trkpt>
      <trkpt lat="34.30957" lon="-117.44727">
        <ele>1106.82</ele>
      </trkpt>
      <trkpt lat="34.30953" lon="-117.44725">
        <ele>1107.08</ele>
      </trkpt>
      <trkpt lat="34.30949" lon="-117.44723">
        <ele>1107.51</ele>
      </trkpt>
      <trkpt lat="34.30948" lon="-117.44723">
        <ele>1107.62</ele>
      </trkpt>
      <trkpt lat="34.30937" lon="-117.44724">
        <ele>1108.8</ele>
      </trkpt>
      <trkpt lat="34.30933" lon="-117.44727">
        <ele>1109.47</ele>
      </trkpt>
      <trkpt lat="34.30929" lon="-117.4473">
        <ele>1110.34</ele>
      </trkpt>
      <trkpt lat="34.30919" lon="-117.44739">
        <ele>1111.82</ele>
      </trkpt>
      <trkpt lat="34.30915" lon="-117.44741">
        <ele>1112.35</ele>
      </trkpt>
      <trkpt lat="34.3091" lon="-117.44742">
        <ele>1113.34</ele>
      </trkpt>
      <trkpt lat="34.30909" lon="-117.44743">
        <ele>1113.45</ele>
      </trkpt>
      <trkpt lat="34.30897" lon="-117.44741">
        <ele>1115.92</ele>
      </trkpt>
      <trkpt lat="34.30893" lon="-117.44739">
        <ele>1116.56</ele>
      </trkpt>
      <trkpt lat="34.3089" lon="-117.44735">
        <ele>1117.86</ele>
      </trkpt>
      <trkpt lat="34.30887" lon="-117.4473">
        <ele>1119.04</ele>
      </trkpt>
      <trkpt lat="34.30884" lon="-117.44725">
        <ele>1119.67</ele>
      </trkpt>
      <trkpt lat="34.30883" lon="-117.4472">
        <ele>1120.57</ele>
      </trkpt>
      <trkpt lat="34.30882" lon="-117.44717">
        <ele>1120.9</ele>
      </trkpt>
      <trkpt lat="34.30882" lon="-117.44716">
        <ele>1121.11</ele>
      </trkpt>
      <trkpt lat="34.3088" lon="-117.4471">
        <ele>1121.44</ele>
      </trkpt>
      <trkpt lat="34.30875" lon="-117.447">
        <ele>1121.6</ele>
      </trkpt>
      <trkpt lat="34.30872" lon="-117.44698">
        <ele>1121.08</ele>
      </trkpt>
      <trkpt lat="34.3086" lon="-117.44699">
        <ele>1120.06</ele>
      </trkpt>
      <trkpt lat="34.30857" lon="-117.44707">
        <ele>1119.64</ele>
      </trkpt>
      <trkpt lat="34.30849" lon="-117.44733">
        <ele>1116.12</ele>
      </trkpt>
      <trkpt lat="34.30841" lon="-117.44742">
        <ele>1115.27</ele>
      </trkpt>
      <trkpt lat="34.30838" lon="-117.44747">
        <ele>1115.47</ele>
      </trkpt>
      <trkpt lat="34.30834" lon="-117.44753">
        <ele>1116.67</ele>
      </trkpt>
      <trkpt lat="34.30829" lon="-117.44756">
        <ele>1119.48</ele>
      </trkpt>
      <trkpt lat="34.30824" lon="-117.44761">
        <ele>1123.22</ele>
      </trkpt>
      <trkpt lat="34.30818" lon="-117.44763">
        <ele>1125.5</ele>
      </trkpt>
      <trkpt lat="34.30813" lon="-117.44768">
        <ele>1126.46</ele>
      </trkpt>
      <trkpt lat="34.30808" lon="-117.4477">
        <ele>1127.19</ele>
      </trkpt>
      <trkpt lat="34.30803" lon="-117.44775">
        <ele>1126.88</ele>
      </trkpt>
      <trkpt lat="34.30798" lon="-117.44777">
        <ele>1126.98</ele>
      </trkpt>
      <trkpt lat="34.30793" lon="-117.44782">
        <ele>1126.61</ele>
      </trkpt>
      <trkpt lat="34.30787" lon="-117.44784">
        <ele>1127.33</ele>
      </trkpt>
      <trkpt lat="34.30782" lon="-117.44787">
        <ele>1127.55</ele>
      </trkpt>
      <trkpt lat="34.30776" lon="-117.4479">
        <ele>1127.87</ele>
      </trkpt>
      <trkpt lat="34.30771" lon="-117.44793">
        <ele>1128.09</ele>
      </trkpt>
      <trkpt lat="34.30765" lon="-117.44794">
        <ele>1128.63</ele>
      </trkpt>
      <trkpt lat="34.30759" lon="-117.44797">
        <ele>1128.98</ele>
      </trkpt>
      <trkpt lat="34.30754" lon="-117.448">
        <ele>1129.96</ele>
      </trkpt>
      <trkpt lat="34.30748" lon="-117.44802">
        <ele>1131.43</ele>
      </trkpt>
      <trkpt lat="34.30743" lon="-117.44805">
        <ele>1132.51</ele>
      </trkpt>
      <trkpt lat="34.30738" lon="-117.44809">
        <ele>1133.89</ele>
      </trkpt>
      <trkpt lat="34.30736" lon="-117.44809">
        <ele>1134.54</ele>
      </trkpt>
      <trkpt lat="34.3073" lon="-117.44812">
        <ele>1136.32</ele>
      </trkpt>
      <trkpt lat="34.30717" lon="-117.44812">
        <ele>1139.08</ele>
      </trkpt>
      <trkpt lat="34.307" lon="-117.44806">
        <ele>1142.84</ele>
      </trkpt>
      <trkpt lat="34.30692" lon="-117.44805">
        <ele>1142.93</ele>
      </trkpt>
      <trkpt lat="34.30684" lon="-117.44805">
        <ele>1142.23</ele>
      </trkpt>
      <trkpt lat="34.30675" lon="-117.44809">
        <ele>1140.98</ele>
      </trkpt>
      <trkpt lat="34.30664" lon="-117.44813">
        <ele>1140.88</ele>
      </trkpt>
      <trkpt lat="34.30659" lon="-117.44816">
        <ele>1140.42</ele>
      </trkpt>
      <trkpt lat="34.30654" lon="-117.44817">
        <ele>1140.66</ele>
      </trkpt>
      <trkpt lat="34.30646" lon="-117.44821">
        <ele>1140.61</ele>
      </trkpt>
      <trkpt lat="34.30643" lon="-117.44824">
        <ele>1140.69</ele>
      </trkpt>
      <trkpt lat="34.3064" lon="-117.44831">
        <ele>1140.05</ele>
      </trkpt>
      <trkpt lat="34.30638" lon="-117.44838">
        <ele>1139.83</ele>
      </trkpt>
      <trkpt lat="34.30639" lon="-117.44843">
        <ele>1138.95</ele>
      </trkpt>
      <trkpt lat="34.30647" lon="-117.44867">
        <ele>1137.93</ele>
      </trkpt>
      <trkpt lat="34.30649" lon="-117.44878">
        <ele>1137.71</ele>
      </trkpt>
      <trkpt lat="34.30649" lon="-117.44888">
        <ele>1137.72</ele>
      </trkpt>
      <trkpt lat="34.30643" lon="-117.44897">
        <ele>1138.62</ele>
      </trkpt>
      <trkpt lat="34.30638" lon="-117.449">
        <ele>1138.9</ele>
      </trkpt>
      <trkpt lat="34.30637" lon="-117.44901">
        <ele>1138.9</ele>
      </trkpt>
      <trkpt lat="34.30631" lon="-117.44902">
        <ele>1139.44</ele>
      </trkpt>
      <trkpt lat="34.30625" lon="-117.449">
        <ele>1140.2</ele>
      </trkpt>
      <trkpt lat="34.30604" lon="-117.44887">
        <ele>1144.61</ele>
      </trkpt>
      <trkpt lat="34.306" lon="-117.44883">
        <ele>1146.11</ele>
      </trkpt>
      <trkpt lat="34.30595" lon="-117.4488">
        <ele>1147.62</ele>
      </trkpt>
      <trkpt lat="34.3059" lon="-117.44876">
        <ele>1149.74</ele>
      </trkpt>
      <trkpt lat="34.30586" lon="-117.4487">
        <ele>1152.17</ele>
      </trkpt>
      <trkpt lat="34.30586" lon="-117.4487">
        <ele>1152.17</ele>
      </trkpt>
      <trkpt lat="34.30578" lon="-117.44862">
        <ele>1154.57</ele>
      </trkpt>
      <trkpt lat="34.30571" lon="-117.44859">
        <ele>1154.28</ele>
      </trkpt>
      <trkpt lat="34.30554" lon="-117.4485">
        <ele>1153.06</ele>
      </trkpt>
      <trkpt lat="34.30545" lon="-117.44842">
        <ele>1152.79</ele>
      </trkpt>
      <trkpt lat="34.30537" lon="-117.44828">
        <ele>1153.57</ele>
      </trkpt>
      <trkpt lat="34.30535" lon="-117.44824">
        <ele>1153.8</ele>
      </trkpt>
      <trkpt lat="34.30531" lon="-117.44817">
        <ele>1154.88</ele>
      </trkpt>
      <trkpt lat="34.30526" lon="-117.44814">
        <ele>1154.91</ele>
      </trkpt>
      <trkpt lat="34.30521" lon="-117.4481">
        <ele>1155.17</ele>
      </trkpt>
      <trkpt lat="34.30518" lon="-117.44808">
        <ele>1155.57</ele>
      </trkpt>
      <trkpt lat="34.30511" lon="-117.44802">
        <ele>1158.08</ele>
      </trkpt>
      <trkpt lat="34.30509" lon="-117.44794">
        <ele>1159.55</ele>
      </trkpt>
      <trkpt lat="34.30508" lon="-117.44783">
        <ele>1162.08</ele>
      </trkpt>
      <trkpt lat="34.3051" lon="-117.44779">
        <ele>1162.65</ele>
      </trkpt>
      <trkpt lat="34.3052" lon="-117.44778">
        <ele>1161.93</ele>
      </trkpt>
      <trkpt lat="34.3053" lon="-117.44777">
        <ele>1162.49</ele>
      </trkpt>
      <trkpt lat="34.30541" lon="-117.4478">
        <ele>1163.38</ele>
      </trkpt>
      <trkpt lat="34.30551" lon="-117.44785">
        <ele>1164.46</ele>
      </trkpt>
      <trkpt lat="34.30563" lon="-117.44796">
        <ele>1165.48</ele>
      </trkpt>
      <trkpt lat="34.30568" lon="-117.44804">
        <ele>1165.71</ele>
      </trkpt>
      <trkpt lat="34.30571" lon="-117.44806">
        <ele>1166.58</ele>
      </trkpt>
      <trkpt lat="34.30574" lon="-117.44809">
        <ele>1167.22</ele>
      </trkpt>
      <trkpt lat="34.3058" lon="-117.44817">
        <ele>1167.85</ele>
      </trkpt>
      <trkpt lat="34.30586" lon="-117.44817">
        <ele>1169.87</ele>
      </trkpt>
      <trkpt lat="34.30595" lon="-117.44817">
        <ele>1169.99</ele>
      </trkpt>
      <trkpt lat="34.306" lon="-117.44814">
        <ele>1168.16</ele>
      </trkpt>
      <trkpt lat="34.30603" lon="-117.44802">
        <ele>1168.32</ele>
      </trkpt>
      <trkpt lat="34.30606" lon="-117.44777">
        <ele>1170.29</ele>
      </trkpt>
      <trkpt lat="34.30607" lon="-117.44772">
        <ele>1170.4</ele>
      </trkpt>
      <trkpt lat="34.30607" lon="-117.44769">
        <ele>1170.72</ele>
      </trkpt>
      <trkpt lat="34.3061" lon="-117.44756">
        <ele>1171.54</ele>
      </trkpt>
      <trkpt lat="34.30612" lon="-117.44751">
        <ele>1172.58</ele>
      </trkpt>
      <trkpt lat="34.30614" lon="-117.44746">
        <ele>1175.41</ele>
      </trkpt>
      <trkpt lat="34.30614" lon="-117.44746">
        <ele>1175.41</ele>
      </trkpt>
      <trkpt lat="34.30618" lon="-117.4474">
        <ele>1179.4</ele>
      </trkpt>
      <trkpt lat="34.30621" lon="-117.44736">
        <ele>1181.28</ele>
      </trkpt>
      <trkpt lat="34.30624" lon="-117.44732">
        <ele>1181.46</ele>
      </trkpt>
      <trkpt lat="34.30625" lon="-117.4473">
        <ele>1180.76</ele>
      </trkpt>
      <trkpt lat="34.30627" lon="-117.44716">
        <ele>1175.54</ele>
      </trkpt>
      <trkpt lat="34.30626" lon="-117.4471">
        <ele>1174.64</ele>
      </trkpt>
      <trkpt lat="34.30625" lon="-117.44704">
        <ele>1173.6</ele>
      </trkpt>
      <trkpt lat="34.30622" lon="-117.44699">
        <ele>1174.0</ele>
      </trkpt>
      <trkpt lat="34.30619" lon="-117.44695">
        <ele>1174.28</ele>
      </trkpt>
      <trkpt lat="34.30619" lon="-117.44695">
        <ele>1174.28</ele>
      </trkpt>
      <trkpt lat="34.30611" lon="-117.4468">
        <ele>1175.96</ele>
      </trkpt>
      <trkpt lat="34.30609" lon="-117.44675">
        <ele>1176.5</ele>
      </trkpt>
      <trkpt lat="34.30607" lon="-117.44669">
        <ele>1178.16</ele>
      </trkpt>
      <trkpt lat="34.30607" lon="-117.44663">
        <ele>1179.56</ele>
      </trkpt>
      <trkpt lat="34.30607" lon="-117.4466">
        <ele>1180.57</ele>
      </trkpt>
      <trkpt lat="34.30609" lon="-117.44652">
        <ele>1182.85</ele>
      </trkpt>
      <trkpt lat="34.30613" lon="-117.44649">
        <ele>1183.71</ele>
      </trkpt>
      <trkpt lat="34.30615" lon="-117.44649">
        <ele>1183.69</ele>
      </trkpt>
      <trkpt lat="34.30619" lon="-117.44648">
        <ele>1184.03</ele>
      </trkpt>
      <trkpt lat="34.30623" lon="-117.44647">
        <ele>1184.25</ele>
      </trkpt>
      <trkpt lat="34.30643" lon="-117.44647">
        <ele>1184.3</ele>
      </trkpt>
      <trkpt lat="34.30648" lon="-117.44647">
        <ele>1184.37</ele>
      </trkpt>
      <trkpt lat="34.30649" lon="-117.44647">
        <ele>1184.37</ele>
      </trkpt>
      <trkpt lat="34.30658" lon="-117.44645">
        <ele>1185.08</ele>
      </trkpt>
      <trkpt lat="34.30662" lon="-117.44644">
        <ele>1185.84</ele>
      </trkpt>
      <trkpt lat="34.30666" lon="-117.44642">
        <ele>1186.92</ele>
      </trkpt>
      <trkpt lat="34.30667" lon="-117.44642">
        <ele>1186.97</ele>
      </trkpt>
      <trkpt lat="34.30676" lon="-117.44634">
        <ele>1189.11</ele>
      </trkpt>
      <trkpt lat="34.3068" lon="-117.4463">
        <ele>1190.42</ele>
      </trkpt>
      <trkpt lat="34.30683" lon="-117.44625">
        <ele>1192.12</ele>
      </trkpt>
      <trkpt lat="34.30685" lon="-117.44621">
        <ele>1193.73</ele>
      </trkpt>
      <trkpt lat="34.30687" lon="-117.44617">
        <ele>1194.19</ele>
      </trkpt>
      <trkpt lat="34.30687" lon="-117.44617">
        <ele>1194.19</ele>
      </trkpt>
      <trkpt lat="34.30689" lon="-117.44611">
        <ele>1194.34</ele>
      </trkpt>
      <trkpt lat="34.30688" lon="-117.44597">
        <ele>1191.69</ele>
      </trkpt>
      <trkpt lat="34.30686" lon="-117.44592">
        <ele>1190.46</ele>
      </trkpt>
      <trkpt lat="34.30681" lon="-117.44588">
        <ele>1190.87</ele>
      </trkpt>
      <trkpt lat="34.30668" lon="-117.44581">
        <ele>1193.06</ele>
      </trkpt>
      <trkpt lat="34.30658" lon="-117.44573">
        <ele>1193.76</ele>
      </trkpt>
      <trkpt lat="34.30659" lon="-117.44556">
        <ele>1193.77</ele>
      </trkpt>
      <trkpt lat="34.30669" lon="-117.44541">
        <ele>1200.96</ele>
      </trkpt>
      <trkpt lat="34.30671" lon="-117.44539">
        <ele>1201.37</ele>
      </trkpt>
      <trkpt lat="34.30673" lon="-117.44536">
        <ele>1202.06</ele>
      </trkpt>
      <trkpt lat="34.30684" lon="-117.44525">
        <ele>1197.36</ele>
      </trkpt>
      <trkpt lat="34.30687" lon="-117.44514">
        <ele>1196.22</ele>
      </trkpt>
      <trkpt lat="34.30687" lon="-117.44511">
        <ele>1196.22</ele>
      </trkpt>
      <trkpt lat="34.30688" lon="-117.44504">
        <ele>1195.96</ele>
      </trkpt>
      <trkpt lat="34.30688" lon="-117.44497">
        <ele>1197.26</ele>
      </trkpt>
      <trkpt lat="34.3069" lon="-117.4449">
        <ele>1199.92</ele>
      </trkpt>
      <trkpt lat="34.30694" lon="-117.44485">
        <ele>1202.74</ele>
      </trkpt>
      <trkpt lat="34.307" lon="-117.44483">
        <ele>1204.02</ele>
      </trkpt>
      <trkpt lat="34.30706" lon="-117.4448">
        <ele>1206.0</ele>
      </trkpt>
      <trkpt lat="34.30712" lon="-117.44479">
        <ele>1206.85</ele>
      </trkpt>
      <trkpt lat="34.30717" lon="-117.44476">
        <ele>1209.32</ele>
      </trkpt>
      <trkpt lat="34.30724" lon="-117.44476">
        <ele>1209.55</ele>
      </trkpt>
      <trkpt lat="34.3073" lon="-117.44479">
        <ele>1207.61</ele>
      </trkpt>
      <trkpt lat="34.30736" lon="-117.44481">
        <ele>1206.31</ele>
      </trkpt>
      <trkpt lat="34.30741" lon="-117.44484">
        <ele>1204.36</ele>
      </trkpt>
      <trkpt lat="34.30748" lon="-117.44484">
        <ele>1204.15</ele>
      </trkpt>
      <trkpt lat="34.30754" lon="-117.44482">
        <ele>1205.61</ele>
      </trkpt>
      <trkpt lat="34.30754" lon="-117.44482">
        <ele>1205.61</ele>
      </trkpt>
      <trkpt lat="34.30757" lon="-117.44481">
        <ele>1206.32</ele>
      </trkpt>
      <trkpt lat="34.30761" lon="-117.44477">
        <ele>1208.72</ele>
      </trkpt>
      <trkpt lat="34.30762" lon="-117.44473">
        <ele>1211.2</ele>
      </trkpt>
      <trkpt lat="34.30767" lon="-117.44469">
        <ele>1212.9</ele>
      </trkpt>
      <trkpt lat="34.30779" lon="-117.44467">
        <ele>1211.92</ele>
      </trkpt>
      <trkpt lat="34.3079" lon="-117.44466">
        <ele>1209.8</ele>
      </trkpt>
      <trkpt lat="34.30798" lon="-117.44463">
        <ele>1209.99</ele>
      </trkpt>
      <trkpt lat="34.30803" lon="-117.44459">
        <ele>1210.55</ele>
      </trkpt>
      <trkpt lat="34.30807" lon="-117.44452">
        <ele>1211.16</ele>
      </trkpt>
      <trkpt lat="34.30811" lon="-117.44438">
        <ele>1211.41</ele>
      </trkpt>
      <trkpt lat="34.30812" lon="-117.44429">
        <ele>1211.77</ele>
      </trkpt>
      <trkpt lat="34.30816" lon="-117.44415">
        <ele>1212.03</ele>
      </trkpt>
      <trkpt lat="34.30819" lon="-117.44401">
        <ele>1212.41</ele>
      </trkpt>
      <trkpt lat="34.3082" lon="-117.44385">
        <ele>1212.88</ele>
      </trkpt>
      <trkpt lat="34.30819" lon="-117.4437">
        <ele>1213.64</ele>
      </trkpt>
      <trkpt lat="34.30815" lon="-117.44353">
        <ele>1214.06</ele>
      </trkpt>
      <trkpt lat="34.3081" lon="-117.44338">
        <ele>1215.06</ele>
      </trkpt>
      <trkpt lat="34.30803" lon="-117.44322">
        <ele>1215.33</ele>
      </trkpt>
      <trkpt lat="34.30797" lon="-117.44309">
        <ele>1215.22</ele>
      </trkpt>
      <trkpt lat="34.30791" lon="-117.44296">
        <ele>1215.14</ele>
      </trkpt>
      <trkpt lat="34.30788" lon="-117.44282">
        <ele>1215.79</ele>
      </trkpt>
      <trkpt lat="34.30786" lon="-117.44269">
        <ele>1217.06</ele>
      </trkpt>
      <trkpt lat="34.30786" lon="-117.44268">
        <ele>1217.22</ele>
      </trkpt>
      <trkpt lat="34.30786" lon="-117.44263">
        <ele>1218.24</ele>
      </trkpt>
      <trkpt lat="34.30786" lon="-117.44256">
        <ele>1219.39</ele>
      </trkpt>
      <trkpt lat="34.30786" lon="-117.44249">
        <ele>1220.33</ele>
      </trkpt>
      <trkpt lat="34.30788" lon="-117.44242">
        <ele>1221.73</ele>
      </trkpt>
      <trkpt lat="34.30792" lon="-117.44237">
        <ele>1222.37</ele>
      </trkpt>
      <trkpt lat="34.30798" lon="-117.44234">
        <ele>1221.77</ele>
      </trkpt>
      <trkpt lat="34.30803" lon="-117.44229">
        <ele>1221.35</ele>
      </trkpt>
      <trkpt lat="34.30808" lon="-117.44226">
        <ele>1220.47</ele>
      </trkpt>
      <trkpt lat="34.30812" lon="-117.44221">
        <ele>1219.48</ele>
      </trkpt>
      <trkpt lat="34.30814" lon="-117.44214">
        <ele>1218.29</ele>
      </trkpt>
      <trkpt lat="34.30814" lon="-117.44207">
        <ele>1218.18</ele>
      </trkpt>
      <trkpt lat="34.30814" lon="-117.442">
        <ele>1218.14</ele>
      </trkpt>
      <trkpt lat="34.30813" lon="-117.44193">
        <ele>1218.07</ele>
      </trkpt>
      <trkpt lat="34.30813" lon="-117.44185">
        <ele>1217.4</ele>
      </trkpt>
      <trkpt lat="34.30812" lon="-117.44178">
        <ele>1217.91</ele>
      </trkpt>
      <trkpt lat="34.3081" lon="-117.44173">
        <ele>1218.16</ele>
      </trkpt>
      <trkpt lat="34.30805" lon="-117.44168">
        <ele>1218.92</ele>
      </trkpt>
      <trkpt lat="34.30801" lon="-117.44164">
        <ele>1219.78</ele>
      </trkpt>
      <trkpt lat="34.30797" lon="-117.44157">
        <ele>1221.01</ele>
      </trkpt>
      <trkpt lat="34.30796" lon="-117.4415">
        <ele>1222.64</ele>
      </trkpt>
      <trkpt lat="34.30796" lon="-117.44143">
        <ele>1222.49</ele>
      </trkpt>
      <trkpt lat="34.30796" lon="-117.44137">
        <ele>1221.66</ele>
      </trkpt>
      <trkpt lat="34.30798" lon="-117.44123">
        <ele>1219.1</ele>
      </trkpt>
      <trkpt lat="34.30799" lon="-117.44112">
        <ele>1217.8</ele>
      </trkpt>
      <trkpt lat="34.30804" lon="-117.4409">
        <ele>1219.5</ele>
      </trkpt>
      <trkpt lat="34.30806" lon="-117.44081">
        <ele>1220.44</ele>
      </trkpt>
      <trkpt lat="34.30812" lon="-117.44054">
        <ele>1224.31</ele>
      </trkpt>
      <trkpt lat="34.30813" lon="-117.44044">
        <ele>1228.73</ele>
      </trkpt>
      <trkpt lat="34.30816" lon="-117.44036">
        <ele>1230.49</ele>
      </trkpt>
      <trkpt lat="34.30826" lon="-117.44026">
        <ele>1227.17</ele>
      </trkpt>
      <trkpt lat="34.30832" lon="-117.44019">
        <ele>1224.58</ele>
      </trkpt>
      <trkpt lat="34.30835" lon="-117.44009">
        <ele>1222.43</ele>
      </trkpt>
      <trkpt lat="34.30833" lon="-117.43995">
        <ele>1222.24</ele>
      </trkpt>
      <trkpt lat="34.30832" lon="-117.43981">
        <ele>1225.1</ele>
      </trkpt>
      <trkpt lat="34.30834" lon="-117.43959">
        <ele>1226.74</ele>
      </trkpt>
      <trkpt lat="34.30836" lon="-117.43946">
        <ele>1226.14</ele>
      </trkpt>
      <trkpt lat="34.30838" lon="-117.43932">
        <ele>1225.66</ele>
      </trkpt>
      <trkpt lat="34.30841" lon="-117.4392">
        <ele>1225.34</ele>
      </trkpt>
      <trkpt lat="34.30847" lon="-117.43909">
        <ele>1224.05</ele>
      </trkpt>
      <trkpt lat="34.30851" lon="-117.43898">
        <ele>1223.17</ele>
      </trkpt>
      <trkpt lat="34.30858" lon="-117.43887">
        <ele>1219.87</ele>
      </trkpt>
      <trkpt lat="34.30864" lon="-117.43875">
        <ele>1215.63</ele>
      </trkpt>
      <trkpt lat="34.3087" lon="-117.43863">
        <ele>1212.83</ele>
      </trkpt>
      <trkpt lat="34.30878" lon="-117.43851">
        <ele>1212.42</ele>
      </trkpt>
      <trkpt lat="34.30886" lon="-117.43842">
        <ele>1211.82</ele>
      </trkpt>
      <trkpt lat="34.30894" lon="-117.43832">
        <ele>1211.82</ele>
      </trkpt>
      <trkpt lat="34.30901" lon="-117.43821">
        <ele>1212.66</ele>
      </trkpt>
      <trkpt lat="34.30906" lon="-117.43811">
        <ele>1212.93</ele>
      </trkpt>
      <trkpt lat="34.30912" lon="-117.43803">
        <ele>1212.57</ele>
      </trkpt>
      <trkpt lat="34.3092" lon="-117.43795">
        <ele>1212.64</ele>
      </trkpt>
      <trkpt lat="34.30931" lon="-117.43789">
        <ele>1215.79</ele>
      </trkpt>
      <trkpt lat="34.30943" lon="-117.43788">
        <ele>1218.58</ele>
      </trkpt>
      <trkpt lat="34.30955" lon="-117.43791">
        <ele>1221.22</ele>
      </trkpt>
      <trkpt lat="34.30968" lon="-117.43794">
        <ele>1222.25</ele>
      </trkpt>
      <trkpt lat="34.3098" lon="-117.43797">
        <ele>1220.23</ele>
      </trkpt>
      <trkpt lat="34.30991" lon="-117.43799">
        <ele>1218.68</ele>
      </trkpt>
      <trkpt lat="34.31002" lon="-117.43804">
        <ele>1216.95</ele>
      </trkpt>
      <trkpt lat="34.31013" lon="-117.43812">
        <ele>1214.5</ele>
      </trkpt>
      <trkpt lat="34.31021" lon="-117.43818">
        <ele>1212.46</ele>
      </trkpt>
      <trkpt lat="34.31031" lon="-117.43824">
        <ele>1210.3</ele>
      </trkpt>
      <trkpt lat="34.3104" lon="-117.43826">
        <ele>1208.82</ele>
      </trkpt>
      <trkpt lat="34.3105" lon="-117.43828">
        <ele>1207.37</ele>
      </trkpt>
      <trkpt lat="34.31053" lon="-117.43829">
        <ele>1206.94</ele>
      </trkpt>
      <trkpt lat="34.31061" lon="-117.43832">
        <ele>1205.76</ele>
      </trkpt>
      <trkpt lat="34.31066" lon="-117.43834">
        <ele>1204.86</ele>
      </trkpt>
      <trkpt lat="34.31069" lon="-117.43837">
        <ele>1204.37</ele>
      </trkpt>
      <trkpt lat="34.31073" lon="-117.4384">
        <ele>1203.48</ele>
      </trkpt>
      <trkpt lat="34.31083" lon="-117.43851">
        <ele>1201.22</ele>
      </trkpt>
      <trkpt lat="34.31086" lon="-117.43856">
        <ele>1200.39</ele>
      </trkpt>
      <trkpt lat="34.31089" lon="-117.43861">
        <ele>1199.64</ele>
      </trkpt>
      <trkpt lat="34.31089" lon="-117.43861">
        <ele>1199.64</ele>
      </trkpt>
      <trkpt lat="34.31096" lon="-117.43874">
        <ele>1197.98</ele>
      </trkpt>
      <trkpt lat="34.31099" lon="-117.43878">
        <ele>1197.87</ele>
      </trkpt>
      <trkpt lat="34.31103" lon="-117.4388">
        <ele>1197.92</ele>
      </trkpt>
      <trkpt lat="34.31109" lon="-117.4388">
        <ele>1197.95</ele>
      </trkpt>
      <trkpt lat="34.31114" lon="-117.4388">
        <ele>1197.96</ele>
      </trkpt>
      <trkpt lat="34.31118" lon="-117.43878">
        <ele>1198.18</ele>
      </trkpt>
      <trkpt lat="34.31119" lon="-117.43878">
        <ele>1198.18</ele>
      </trkpt>
      <trkpt lat="34.31125" lon="-117.43875">
        <ele>1199.0</ele>
      </trkpt>
      <trkpt lat="34.3113" lon="-117.43873">
        <ele>1199.7</ele>
      </trkpt>
      <trkpt lat="34.31133" lon="-117.43872">
        <ele>1199.76</ele>
      </trkpt>
      <trkpt lat="34.31158" lon="-117.43862">
        <ele>1199.79</ele>
      </trkpt>
      <trkpt lat="34.31162" lon="-117.43861">
        <ele>1199.01</ele>
      </trkpt>
      <trkpt lat="34.31171" lon="-117.43857">
        <ele>1198.26</ele>
      </trkpt>
      <trkpt lat="34.31175" lon="-117.43856">
        <ele>1198.4</ele>
      </trkpt>
      <trkpt lat="34.31179" lon="-117.43855">
        <ele>1200.0</ele>
      </trkpt>
      <trkpt lat="34.31189" lon="-117.43851">
        <ele>1202.82</ele>
      </trkpt>
      <trkpt lat="34.31194" lon="-117.43849">
        <ele>1202.38</ele>
      </trkpt>
      <trkpt lat="34.31196" lon="-117.43848">
        <ele>1202.27</ele>
      </trkpt>
      <trkpt lat="34.31199" lon="-117.43847">
        <ele>1202.19</ele>
      </trkpt>
      <trkpt lat="34.31201" lon="-117.43846">
        <ele>1202.0</ele>
      </trkpt>
      <trkpt lat="34.31211" lon="-117.43837">
        <ele>1199.79</ele>
      </trkpt>
      <trkpt lat="34.31218" lon="-117.43826">
        <ele>1196.65</ele>
      </trkpt>
      <trkpt lat="34.31218" lon="-117.43826">
        <ele>1196.65</ele>
      </trkpt>
      <trkpt lat="34.31218" lon="-117.43826">
        <ele>1196.65</ele>
      </trkpt>
      <trkpt lat="34.31223" lon="-117.43818">
        <ele>1195.23</ele>
      </trkpt>
      <trkpt lat="34.31224" lon="-117.43794">
        <ele>1195.81</ele>
      </trkpt>
      <trkpt lat="34.31229" lon="-117.43782">
        <ele>1196.21</ele>
      </trkpt>
      <trkpt lat="34.31229" lon="-117.43782">
        <ele>1196.21</ele>
      </trkpt>
      <trkpt lat="34.31229" lon="-117.43782">
        <ele>1196.21</ele>
      </trkpt>
      <trkpt lat="34.31252" lon="-117.43762">
        <ele>1199.96</ele>
      </trkpt>
      <trkpt lat="34.31267" lon="-117.43754">
        <ele>1200.49</ele>
      </trkpt>
      <trkpt lat="34.31275" lon="-117.43746">
        <ele>1199.46</ele>
      </trkpt>
      <trkpt lat="34.31285" lon="-117.4372">
        <ele>1200.14</ele>
      </trkpt>
      <trkpt lat="34.31288" lon="-117.437">
        <ele>1203.34</ele>
      </trkpt>
      <trkpt lat="34.31291" lon="-117.43696">
        <ele>1203.76</ele>
      </trkpt>
      <trkpt lat="34.313" lon="-117.43689">
        <ele>1205.58</ele>
      </trkpt>
      <trkpt lat="34.31313" lon="-117.43691">
        <ele>1206.04</ele>
      </trkpt>
      <trkpt lat="34.31313" lon="-117.43691">
        <ele>1206.04</ele>
      </trkpt>
      <trkpt lat="34.31326" lon="-117.43686">
        <ele>1206.83</ele>
      </trkpt>
      <trkpt lat="34.3133" lon="-117.43682">
        <ele>1206.35</ele>
      </trkpt>
      <trkpt lat="34.31333" lon="-117.43672">
        <ele>1207.96</ele>
      </trkpt>
      <trkpt lat="34.31337" lon="-117.43662">
        <ele>1207.53</ele>
      </trkpt>
      <trkpt lat="34.31339" lon="-117.43651">
        <ele>1208.94</ele>
      </trkpt>
      <trkpt lat="34.3134" lon="-117.4364">
        <ele>1211.51</ele>
      </trkpt>
      <trkpt lat="34.31339" lon="-117.43625">
        <ele>1215.47</ele>
      </trkpt>
      <trkpt lat="34.31338" lon="-117.43619">
        <ele>1217.44</ele>
      </trkpt>
      <trkpt lat="34.31338" lon="-117.43614">
        <ele>1219.06</ele>
      </trkpt>
      <trkpt lat="34.31337" lon="-117.43608">
        <ele>1221.42</ele>
      </trkpt>
      <trkpt lat="34.31337" lon="-117.43608">
        <ele>1221.42</ele>
      </trkpt>
      <trkpt lat="34.31339" lon="-117.43601">
        <ele>1223.53</ele>
      </trkpt>
      <trkpt lat="34.31341" lon="-117.43596">
        <ele>1225.04</ele>
      </trkpt>
      <trkpt lat="34.31345" lon="-117.43592">
        <ele>1225.72</ele>
      </trkpt>
      <trkpt lat="34.31348" lon="-117.43589">
        <ele>1226.16</ele>
      </trkpt>
      <trkpt lat="34.31353" lon="-117.43585">
        <ele>1226.21</ele>
      </trkpt>
      <trkpt lat="34.31356" lon="-117.43581">
        <ele>1226.86</ele>
      </trkpt>
      <trkpt lat="34.31365" lon="-117.43571">
        <ele>1228.16</ele>
      </trkpt>
      <trkpt lat="34.31374" lon="-117.43561">
        <ele>1228.81</ele>
      </trkpt>
      <trkpt lat="34.31384" lon="-117.43552">
        <ele>1229.21</ele>
      </trkpt>
      <trkpt lat="34.31393" lon="-117.43544">
        <ele>1229.97</ele>
      </trkpt>
      <trkpt lat="34.31402" lon="-117.43536">
        <ele>1231.44</ele>
      </trkpt>
      <trkpt lat="34.31403" lon="-117.43535">
        <ele>1231.51</ele>
      </trkpt>
      <trkpt lat="34.31412" lon="-117.43526">
        <ele>1232.3</ele>
      </trkpt>
      <trkpt lat="34.31417" lon="-117.4352">
        <ele>1232.57</ele>
      </trkpt>
      <trkpt lat="34.31421" lon="-117.43507">
        <ele>1233.06</ele>
      </trkpt>
      <trkpt lat="34.3142" lon="-117.43492">
        <ele>1233.28</ele>
      </trkpt>
      <trkpt lat="34.31417" lon="-117.43487">
        <ele>1233.52</ele>
      </trkpt>
      <trkpt lat="34.31409" lon="-117.43486">
        <ele>1234.72</ele>
      </trkpt>
      <trkpt lat="34.31397" lon="-117.43481">
        <ele>1236.27</ele>
      </trkpt>
      <trkpt lat="34.31394" lon="-117.43479">
        <ele>1236.93</ele>
      </trkpt>
      <trkpt lat="34.31388" lon="-117.43469">
        <ele>1237.97</ele>
      </trkpt>
      <trkpt lat="34.31389" lon="-117.43447">
        <ele>1238.66</ele>
      </trkpt>
      <trkpt lat="34.31388" lon="-117.43389">
        <ele>1245.07</ele>
      </trkpt>
      <trkpt lat="34.31388" lon="-117.43389">
        <ele>1245.07</ele>
      </trkpt>
      <trkpt lat="34.31395" lon="-117.43373">
        <ele>1242.3</ele>
      </trkpt>
      <trkpt lat="34.31395" lon="-117.43353">
        <ele>1242.6</ele>
      </trkpt>
      <trkpt lat="34.31392" lon="-117.43336">
        <ele>1246.75</ele>
      </trkpt>
      <trkpt lat="34.31394" lon="-117.43324">
        <ele>1248.36</ele>
      </trkpt>
      <trkpt lat="34.31401" lon="-117.43312">
        <ele>1248.28</ele>
      </trkpt>
      <trkpt lat="34.31404" lon="-117.43309">
        <ele>1247.33</ele>
      </trkpt>
      <trkpt lat="34.31409" lon="-117.43302">
        <ele>1246.87</ele>
      </trkpt>
      <trkpt lat="34.31416" lon="-117.43298">
        <ele>1247.35</ele>
      </trkpt>
      <trkpt lat="34.31435" lon="-117.43296">
        <ele>1248.1</ele>
      </trkpt>
      <trkpt lat="34.31441" lon="-117.43294">
        <ele>1248.59</ele>
      </trkpt>
      <trkpt lat="34.3145" lon="-117.43284">
        <ele>1250.19</ele>
      </trkpt>
      <trkpt lat="34.31455" lon="-117.43275">
        <ele>1251.32</ele>
      </trkpt>
      <trkpt lat="34.31462" lon="-117.43261">
        <ele>1252.83</ele>
      </trkpt>
      <trkpt lat="34.31465" lon="-117.43258">
        <ele>1252.64</ele>
      </trkpt>
      <trkpt lat="34.31476" lon="-117.43243">
        <ele>1254.0</ele>
      </trkpt>
      <trkpt lat="34.31492" lon="-117.43234">
        <ele>1254.28</ele>
      </trkpt>
      <trkpt lat="34.31499" lon="-117.4323">
        <ele>1254.43</ele>
      </trkpt>
      <trkpt lat="34.31508" lon="-117.43226">
        <ele>1253.46</ele>
      </trkpt>
      <trkpt lat="34.31512" lon="-117.43222">
        <ele>1253.43</ele>
      </trkpt>
      <trkpt lat="34.31515" lon="-117.43218">
        <ele>1253.22</ele>
      </trkpt>
      <trkpt lat="34.31516" lon="-117.43212">
        <ele>1253.65</ele>
      </trkpt>
      <trkpt lat="34.31517" lon="-117.43206">
        <ele>1254.08</ele>
      </trkpt>
      <trkpt lat="34.31517" lon="-117.43201">
        <ele>1254.13</ele>
      </trkpt>
      <trkpt lat="34.31515" lon="-117.43195">
        <ele>1254.53</ele>
      </trkpt>
      <trkpt lat="34.31512" lon="-117.43191">
        <ele>1255.07</ele>
      </trkpt>
      <trkpt lat="34.31508" lon="-117.43188">
        <ele>1255.84</ele>
      </trkpt>
      <trkpt lat="34.31504" lon="-117.43187">
        <ele>1256.42</ele>
      </trkpt>
      <trkpt lat="34.315" lon="-117.43188">
        <ele>1257.3</ele>
      </trkpt>
      <trkpt lat="34.31495" lon="-117.4319">
        <ele>1257.52</ele>
      </trkpt>
      <trkpt lat="34.31492" lon="-117.43193">
        <ele>1257.84</ele>
      </trkpt>
      <trkpt lat="34.31487" lon="-117.43195">
        <ele>1258.44</ele>
      </trkpt>
      <trkpt lat="34.31487" lon="-117.43195">
        <ele>1258.44</ele>
      </trkpt>
      <trkpt lat="34.3148" lon="-117.43198">
        <ele>1259.16</ele>
      </trkpt>
      <trkpt lat="34.3147" lon="-117.43203">
        <ele>1260.24</ele>
      </trkpt>
      <trkpt lat="34.31459" lon="-117.43206">
        <ele>1261.18</ele>
      </trkpt>
      <trkpt lat="34.31441" lon="-117.43209">
        <ele>1264.38</ele>
      </trkpt>
      <trkpt lat="34.3143" lon="-117.43216">
        <ele>1266.98</ele>
      </trkpt>
      <trkpt lat="34.31419" lon="-117.43223">
        <ele>1268.64</ele>
      </trkpt>
      <trkpt lat="34.3141" lon="-117.43228">
        <ele>1269.1</ele>
      </trkpt>
      <trkpt lat="34.31401" lon="-117.43231">
        <ele>1269.74</ele>
      </trkpt>
      <trkpt lat="34.31395" lon="-117.43232">
        <ele>1269.91</ele>
      </trkpt>
      <trkpt lat="34.31392" lon="-117.43234">
        <ele>1269.64</ele>
      </trkpt>
      <trkpt lat="34.31386" lon="-117.43233">
        <ele>1270.15</ele>
      </trkpt>
      <trkpt lat="34.3137" lon="-117.43235">
        <ele>1271.32</ele>
      </trkpt>
      <trkpt lat="34.31366" lon="-117.43237">
        <ele>1271.75</ele>
      </trkpt>
      <trkpt lat="34.31327" lon="-117.43273">
        <ele>1278.57</ele>
      </trkpt>
      <trkpt lat="34.31323" lon="-117.43277">
        <ele>1279.43</ele>
      </trkpt>
      <trkpt lat="34.31323" lon="-117.43277">
        <ele>1279.43</ele>
      </trkpt>
      <trkpt lat="34.31312" lon="-117.4329">
        <ele>1282.07</ele>
      </trkpt>
      <trkpt lat="34.31308" lon="-117.43294">
        <ele>1282.52</ele>
      </trkpt>
      <trkpt lat="34.31304" lon="-117.43297">
        <ele>1283.12</ele>
      </trkpt>
      <trkpt lat="34.31301" lon="-117.43301">
        <ele>1282.71</ele>
      </trkpt>
      <trkpt lat="34.31298" lon="-117.43305">
        <ele>1282.58</ele>
      </trkpt>
      <trkpt lat="34.31298" lon="-117.43306">
        <ele>1282.34</ele>
      </trkpt>
      <trkpt lat="34.3129" lon="-117.43319">
        <ele>1283.27</ele>
      </trkpt>
      <trkpt lat="34.31287" lon="-117.43323">
        <ele>1284.13</ele>
      </trkpt>
      <trkpt lat="34.31282" lon="-117.43325">
        <ele>1285.38</ele>
      </trkpt>
      <trkpt lat="34.31278" lon="-117.43328">
        <ele>1285.67</ele>
      </trkpt>
      <trkpt lat="34.31274" lon="-117.43331">
        <ele>1286.08</ele>
      </trkpt>
      <trkpt lat="34.31272" lon="-117.43332">
        <ele>1286.39</ele>
      </trkpt>
      <trkpt lat="34.31268" lon="-117.43338">
        <ele>1285.24</ele>
      </trkpt>
      <trkpt lat="34.31266" lon="-117.43344">
        <ele>1283.9</ele>
      </trkpt>
      <trkpt lat="34.31265" lon="-117.4335">
        <ele>1282.5</ele>
      </trkpt>
      <trkpt lat="34.31263" lon="-117.43354">
        <ele>1282.61</ele>
      </trkpt>
      <trkpt lat="34.3126" lon="-117.43358">
        <ele>1283.33</ele>
      </trkpt>
      <trkpt lat="34.31258" lon="-117.4336">
        <ele>1283.53</ele>
      </trkpt>
      <trkpt lat="34.31252" lon="-117.43363">
        <ele>1284.16</ele>
      </trkpt>
      <trkpt lat="34.31247" lon="-117.43362">
        <ele>1285.42</ele>
      </trkpt>
      <trkpt lat="34.31242" lon="-117.4336">
        <ele>1287.09</ele>
      </trkpt>
      <trkpt lat="34.31239" lon="-117.43359">
        <ele>1288.02</ele>
      </trkpt>
      <trkpt lat="34.31234" lon="-117.43357">
        <ele>1289.46</ele>
      </trkpt>
      <trkpt lat="34.31234" lon="-117.43357">
        <ele>1289.46</ele>
      </trkpt>
      <trkpt lat="34.31224" lon="-117.43358">
        <ele>1290.48</ele>
      </trkpt>
      <trkpt lat="34.31213" lon="-117.43361">
        <ele>1291.03</ele>
      </trkpt>
      <trkpt lat="34.31203" lon="-117.43362">
        <ele>1291.96</ele>
      </trkpt>
      <trkpt lat="34.31191" lon="-117.43366">
        <ele>1293.69</ele>
      </trkpt>
      <trkpt lat="34.3118" lon="-117.43371">
        <ele>1293.83</ele>
      </trkpt>
      <trkpt lat="34.31169" lon="-117.43372">
        <ele>1293.65</ele>
      </trkpt>
      <trkpt lat="34.31158" lon="-117.43367">
        <ele>1294.75</ele>
      </trkpt>
      <trkpt lat="34.31151" lon="-117.43357">
        <ele>1295.37</ele>
      </trkpt>
      <trkpt lat="34.31147" lon="-117.43344">
        <ele>1297.57</ele>
      </trkpt>
      <trkpt lat="34.31144" lon="-117.43331">
        <ele>1299.8</ele>
      </trkpt>
      <trkpt lat="34.31144" lon="-117.43318">
        <ele>1301.21</ele>
      </trkpt>
      <trkpt lat="34.31144" lon="-117.43317">
        <ele>1301.32</ele>
      </trkpt>
      <trkpt lat="34.31146" lon="-117.43305">
        <ele>1301.71</ele>
      </trkpt>
      <trkpt lat="34.31155" lon="-117.43276">
        <ele>1303.34</ele>
      </trkpt>
      <trkpt lat="34.31162" lon="-117.43258">
        <ele>1303.5</ele>
      </trkpt>
      <trkpt lat="34.31167" lon="-117.4324">
        <ele>1304.04</ele>
      </trkpt>
      <trkpt lat="34.31168" lon="-117.43234">
        <ele>1304.14</ele>
      </trkpt>
      <trkpt lat="34.31169" lon="-117.43228">
        <ele>1303.97</ele>
      </trkpt>
      <trkpt lat="34.31167" lon="-117.43223">
        <ele>1303.15</ele>
      </trkpt>
      <trkpt lat="34.31167" lon="-117.43221">
        <ele>1303.07</ele>
      </trkpt>
      <trkpt lat="34.31161" lon="-117.43214">
        <ele>1303.54</ele>
      </trkpt>
      <trkpt lat="34.31157" lon="-117.4321">
        <ele>1304.0</ele>
      </trkpt>
      <trkpt lat="34.31153" lon="-117.43208">
        <ele>1304.0</ele>
      </trkpt>
      <trkpt lat="34.3115" lon="-117.43208">
        <ele>1304.0</ele>
      </trkpt>
      <trkpt lat="34.31142" lon="-117.43208">
        <ele>1304.66</ele>
      </trkpt>
      <trkpt lat="34.31138" lon="-117.4321">
        <ele>1305.1</ele>
      </trkpt>
      <trkpt lat="34.31134" lon="-117.43213">
        <ele>1305.53</ele>
      </trkpt>
      <trkpt lat="34.3113" lon="-117.43217">
        <ele>1305.96</ele>
      </trkpt>
      <trkpt lat="34.3113" lon="-117.43217">
        <ele>1305.96</ele>
      </trkpt>
      <trkpt lat="34.31127" lon="-117.43219">
        <ele>1306.67</ele>
      </trkpt>
      <trkpt lat="34.31121" lon="-117.43224">
        <ele>1307.67</ele>
      </trkpt>
      <trkpt lat="34.31102" lon="-117.43224">
        <ele>1311.58</ele>
      </trkpt>
      <trkpt lat="34.31095" lon="-117.43228">
        <ele>1312.23</ele>
      </trkpt>
      <trkpt lat="34.31081" lon="-117.43243">
        <ele>1312.32</ele>
      </trkpt>
      <trkpt lat="34.31077" lon="-117.43253">
        <ele>1313.05</ele>
      </trkpt>
      <trkpt lat="34.31073" lon="-117.43266">
        <ele>1314.23</ele>
      </trkpt>
      <trkpt lat="34.31069" lon="-117.43281">
        <ele>1314.45</ele>
      </trkpt>
      <trkpt lat="34.31066" lon="-117.43286">
        <ele>1314.84</ele>
      </trkpt>
      <trkpt lat="34.31061" lon="-117.43287">
        <ele>1315.42</ele>
      </trkpt>
      <trkpt lat="34.31056" lon="-117.43288">
        <ele>1315.74</ele>
      </trkpt>
      <trkpt lat="34.31052" lon="-117.43287">
        <ele>1316.39</ele>
      </trkpt>
      <trkpt lat="34.31047" lon="-117.43286">
        <ele>1317.04</ele>
      </trkpt>
      <trkpt lat="34.31045" lon="-117.43286">
        <ele>1317.13</ele>
      </trkpt>
      <trkpt lat="34.31021" lon="-117.43276">
        <ele>1319.19</ele>
      </trkpt>
      <trkpt lat="34.31017" lon="-117.43272">
        <ele>1319.62</ele>
      </trkpt>
      <trkpt lat="34.31014" lon="-117.43267">
        <ele>1320.16</ele>
      </trkpt>
      <trkpt lat="34.31011" lon="-117.43263">
        <ele>1320.6</ele>
      </trkpt>
      <trkpt lat="34.31011" lon="-117.43262">
        <ele>1320.7</ele>
      </trkpt>
      <trkpt lat="34.31009" lon="-117.43257">
        <ele>1321.27</ele>
      </trkpt>
      <trkpt lat="34.30999" lon="-117.43247">
        <ele>1323.36</ele>
      </trkpt>
      <trkpt lat="34.30986" lon="-117.43248">
        <ele>1323.43</ele>
      </trkpt>
      <trkpt lat="34.30971" lon="-117.43246">
        <ele>1324.49</ele>
      </trkpt>
      <trkpt lat="34.30944" lon="-117.43234">
        <ele>1327.46</ele>
      </trkpt>
      <trkpt lat="34.30935" lon="-117.4323">
        <ele>1328.16</ele>
      </trkpt>
      <trkpt lat="34.30924" lon="-117.43222">
        <ele>1329.02</ele>
      </trkpt>
      <trkpt lat="34.3092" lon="-117.43214">
        <ele>1329.89</ele>
      </trkpt>
      <trkpt lat="34.30907" lon="-117.43166">
        <ele>1335.11</ele>
      </trkpt>
      <trkpt lat="34.30906" lon="-117.43162">
        <ele>1335.58</ele>
      </trkpt>
      <trkpt lat="34.30903" lon="-117.43154">
        <ele>1336.37</ele>
      </trkpt>
      <trkpt lat="34.309" lon="-117.43147">
        <ele>1337.0</ele>
      </trkpt>
      <trkpt lat="34.30897" lon="-117.4314">
        <ele>1337.12</ele>
      </trkpt>
      <trkpt lat="34.30893" lon="-117.43134">
        <ele>1337.79</ele>
      </trkpt>
      <trkpt lat="34.30889" lon="-117.43128">
        <ele>1338.0</ele>
      </trkpt>
      <trkpt lat="34.30884" lon="-117.43124">
        <ele>1338.53</ele>
      </trkpt>
      <trkpt lat="34.3088" lon="-117.4312">
        <ele>1338.96</ele>
      </trkpt>
      <trkpt lat="34.30874" lon="-117.43117">
        <ele>1339.61</ele>
      </trkpt>
      <trkpt lat="34.30871" lon="-117.43115">
        <ele>1339.93</ele>
      </trkpt>
      <trkpt lat="34.30856" lon="-117.43114">
        <ele>1340.69</ele>
      </trkpt>
      <trkpt lat="34.30852" lon="-117.43115">
        <ele>1340.99</ele>
      </trkpt>
      <trkpt lat="34.30846" lon="-117.43118">
        <ele>1341.47</ele>
      </trkpt>
      <trkpt lat="34.30841" lon="-117.43121">
        <ele>1342.01</ele>
      </trkpt>
      <trkpt lat="34.30841" lon="-117.43121">
        <ele>1342.01</ele>
      </trkpt>
      <trkpt lat="34.30841" lon="-117.43121">
        <ele>1342.01</ele>
      </trkpt>
      <trkpt lat="34.30832" lon="-117.43124">
        <ele>1342.54</ele>
      </trkpt>
      <trkpt lat="34.30823" lon="-117.43127">
        <ele>1343.72</ele>
      </trkpt>
      <trkpt lat="34.30811" lon="-117.43126">
        <ele>1344.02</ele>
      </trkpt>
      <trkpt lat="34.30798" lon="-117.43116">
        <ele>1343.44</ele>
      </trkpt>
      <trkpt lat="34.30788" lon="-117.4311">
        <ele>1342.88</ele>
      </trkpt>
      <trkpt lat="34.30768" lon="-117.43107">
        <ele>1345.67</ele>
      </trkpt>
      <trkpt lat="34.30765" lon="-117.43106">
        <ele>1346.21</ele>
      </trkpt>
      <trkpt lat="34.30755" lon="-117.43106">
        <ele>1348.37</ele>
      </trkpt>
      <trkpt lat="34.30733" lon="-117.43106">
        <ele>1351.84</ele>
      </trkpt>
      <trkpt lat="34.30727" lon="-117.43101">
        <ele>1352.58</ele>
      </trkpt>
      <trkpt lat="34.30726" lon="-117.43101">
        <ele>1352.68</ele>
      </trkpt>
      <trkpt lat="34.30724" lon="-117.43096">
        <ele>1353.44</ele>
      </trkpt>
      <trkpt lat="34.30723" lon="-117.43088">
        <ele>1354.37</ele>
      </trkpt>
      <trkpt lat="34.30722" lon="-117.43081">
        <ele>1355.02</ele>
      </trkpt>
      <trkpt lat="34.30722" lon="-117.43074">
        <ele>1355.02</ele>
      </trkpt>
      <trkpt lat="34.30721" lon="-117.43067">
        <ele>1355.03</ele>
      </trkpt>
      <trkpt lat="34.30719" lon="-117.43062">
        <ele>1354.5</ele>
      </trkpt>
      <trkpt lat="34.30718" lon="-117.43061">
        <ele>1354.36</ele>
      </trkpt>
      <trkpt lat="34.30711" lon="-117.43054">
        <ele>1353.5</ele>
      </trkpt>
      <trkpt lat="34.30706" lon="-117.43054">
        <ele>1353.5</ele>
      </trkpt>
      <trkpt lat="34.30703" lon="-117.43053">
        <ele>1353.17</ele>
      </trkpt>
      <trkpt lat="34.30696" lon="-117.43053">
        <ele>1353.17</ele>
      </trkpt>
      <trkpt lat="34.3069" lon="-117.43054">
        <ele>1353.1</ele>
      </trkpt>
      <trkpt lat="34.30685" lon="-117.43058">
        <ele>1353.53</ele>
      </trkpt>
      <trkpt lat="34.3068" lon="-117.43061">
        <ele>1354.18</ele>
      </trkpt>
      <trkpt lat="34.30675" lon="-117.43065">
        <ele>1355.14</ele>
      </trkpt>
      <trkpt lat="34.30674" lon="-117.43065">
        <ele>1355.25</ele>
      </trkpt>
      <trkpt lat="34.30658" lon="-117.43068">
        <ele>1357.62</ele>
      </trkpt>
      <trkpt lat="34.30641" lon="-117.43057">
        <ele>1359.82</ele>
      </trkpt>
      <trkpt lat="34.30634" lon="-117.43051">
        <ele>1360.34</ele>
      </trkpt>
      <trkpt lat="34.30625" lon="-117.43046">
        <ele>1360.9</ele>
      </trkpt>
      <trkpt lat="34.30616" lon="-117.43049">
        <ele>1363.35</ele>
      </trkpt>
      <trkpt lat="34.30609" lon="-117.43057">
        <ele>1365.96</ele>
      </trkpt>
      <trkpt lat="34.30604" lon="-117.4307">
        <ele>1367.56</ele>
      </trkpt>
      <trkpt lat="34.306" lon="-117.43076">
        <ele>1367.97</ele>
      </trkpt>
      <trkpt lat="34.30594" lon="-117.43089">
        <ele>1367.3</ele>
      </trkpt>
      <trkpt lat="34.30578" lon="-117.43113">
        <ele>1367.29</ele>
      </trkpt>
      <trkpt lat="34.30572" lon="-117.43121">
        <ele>1368.14</ele>
      </trkpt>
      <trkpt lat="34.30566" lon="-117.43124">
        <ele>1368.78</ele>
      </trkpt>
      <trkpt lat="34.30561" lon="-117.43128">
        <ele>1370.06</ele>
      </trkpt>
      <trkpt lat="34.30556" lon="-117.43131">
        <ele>1371.25</ele>
      </trkpt>
      <trkpt lat="34.30551" lon="-117.43135">
        <ele>1373.14</ele>
      </trkpt>
      <trkpt lat="34.30546" lon="-117.43138">
        <ele>1374.84</ele>
      </trkpt>
      <trkpt lat="34.30541" lon="-117.43141">
        <ele>1375.57</ele>
      </trkpt>
      <trkpt lat="34.30534" lon="-117.43142">
        <ele>1376.44</ele>
      </trkpt>
      <trkpt lat="34.30528" lon="-117.43143">
        <ele>1377.41</ele>
      </trkpt>
      <trkpt lat="34.30526" lon="-117.43143">
        <ele>1377.66</ele>
      </trkpt>
      <trkpt lat="34.30514" lon="-117.43146">
        <ele>1379.09</ele>
      </trkpt>
      <trkpt lat="34.30506" lon="-117.43153">
        <ele>1379.83</ele>
      </trkpt>
      <trkpt lat="34.30502" lon="-117.43155">
        <ele>1380.04</ele>
      </trkpt>
      <trkpt lat="34.30484" lon="-117.43174">
        <ele>1380.73</ele>
      </trkpt>
      <trkpt lat="34.30479" lon="-117.43177">
        <ele>1380.88</ele>
      </trkpt>
      <trkpt lat="34.30465" lon="-117.43177">
        <ele>1381.66</ele>
      </trkpt>
      <trkpt lat="34.30458" lon="-117.43169">
        <ele>1383.28</ele>
      </trkpt>
      <trkpt lat="34.30458" lon="-117.43169">
        <ele>1383.28</ele>
      </trkpt>
      <trkpt lat="34.30445" lon="-117.43152">
        <ele>1385.36</ele>
      </trkpt>
      <trkpt lat="34.30429" lon="-117.43149">
        <ele>1388.27</ele>
      </trkpt>
      <trkpt lat="34.30411" lon="-117.43155">
        <ele>1391.32</ele>
      </trkpt>
      <trkpt lat="34.304" lon="-117.43165">
        <ele>1391.98</ele>
      </trkpt>
      <trkpt lat="34.30384" lon="-117.43198">
        <ele>1394.55</ele>
      </trkpt>
      <trkpt lat="34.30375" lon="-117.43207">
        <ele>1397.61</ele>
      </trkpt>
      <trkpt lat="34.30369" lon="-117.43209">
        <ele>1399.9</ele>
      </trkpt>
      <trkpt lat="34.30336" lon="-117.4322">
        <ele>1407.19</ele>
      </trkpt>
      <trkpt lat="34.30307" lon="-117.43254">
        <ele>1404.82</ele>
      </trkpt>
      <trkpt lat="34.30285" lon="-117.43282">
        <ele>1408.88</ele>
      </trkpt>
      <trkpt lat="34.30269" lon="-117.43303">
        <ele>1414.81</ele>
      </trkpt>
      <trkpt lat="34.30258" lon="-117.43305">
        <ele>1416.27</ele>
      </trkpt>
      <trkpt lat="34.30238" lon="-117.43308">
        <ele>1417.81</ele>
      </trkpt>
      <trkpt lat="34.30231" lon="-117.43314">
        <ele>1418.05</ele>
      </trkpt>
      <trkpt lat="34.30225" lon="-117.43327">
        <ele>1416.59</ele>
      </trkpt>
      <trkpt lat="34.3022" lon="-117.43335">
        <ele>1416.12</ele>
      </trkpt>
      <trkpt lat="34.30209" lon="-117.43342">
        <ele>1416.98</ele>
      </trkpt>
      <trkpt lat="34.30191" lon="-117.43344">
        <ele>1420.54</ele>
      </trkpt>
      <trkpt lat="34.30183" lon="-117.43345">
        <ele>1421.72</ele>
      </trkpt>
      <trkpt lat="34.30173" lon="-117.43348">
        <ele>1422.46</ele>
      </trkpt>
      <trkpt lat="34.30172" lon="-117.43349">
        <ele>1422.46</ele>
      </trkpt>
      <trkpt lat="34.30166" lon="-117.43354">
        <ele>1422.39</ele>
      </trkpt>
      <trkpt lat="34.3016" lon="-117.43361">
        <ele>1421.47</ele>
      </trkpt>
      <trkpt lat="34.30155" lon="-117.43369">
        <ele>1421.04</ele>
      </trkpt>
      <trkpt lat="34.30154" lon="-117.43377">
        <ele>1419.94</ele>
      </trkpt>
      <trkpt lat="34.30157" lon="-117.43392">
        <ele>1417.8</ele>
      </trkpt>
      <trkpt lat="34.30157" lon="-117.43407">
        <ele>1417.13</ele>
      </trkpt>
      <trkpt lat="34.30154" lon="-117.43413">
        <ele>1417.88</ele>
      </trkpt>
      <trkpt lat="34.30148" lon="-117.4342">
        <ele>1419.03</ele>
      </trkpt>
      <trkpt lat="34.3014" lon="-117.43421">
        <ele>1420.35</ele>
      </trkpt>
      <trkpt lat="34.30135" lon="-117.43419">
        <ele>1421.06</ele>
      </trkpt>
      <trkpt lat="34.30132" lon="-117.43414">
        <ele>1422.25</ele>
      </trkpt>
      <trkpt lat="34.30129" lon="-117.43406">
        <ele>1424.44</ele>
      </trkpt>
      <trkpt lat="34.30127" lon="-117.43397">
        <ele>1426.69</ele>
      </trkpt>
      <trkpt lat="34.30125" lon="-117.43377">
        <ele>1428.5</ele>
      </trkpt>
      <trkpt lat="34.30125" lon="-117.43367">
        <ele>1428.68</ele>
      </trkpt>
      <trkpt lat="34.30126" lon="-117.4336">
        <ele>1428.69</ele>
      </trkpt>
      <trkpt lat="34.30129" lon="-117.43356">
        <ele>1427.82</ele>
      </trkpt>
      <trkpt lat="34.30136" lon="-117.43351">
        <ele>1427.55</ele>
      </trkpt>
      <trkpt lat="34.30156" lon="-117.43338">
        <ele>1427.72</ele>
      </trkpt>
      <trkpt lat="34.30173" lon="-117.43325">
        <ele>1427.43</ele>
      </trkpt>
      <trkpt lat="34.30178" lon="-117.4332">
        <ele>1426.99</ele>
      </trkpt>
      <trkpt lat="34.3018" lon="-117.43309">
        <ele>1427.75</ele>
      </trkpt>
      <trkpt lat="34.30179" lon="-117.433">
        <ele>1428.34</ele>
      </trkpt>
      <trkpt lat="34.30174" lon="-117.43295">
        <ele>1429.28</ele>
      </trkpt>
      <trkpt lat="34.30162" lon="-117.43297">
        <ele>1432.01</ele>
      </trkpt>
      <trkpt lat="34.30153" lon="-117.43312">
        <ele>1433.73</ele>
      </trkpt>
      <trkpt lat="34.30148" lon="-117.43317">
        <ele>1434.59</ele>
      </trkpt>
      <trkpt lat="34.30143" lon="-117.4332">
        <ele>1435.79</ele>
      </trkpt>
      <trkpt lat="34.30138" lon="-117.4332">
        <ele>1437.47</ele>
      </trkpt>
      <trkpt lat="34.30126" lon="-117.43318">
        <ele>1439.7</ele>
      </trkpt>
      <trkpt lat="34.30105" lon="-117.43319">
        <ele>1442.57</ele>
      </trkpt>
      <trkpt lat="34.30095" lon="-117.43327">
        <ele>1443.67</ele>
      </trkpt>
      <trkpt lat="34.30081" lon="-117.43354">
        <ele>1443.21</ele>
      </trkpt>
      <trkpt lat="34.30074" lon="-117.43361">
        <ele>1443.03</ele>
      </trkpt>
      <trkpt lat="34.30049" lon="-117.4337">
        <ele>1444.82</ele>
      </trkpt>
      <trkpt lat="34.30049" lon="-117.4337">
        <ele>1444.82</ele>
      </trkpt>
      <trkpt lat="34.30034" lon="-117.4337">
        <ele>1447.78</ele>
      </trkpt>
      <trkpt lat="34.3002" lon="-117.43366">
        <ele>1450.81</ele>
      </trkpt>
      <trkpt lat="34.30013" lon="-117.43361">
        <ele>1452.42</ele>
      </trkpt>
      <trkpt lat="34.30006" lon="-117.43352">
        <ele>1453.62</ele>
      </trkpt>
      <trkpt lat="34.30001" lon="-117.43344">
        <ele>1454.71</ele>
      </trkpt>
      <trkpt lat="34.29999" lon="-117.4334">
        <ele>1455.17</ele>
      </trkpt>
      <trkpt lat="34.29995" lon="-117.43326">
        <ele>1456.25</ele>
      </trkpt>
      <trkpt lat="34.2999" lon="-117.43301">
        <ele>1459.57</ele>
      </trkpt>
      <trkpt lat="34.29991" lon="-117.43292">
        <ele>1460.44</ele>
      </trkpt>
      <trkpt lat="34.29999" lon="-117.43266">
        <ele>1461.11</ele>
      </trkpt>
      <trkpt lat="34.29996" lon="-117.43248">
        <ele>1461.65</ele>
      </trkpt>
      <trkpt lat="34.29993" lon="-117.43234">
        <ele>1462.76</ele>
      </trkpt>
      <trkpt lat="34.29998" lon="-117.43202">
        <ele>1469.84</ele>
      </trkpt>
      <trkpt lat="34.3" lon="-117.43192">
        <ele>1471.26</ele>
      </trkpt>
      <trkpt lat="34.30001" lon="-117.43187">
        <ele>1471.37</ele>
      </trkpt>
      <trkpt lat="34.30001" lon="-117.43181">
        <ele>1472.02</ele>
      </trkpt>
      <trkpt lat="34.30001" lon="-117.43175">
        <ele>1472.58</ele>
      </trkpt>
      <trkpt lat="34.3" lon="-117.43169">
        <ele>1473.0</ele>
      </trkpt>
      <trkpt lat="34.30001" lon="-117.43163">
        <ele>1473.07</ele>
      </trkpt>
      <trkpt lat="34.30001" lon="-117.43161">
        <ele>1473.29</ele>
      </trkpt>
      <trkpt lat="34.30005" lon="-117.43148">
        <ele>1473.41</ele>
      </trkpt>
      <trkpt lat="34.30007" lon="-117.43143">
        <ele>1473.84</ele>
      </trkpt>
      <trkpt lat="34.30009" lon="-117.43137">
        <ele>1474.29</ele>
      </trkpt>
      <trkpt lat="34.3001" lon="-117.43131">
        <ele>1474.61</ele>
      </trkpt>
      <trkpt lat="34.30011" lon="-117.43127">
        <ele>1475.0</ele>
      </trkpt>
      <trkpt lat="34.30018" lon="-117.43103">
        <ele>1477.92</ele>
      </trkpt>
      <trkpt lat="34.30019" lon="-117.43098">
        <ele>1478.28</ele>
      </trkpt>
      <trkpt lat="34.30021" lon="-117.43092">
        <ele>1478.53</ele>
      </trkpt>
      <trkpt lat="34.30022" lon="-117.43087">
        <ele>1478.85</ele>
      </trkpt>
      <trkpt lat="34.30024" lon="-117.43064">
        <ele>1479.85</ele>
      </trkpt>
      <trkpt lat="34.30023" lon="-117.43058">
        <ele>1480.41</ele>
      </trkpt>
      <trkpt lat="34.30023" lon="-117.43052">
        <ele>1480.55</ele>
      </trkpt>
      <trkpt lat="34.30021" lon="-117.43046">
        <ele>1481.2</ele>
      </trkpt>
      <trkpt lat="34.3002" lon="-117.43042">
        <ele>1481.52</ele>
      </trkpt>
      <trkpt lat="34.30012" lon="-117.4302">
        <ele>1483.41</ele>
      </trkpt>
      <trkpt lat="34.30008" lon="-117.43015">
        <ele>1483.98</ele>
      </trkpt>
      <trkpt lat="34.30005" lon="-117.43011">
        <ele>1484.19</ele>
      </trkpt>
      <trkpt lat="34.30001" lon="-117.43008">
        <ele>1484.66</ele>
      </trkpt>
      <trkpt lat="34.29997" lon="-117.43004">
        <ele>1485.08</ele>
      </trkpt>
      <trkpt lat="34.29993" lon="-117.43">
        <ele>1485.51</ele>
      </trkpt>
      <trkpt lat="34.29991" lon="-117.42998">
        <ele>1485.73</ele>
      </trkpt>
      <trkpt lat="34.29984" lon="-117.42982">
        <ele>1486.67</ele>
      </trkpt>
      <trkpt lat="34.29983" lon="-117.42977">
        <ele>1487.32</ele>
      </trkpt>
      <trkpt lat="34.29984" lon="-117.42971">
        <ele>1487.82</ele>
      </trkpt>
      <trkpt lat="34.29984" lon="-117.42965">
        <ele>1488.3</ele>
      </trkpt>
      <trkpt lat="34.29985" lon="-117.42962">
        <ele>1488.3</ele>
      </trkpt>
      <trkpt lat="34.29987" lon="-117.42932">
        <ele>1493.45</ele>
      </trkpt>
      <trkpt lat="34.29988" lon="-117.42926">
        <ele>1495.56</ele>
      </trkpt>
      <trkpt lat="34.29988" lon="-117.42922">
        <ele>1496.86</ele>
      </trkpt>
      <trkpt lat="34.29991" lon="-117.42898">
        <ele>1499.98</ele>
      </trkpt>
      <trkpt lat="34.29995" lon="-117.42891">
        <ele>1500.27</ele>
      </trkpt>
      <trkpt lat="34.29998" lon="-117.42887">
        <ele>1500.22</ele>
      </trkpt>
      <trkpt lat="34.30002" lon="-117.42882">
        <ele>1500.86</ele>
      </trkpt>
      <trkpt lat="34.30007" lon="-117.4288">
        <ele>1500.4</ele>
      </trkpt>
      <trkpt lat="34.30022" lon="-117.4288">
        <ele>1500.3</ele>
      </trkpt>
      <trkpt lat="34.30029" lon="-117.42883">
        <ele>1500.4</ele>
      </trkpt>
      <trkpt lat="34.30044" lon="-117.42891">
        <ele>1500.47</ele>
      </trkpt>
      <trkpt lat="34.30048" lon="-117.42892">
        <ele>1500.97</ele>
      </trkpt>
      <trkpt lat="34.30056" lon="-117.42892">
        <ele>1502.33</ele>
      </trkpt>
      <trkpt lat="34.30059" lon="-117.42891">
        <ele>1502.54</ele>
      </trkpt>
      <trkpt lat="34.30063" lon="-117.42888">
        <ele>1503.1</ele>
      </trkpt>
      <trkpt lat="34.30065" lon="-117.4288">
        <ele>1503.94</ele>
      </trkpt>
      <trkpt lat="34.30065" lon="-117.42876">
        <ele>1503.97</ele>
      </trkpt>
      <trkpt lat="34.30065" lon="-117.42875">
        <ele>1503.97</ele>
      </trkpt>
      <trkpt lat="34.30065" lon="-117.42868">
        <ele>1503.96</ele>
      </trkpt>
      <trkpt lat="34.30063" lon="-117.4286">
        <ele>1504.1</ele>
      </trkpt>
      <trkpt lat="34.30062" lon="-117.42853">
        <ele>1503.69</ele>
      </trkpt>
      <trkpt lat="34.30059" lon="-117.42846">
        <ele>1503.62</ele>
      </trkpt>
      <trkpt lat="34.30055" lon="-117.42842">
        <ele>1504.0</ele>
      </trkpt>
      <trkpt lat="34.30051" lon="-117.42836">
        <ele>1503.78</ele>
      </trkpt>
      <trkpt lat="34.30046" lon="-117.42832">
        <ele>1503.92</ele>
      </trkpt>
      <trkpt lat="34.30041" lon="-117.42829">
        <ele>1504.41</ele>
      </trkpt>
      <trkpt lat="34.3004" lon="-117.42828">
        <ele>1504.39</ele>
      </trkpt>
      <trkpt lat="34.30034" lon="-117.42826">
        <ele>1505.33</ele>
      </trkpt>
      <trkpt lat="34.30016" lon="-117.42818">
        <ele>1509.5</ele>
      </trkpt>
      <trkpt lat="34.3" lon="-117.42809">
        <ele>1512.12</ele>
      </trkpt>
      <trkpt lat="34.29989" lon="-117.42798">
        <ele>1512.08</ele>
      </trkpt>
      <trkpt lat="34.29972" lon="-117.42778">
        <ele>1511.17</ele>
      </trkpt>
      <trkpt lat="34.29972" lon="-117.42777">
        <ele>1510.68</ele>
      </trkpt>
      <trkpt lat="34.29968" lon="-117.42771">
        <ele>1509.5</ele>
      </trkpt>
      <trkpt lat="34.29963" lon="-117.42767">
        <ele>1510.49</ele>
      </trkpt>
      <trkpt lat="34.29959" lon="-117.42762">
        <ele>1510.6</ele>
      </trkpt>
      <trkpt lat="34.29955" lon="-117.42757">
        <ele>1511.2</ele>
      </trkpt>
      <trkpt lat="34.29954" lon="-117.42756">
        <ele>1511.52</ele>
      </trkpt>
      <trkpt lat="34.29943" lon="-117.42744">
        <ele>1515.78</ele>
      </trkpt>
      <trkpt lat="34.29942" lon="-117.42731">
        <ele>1518.25</ele>
      </trkpt>
      <trkpt lat="34.29942" lon="-117.42731">
        <ele>1518.25</ele>
      </trkpt>
      <trkpt lat="34.29944" lon="-117.42724">
        <ele>1520.39</ele>
      </trkpt>
      <trkpt lat="34.29946" lon="-117.4272">
        <ele>1521.46</ele>
      </trkpt>
      <trkpt lat="34.29959" lon="-117.42706">
        <ele>1522.83</ele>
      </trkpt>
      <trkpt lat="34.29966" lon="-117.42694">
        <ele>1523.77</ele>
      </trkpt>
      <trkpt lat="34.29968" lon="-117.42684">
        <ele>1525.04</ele>
      </trkpt>
      <trkpt lat="34.29968" lon="-117.42679">
        <ele>1525.58</ele>
      </trkpt>
      <trkpt lat="34.29968" lon="-117.42673">
        <ele>1525.77</ele>
      </trkpt>
      <trkpt lat="34.29967" lon="-117.42667">
        <ele>1525.58</ele>
      </trkpt>
      <trkpt lat="34.29965" lon="-117.42662">
        <ele>1525.28</ele>
      </trkpt>
      <trkpt lat="34.29962" lon="-117.42659">
        <ele>1525.28</ele>
      </trkpt>
      <trkpt lat="34.29958" lon="-117.42657">
        <ele>1525.4</ele>
      </trkpt>
      <trkpt lat="34.29953" lon="-117.42656">
        <ele>1525.48</ele>
      </trkpt>
      <trkpt lat="34.29952" lon="-117.42656">
        <ele>1525.39</ele>
      </trkpt>
      <trkpt lat="34.29945" lon="-117.42656">
        <ele>1524.75</ele>
      </trkpt>
      <trkpt lat="34.29945" lon="-117.42656">
        <ele>1524.75</ele>
      </trkpt>
      <trkpt lat="34.29942" lon="-117.42657">
        <ele>1525.16</ele>
      </trkpt>
      <trkpt lat="34.29941" lon="-117.42657">
        <ele>1525.27</ele>
      </trkpt>
      <trkpt lat="34.29935" lon="-117.42658">
        <ele>1526.13</ele>
      </trkpt>
      <trkpt lat="34.29929" lon="-117.4266">
        <ele>1526.56</ele>
      </trkpt>
      <trkpt lat="34.29922" lon="-117.4266">
        <ele>1526.68</ele>
      </trkpt>
      <trkpt lat="34.29915" lon="-117.42659">
        <ele>1526.7</ele>
      </trkpt>
      <trkpt lat="34.29909" lon="-117.42659">
        <ele>1527.34</ele>
      </trkpt>
      <trkpt lat="34.29902" lon="-117.42659">
        <ele>1529.17</ele>
      </trkpt>
      <trkpt lat="34.29896" lon="-117.42657">
        <ele>1530.62</ele>
      </trkpt>
      <trkpt lat="34.29892" lon="-117.42652">
        <ele>1531.21</ele>
      </trkpt>
      <trkpt lat="34.29889" lon="-117.42645">
        <ele>1531.95</ele>
      </trkpt>
      <trkpt lat="34.29887" lon="-117.42638">
        <ele>1532.71</ele>
      </trkpt>
      <trkpt lat="34.29888" lon="-117.42631">
        <ele>1533.14</ele>
      </trkpt>
      <trkpt lat="34.29889" lon="-117.42624">
        <ele>1533.56</ele>
      </trkpt>
      <trkpt lat="34.2989" lon="-117.42617">
        <ele>1533.88</ele>
      </trkpt>
      <trkpt lat="34.2989" lon="-117.42616">
        <ele>1533.99</ele>
      </trkpt>
      <trkpt lat="34.2989" lon="-117.42616">
        <ele>1533.99</ele>
      </trkpt>
      <trkpt lat="34.29889" lon="-117.426">
        <ele>1534.95</ele>
      </trkpt>
      <trkpt lat="34.29888" lon="-117.42594">
        <ele>1535.3</ele>
      </trkpt>
      <trkpt lat="34.29886" lon="-117.42589">
        <ele>1535.16</ele>
      </trkpt>
      <trkpt lat="34.29884" lon="-117.42587">
        <ele>1535.38</ele>
      </trkpt>
      <trkpt lat="34.29875" lon="-117.4258">
        <ele>1536.28</ele>
      </trkpt>
      <trkpt lat="34.2987" lon="-117.42578">
        <ele>1536.85</ele>
      </trkpt>
      <trkpt lat="34.29865" lon="-117.42578">
        <ele>1536.85</ele>
      </trkpt>
      <trkpt lat="34.2986" lon="-117.42578">
        <ele>1536.73</ele>
      </trkpt>
      <trkpt lat="34.29855" lon="-117.42578">
        <ele>1536.19</ele>
      </trkpt>
      <trkpt lat="34.2985" lon="-117.4258">
        <ele>1536.08</ele>
      </trkpt>
      <trkpt lat="34.29848" lon="-117.42581">
        <ele>1536.08</ele>
      </trkpt>
      <trkpt lat="34.29837" lon="-117.42589">
        <ele>1536.25</ele>
      </trkpt>
      <trkpt lat="34.29832" lon="-117.4259">
        <ele>1535.58</ele>
      </trkpt>
      <trkpt lat="34.29827" lon="-117.42589">
        <ele>1534.93</ele>
      </trkpt>
      <trkpt lat="34.29823" lon="-117.42587">
        <ele>1534.58</ele>
      </trkpt>
      <trkpt lat="34.29819" lon="-117.42583">
        <ele>1535.13</ele>
      </trkpt>
      <trkpt lat="34.29818" lon="-117.42582">
        <ele>1535.46</ele>
      </trkpt>
      <trkpt lat="34.29809" lon="-117.42561">
        <ele>1539.92</ele>
      </trkpt>
      <trkpt lat="34.29808" lon="-117.42555">
        <ele>1540.99</ele>
      </trkpt>
      <trkpt lat="34.29808" lon="-117.42549">
        <ele>1541.47</ele>
      </trkpt>
      <trkpt lat="34.29807" lon="-117.42543">
        <ele>1542.58</ele>
      </trkpt>
      <trkpt lat="34.29808" lon="-117.4254">
        <ele>1542.36</ele>
      </trkpt>
      <trkpt lat="34.29809" lon="-117.42526">
        <ele>1543.4</ele>
      </trkpt>
      <trkpt lat="34.2981" lon="-117.42519">
        <ele>1544.0</ele>
      </trkpt>
      <trkpt lat="34.2981" lon="-117.42513">
        <ele>1544.68</ele>
      </trkpt>
      <trkpt lat="34.2981" lon="-117.4251">
        <ele>1545.0</ele>
      </trkpt>
      <trkpt lat="34.29809" lon="-117.42497">
        <ele>1545.68</ele>
      </trkpt>
      <trkpt lat="34.29806" lon="-117.42492">
        <ele>1546.03</ele>
      </trkpt>
      <trkpt lat="34.29803" lon="-117.42488">
        <ele>1546.15</ele>
      </trkpt>
      <trkpt lat="34.29798" lon="-117.42484">
        <ele>1546.4</ele>
      </trkpt>
      <trkpt lat="34.29796" lon="-117.42483">
        <ele>1546.56</ele>
      </trkpt>
      <trkpt lat="34.29776" lon="-117.42473">
        <ele>1546.53</ele>
      </trkpt>
      <trkpt lat="34.29772" lon="-117.42471">
        <ele>1546.1</ele>
      </trkpt>
      <trkpt lat="34.29769" lon="-117.42469">
        <ele>1545.56</ele>
      </trkpt>
      <trkpt lat="34.29742" lon="-117.42451">
        <ele>1545.82</ele>
      </trkpt>
      <trkpt lat="34.29738" lon="-117.42432">
        <ele>1546.4</ele>
      </trkpt>
      <trkpt lat="34.29737" lon="-117.42416">
        <ele>1546.88</ele>
      </trkpt>
      <trkpt lat="34.29735" lon="-117.42408">
        <ele>1548.18</ele>
      </trkpt>
      <trkpt lat="34.29733" lon="-117.4239">
        <ele>1549.55</ele>
      </trkpt>
      <trkpt lat="34.29736" lon="-117.42374">
        <ele>1551.55</ele>
      </trkpt>
      <trkpt lat="34.29756" lon="-117.42358">
        <ele>1549.26</ele>
      </trkpt>
      <trkpt lat="34.29761" lon="-117.42354">
        <ele>1549.2</ele>
      </trkpt>
      <trkpt lat="34.2977" lon="-117.42346">
        <ele>1548.31</ele>
      </trkpt>
      <trkpt lat="34.29772" lon="-117.42341">
        <ele>1548.25</ele>
      </trkpt>
      <trkpt lat="34.29772" lon="-117.42327">
        <ele>1548.25</ele>
      </trkpt>
      <trkpt lat="34.29771" lon="-117.42322">
        <ele>1548.4</ele>
      </trkpt>
      <trkpt lat="34.2977" lon="-117.42321">
        <ele>1548.63</ele>
      </trkpt>
      <trkpt lat="34.29766" lon="-117.42312">
        <ele>1548.97</ele>
      </trkpt>
      <trkpt lat="34.29763" lon="-117.42308">
        <ele>1548.86</ele>
      </trkpt>
      <trkpt lat="34.2976" lon="-117.42305">
        <ele>1548.8</ele>
      </trkpt>
      <trkpt lat="34.29757" lon="-117.42302">
        <ele>1548.23</ele>
      </trkpt>
      <trkpt lat="34.29749" lon="-117.423">
        <ele>1547.69</ele>
      </trkpt>
      <trkpt lat="34.29749" lon="-117.423">
        <ele>1547.69</ele>
      </trkpt>
      <trkpt lat="34.29739" lon="-117.42301">
        <ele>1546.92</ele>
      </trkpt>
      <trkpt lat="34.2973" lon="-117.42304">
        <ele>1546.67</ele>
      </trkpt>
      <trkpt lat="34.29718" lon="-117.42319">
        <ele>1548.36</ele>
      </trkpt>
      <trkpt lat="34.29706" lon="-117.42327">
        <ele>1552.57</ele>
      </trkpt>
      <trkpt lat="34.29701" lon="-117.42328">
        <ele>1554.3</ele>
      </trkpt>
      <trkpt lat="34.29697" lon="-117.42328">
        <ele>1555.41</ele>
      </trkpt>
      <trkpt lat="34.29692" lon="-117.42327">
        <ele>1556.21</ele>
      </trkpt>
      <trkpt lat="34.2969" lon="-117.42326">
        <ele>1556.28</ele>
      </trkpt>
      <trkpt lat="34.29681" lon="-117.4232">
        <ele>1557.23</ele>
      </trkpt>
      <trkpt lat="34.29676" lon="-117.42316">
        <ele>1558.23</ele>
      </trkpt>
      <trkpt lat="34.29673" lon="-117.42313">
        <ele>1558.42</ele>
      </trkpt>
      <trkpt lat="34.29649" lon="-117.4229">
        <ele>1556.19</ele>
      </trkpt>
      <trkpt lat="34.29645" lon="-117.42287">
        <ele>1555.67</ele>
      </trkpt>
      <trkpt lat="34.29644" lon="-117.42285">
        <ele>1555.26</ele>
      </trkpt>
      <trkpt lat="34.29641" lon="-117.42281">
        <ele>1554.23</ele>
      </trkpt>
      <trkpt lat="34.29612" lon="-117.42264">
        <ele>1554.32</ele>
      </trkpt>
      <trkpt lat="34.29608" lon="-117.4226">
        <ele>1554.39</ele>
      </trkpt>
      <trkpt lat="34.29604" lon="-117.42256">
        <ele>1554.42</ele>
      </trkpt>
      <trkpt lat="34.29601" lon="-117.42252">
        <ele>1554.38</ele>
      </trkpt>
      <trkpt lat="34.29599" lon="-117.42247">
        <ele>1554.52</ele>
      </trkpt>
      <trkpt lat="34.29597" lon="-117.42243">
        <ele>1554.65</ele>
      </trkpt>
      <trkpt lat="34.29593" lon="-117.42225">
        <ele>1554.96</ele>
      </trkpt>
      <trkpt lat="34.29592" lon="-117.42219">
        <ele>1555.06</ele>
      </trkpt>
      <trkpt lat="34.29592" lon="-117.42213">
        <ele>1555.06</ele>
      </trkpt>
      <trkpt lat="34.29591" lon="-117.42207">
        <ele>1555.71</ele>
      </trkpt>
      <trkpt lat="34.29591" lon="-117.42201">
        <ele>1556.29</ele>
      </trkpt>
      <trkpt lat="34.29591" lon="-117.42198">
        <ele>1556.62</ele>
      </trkpt>
      <trkpt lat="34.29595" lon="-117.42173">
        <ele>1558.82</ele>
      </trkpt>
      <trkpt lat="34.29596" lon="-117.42167">
        <ele>1558.99</ele>
      </trkpt>
      <trkpt lat="34.29598" lon="-117.42161">
        <ele>1559.61</ele>
      </trkpt>
      <trkpt lat="34.296" lon="-117.42156">
        <ele>1560.15</ele>
      </trkpt>
      <trkpt lat="34.29603" lon="-117.42151">
        <ele>1560.69</ele>
      </trkpt>
      <trkpt lat="34.29603" lon="-117.4215">
        <ele>1560.8</ele>
      </trkpt>
      <trkpt lat="34.29603" lon="-117.4215">
        <ele>1560.8</ele>
      </trkpt>
      <trkpt lat="34.29609" lon="-117.42141">
        <ele>1561.77</ele>
      </trkpt>
      <trkpt lat="34.29616" lon="-117.4213">
        <ele>1562.96</ele>
      </trkpt>
      <trkpt lat="34.2962" lon="-117.4212">
        <ele>1564.0</ele>
      </trkpt>
      <trkpt lat="34.29626" lon="-117.42108">
        <ele>1564.2</ele>
      </trkpt>
      <trkpt lat="34.29632" lon="-117.42094">
        <ele>1564.74</ele>
      </trkpt>
      <trkpt lat="34.29636" lon="-117.42082">
        <ele>1564.31</ele>
      </trkpt>
      <trkpt lat="34.2964" lon="-117.42072">
        <ele>1564.2</ele>
      </trkpt>
      <trkpt lat="34.2964" lon="-117.42071">
        <ele>1564.29</ele>
      </trkpt>
      <trkpt lat="34.2964" lon="-117.42054">
        <ele>1565.17</ele>
      </trkpt>
      <trkpt lat="34.29638" lon="-117.42048">
        <ele>1565.91</ele>
      </trkpt>
      <trkpt lat="34.29633" lon="-117.42046">
        <ele>1566.65</ele>
      </trkpt>
      <trkpt lat="34.29629" lon="-117.42044">
        <ele>1567.02</ele>
      </trkpt>
      <trkpt lat="34.29626" lon="-117.42043">
        <ele>1567.14</ele>
      </trkpt>
      <trkpt lat="34.29611" lon="-117.42034">
        <ele>1567.32</ele>
      </trkpt>
      <trkpt lat="34.29606" lon="-117.42031">
        <ele>1567.29</ele>
      </trkpt>
      <trkpt lat="34.29602" lon="-117.42028">
        <ele>1567.02</ele>
      </trkpt>
      <trkpt lat="34.29601" lon="-117.42026">
        <ele>1567.17</ele>
      </trkpt>
      <trkpt lat="34.29593" lon="-117.42014">
        <ele>1567.51</ele>
      </trkpt>
      <trkpt lat="34.2959" lon="-117.4201">
        <ele>1567.94</ele>
      </trkpt>
      <trkpt lat="34.29588" lon="-117.42005">
        <ele>1568.46</ele>
      </trkpt>
      <trkpt lat="34.29585" lon="-117.42">
        <ele>1569.0</ele>
      </trkpt>
      <trkpt lat="34.29584" lon="-117.41997">
        <ele>1569.02</ele>
      </trkpt>
      <trkpt lat="34.29579" lon="-117.41985">
        <ele>1569.33</ele>
      </trkpt>
      <trkpt lat="34.29576" lon="-117.4198">
        <ele>1569.33</ele>
      </trkpt>
      <trkpt lat="34.29575" lon="-117.41975">
        <ele>1569.73</ele>
      </trkpt>
      <trkpt lat="34.29573" lon="-117.4197">
        <ele>1570.12</ele>
      </trkpt>
      <trkpt lat="34.29572" lon="-117.41969">
        <ele>1570.12</ele>
      </trkpt>
      <trkpt lat="34.29563" lon="-117.4195">
        <ele>1571.01</ele>
      </trkpt>
      <trkpt lat="34.2956" lon="-117.41945">
        <ele>1570.9</ele>
      </trkpt>
      <trkpt lat="34.29558" lon="-117.41942">
        <ele>1570.79</ele>
      </trkpt>
      <trkpt lat="34.29544" lon="-117.41923">
        <ele>1568.82</ele>
      </trkpt>
      <trkpt lat="34.29541" lon="-117.41919">
        <ele>1568.6</ele>
      </trkpt>
      <trkpt lat="34.2954" lon="-117.41918">
        <ele>1568.5</ele>
      </trkpt>
      <trkpt lat="34.29534" lon="-117.41909">
        <ele>1567.34</ele>
      </trkpt>
      <trkpt lat="34.2953" lon="-117.41905">
        <ele>1566.48</ele>
      </trkpt>
      <trkpt lat="34.29526" lon="-117.41901">
        <ele>1565.62</ele>
      </trkpt>
      <trkpt lat="34.29523" lon="-117.41899">
        <ele>1564.97</ele>
      </trkpt>
      <trkpt lat="34.29518" lon="-117.41892">
        <ele>1564.57</ele>
      </trkpt>
      <trkpt lat="34.29516" lon="-117.41887">
        <ele>1564.51</ele>
      </trkpt>
      <trkpt lat="34.29515" lon="-117.41881">
        <ele>1564.56</ele>
      </trkpt>
      <trkpt lat="34.29514" lon="-117.41877">
        <ele>1564.93</ele>
      </trkpt>
      <trkpt lat="34.29513" lon="-117.41865">
        <ele>1566.58</ele>
      </trkpt>
      <trkpt lat="34.29513" lon="-117.41859">
        <ele>1567.0</ele>
      </trkpt>
      <trkpt lat="34.29513" lon="-117.41859">
        <ele>1567.0</ele>
      </trkpt>
      <trkpt lat="34.29514" lon="-117.41855">
        <ele>1567.0</ele>
      </trkpt>
      <trkpt lat="34.29513" lon="-117.41839">
        <ele>1566.25</ele>
      </trkpt>
      <trkpt lat="34.29513" lon="-117.41824">
        <ele>1566.6</ele>
      </trkpt>
      <trkpt lat="34.29512" lon="-117.41809">
        <ele>1567.3</ele>
      </trkpt>
      <trkpt lat="34.29511" lon="-117.41794">
        <ele>1568.12</ele>
      </trkpt>
      <trkpt lat="34.2951" lon="-117.41778">
        <ele>1570.82</ele>
      </trkpt>
      <trkpt lat="34.29509" lon="-117.41762">
        <ele>1572.68</ele>
      </trkpt>
      <trkpt lat="34.29509" lon="-117.41758">
        <ele>1573.11</ele>
      </trkpt>
      <trkpt lat="34.2951" lon="-117.41751">
        <ele>1573.88</ele>
      </trkpt>
      <trkpt lat="34.29509" lon="-117.41744">
        <ele>1574.62</ele>
      </trkpt>
      <trkpt lat="34.29509" lon="-117.41737">
        <ele>1575.38</ele>
      </trkpt>
      <trkpt lat="34.29508" lon="-117.4173">
        <ele>1575.89</ele>
      </trkpt>
      <trkpt lat="34.29508" lon="-117.41723">
        <ele>1575.99</ele>
      </trkpt>
      <trkpt lat="34.29506" lon="-117.41715">
        <ele>1576.78</ele>
      </trkpt>
      <trkpt lat="34.29504" lon="-117.41708">
        <ele>1577.0</ele>
      </trkpt>
      <trkpt lat="34.29502" lon="-117.41701">
        <ele>1577.29</ele>
      </trkpt>
      <trkpt lat="34.29498" lon="-117.41695">
        <ele>1577.94</ele>
      </trkpt>
      <trkpt lat="34.29494" lon="-117.4169">
        <ele>1578.48</ele>
      </trkpt>
      <trkpt lat="34.2949" lon="-117.41684">
        <ele>1579.12</ele>
      </trkpt>
      <trkpt lat="34.29487" lon="-117.41678">
        <ele>1579.46</ele>
      </trkpt>
      <trkpt lat="34.29484" lon="-117.41675">
        <ele>1579.34</ele>
      </trkpt>
      <trkpt lat="34.29484" lon="-117.41675">
        <ele>1579.34</ele>
      </trkpt>
      <trkpt lat="34.29477" lon="-117.41665">
        <ele>1580.66</ele>
      </trkpt>
      <trkpt lat="34.29472" lon="-117.4166">
        <ele>1581.71</ele>
      </trkpt>
      <trkpt lat="34.29467" lon="-117.41656">
        <ele>1582.15</ele>
      </trkpt>
      <trkpt lat="34.29458" lon="-117.41642">
        <ele>1584.02</ele>
      </trkpt>
      <trkpt lat="34.29456" lon="-117.41629">
        <ele>1585.82</ele>
      </trkpt>
      <trkpt lat="34.29453" lon="-117.41621">
        <ele>1586.93</ele>
      </trkpt>
      <trkpt lat="34.29451" lon="-117.41609">
        <ele>1588.23</ele>
      </trkpt>
      <trkpt lat="34.29451" lon="-117.41608">
        <ele>1588.34</ele>
      </trkpt>
      <trkpt lat="34.29449" lon="-117.41601">
        <ele>1589.09</ele>
      </trkpt>
      <trkpt lat="34.29448" lon="-117.41594">
        <ele>1589.85</ele>
      </trkpt>
      <trkpt lat="34.29444" lon="-117.41588">
        <ele>1591.02</ele>
      </trkpt>
      <trkpt lat="34.29443" lon="-117.41586">
        <ele>1591.47</ele>
      </trkpt>
      <trkpt lat="34.29438" lon="-117.41582">
        <ele>1592.29</ele>
      </trkpt>
      <trkpt lat="34.29426" lon="-117.41571">
        <ele>1593.34</ele>
      </trkpt>
      <trkpt lat="34.29425" lon="-117.4157">
        <ele>1593.2</ele>
      </trkpt>
      <trkpt lat="34.29421" lon="-117.41565">
        <ele>1592.39</ele>
      </trkpt>
      <trkpt lat="34.2942" lon="-117.41558">
        <ele>1592.82</ele>
      </trkpt>
      <trkpt lat="34.2942" lon="-117.41551">
        <ele>1593.57</ele>
      </trkpt>
      <trkpt lat="34.2942" lon="-117.41544">
        <ele>1594.17</ele>
      </trkpt>
      <trkpt lat="34.2942" lon="-117.41537">
        <ele>1594.44</ele>
      </trkpt>
      <trkpt lat="34.29418" lon="-117.41529">
        <ele>1594.44</ele>
      </trkpt>
      <trkpt lat="34.29417" lon="-117.41522">
        <ele>1594.75</ele>
      </trkpt>
      <trkpt lat="34.29415" lon="-117.41515">
        <ele>1594.35</ele>
      </trkpt>
      <trkpt lat="34.29413" lon="-117.41508">
        <ele>1593.95</ele>
      </trkpt>
      <trkpt lat="34.29413" lon="-117.41501">
        <ele>1594.7</ele>
      </trkpt>
      <trkpt lat="34.29413" lon="-117.415">
        <ele>1594.81</ele>
      </trkpt>
      <trkpt lat="34.29413" lon="-117.415">
        <ele>1594.81</ele>
      </trkpt>
      <trkpt lat="34.29411" lon="-117.41489">
        <ele>1594.86</ele>
      </trkpt>
      <trkpt lat="34.29409" lon="-117.41477">
        <ele>1596.0</ele>
      </trkpt>
      <trkpt lat="34.29407" lon="-117.41464">
        <ele>1597.6</ele>
      </trkpt>
      <trkpt lat="34.29405" lon="-117.41451">
        <ele>1598.85</ele>
      </trkpt>
      <trkpt lat="34.29407" lon="-117.41436">
        <ele>1600.87</ele>
      </trkpt>
      <trkpt lat="34.29417" lon="-117.41418">
        <ele>1599.1</ele>
      </trkpt>
      <trkpt lat="34.29421" lon="-117.41411">
        <ele>1598.25</ele>
      </trkpt>
      <trkpt lat="34.29427" lon="-117.41401">
        <ele>1596.88</ele>
      </trkpt>
      <trkpt lat="34.29433" lon="-117.41391">
        <ele>1596.24</ele>
      </trkpt>
      <trkpt lat="34.29439" lon="-117.41377">
        <ele>1596.74</ele>
      </trkpt>
      <trkpt lat="34.29441" lon="-117.41363">
        <ele>1599.04</ele>
      </trkpt>
      <trkpt lat="34.2944" lon="-117.41349">
        <ele>1600.96</ele>
      </trkpt>
      <trkpt lat="34.29437" lon="-117.41338">
        <ele>1602.01</ele>
      </trkpt>
      <trkpt lat="34.29435" lon="-117.41316">
        <ele>1604.79</ele>
      </trkpt>
      <trkpt lat="34.29436" lon="-117.4131">
        <ele>1605.64</ele>
      </trkpt>
      <trkpt lat="34.29437" lon="-117.41305">
        <ele>1606.16</ele>
      </trkpt>
      <trkpt lat="34.29439" lon="-117.41301">
        <ele>1606.33</ele>
      </trkpt>
      <trkpt lat="34.29452" lon="-117.41281">
        <ele>1607.65</ele>
      </trkpt>
      <trkpt lat="34.29455" lon="-117.41277">
        <ele>1607.54</ele>
      </trkpt>
      <trkpt lat="34.29458" lon="-117.41274">
        <ele>1606.71</ele>
      </trkpt>
      <trkpt lat="34.2946" lon="-117.41269">
        <ele>1606.8</ele>
      </trkpt>
      <trkpt lat="34.2946" lon="-117.41268">
        <ele>1607.03</ele>
      </trkpt>
      <trkpt lat="34.29464" lon="-117.41256">
        <ele>1607.14</ele>
      </trkpt>
      <trkpt lat="34.29466" lon="-117.4124">
        <ele>1607.63</ele>
      </trkpt>
      <trkpt lat="34.29463" lon="-117.41226">
        <ele>1607.4</ele>
      </trkpt>
      <trkpt lat="34.29463" lon="-117.41225">
        <ele>1607.29</ele>
      </trkpt>
      <trkpt lat="34.29457" lon="-117.41213">
        <ele>1607.29</ele>
      </trkpt>
      <trkpt lat="34.2945" lon="-117.41204">
        <ele>1607.46</ele>
      </trkpt>
      <trkpt lat="34.29441" lon="-117.41197">
        <ele>1607.75</ele>
      </trkpt>
      <trkpt lat="34.29432" lon="-117.41192">
        <ele>1607.82</ele>
      </trkpt>
      <trkpt lat="34.29422" lon="-117.41189">
        <ele>1608.0</ele>
      </trkpt>
      <trkpt lat="34.29412" lon="-117.41188">
        <ele>1608.42</ele>
      </trkpt>
      <trkpt lat="34.294" lon="-117.4119">
        <ele>1609.18</ele>
      </trkpt>
      <trkpt lat="34.29384" lon="-117.41197">
        <ele>1605.97</ele>
      </trkpt>
      <trkpt lat="34.29377" lon="-117.412">
        <ele>1604.35</ele>
      </trkpt>
      <trkpt lat="34.29368" lon="-117.41203">
        <ele>1602.81</ele>
      </trkpt>
      <trkpt lat="34.29363" lon="-117.41203">
        <ele>1602.73</ele>
      </trkpt>
      <trkpt lat="34.29359" lon="-117.41203">
        <ele>1602.94</ele>
      </trkpt>
      <trkpt lat="34.29354" lon="-117.41201">
        <ele>1602.82</ele>
      </trkpt>
      <trkpt lat="34.2935" lon="-117.41199">
        <ele>1603.08</ele>
      </trkpt>
      <trkpt lat="34.29346" lon="-117.41195">
        <ele>1603.08</ele>
      </trkpt>
      <trkpt lat="34.29344" lon="-117.4119">
        <ele>1602.51</ele>
      </trkpt>
      <trkpt lat="34.29344" lon="-117.4119">
        <ele>1602.51</ele>
      </trkpt>
      <trkpt lat="34.29333" lon="-117.41173">
        <ele>1601.12</ele>
      </trkpt>
      <trkpt lat="34.2933" lon="-117.41169">
        <ele>1600.48</ele>
      </trkpt>
      <trkpt lat="34.29327" lon="-117.41164">
        <ele>1599.99</ele>
      </trkpt>
      <trkpt lat="34.29326" lon="-117.41159">
        <ele>1599.58</ele>
      </trkpt>
      <trkpt lat="34.29325" lon="-117.41153">
        <ele>1600.6</ele>
      </trkpt>
      <trkpt lat="34.29325" lon="-117.41151">
        <ele>1601.01</ele>
      </trkpt>
      <trkpt lat="34.29326" lon="-117.41143">
        <ele>1602.72</ele>
      </trkpt>
      <trkpt lat="34.29328" lon="-117.41138">
        <ele>1603.07</ele>
      </trkpt>
      <trkpt lat="34.2933" lon="-117.41133">
        <ele>1603.07</ele>
      </trkpt>
      <trkpt lat="34.29333" lon="-117.41129">
        <ele>1602.24</ele>
      </trkpt>
      <trkpt lat="34.29336" lon="-117.41124">
        <ele>1601.92</ele>
      </trkpt>
      <trkpt lat="34.29338" lon="-117.41119">
        <ele>1601.85</ele>
      </trkpt>
      <trkpt lat="34.29338" lon="-117.41119">
        <ele>1601.85</ele>
      </trkpt>
      <trkpt lat="34.29339" lon="-117.41104">
        <ele>1599.17</ele>
      </trkpt>
      <trkpt lat="34.29337" lon="-117.41098">
        <ele>1597.4</ele>
      </trkpt>
      <trkpt lat="34.29335" lon="-117.41094">
        <ele>1596.33</ele>
      </trkpt>
      <trkpt lat="34.29332" lon="-117.41089">
        <ele>1595.37</ele>
      </trkpt>
      <trkpt lat="34.29331" lon="-117.41088">
        <ele>1595.26</ele>
      </trkpt>
      <trkpt lat="34.29329" lon="-117.41082">
        <ele>1594.03</ele>
      </trkpt>
      <trkpt lat="34.29328" lon="-117.4108">
        <ele>1593.55</ele>
      </trkpt>
      <trkpt lat="34.29324" lon="-117.41067">
        <ele>1590.74</ele>
      </trkpt>
      <trkpt lat="34.29319" lon="-117.41053">
        <ele>1589.49</ele>
      </trkpt>
      <trkpt lat="34.29312" lon="-117.41041">
        <ele>1589.38</ele>
      </trkpt>
      <trkpt lat="34.29305" lon="-117.41029">
        <ele>1589.75</ele>
      </trkpt>
      <trkpt lat="34.29299" lon="-117.41018">
        <ele>1589.37</ele>
      </trkpt>
      <trkpt lat="34.29294" lon="-117.41006">
        <ele>1588.93</ele>
      </trkpt>
      <trkpt lat="34.2929" lon="-117.40994">
        <ele>1588.7</ele>
      </trkpt>
      <trkpt lat="34.29287" lon="-117.40979">
        <ele>1585.48</ele>
      </trkpt>
      <trkpt lat="34.29286" lon="-117.40976">
        <ele>1585.31</ele>
      </trkpt>
      <trkpt lat="34.29281" lon="-117.40964">
        <ele>1584.52</ele>
      </trkpt>
      <trkpt lat="34.29277" lon="-117.40961">
        <ele>1584.73</ele>
      </trkpt>
      <trkpt lat="34.29273" lon="-117.40958">
        <ele>1582.78</ele>
      </trkpt>
      <trkpt lat="34.29268" lon="-117.40956">
        <ele>1581.29</ele>
      </trkpt>
      <trkpt lat="34.29263" lon="-117.40956">
        <ele>1579.4</ele>
      </trkpt>
      <trkpt lat="34.29259" lon="-117.40958">
        <ele>1578.82</ele>
      </trkpt>
      <trkpt lat="34.29257" lon="-117.40959">
        <ele>1578.9</ele>
      </trkpt>
      <trkpt lat="34.29245" lon="-117.40961">
        <ele>1578.9</ele>
      </trkpt>
      <trkpt lat="34.2924" lon="-117.40959">
        <ele>1578.91</ele>
      </trkpt>
      <trkpt lat="34.29236" lon="-117.40956">
        <ele>1579.15</ele>
      </trkpt>
      <trkpt lat="34.29232" lon="-117.40952">
        <ele>1579.64</ele>
      </trkpt>
      <trkpt lat="34.2923" lon="-117.40947">
        <ele>1579.71</ele>
      </trkpt>
      <trkpt lat="34.2923" lon="-117.40947">
        <ele>1579.71</ele>
      </trkpt>
      <trkpt lat="34.29228" lon="-117.40931">
        <ele>1580.58</ele>
      </trkpt>
      <trkpt lat="34.29227" lon="-117.40924">
        <ele>1581.55</ele>
      </trkpt>
      <trkpt lat="34.29228" lon="-117.40919">
        <ele>1581.41</ele>
      </trkpt>
      <trkpt lat="34.29229" lon="-117.40913">
        <ele>1581.36</ele>
      </trkpt>
      <trkpt lat="34.2923" lon="-117.40908">
        <ele>1581.43</ele>
      </trkpt>
      <trkpt lat="34.29231" lon="-117.40905">
        <ele>1580.87</ele>
      </trkpt>
      <trkpt lat="34.29234" lon="-117.40891">
        <ele>1578.62</ele>
      </trkpt>
      <trkpt lat="34.29233" lon="-117.40885">
        <ele>1577.62</ele>
      </trkpt>
      <trkpt lat="34.2923" lon="-117.40881">
        <ele>1576.28</ele>
      </trkpt>
      <trkpt lat="34.29225" lon="-117.40879">
        <ele>1575.18</ele>
      </trkpt>
      <trkpt lat="34.29221" lon="-117.40879">
        <ele>1574.86</ele>
      </trkpt>
      <trkpt lat="34.29216" lon="-117.40879">
        <ele>1574.86</ele>
      </trkpt>
      <trkpt lat="34.29211" lon="-117.40879">
        <ele>1575.06</ele>
      </trkpt>
      <trkpt lat="34.29207" lon="-117.40878">
        <ele>1575.18</ele>
      </trkpt>
      <trkpt lat="34.29207" lon="-117.40878">
        <ele>1575.18</ele>
      </trkpt>
      <trkpt lat="34.29203" lon="-117.40878">
        <ele>1575.55</ele>
      </trkpt>
      <trkpt lat="34.29194" lon="-117.40875">
        <ele>1575.6</ele>
      </trkpt>
      <trkpt lat="34.29187" lon="-117.40871">
        <ele>1575.81</ele>
      </trkpt>
      <trkpt lat="34.2918" lon="-117.4086">
        <ele>1573.88</ele>
      </trkpt>
      <trkpt lat="34.29176" lon="-117.40852">
        <ele>1573.02</ele>
      </trkpt>
      <trkpt lat="34.2917" lon="-117.40843">
        <ele>1571.73</ele>
      </trkpt>
      <trkpt lat="34.29148" lon="-117.4083">
        <ele>1572.65</ele>
      </trkpt>
      <trkpt lat="34.29147" lon="-117.40829">
        <ele>1572.6</ele>
      </trkpt>
      <trkpt lat="34.2914" lon="-117.40816">
        <ele>1571.13</ele>
      </trkpt>
      <trkpt lat="34.29137" lon="-117.40802">
        <ele>1567.72</ele>
      </trkpt>
      <trkpt lat="34.29139" lon="-117.40789">
        <ele>1565.25</ele>
      </trkpt>
      <trkpt lat="34.29141" lon="-117.40776">
        <ele>1567.84</ele>
      </trkpt>
      <trkpt lat="34.29141" lon="-117.40776">
        <ele>1567.84</ele>
      </trkpt>
      <trkpt lat="34.2914" lon="-117.40758">
        <ele>1570.48</ele>
      </trkpt>
      <trkpt lat="34.29133" lon="-117.40747">
        <ele>1570.62</ele>
      </trkpt>
      <trkpt lat="34.29132" lon="-117.40745">
        <ele>1570.71</ele>
      </trkpt>
      <trkpt lat="34.29127" lon="-117.40735">
        <ele>1572.12</ele>
      </trkpt>
      <trkpt lat="34.29122" lon="-117.40725">
        <ele>1573.5</ele>
      </trkpt>
      <trkpt lat="34.29119" lon="-117.40714">
        <ele>1575.46</ele>
      </trkpt>
      <trkpt lat="34.29114" lon="-117.40703">
        <ele>1576.78</ele>
      </trkpt>
      <trkpt lat="34.29109" lon="-117.40691">
        <ele>1577.92</ele>
      </trkpt>
      <trkpt lat="34.29106" lon="-117.4068">
        <ele>1578.4</ele>
      </trkpt>
      <trkpt lat="34.29102" lon="-117.4067">
        <ele>1576.43</ele>
      </trkpt>
      <trkpt lat="34.29101" lon="-117.40658">
        <ele>1576.57</ele>
      </trkpt>
      <trkpt lat="34.29104" lon="-117.40646">
        <ele>1579.75</ele>
      </trkpt>
      <trkpt lat="34.2911" lon="-117.40634">
        <ele>1583.06</ele>
      </trkpt>
      <trkpt lat="34.29117" lon="-117.40625">
        <ele>1583.59</ele>
      </trkpt>
      <trkpt lat="34.29127" lon="-117.40618">
        <ele>1585.18</ele>
      </trkpt>
      <trkpt lat="34.29142" lon="-117.40609">
        <ele>1586.82</ele>
      </trkpt>
      <trkpt lat="34.2915" lon="-117.40599">
        <ele>1588.4</ele>
      </trkpt>
      <trkpt lat="34.29152" lon="-117.40597">
        <ele>1588.83</ele>
      </trkpt>
      <trkpt lat="34.29156" lon="-117.40591">
        <ele>1589.55</ele>
      </trkpt>
      <trkpt lat="34.29161" lon="-117.40587">
        <ele>1589.24</ele>
      </trkpt>
      <trkpt lat="34.29164" lon="-117.4058">
        <ele>1589.0</ele>
      </trkpt>
      <trkpt lat="34.29166" lon="-117.40573">
        <ele>1589.11</ele>
      </trkpt>
      <trkpt lat="34.29166" lon="-117.40566">
        <ele>1589.81</ele>
      </trkpt>
      <trkpt lat="34.29167" lon="-117.40559">
        <ele>1590.65</ele>
      </trkpt>
      <trkpt lat="34.29166" lon="-117.40552">
        <ele>1590.44</ele>
      </trkpt>
      <trkpt lat="34.29167" lon="-117.40545">
        <ele>1589.97</ele>
      </trkpt>
      <trkpt lat="34.29167" lon="-117.40538">
        <ele>1589.24</ele>
      </trkpt>
      <trkpt lat="34.29164" lon="-117.40522">
        <ele>1588.76</ele>
      </trkpt>
      <trkpt lat="34.29158" lon="-117.40513">
        <ele>1587.83</ele>
      </trkpt>
      <trkpt lat="34.29148" lon="-117.40504">
        <ele>1587.12</ele>
      </trkpt>
      <trkpt lat="34.29143" lon="-117.40502">
        <ele>1587.01</ele>
      </trkpt>
      <trkpt lat="34.29137" lon="-117.40499">
        <ele>1586.99</ele>
      </trkpt>
      <trkpt lat="34.29131" lon="-117.40497">
        <ele>1586.52</ele>
      </trkpt>
      <trkpt lat="34.29126" lon="-117.40494">
        <ele>1586.12</ele>
      </trkpt>
      <trkpt lat="34.29121" lon="-117.40491">
        <ele>1586.01</ele>
      </trkpt>
      <trkpt lat="34.29115" lon="-117.40489">
        <ele>1585.8</ele>
      </trkpt>
      <trkpt lat="34.2911" lon="-117.40486">
        <ele>1585.9</ele>
      </trkpt>
      <trkpt lat="34.29109" lon="-117.40485">
        <ele>1586.01</ele>
      </trkpt>
      <trkpt lat="34.29097" lon="-117.40478">
        <ele>1586.23</ele>
      </trkpt>
      <trkpt lat="34.29087" lon="-117.40468">
        <ele>1586.58</ele>
      </trkpt>
      <trkpt lat="34.2908" lon="-117.40456">
        <ele>1584.26</ele>
      </trkpt>
      <trkpt lat="34.29078" lon="-117.40446">
        <ele>1581.96</ele>
      </trkpt>
      <trkpt lat="34.29078" lon="-117.40432">
        <ele>1579.93</ele>
      </trkpt>
      <trkpt lat="34.29078" lon="-117.40432">
        <ele>1579.93</ele>
      </trkpt>
      <trkpt lat="34.2908" lon="-117.40422">
        <ele>1579.5</ele>
      </trkpt>
      <trkpt lat="34.29084" lon="-117.40412">
        <ele>1580.25</ele>
      </trkpt>
      <trkpt lat="34.29086" lon="-117.40399">
        <ele>1580.22</ele>
      </trkpt>
      <trkpt lat="34.29086" lon="-117.40388">
        <ele>1579.77</ele>
      </trkpt>
      <trkpt lat="34.29087" lon="-117.40373">
        <ele>1578.19</ele>
      </trkpt>
      <trkpt lat="34.29084" lon="-117.40367">
        <ele>1576.78</ele>
      </trkpt>
      <trkpt lat="34.29081" lon="-117.40362">
        <ele>1575.59</ele>
      </trkpt>
      <trkpt lat="34.29077" lon="-117.40347">
        <ele>1574.63</ele>
      </trkpt>
      <trkpt lat="34.29079" lon="-117.40323">
        <ele>1574.01</ele>
      </trkpt>
      <trkpt lat="34.29087" lon="-117.40299">
        <ele>1573.97</ele>
      </trkpt>
      <trkpt lat="34.29104" lon="-117.40248">
        <ele>1573.02</ele>
      </trkpt>
      <trkpt lat="34.29111" lon="-117.40231">
        <ele>1570.94</ele>
      </trkpt>
      <trkpt lat="34.29116" lon="-117.4021">
        <ele>1570.17</ele>
      </trkpt>
      <trkpt lat="34.29121" lon="-117.40185">
        <ele>1572.02</ele>
      </trkpt>
      <trkpt lat="34.2913" lon="-117.40164">
        <ele>1573.22</ele>
      </trkpt>
      <trkpt lat="34.29134" lon="-117.40142">
        <ele>1576.38</ele>
      </trkpt>
      <trkpt lat="34.29141" lon="-117.4012">
        <ele>1578.62</ele>
      </trkpt>
      <trkpt lat="34.29148" lon="-117.40104">
        <ele>1579.8</ele>
      </trkpt>
      <trkpt lat="34.29155" lon="-117.40085">
        <ele>1580.34</ele>
      </trkpt>
      <trkpt lat="34.29156" lon="-117.40065">
        <ele>1580.46</ele>
      </trkpt>
      <trkpt lat="34.29156" lon="-117.40046">
        <ele>1580.42</ele>
      </trkpt>
      <trkpt lat="34.29139" lon="-117.40013">
        <ele>1584.96</ele>
      </trkpt>
      <trkpt lat="34.29135" lon="-117.39984">
        <ele>1584.22</ele>
      </trkpt>
      <trkpt lat="34.29119" lon="-117.39961">
        <ele>1585.14</ele>
      </trkpt>
      <trkpt lat="34.291" lon="-117.39938">
        <ele>1587.35</ele>
      </trkpt>
      <trkpt lat="34.29092" lon="-117.39928">
        <ele>1588.69</ele>
      </trkpt>
      <trkpt lat="34.29072" lon="-117.39915">
        <ele>1594.31</ele>
      </trkpt>
      <trkpt lat="34.29065" lon="-117.39904">
        <ele>1594.57</ele>
      </trkpt>
      <trkpt lat="34.2906" lon="-117.39891">
        <ele>1593.75</ele>
      </trkpt>
      <trkpt lat="34.29057" lon="-117.39876">
        <ele>1591.22</ele>
      </trkpt>
      <trkpt lat="34.29057" lon="-117.39863">
        <ele>1589.33</ele>
      </trkpt>
      <trkpt lat="34.29059" lon="-117.39856">
        <ele>1589.72</ele>
      </trkpt>
      <trkpt lat="34.29081" lon="-117.39844">
        <ele>1589.1</ele>
      </trkpt>
      <trkpt lat="34.29093" lon="-117.39835">
        <ele>1589.55</ele>
      </trkpt>
      <trkpt lat="34.29093" lon="-117.39835">
        <ele>1589.55</ele>
      </trkpt>
      <trkpt lat="34.29101" lon="-117.39827">
        <ele>1590.17</ele>
      </trkpt>
      <trkpt lat="34.2911" lon="-117.39818">
        <ele>1589.67</ele>
      </trkpt>
      <trkpt lat="34.29118" lon="-117.39808">
        <ele>1588.69</ele>
      </trkpt>
      <trkpt lat="34.29126" lon="-117.39798">
        <ele>1586.99</ele>
      </trkpt>
      <trkpt lat="34.29134" lon="-117.39788">
        <ele>1585.01</ele>
      </trkpt>
      <trkpt lat="34.2914" lon="-117.39778">
        <ele>1583.76</ele>
      </trkpt>
      <trkpt lat="34.29143" lon="-117.39766">
        <ele>1583.11</ele>
      </trkpt>
      <trkpt lat="34.29146" lon="-117.39755">
        <ele>1582.46</ele>
      </trkpt>
      <trkpt lat="34.29147" lon="-117.39744">
        <ele>1582.25</ele>
      </trkpt>
      <trkpt lat="34.29148" lon="-117.39729">
        <ele>1580.76</ele>
      </trkpt>
      <trkpt lat="34.29148" lon="-117.39726">
        <ele>1580.44</ele>
      </trkpt>
      <trkpt lat="34.29147" lon="-117.39704">
        <ele>1578.16</ele>
      </trkpt>
      <trkpt lat="34.29146" lon="-117.39698">
        <ele>1577.47</ele>
      </trkpt>
      <trkpt lat="34.29143" lon="-117.39694">
        <ele>1576.88</ele>
      </trkpt>
      <trkpt lat="34.29139" lon="-117.39691">
        <ele>1575.89</ele>
      </trkpt>
      <trkpt lat="34.29136" lon="-117.3969">
        <ele>1575.25</ele>
      </trkpt>
      <trkpt lat="34.29116" lon="-117.39689">
        <ele>1573.02</ele>
      </trkpt>
      <trkpt lat="34.29111" lon="-117.39689">
        <ele>1573.26</ele>
      </trkpt>
      <trkpt lat="34.29106" lon="-117.39689">
        <ele>1574.11</ele>
      </trkpt>
      <trkpt lat="34.29102" lon="-117.39689">
        <ele>1574.8</ele>
      </trkpt>
      <trkpt lat="34.29097" lon="-117.39688">
        <ele>1575.66</ele>
      </trkpt>
      <trkpt lat="34.29093" lon="-117.39686">
        <ele>1576.09</ele>
      </trkpt>
      <trkpt lat="34.29089" lon="-117.39683">
        <ele>1576.69</ele>
      </trkpt>
      <trkpt lat="34.29087" lon="-117.39681">
        <ele>1576.91</ele>
      </trkpt>
      <trkpt lat="34.29086" lon="-117.39673">
        <ele>1575.82</ele>
      </trkpt>
      <trkpt lat="34.29087" lon="-117.39667">
        <ele>1574.85</ele>
      </trkpt>
      <trkpt lat="34.29088" lon="-117.39662">
        <ele>1574.99</ele>
      </trkpt>
      <trkpt lat="34.2909" lon="-117.39657">
        <ele>1574.95</ele>
      </trkpt>
      <trkpt lat="34.29091" lon="-117.39656">
        <ele>1574.87</ele>
      </trkpt>
      <trkpt lat="34.29096" lon="-117.39648">
        <ele>1574.94</ele>
      </trkpt>
      <trkpt lat="34.29099" lon="-117.39644">
        <ele>1574.96</ele>
      </trkpt>
      <trkpt lat="34.29103" lon="-117.3964">
        <ele>1574.37</ele>
      </trkpt>
      <trkpt lat="34.29107" lon="-117.39636">
        <ele>1573.96</ele>
      </trkpt>
      <trkpt lat="34.29108" lon="-117.39636">
        <ele>1573.63</ele>
      </trkpt>
      <trkpt lat="34.29111" lon="-117.39633">
        <ele>1573.31</ele>
      </trkpt>
      <trkpt lat="34.29118" lon="-117.39627">
        <ele>1570.78</ele>
      </trkpt>
      <trkpt lat="34.29125" lon="-117.39617">
        <ele>1568.0</ele>
      </trkpt>
      <trkpt lat="34.29126" lon="-117.39611">
        <ele>1567.33</ele>
      </trkpt>
      <trkpt lat="34.29127" lon="-117.39605">
        <ele>1565.57</ele>
      </trkpt>
      <trkpt lat="34.29126" lon="-117.39599">
        <ele>1565.32</ele>
      </trkpt>
      <trkpt lat="34.29125" lon="-117.39593">
        <ele>1565.07</ele>
      </trkpt>
      <trkpt lat="34.29124" lon="-117.39587">
        <ele>1565.88</ele>
      </trkpt>
      <trkpt lat="34.29123" lon="-117.39582">
        <ele>1566.62</ele>
      </trkpt>
      <trkpt lat="34.29122" lon="-117.39576">
        <ele>1567.26</ele>
      </trkpt>
      <trkpt lat="34.29121" lon="-117.39568">
        <ele>1567.77</ele>
      </trkpt>
      <trkpt lat="34.29121" lon="-117.39562">
        <ele>1567.51</ele>
      </trkpt>
      <trkpt lat="34.29121" lon="-117.39562">
        <ele>1567.51</ele>
      </trkpt>
      <trkpt lat="34.29128" lon="-117.39544">
        <ele>1564.93</ele>
      </trkpt>
      <trkpt lat="34.29129" lon="-117.39538">
        <ele>1564.17</ele>
      </trkpt>
      <trkpt lat="34.2913" lon="-117.39532">
        <ele>1563.46</ele>
      </trkpt>
      <trkpt lat="34.29129" lon="-117.39526">
        <ele>1562.42</ele>
      </trkpt>
      <trkpt lat="34.29126" lon="-117.39521">
        <ele>1560.8</ele>
      </trkpt>
      <trkpt lat="34.29125" lon="-117.3952">
        <ele>1560.48</ele>
      </trkpt>
      <trkpt lat="34.29117" lon="-117.39515">
        <ele>1558.48</ele>
      </trkpt>
      <trkpt lat="34.29112" lon="-117.39512">
        <ele>1557.18</ele>
      </trkpt>
      <trkpt lat="34.29111" lon="-117.39511">
        <ele>1556.74</ele>
      </trkpt>
      <trkpt lat="34.29075" lon="-117.39498">
        <ele>1549.35</ele>
      </trkpt>
      <trkpt lat="34.29069" lon="-117.39496">
        <ele>1548.7</ele>
      </trkpt>
      <trkpt lat="34.29065" lon="-117.39496">
        <ele>1548.7</ele>
      </trkpt>
      <trkpt lat="34.2906" lon="-117.39494">
        <ele>1548.06</ele>
      </trkpt>
      <trkpt lat="34.29056" lon="-117.39493">
        <ele>1547.73</ele>
      </trkpt>
      <trkpt lat="34.29056" lon="-117.39493">
        <ele>1547.73</ele>
      </trkpt>
      <trkpt lat="34.29032" lon="-117.39488">
        <ele>1545.82</ele>
      </trkpt>
      <trkpt lat="34.29027" lon="-117.39487">
        <ele>1545.38</ele>
      </trkpt>
      <trkpt lat="34.29022" lon="-117.39487">
        <ele>1545.38</ele>
      </trkpt>
      <trkpt lat="34.29017" lon="-117.39487">
        <ele>1545.38</ele>
      </trkpt>
      <trkpt lat="34.29012" lon="-117.39487">
        <ele>1545.38</ele>
      </trkpt>
      <trkpt lat="34.2901" lon="-117.39488">
        <ele>1545.82</ele>
      </trkpt>
      <trkpt lat="34.28975" lon="-117.39489">
        <ele>1550.78</ele>
      </trkpt>
      <trkpt lat="34.28971" lon="-117.39488">
        <ele>1551.45</ele>
      </trkpt>
      <trkpt lat="34.28966" lon="-117.39486">
        <ele>1551.32</ele>
      </trkpt>
      <trkpt lat="34.28963" lon="-117.39482">
        <ele>1551.05</ele>
      </trkpt>
      <trkpt lat="34.2896" lon="-117.39478">
        <ele>1549.73</ele>
      </trkpt>
      <trkpt lat="34.28959" lon="-117.39475">
        <ele>1549.04</ele>
      </trkpt>
      <trkpt lat="34.28956" lon="-117.3946">
        <ele>1543.7</ele>
      </trkpt>
      <trkpt lat="34.28955" lon="-117.39454">
        <ele>1541.38</ele>
      </trkpt>
      <trkpt lat="34.28955" lon="-117.3945">
        <ele>1540.08</ele>
      </trkpt>
      <trkpt lat="34.28956" lon="-117.39445">
        <ele>1538.68</ele>
      </trkpt>
      <trkpt lat="34.28957" lon="-117.39439">
        <ele>1537.54</ele>
      </trkpt>
      <trkpt lat="34.28958" lon="-117.39428">
        <ele>1536.15</ele>
      </trkpt>
      <trkpt lat="34.2896" lon="-117.39417">
        <ele>1535.4</ele>
      </trkpt>
      <trkpt lat="34.28962" lon="-117.39402">
        <ele>1535.21</ele>
      </trkpt>
      <trkpt lat="34.2897" lon="-117.39381">
        <ele>1533.91</ele>
      </trkpt>
      <trkpt lat="34.28985" lon="-117.39369">
        <ele>1533.85</ele>
      </trkpt>
      <trkpt lat="34.28994" lon="-117.39363">
        <ele>1533.2</ele>
      </trkpt>
      <trkpt lat="34.29004" lon="-117.39364">
        <ele>1533.31</ele>
      </trkpt>
      <trkpt lat="34.2902" lon="-117.39371">
        <ele>1532.69</ele>
      </trkpt>
      <trkpt lat="34.29029" lon="-117.39374">
        <ele>1531.21</ele>
      </trkpt>
      <trkpt lat="34.29039" lon="-117.39376">
        <ele>1529.58</ele>
      </trkpt>
      <trkpt lat="34.2905" lon="-117.39374">
        <ele>1527.6</ele>
      </trkpt>
      <trkpt lat="34.29057" lon="-117.39367">
        <ele>1526.84</ele>
      </trkpt>
      <trkpt lat="34.29063" lon="-117.39358">
        <ele>1525.93</ele>
      </trkpt>
      <trkpt lat="34.29067" lon="-117.39345">
        <ele>1524.35</ele>
      </trkpt>
      <trkpt lat="34.29067" lon="-117.39331">
        <ele>1523.1</ele>
      </trkpt>
      <trkpt lat="34.29065" lon="-117.39319">
        <ele>1522.95</ele>
      </trkpt>
      <trkpt lat="34.29062" lon="-117.39306">
        <ele>1523.62</ele>
      </trkpt>
      <trkpt lat="34.29061" lon="-117.39295">
        <ele>1523.24</ele>
      </trkpt>
      <trkpt lat="34.29062" lon="-117.39282">
        <ele>1522.91</ele>
      </trkpt>
      <trkpt lat="34.29064" lon="-117.39269">
        <ele>1522.18</ele>
      </trkpt>
      <trkpt lat="34.29066" lon="-117.39255">
        <ele>1520.62</ele>
      </trkpt>
      <trkpt lat="34.29067" lon="-117.39242">
        <ele>1519.63</ele>
      </trkpt>
      <trkpt lat="34.29067" lon="-117.39229">
        <ele>1518.23</ele>
      </trkpt>
      <trkpt lat="34.29066" lon="-117.39215">
        <ele>1515.41</ele>
      </trkpt>
      <trkpt lat="34.29065" lon="-117.39202">
        <ele>1512.63</ele>
      </trkpt>
      <trkpt lat="34.29064" lon="-117.39189">
        <ele>1509.82</ele>
      </trkpt>
      <trkpt lat="34.29063" lon="-117.39182">
        <ele>1507.69</ele>
      </trkpt>
      <trkpt lat="34.29058" lon="-117.39165">
        <ele>1502.24</ele>
      </trkpt>
      <trkpt lat="34.29052" lon="-117.39151">
        <ele>1500.46</ele>
      </trkpt>
      <trkpt lat="34.29042" lon="-117.39141">
        <ele>1500.92</ele>
      </trkpt>
      <trkpt lat="34.29025" lon="-117.39133">
        <ele>1499.73</ele>
      </trkpt>
      <trkpt lat="34.29018" lon="-117.39128">
        <ele>1498.65</ele>
      </trkpt>
      <trkpt lat="34.29018" lon="-117.39128">
        <ele>1498.65</ele>
      </trkpt>
      <trkpt lat="34.29009" lon="-117.39122">
        <ele>1497.32</ele>
      </trkpt>
      <trkpt lat="34.28995" lon="-117.391">
        <ele>1491.17</ele>
      </trkpt>
      <trkpt lat="34.28993" lon="-117.39098">
        <ele>1490.73</ele>
      </trkpt>
      <trkpt lat="34.28983" lon="-117.3909">
        <ele>1487.72</ele>
      </trkpt>
      <trkpt lat="34.28972" lon="-117.39088">
        <ele>1486.0</ele>
      </trkpt>
      <trkpt lat="34.28962" lon="-117.39086">
        <ele>1485.39</ele>
      </trkpt>
      <trkpt lat="34.28953" lon="-117.3908">
        <ele>1485.9</ele>
      </trkpt>
      <trkpt lat="34.2895" lon="-117.39066">
        <ele>1485.73</ele>
      </trkpt>
      <trkpt lat="34.28952" lon="-117.39055">
        <ele>1484.5</ele>
      </trkpt>
      <trkpt lat="34.28954" lon="-117.39043">
        <ele>1482.89</ele>
      </trkpt>
      <trkpt lat="34.28956" lon="-117.3903">
        <ele>1482.01</ele>
      </trkpt>
      <trkpt lat="34.28959" lon="-117.39017">
        <ele>1480.64</ele>
      </trkpt>
      <trkpt lat="34.28961" lon="-117.39006">
        <ele>1479.64</ele>
      </trkpt>
      <trkpt lat="34.28966" lon="-117.38996">
        <ele>1478.45</ele>
      </trkpt>
      <trkpt lat="34.28972" lon="-117.38987">
        <ele>1477.48</ele>
      </trkpt>
      <trkpt lat="34.2898" lon="-117.38981">
        <ele>1476.42</ele>
      </trkpt>
      <trkpt lat="34.28991" lon="-117.38972">
        <ele>1474.94</ele>
      </trkpt>
      <trkpt lat="34.28998" lon="-117.38965">
        <ele>1473.42</ele>
      </trkpt>
      <trkpt lat="34.29003" lon="-117.38955">
        <ele>1473.68</ele>
      </trkpt>
      <trkpt lat="34.29008" lon="-117.38942">
        <ele>1473.74</ele>
      </trkpt>
      <trkpt lat="34.29017" lon="-117.38931">
        <ele>1469.67</ele>
      </trkpt>
      <trkpt lat="34.29025" lon="-117.38923">
        <ele>1467.64</ele>
      </trkpt>
      <trkpt lat="34.29033" lon="-117.38914">
        <ele>1467.03</ele>
      </trkpt>
      <trkpt lat="34.2904" lon="-117.38902">
        <ele>1466.28</ele>
      </trkpt>
      <trkpt lat="34.29048" lon="-117.38891">
        <ele>1466.0</ele>
      </trkpt>
      <trkpt lat="34.29052" lon="-117.3888">
        <ele>1464.67</ele>
      </trkpt>
      <trkpt lat="34.29059" lon="-117.38872">
        <ele>1464.18</ele>
      </trkpt>
      <trkpt lat="34.29068" lon="-117.38864">
        <ele>1462.52</ele>
      </trkpt>
      <trkpt lat="34.29087" lon="-117.38857">
        <ele>1461.94</ele>
      </trkpt>
      <trkpt lat="34.29098" lon="-117.38856">
        <ele>1460.49</ele>
      </trkpt>
      <trkpt lat="34.2911" lon="-117.38853">
        <ele>1458.98</ele>
      </trkpt>
      <trkpt lat="34.2912" lon="-117.38849">
        <ele>1457.71</ele>
      </trkpt>
      <trkpt lat="34.29131" lon="-117.38841">
        <ele>1454.73</ele>
      </trkpt>
      <trkpt lat="34.29139" lon="-117.38834">
        <ele>1452.89</ele>
      </trkpt>
      <trkpt lat="34.29156" lon="-117.38819">
        <ele>1450.78</ele>
      </trkpt>
      <trkpt lat="34.29165" lon="-117.3881">
        <ele>1449.88</ele>
      </trkpt>
      <trkpt lat="34.29172" lon="-117.38798">
        <ele>1448.27</ele>
      </trkpt>
      <trkpt lat="34.29173" lon="-117.38784">
        <ele>1447.29</ele>
      </trkpt>
      <trkpt lat="34.29172" lon="-117.38773">
        <ele>1445.46</ele>
      </trkpt>
      <trkpt lat="34.29168" lon="-117.38761">
        <ele>1444.8</ele>
      </trkpt>
      <trkpt lat="34.29166" lon="-117.38749">
        <ele>1443.96</ele>
      </trkpt>
      <trkpt lat="34.29165" lon="-117.38737">
        <ele>1442.19</ele>
      </trkpt>
      <trkpt lat="34.29162" lon="-117.38723">
        <ele>1439.17</ele>
      </trkpt>
      <trkpt lat="34.29155" lon="-117.38715">
        <ele>1435.82</ele>
      </trkpt>
      <trkpt lat="34.29144" lon="-117.38713">
        <ele>1434.12</ele>
      </trkpt>
      <trkpt lat="34.29133" lon="-117.38715">
        <ele>1433.24</ele>
      </trkpt>
      <trkpt lat="34.29122" lon="-117.38718">
        <ele>1432.9</ele>
      </trkpt>
      <trkpt lat="34.2911" lon="-117.38722">
        <ele>1431.54</ele>
      </trkpt>
      <trkpt lat="34.29092" lon="-117.38727">
        <ele>1429.55</ele>
      </trkpt>
      <trkpt lat="34.2908" lon="-117.38729">
        <ele>1430.39</ele>
      </trkpt>
      <trkpt lat="34.29071" lon="-117.3873">
        <ele>1430.71</ele>
      </trkpt>
      <trkpt lat="34.29061" lon="-117.3873">
        <ele>1429.63</ele>
      </trkpt>
      <trkpt lat="34.29055" lon="-117.38729">
        <ele>1428.27</ele>
      </trkpt>
      <trkpt lat="34.29047" lon="-117.38729">
        <ele>1426.54</ele>
      </trkpt>
      <trkpt lat="34.29041" lon="-117.38727">
        <ele>1423.95</ele>
      </trkpt>
      <trkpt lat="34.29039" lon="-117.38726">
        <ele>1422.87</ele>
      </trkpt>
      <trkpt lat="34.29036" lon="-117.38723">
        <ele>1420.89</ele>
      </trkpt>
      <trkpt lat="34.29035" lon="-117.3872">
        <ele>1420.42</ele>
      </trkpt>
      <trkpt lat="34.29033" lon="-117.3871">
        <ele>1421.38</ele>
      </trkpt>
      <trkpt lat="34.29034" lon="-117.38701">
        <ele>1421.57</ele>
      </trkpt>
      <trkpt lat="34.29035" lon="-117.38691">
        <ele>1421.49</ele>
      </trkpt>
      <trkpt lat="34.29033" lon="-117.38681">
        <ele>1423.98</ele>
      </trkpt>
      <trkpt lat="34.29033" lon="-117.38681">
        <ele>1423.98</ele>
      </trkpt>
      <trkpt lat="34.29032" lon="-117.38672">
        <ele>1424.38</ele>
      </trkpt>
      <trkpt lat="34.29031" lon="-117.38661">
        <ele>1423.55</ele>
      </trkpt>
      <trkpt lat="34.29029" lon="-117.38645">
        <ele>1423.0</ele>
      </trkpt>
      <trkpt lat="34.29025" lon="-117.3863">
        <ele>1423.24</ele>
      </trkpt>
      <trkpt lat="34.2902" lon="-117.38617">
        <ele>1422.69</ele>
      </trkpt>
      <trkpt lat="34.29019" lon="-117.38616">
        <ele>1422.87</ele>
      </trkpt>
      <trkpt lat="34.29015" lon="-117.3861">
        <ele>1422.52</ele>
      </trkpt>
      <trkpt lat="34.29012" lon="-117.38603">
        <ele>1421.66</ele>
      </trkpt>
      <trkpt lat="34.29011" lon="-117.38602">
        <ele>1421.66</ele>
      </trkpt>
      <trkpt lat="34.29006" lon="-117.38586">
        <ele>1419.64</ele>
      </trkpt>
      <trkpt lat="34.29006" lon="-117.38575">
        <ele>1418.45</ele>
      </trkpt>
      <trkpt lat="34.2901" lon="-117.38566">
        <ele>1417.84</ele>
      </trkpt>
      <trkpt lat="34.29027" lon="-117.38523">
        <ele>1412.1</ele>
      </trkpt>
      <trkpt lat="34.29038" lon="-117.38503">
        <ele>1411.88</ele>
      </trkpt>
      <trkpt lat="34.2904" lon="-117.38496">
        <ele>1411.91</ele>
      </trkpt>
      <trkpt lat="34.29045" lon="-117.3848">
        <ele>1411.12</ele>
      </trkpt>
      <trkpt lat="34.29048" lon="-117.38466">
        <ele>1409.94</ele>
      </trkpt>
      <trkpt lat="34.29053" lon="-117.38449">
        <ele>1409.66</ele>
      </trkpt>
      <trkpt lat="34.29063" lon="-117.38426">
        <ele>1409.61</ele>
      </trkpt>
      <trkpt lat="34.29068" lon="-117.38412">
        <ele>1409.36</ele>
      </trkpt>
      <trkpt lat="34.29067" lon="-117.38402">
        <ele>1408.26</ele>
      </trkpt>
      <trkpt lat="34.29068" lon="-117.38388">
        <ele>1408.0</ele>
      </trkpt>
      <trkpt lat="34.29068" lon="-117.38375">
        <ele>1407.19</ele>
      </trkpt>
      <trkpt lat="34.29068" lon="-117.38364">
        <ele>1406.0</ele>
      </trkpt>
      <trkpt lat="34.29069" lon="-117.38351">
        <ele>1403.81</ele>
      </trkpt>
      <trkpt lat="34.2907" lon="-117.38345">
        <ele>1403.38</ele>
      </trkpt>
      <trkpt lat="34.29071" lon="-117.3834">
        <ele>1402.87</ele>
      </trkpt>
      <trkpt lat="34.29074" lon="-117.38335">
        <ele>1402.35</ele>
      </trkpt>
      <trkpt lat="34.29076" lon="-117.38331">
        <ele>1401.96</ele>
      </trkpt>
      <trkpt lat="34.29083" lon="-117.38322">
        <ele>1401.52</ele>
      </trkpt>
      <trkpt lat="34.29086" lon="-117.38318">
        <ele>1401.07</ele>
      </trkpt>
      <trkpt lat="34.29087" lon="-117.38317">
        <ele>1401.08</ele>
      </trkpt>
      <trkpt lat="34.29088" lon="-117.38315">
        <ele>1401.03</ele>
      </trkpt>
      <trkpt lat="34.29088" lon="-117.38309">
        <ele>1400.69</ele>
      </trkpt>
      <trkpt lat="34.29085" lon="-117.38297">
        <ele>1399.42</ele>
      </trkpt>
      <trkpt lat="34.29084" lon="-117.38285">
        <ele>1397.72</ele>
      </trkpt>
      <trkpt lat="34.29086" lon="-117.38274">
        <ele>1396.05</ele>
      </trkpt>
      <trkpt lat="34.29089" lon="-117.38261">
        <ele>1394.71</ele>
      </trkpt>
      <trkpt lat="34.29089" lon="-117.38242">
        <ele>1393.31</ele>
      </trkpt>
      <trkpt lat="34.29087" lon="-117.38236">
        <ele>1392.79</ele>
      </trkpt>
      <trkpt lat="34.29086" lon="-117.38231">
        <ele>1392.56</ele>
      </trkpt>
      <trkpt lat="34.29085" lon="-117.38226">
        <ele>1392.25</ele>
      </trkpt>
      <trkpt lat="34.29087" lon="-117.38207">
        <ele>1391.75</ele>
      </trkpt>
      <trkpt lat="34.29091" lon="-117.38203">
        <ele>1391.68</ele>
      </trkpt>
      <trkpt lat="34.29095" lon="-117.382">
        <ele>1391.3</ele>
      </trkpt>
      <trkpt lat="34.291" lon="-117.382">
        <ele>1391.52</ele>
      </trkpt>
      <trkpt lat="34.29101" lon="-117.38199">
        <ele>1391.45</ele>
      </trkpt>
      <trkpt lat="34.29109" lon="-117.38199">
        <ele>1390.33</ele>
      </trkpt>
      <trkpt lat="34.29113" lon="-117.38201">
        <ele>1389.4</ele>
      </trkpt>
      <trkpt lat="34.29117" lon="-117.38205">
        <ele>1388.0</ele>
      </trkpt>
      <trkpt lat="34.29119" lon="-117.38209">
        <ele>1387.71</ele>
      </trkpt>
      <trkpt lat="34.2912" lon="-117.38209">
        <ele>1387.3</ele>
      </trkpt>
      <trkpt lat="34.29126" lon="-117.38221">
        <ele>1387.49</ele>
      </trkpt>
      <trkpt lat="34.2913" lon="-117.38225">
        <ele>1387.23</ele>
      </trkpt>
      <trkpt lat="34.29134" lon="-117.38229">
        <ele>1387.13</ele>
      </trkpt>
      <trkpt lat="34.29135" lon="-117.3823">
        <ele>1387.17</ele>
      </trkpt>
      <trkpt lat="34.29144" lon="-117.38233">
        <ele>1386.78</ele>
      </trkpt>
      <trkpt lat="34.29148" lon="-117.3823">
        <ele>1385.54</ele>
      </trkpt>
      <trkpt lat="34.29152" lon="-117.38226">
        <ele>1383.81</ele>
      </trkpt>
      <trkpt lat="34.29152" lon="-117.38225">
        <ele>1383.48</ele>
      </trkpt>
      <trkpt lat="34.29162" lon="-117.38209">
        <ele>1379.42</ele>
      </trkpt>
      <trkpt lat="34.29166" lon="-117.38205">
        <ele>1379.27</ele>
      </trkpt>
      <trkpt lat="34.29167" lon="-117.38203">
        <ele>1378.69</ele>
      </trkpt>
      <trkpt lat="34.29169" lon="-117.382">
        <ele>1377.5</ele>
      </trkpt>
      <trkpt lat="34.29179" lon="-117.38192">
        <ele>1375.17</ele>
      </trkpt>
      <trkpt lat="34.29194" lon="-117.38192">
        <ele>1377.63</ele>
      </trkpt>
      <trkpt lat="34.29206" lon="-117.38199">
        <ele>1377.85</ele>
      </trkpt>
      <trkpt lat="34.29224" lon="-117.38223">
        <ele>1375.78</ele>
      </trkpt>
      <trkpt lat="34.29228" lon="-117.3824">
        <ele>1379.17</ele>
      </trkpt>
      <trkpt lat="34.29243" lon="-117.38252">
        <ele>1377.92</ele>
      </trkpt>
      <trkpt lat="34.29254" lon="-117.3825">
        <ele>1376.14</ele>
      </trkpt>
      <trkpt lat="34.2926" lon="-117.38243">
        <ele>1374.76</ele>
      </trkpt>
      <trkpt lat="34.29265" lon="-117.38232">
        <ele>1372.42</ele>
      </trkpt>
      <trkpt lat="34.29271" lon="-117.38212">
        <ele>1367.19</ele>
      </trkpt>
      <trkpt lat="34.29274" lon="-117.382">
        <ele>1366.78</ele>
      </trkpt>
      <trkpt lat="34.29277" lon="-117.38188">
        <ele>1366.14</ele>
      </trkpt>
      <trkpt lat="34.29278" lon="-117.38179">
        <ele>1365.42</ele>
      </trkpt>
      <trkpt lat="34.29281" lon="-117.38151">
        <ele>1365.0</ele>
      </trkpt>
      <trkpt lat="34.2928" lon="-117.38145">
        <ele>1364.4</ele>
      </trkpt>
      <trkpt lat="34.29279" lon="-117.3814">
        <ele>1364.15</ele>
      </trkpt>
      <trkpt lat="34.29276" lon="-117.38135">
        <ele>1362.52</ele>
      </trkpt>
      <trkpt lat="34.29273" lon="-117.38131">
        <ele>1361.29</ele>
      </trkpt>
      <trkpt lat="34.2927" lon="-117.38127">
        <ele>1360.39</ele>
      </trkpt>
      <trkpt lat="34.29266" lon="-117.38123">
        <ele>1359.69</ele>
      </trkpt>
      <trkpt lat="34.29262" lon="-117.3812">
        <ele>1359.64</ele>
      </trkpt>
      <trkpt lat="34.29258" lon="-117.38117">
        <ele>1359.46</ele>
      </trkpt>
      <trkpt lat="34.29253" lon="-117.38116">
        <ele>1358.81</ele>
      </trkpt>
      <trkpt lat="34.29249" lon="-117.38115">
        <ele>1358.47</ele>
      </trkpt>
      <trkpt lat="34.29247" lon="-117.38115">
        <ele>1358.26</ele>
      </trkpt>
      <trkpt lat="34.29242" lon="-117.38117">
        <ele>1357.5</ele>
      </trkpt>
      <trkpt lat="34.29228" lon="-117.3812">
        <ele>1355.02</ele>
      </trkpt>
      <trkpt lat="34.29219" lon="-117.38114">
        <ele>1354.2</ele>
      </trkpt>
      <trkpt lat="34.29213" lon="-117.38102">
        <ele>1354.97</ele>
      </trkpt>
      <trkpt lat="34.29208" lon="-117.38082">
        <ele>1352.32</ele>
      </trkpt>
      <trkpt lat="34.29205" lon="-117.38071">
        <ele>1350.7</ele>
      </trkpt>
      <trkpt lat="34.29202" lon="-117.38061">
        <ele>1348.71</ele>
      </trkpt>
      <trkpt lat="34.292" lon="-117.38045">
        <ele>1347.6</ele>
      </trkpt>
      <trkpt lat="34.29199" lon="-117.3803">
        <ele>1347.34</ele>
      </trkpt>
      <trkpt lat="34.29198" lon="-117.38016">
        <ele>1346.92</ele>
      </trkpt>
      <trkpt lat="34.29197" lon="-117.38002">
        <ele>1346.95</ele>
      </trkpt>
      <trkpt lat="34.29195" lon="-117.37996">
        <ele>1346.21</ele>
      </trkpt>
      <trkpt lat="34.29193" lon="-117.37985">
        <ele>1345.47</ele>
      </trkpt>
      <trkpt lat="34.29184" lon="-117.3797">
        <ele>1342.7</ele>
      </trkpt>
      <trkpt lat="34.29176" lon="-117.37955">
        <ele>1339.89</ele>
      </trkpt>
      <trkpt lat="34.29172" lon="-117.37937">
        <ele>1337.88</ele>
      </trkpt>
      <trkpt lat="34.29171" lon="-117.37917">
        <ele>1336.36</ele>
      </trkpt>
      <trkpt lat="34.29171" lon="-117.37913">
        <ele>1336.34</ele>
      </trkpt>
      <trkpt lat="34.2917" lon="-117.37897">
        <ele>1335.8</ele>
      </trkpt>
      <trkpt lat="34.29169" lon="-117.37884">
        <ele>1335.13</ele>
      </trkpt>
      <trkpt lat="34.29166" lon="-117.37869">
        <ele>1332.5</ele>
      </trkpt>
      <trkpt lat="34.29166" lon="-117.37856">
        <ele>1329.75</ele>
      </trkpt>
      <trkpt lat="34.29166" lon="-117.37843">
        <ele>1326.94</ele>
      </trkpt>
      <trkpt lat="34.29165" lon="-117.37832">
        <ele>1323.53</ele>
      </trkpt>
      <trkpt lat="34.29164" lon="-117.3782">
        <ele>1320.83</ele>
      </trkpt>
      <trkpt lat="34.29167" lon="-117.37808">
        <ele>1317.85</ele>
      </trkpt>
      <trkpt lat="34.29175" lon="-117.37799">
        <ele>1315.97</ele>
      </trkpt>
      <trkpt lat="34.29185" lon="-117.37793">
        <ele>1315.19</ele>
      </trkpt>
      <trkpt lat="34.2919" lon="-117.37792">
        <ele>1315.2</ele>
      </trkpt>
      <trkpt lat="34.29206" lon="-117.37792">
        <ele>1315.34</ele>
      </trkpt>
      <trkpt lat="34.29213" lon="-117.37787">
        <ele>1313.99</ele>
      </trkpt>
      <trkpt lat="34.29218" lon="-117.37776">
        <ele>1311.16</ele>
      </trkpt>
      <trkpt lat="34.29224" lon="-117.3776">
        <ele>1309.74</ele>
      </trkpt>
      <trkpt lat="34.29229" lon="-117.37749">
        <ele>1309.12</ele>
      </trkpt>
      <trkpt lat="34.29235" lon="-117.37738">
        <ele>1309.17</ele>
      </trkpt>
      <trkpt lat="34.29241" lon="-117.37726">
        <ele>1307.82</ele>
      </trkpt>
      <trkpt lat="34.29248" lon="-117.37716">
        <ele>1306.18</ele>
      </trkpt>
      <trkpt lat="34.29256" lon="-117.37712">
        <ele>1305.0</ele>
      </trkpt>
      <trkpt lat="34.29267" lon="-117.37712">
        <ele>1303.02</ele>
      </trkpt>
      <trkpt lat="34.29276" lon="-117.37715">
        <ele>1302.04</ele>
      </trkpt>
      <trkpt lat="34.29286" lon="-117.37722">
        <ele>1299.51</ele>
      </trkpt>
      <trkpt lat="34.29294" lon="-117.37729">
        <ele>1296.89</ele>
      </trkpt>
      <trkpt lat="34.29303" lon="-117.37734">
        <ele>1291.4</ele>
      </trkpt>
      <trkpt lat="34.29315" lon="-117.3774">
        <ele>1288.58</ele>
      </trkpt>
      <trkpt lat="34.29326" lon="-117.37746">
        <ele>1290.54</ele>
      </trkpt>
      <trkpt lat="34.29337" lon="-117.37751">
        <ele>1291.29</ele>
      </trkpt>
      <trkpt lat="34.29353" lon="-117.37753">
        <ele>1287.25</ele>
      </trkpt>
      <trkpt lat="34.29365" lon="-117.37754">
        <ele>1283.9</ele>
      </trkpt>
      <trkpt lat="34.2937" lon="-117.37756">
        <ele>1283.36</ele>
      </trkpt>
      <trkpt lat="34.29374" lon="-117.37758">
        <ele>1283.14</ele>
      </trkpt>
      <trkpt lat="34.29378" lon="-117.37762">
        <ele>1284.01</ele>
      </trkpt>
      <trkpt lat="34.29381" lon="-117.37766">
        <ele>1285.09</ele>
      </trkpt>
      <trkpt lat="34.29384" lon="-117.3777">
        <ele>1285.68</ele>
      </trkpt>
      <trkpt lat="34.29387" lon="-117.37775">
        <ele>1286.06</ele>
      </trkpt>
      <trkpt lat="34.29387" lon="-117.37777">
        <ele>1286.75</ele>
      </trkpt>
      <trkpt lat="34.29389" lon="-117.37782">
        <ele>1287.3</ele>
      </trkpt>
      <trkpt lat="34.29393" lon="-117.37787">
        <ele>1286.33</ele>
      </trkpt>
      <trkpt lat="34.29401" lon="-117.37793">
        <ele>1283.39</ele>
      </trkpt>
      <trkpt lat="34.29409" lon="-117.37796">
        <ele>1280.21</ele>
      </trkpt>
      <trkpt lat="34.29432" lon="-117.37808">
        <ele>1276.83</ele>
      </trkpt>
      <trkpt lat="34.29456" lon="-117.37825">
        <ele>1276.7</ele>
      </trkpt>
      <trkpt lat="34.29469" lon="-117.37825">
        <ele>1273.83</ele>
      </trkpt>
      <trkpt lat="34.2948" lon="-117.37813">
        <ele>1271.58</ele>
      </trkpt>
      <trkpt lat="34.29491" lon="-117.37805">
        <ele>1271.89</ele>
      </trkpt>
      <trkpt lat="34.29522" lon="-117.37806">
        <ele>1266.25</ele>
      </trkpt>
      <trkpt lat="34.29528" lon="-117.37804">
        <ele>1264.83</ele>
      </trkpt>
      <trkpt lat="34.29541" lon="-117.37798">
        <ele>1263.25</ele>
      </trkpt>
      <trkpt lat="34.29552" lon="-117.3779">
        <ele>1260.18</ele>
      </trkpt>
      <trkpt lat="34.29562" lon="-117.3778">
        <ele>1259.18</ele>
      </trkpt>
      <trkpt lat="34.29574" lon="-117.37767">
        <ele>1259.82</ele>
      </trkpt>
      <trkpt lat="34.29586" lon="-117.37761">
        <ele>1260.33</ele>
      </trkpt>
      <trkpt lat="34.29595" lon="-117.37757">
        <ele>1262.24</ele>
      </trkpt>
      <trkpt lat="34.29601" lon="-117.37753">
        <ele>1262.68</ele>
      </trkpt>
      <trkpt lat="34.29606" lon="-117.37749">
        <ele>1262.71</ele>
      </trkpt>
      <trkpt lat="34.29609" lon="-117.37743">
        <ele>1263.57</ele>
      </trkpt>
      <trkpt lat="34.2961" lon="-117.3773">
        <ele>1266.06</ele>
      </trkpt>
      <trkpt lat="34.29611" lon="-117.37725">
        <ele>1266.7</ele>
      </trkpt>
      <trkpt lat="34.29612" lon="-117.37709">
        <ele>1268.29</ele>
      </trkpt>
      <trkpt lat="34.29612" lon="-117.37696">
        <ele>1268.89</ele>
      </trkpt>
      <trkpt lat="34.29612" lon="-117.37682">
        <ele>1269.84</ele>
      </trkpt>
      <trkpt lat="34.29611" lon="-117.37669">
        <ele>1270.76</ele>
      </trkpt>
      <trkpt lat="34.29611" lon="-117.37656">
        <ele>1271.18</ele>
      </trkpt>
      <trkpt lat="34.29611" lon="-117.37643">
        <ele>1272.03</ele>
      </trkpt>
      <trkpt lat="34.2961" lon="-117.3763">
        <ele>1273.32</ele>
      </trkpt>
      <trkpt lat="34.2961" lon="-117.37616">
        <ele>1273.66</ele>
      </trkpt>
      <trkpt lat="34.2961" lon="-117.37615">
        <ele>1273.73</ele>
      </trkpt>
      <trkpt lat="34.29612" lon="-117.37602">
        <ele>1275.87</ele>
      </trkpt>
      <trkpt lat="34.29615" lon="-117.37588">
        <ele>1276.78</ele>
      </trkpt>
      <trkpt lat="34.2962" lon="-117.37576">
        <ele>1278.56</ele>
      </trkpt>
      <trkpt lat="34.29629" lon="-117.37568">
        <ele>1278.72</ele>
      </trkpt>
      <trkpt lat="34.29639" lon="-117.37563">
        <ele>1277.98</ele>
      </trkpt>
      <trkpt lat="34.2965" lon="-117.37559">
        <ele>1276.43</ele>
      </trkpt>
      <trkpt lat="34.2966" lon="-117.37555">
        <ele>1275.8</ele>
      </trkpt>
      <trkpt lat="34.29672" lon="-117.37547">
        <ele>1276.27</ele>
      </trkpt>
      <trkpt lat="34.29682" lon="-117.37536">
        <ele>1276.46</ele>
      </trkpt>
      <trkpt lat="34.29688" lon="-117.37522">
        <ele>1277.75</ele>
      </trkpt>
      <trkpt lat="34.29692" lon="-117.37511">
        <ele>1278.94</ele>
      </trkpt>
      <trkpt lat="34.29697" lon="-117.375">
        <ele>1279.72</ele>
      </trkpt>
      <trkpt lat="34.297" lon="-117.37489">
        <ele>1282.04</ele>
      </trkpt>
      <trkpt lat="34.29704" lon="-117.37477">
        <ele>1286.81</ele>
      </trkpt>
      <trkpt lat="34.29707" lon="-117.37465">
        <ele>1291.19</ele>
      </trkpt>
      <trkpt lat="34.29709" lon="-117.37454">
        <ele>1292.81</ele>
      </trkpt>
      <trkpt lat="34.29708" lon="-117.37443">
        <ele>1292.31</ele>
      </trkpt>
      <trkpt lat="34.29708" lon="-117.37442">
        <ele>1292.1</ele>
      </trkpt>
      <trkpt lat="34.29704" lon="-117.37429">
        <ele>1290.15</ele>
      </trkpt>
      <trkpt lat="34.29697" lon="-117.37414">
        <ele>1285.8</ele>
      </trkpt>
      <trkpt lat="34.29697" lon="-117.37411">
        <ele>1285.39</ele>
      </trkpt>
      <trkpt lat="34.29691" lon="-117.37397">
        <ele>1288.24</ele>
      </trkpt>
      <trkpt lat="34.29692" lon="-117.37381">
        <ele>1289.64</ele>
      </trkpt>
      <trkpt lat="34.29696" lon="-117.37366">
        <ele>1289.89</ele>
      </trkpt>
      <trkpt lat="34.29699" lon="-117.37355">
        <ele>1289.69</ele>
      </trkpt>
      <trkpt lat="34.29702" lon="-117.37344">
        <ele>1289.43</ele>
      </trkpt>
      <trkpt lat="34.29705" lon="-117.37333">
        <ele>1290.49</ele>
      </trkpt>
      <trkpt lat="34.2971" lon="-117.37318">
        <ele>1291.95</ele>
      </trkpt>
      <trkpt lat="34.29716" lon="-117.37306">
        <ele>1293.89</ele>
      </trkpt>
      <trkpt lat="34.29723" lon="-117.37294">
        <ele>1295.18</ele>
      </trkpt>
      <trkpt lat="34.29724" lon="-117.37281">
        <ele>1296.13</ele>
      </trkpt>
      <trkpt lat="34.29719" lon="-117.37271">
        <ele>1295.27</ele>
      </trkpt>
      <trkpt lat="34.29711" lon="-117.37263">
        <ele>1294.4</ele>
      </trkpt>
      <trkpt lat="34.29711" lon="-117.37264">
        <ele>1294.51</ele>
      </trkpt>
      <trkpt lat="34.29693" lon="-117.3725">
        <ele>1293.16</ele>
      </trkpt>
      <trkpt lat="34.29685" lon="-117.37237">
        <ele>1294.42</ele>
      </trkpt>
      <trkpt lat="34.29683" lon="-117.37234">
        <ele>1294.96</ele>
      </trkpt>
      <trkpt lat="34.29674" lon="-117.37218">
        <ele>1296.0</ele>
      </trkpt>
      <trkpt lat="34.29661" lon="-117.372">
        <ele>1295.84</ele>
      </trkpt>
      <trkpt lat="34.29652" lon="-117.37174">
        <ele>1293.84</ele>
      </trkpt>
      <trkpt lat="34.2965" lon="-117.3717">
        <ele>1293.45</ele>
      </trkpt>
      <trkpt lat="34.29649" lon="-117.37147">
        <ele>1290.84</ele>
      </trkpt>
      <trkpt lat="34.29651" lon="-117.37131">
        <ele>1292.14</ele>
      </trkpt>
      <trkpt lat="34.29655" lon="-117.37115">
        <ele>1296.11</ele>
      </trkpt>
      <trkpt lat="34.29657" lon="-117.37109">
        <ele>1297.51</ele>
      </trkpt>
      <trkpt lat="34.29668" lon="-117.37098">
        <ele>1298.6</ele>
      </trkpt>
      <trkpt lat="34.29685" lon="-117.3708">
        <ele>1299.76</ele>
      </trkpt>
      <trkpt lat="34.2969" lon="-117.37074">
        <ele>1299.98</ele>
      </trkpt>
      <trkpt lat="34.29698" lon="-117.37064">
        <ele>1300.41</ele>
      </trkpt>
      <trkpt lat="34.29706" lon="-117.37054">
        <ele>1300.84</ele>
      </trkpt>
      <trkpt lat="34.29712" lon="-117.37044">
        <ele>1301.48</ele>
      </trkpt>
      <trkpt lat="34.29718" lon="-117.37034">
        <ele>1301.39</ele>
      </trkpt>
      <trkpt lat="34.29724" lon="-117.37025">
        <ele>1301.16</ele>
      </trkpt>
      <trkpt lat="34.29728" lon="-117.37015">
        <ele>1301.89</ele>
      </trkpt>
      <trkpt lat="34.29734" lon="-117.36999">
        <ele>1303.29</ele>
      </trkpt>
      <trkpt lat="34.29734" lon="-117.36999">
        <ele>1303.29</ele>
      </trkpt>
      <trkpt lat="34.29734" lon="-117.36965">
        <ele>1304.46</ele>
      </trkpt>
      <trkpt lat="34.29729" lon="-117.36947">
        <ele>1303.54</ele>
      </trkpt>
      <trkpt lat="34.29729" lon="-117.36942">
        <ele>1303.27</ele>
      </trkpt>
      <trkpt lat="34.29729" lon="-117.36935">
        <ele>1303.29</ele>
      </trkpt>
      <trkpt lat="34.29733" lon="-117.36928">
        <ele>1303.61</ele>
      </trkpt>
      <trkpt lat="34.29734" lon="-117.36925">
        <ele>1303.83</ele>
      </trkpt>
      <trkpt lat="34.29748" lon="-117.36901">
        <ele>1304.37</ele>
      </trkpt>
      <trkpt lat="34.29751" lon="-117.36885">
        <ele>1303.74</ele>
      </trkpt>
      <trkpt lat="34.29752" lon="-117.36875">
        <ele>1302.35</ele>
      </trkpt>
      <trkpt lat="34.29752" lon="-117.36862">
        <ele>1300.25</ele>
      </trkpt>
      <trkpt lat="34.2975" lon="-117.3685">
        <ele>1298.6</ele>
      </trkpt>
      <trkpt lat="34.29747" lon="-117.36839">
        <ele>1297.78</ele>
      </trkpt>
      <trkpt lat="34.29747" lon="-117.36838">
        <ele>1297.64</ele>
      </trkpt>
      <trkpt lat="34.2974" lon="-117.36825">
        <ele>1298.34</ele>
      </trkpt>
      <trkpt lat="34.29736" lon="-117.36819">
        <ele>1299.27</ele>
      </trkpt>
      <trkpt lat="34.29736" lon="-117.36819">
        <ele>1299.27</ele>
      </trkpt>
      <trkpt lat="34.29733" lon="-117.36816">
        <ele>1300.36</ele>
      </trkpt>
      <trkpt lat="34.29727" lon="-117.36808">
        <ele>1301.59</ele>
      </trkpt>
      <trkpt lat="34.29725" lon="-117.36798">
        <ele>1302.92</ele>
      </trkpt>
      <trkpt lat="34.29726" lon="-117.36787">
        <ele>1303.78</ele>
      </trkpt>
      <trkpt lat="34.29731" lon="-117.36777">
        <ele>1303.24</ele>
      </trkpt>
      <trkpt lat="34.29744" lon="-117.36773">
        <ele>1299.46</ele>
      </trkpt>
      <trkpt lat="34.29753" lon="-117.36771">
        <ele>1296.76</ele>
      </trkpt>
      <trkpt lat="34.29761" lon="-117.36765">
        <ele>1294.25</ele>
      </trkpt>
      <trkpt lat="34.29765" lon="-117.36758">
        <ele>1292.52</ele>
      </trkpt>
      <trkpt lat="34.29767" lon="-117.36746">
        <ele>1291.29</ele>
      </trkpt>
      <trkpt lat="34.29766" lon="-117.36739">
        <ele>1291.22</ele>
      </trkpt>
      <trkpt lat="34.29766" lon="-117.3674">
        <ele>1291.3</ele>
      </trkpt>
      <trkpt lat="34.29766" lon="-117.36739">
        <ele>1291.22</ele>
      </trkpt>
      <trkpt lat="34.29764" lon="-117.36727">
        <ele>1291.44</ele>
      </trkpt>
      <trkpt lat="34.2976" lon="-117.36714">
        <ele>1291.74</ele>
      </trkpt>
      <trkpt lat="34.29754" lon="-117.36703">
        <ele>1291.46</ele>
      </trkpt>
      <trkpt lat="34.29749" lon="-117.36693">
        <ele>1288.4</ele>
      </trkpt>
      <trkpt lat="34.29743" lon="-117.36685">
        <ele>1285.94</ele>
      </trkpt>
      <trkpt lat="34.29732" lon="-117.36677">
        <ele>1287.13</ele>
      </trkpt>
      <trkpt lat="34.29729" lon="-117.36673">
        <ele>1287.8</ele>
      </trkpt>
      <trkpt lat="34.29727" lon="-117.36668">
        <ele>1288.45</ele>
      </trkpt>
      <trkpt lat="34.29727" lon="-117.36662">
        <ele>1289.46</ele>
      </trkpt>
      <trkpt lat="34.29728" lon="-117.36657">
        <ele>1290.2</ele>
      </trkpt>
      <trkpt lat="34.29731" lon="-117.36652">
        <ele>1290.29</ele>
      </trkpt>
      <trkpt lat="34.29734" lon="-117.36648">
        <ele>1289.41</ele>
      </trkpt>
      <trkpt lat="34.29738" lon="-117.36644">
        <ele>1288.3</ele>
      </trkpt>
      <trkpt lat="34.29738" lon="-117.36643">
        <ele>1288.67</ele>
      </trkpt>
      <trkpt lat="34.29743" lon="-117.36639">
        <ele>1287.49</ele>
      </trkpt>
      <trkpt lat="34.2975" lon="-117.36632">
        <ele>1286.72</ele>
      </trkpt>
      <trkpt lat="34.29757" lon="-117.36625">
        <ele>1282.7</ele>
      </trkpt>
      <trkpt lat="34.29766" lon="-117.36615">
        <ele>1276.33</ele>
      </trkpt>
      <trkpt lat="34.29774" lon="-117.36605">
        <ele>1270.79</ele>
      </trkpt>
      <trkpt lat="34.29777" lon="-117.36593">
        <ele>1268.42</ele>
      </trkpt>
      <trkpt lat="34.29774" lon="-117.3658">
        <ele>1267.73</ele>
      </trkpt>
      <trkpt lat="34.29774" lon="-117.3658">
        <ele>1267.73</ele>
      </trkpt>
      <trkpt lat="34.29767" lon="-117.36573">
        <ele>1270.75</ele>
      </trkpt>
      <trkpt lat="34.29758" lon="-117.36564">
        <ele>1274.29</ele>
      </trkpt>
      <trkpt lat="34.29742" lon="-117.36543">
        <ele>1274.88</ele>
      </trkpt>
      <trkpt lat="34.2973" lon="-117.36519">
        <ele>1271.33</ele>
      </trkpt>
      <trkpt lat="34.29729" lon="-117.36517">
        <ele>1270.78</ele>
      </trkpt>
      <trkpt lat="34.29723" lon="-117.36507">
        <ele>1268.65</ele>
      </trkpt>
      <trkpt lat="34.29718" lon="-117.36495">
        <ele>1269.16</ele>
      </trkpt>
      <trkpt lat="34.29712" lon="-117.36483">
        <ele>1271.23</ele>
      </trkpt>
      <trkpt lat="34.29708" lon="-117.36471">
        <ele>1271.4</ele>
      </trkpt>
      <trkpt lat="34.29703" lon="-117.36459">
        <ele>1270.22</ele>
      </trkpt>
      <trkpt lat="34.297" lon="-117.36449">
        <ele>1268.38</ele>
      </trkpt>
      <trkpt lat="34.29698" lon="-117.36443">
        <ele>1267.46</ele>
      </trkpt>
      <trkpt lat="34.29697" lon="-117.36436">
        <ele>1266.81</ele>
      </trkpt>
      <trkpt lat="34.29695" lon="-117.36429">
        <ele>1266.23</ele>
      </trkpt>
      <trkpt lat="34.29694" lon="-117.36422">
        <ele>1266.08</ele>
      </trkpt>
      <trkpt lat="34.29694" lon="-117.36415">
        <ele>1265.87</ele>
      </trkpt>
      <trkpt lat="34.29692" lon="-117.36408">
        <ele>1265.33</ele>
      </trkpt>
      <trkpt lat="34.29691" lon="-117.36401">
        <ele>1264.94</ele>
      </trkpt>
      <trkpt lat="34.29691" lon="-117.36393">
        <ele>1264.54</ele>
      </trkpt>
      <trkpt lat="34.29691" lon="-117.36391">
        <ele>1264.46</ele>
      </trkpt>
      <trkpt lat="34.29691" lon="-117.36358">
        <ele>1261.25</ele>
      </trkpt>
      <trkpt lat="34.29691" lon="-117.36351">
        <ele>1260.91</ele>
      </trkpt>
      <trkpt lat="34.2969" lon="-117.36344">
        <ele>1260.15</ele>
      </trkpt>
      <trkpt lat="34.2969" lon="-117.36336">
        <ele>1260.0</ele>
      </trkpt>
      <trkpt lat="34.29688" lon="-117.36329">
        <ele>1259.53</ele>
      </trkpt>
      <trkpt lat="34.2969" lon="-117.36322">
        <ele>1258.89</ele>
      </trkpt>
      <trkpt lat="34.29694" lon="-117.36315">
        <ele>1258.95</ele>
      </trkpt>
      <trkpt lat="34.29697" lon="-117.36309">
        <ele>1259.0</ele>
      </trkpt>
      <trkpt lat="34.29704" lon="-117.36298">
        <ele>1258.99</ele>
      </trkpt>
      <trkpt lat="34.29707" lon="-117.3628">
        <ele>1260.0</ele>
      </trkpt>
      <trkpt lat="34.29707" lon="-117.3628">
        <ele>1260.0</ele>
      </trkpt>
      <trkpt lat="34.29708" lon="-117.36273">
        <ele>1260.28</ele>
      </trkpt>
      <trkpt lat="34.29709" lon="-117.36266">
        <ele>1260.97</ele>
      </trkpt>
      <trkpt lat="34.2971" lon="-117.36258">
        <ele>1262.41</ele>
      </trkpt>
      <trkpt lat="34.2971" lon="-117.36251">
        <ele>1262.89</ele>
      </trkpt>
      <trkpt lat="34.29709" lon="-117.36244">
        <ele>1264.58</ele>
      </trkpt>
      <trkpt lat="34.2971" lon="-117.36237">
        <ele>1265.64</ele>
      </trkpt>
      <trkpt lat="34.2971" lon="-117.3623">
        <ele>1266.96</ele>
      </trkpt>
      <trkpt lat="34.2971" lon="-117.36223">
        <ele>1268.47</ele>
      </trkpt>
      <trkpt lat="34.29712" lon="-117.36216">
        <ele>1269.55</ele>
      </trkpt>
      <trkpt lat="34.29714" lon="-117.3621">
        <ele>1270.02</ele>
      </trkpt>
      <trkpt lat="34.29719" lon="-117.36206">
        <ele>1269.29</ele>
      </trkpt>
      <trkpt lat="34.29724" lon="-117.36202">
        <ele>1268.98</ele>
      </trkpt>
      <trkpt lat="34.29727" lon="-117.36195">
        <ele>1269.85</ele>
      </trkpt>
      <trkpt lat="34.29729" lon="-117.36187">
        <ele>1271.14</ele>
      </trkpt>
      <trkpt lat="34.29729" lon="-117.3618">
        <ele>1272.66</ele>
      </trkpt>
      <trkpt lat="34.2973" lon="-117.36173">
        <ele>1273.95</ele>
      </trkpt>
      <trkpt lat="34.29727" lon="-117.36166">
        <ele>1276.08</ele>
      </trkpt>
      <trkpt lat="34.29726" lon="-117.36159">
        <ele>1277.35</ele>
      </trkpt>
      <trkpt lat="34.29724" lon="-117.36152">
        <ele>1278.86</ele>
      </trkpt>
      <trkpt lat="34.29725" lon="-117.36145">
        <ele>1279.74</ele>
      </trkpt>
      <trkpt lat="34.29729" lon="-117.36138">
        <ele>1279.7</ele>
      </trkpt>
      <trkpt lat="34.29733" lon="-117.36131">
        <ele>1280.38</ele>
      </trkpt>
      <trkpt lat="34.29736" lon="-117.36123">
        <ele>1281.09</ele>
      </trkpt>
      <trkpt lat="34.2974" lon="-117.36116">
        <ele>1281.55</ele>
      </trkpt>
      <trkpt lat="34.29743" lon="-117.36109">
        <ele>1281.8</ele>
      </trkpt>
      <trkpt lat="34.29747" lon="-117.36102">
        <ele>1282.3</ele>
      </trkpt>
      <trkpt lat="34.2975" lon="-117.36095">
        <ele>1282.74</ele>
      </trkpt>
      <trkpt lat="34.29754" lon="-117.36088">
        <ele>1282.35</ele>
      </trkpt>
      <trkpt lat="34.29758" lon="-117.36081">
        <ele>1282.39</ele>
      </trkpt>
      <trkpt lat="34.29759" lon="-117.36078">
        <ele>1282.6</ele>
      </trkpt>
      <trkpt lat="34.29767" lon="-117.36064">
        <ele>1282.25</ele>
      </trkpt>
      <trkpt lat="34.29773" lon="-117.36053">
        <ele>1282.65</ele>
      </trkpt>
      <trkpt lat="34.29777" lon="-117.36044">
        <ele>1283.02</ele>
      </trkpt>
      <trkpt lat="34.29781" lon="-117.36036">
        <ele>1283.0</ele>
      </trkpt>
      <trkpt lat="34.29785" lon="-117.36026">
        <ele>1283.04</ele>
      </trkpt>
      <trkpt lat="34.29786" lon="-117.36018">
        <ele>1283.06</ele>
      </trkpt>
      <trkpt lat="34.29782" lon="-117.36001">
        <ele>1282.6</ele>
      </trkpt>
      <trkpt lat="34.29779" lon="-117.35991">
        <ele>1282.87</ele>
      </trkpt>
      <trkpt lat="34.29769" lon="-117.35956">
        <ele>1283.16</ele>
      </trkpt>
      <trkpt lat="34.29762" lon="-117.35916">
        <ele>1276.91</ele>
      </trkpt>
      <trkpt lat="34.29762" lon="-117.35904">
        <ele>1275.08</ele>
      </trkpt>
      <trkpt lat="34.29761" lon="-117.35904">
        <ele>1275.15</ele>
      </trkpt>
      <trkpt lat="34.29762" lon="-117.35896">
        <ele>1273.77</ele>
      </trkpt>
      <trkpt lat="34.29764" lon="-117.35886">
        <ele>1272.69</ele>
      </trkpt>
      <trkpt lat="34.29766" lon="-117.35882">
        <ele>1272.26</ele>
      </trkpt>
      <trkpt lat="34.29777" lon="-117.35855">
        <ele>1271.0</ele>
      </trkpt>
      <trkpt lat="34.29785" lon="-117.3583">
        <ele>1270.28</ele>
      </trkpt>
      <trkpt lat="34.29786" lon="-117.35813">
        <ele>1271.2</ele>
      </trkpt>
      <trkpt lat="34.29786" lon="-117.35813">
        <ele>1271.2</ele>
      </trkpt>
      <trkpt lat="34.29783" lon="-117.358">
        <ele>1272.94</ele>
      </trkpt>
      <trkpt lat="34.2978" lon="-117.35794">
        <ele>1273.74</ele>
      </trkpt>
      <trkpt lat="34.29771" lon="-117.35785">
        <ele>1275.66</ele>
      </trkpt>
      <trkpt lat="34.29768" lon="-117.35782">
        <ele>1276.58</ele>
      </trkpt>
      <trkpt lat="34.29761" lon="-117.35776">
        <ele>1277.42</ele>
      </trkpt>
      <trkpt lat="34.29752" lon="-117.35764">
        <ele>1276.14</ele>
      </trkpt>
      <trkpt lat="34.29748" lon="-117.35748">
        <ele>1273.92</ele>
      </trkpt>
      <trkpt lat="34.29748" lon="-117.35732">
        <ele>1270.46</ele>
      </trkpt>
      <trkpt lat="34.29752" lon="-117.35716">
        <ele>1269.05</ele>
      </trkpt>
      <trkpt lat="34.2976" lon="-117.35691">
        <ele>1269.63</ele>
      </trkpt>
      <trkpt lat="34.29763" lon="-117.35685">
        <ele>1270.81</ele>
      </trkpt>
      <trkpt lat="34.29767" lon="-117.35667">
        <ele>1271.02</ele>
      </trkpt>
      <trkpt lat="34.29766" lon="-117.35651">
        <ele>1270.5</ele>
      </trkpt>
      <trkpt lat="34.29765" lon="-117.35647">
        <ele>1270.38</ele>
      </trkpt>
      <trkpt lat="34.29763" lon="-117.3564">
        <ele>1270.6</ele>
      </trkpt>
      <trkpt lat="34.2976" lon="-117.35632">
        <ele>1270.92</ele>
      </trkpt>
      <trkpt lat="34.29756" lon="-117.35625">
        <ele>1271.0</ele>
      </trkpt>
      <trkpt lat="34.29753" lon="-117.35618">
        <ele>1271.0</ele>
      </trkpt>
      <trkpt lat="34.29751" lon="-117.35611">
        <ele>1271.0</ele>
      </trkpt>
      <trkpt lat="34.2975" lon="-117.35604">
        <ele>1271.0</ele>
      </trkpt>
      <trkpt lat="34.29749" lon="-117.35597">
        <ele>1271.0</ele>
      </trkpt>
      <trkpt lat="34.29747" lon="-117.3559">
        <ele>1271.0</ele>
      </trkpt>
      <trkpt lat="34.29743" lon="-117.35584">
        <ele>1271.0</ele>
      </trkpt>
      <trkpt lat="34.29738" lon="-117.35581">
        <ele>1271.3</ele>
      </trkpt>
      <trkpt lat="34.29733" lon="-117.35577">
        <ele>1271.84</ele>
      </trkpt>
      <trkpt lat="34.29728" lon="-117.35574">
        <ele>1272.0</ele>
      </trkpt>
      <trkpt lat="34.29723" lon="-117.35569">
        <ele>1272.0</ele>
      </trkpt>
      <trkpt lat="34.29718" lon="-117.35566">
        <ele>1272.0</ele>
      </trkpt>
      <trkpt lat="34.29714" lon="-117.35561">
        <ele>1272.0</ele>
      </trkpt>
      <trkpt lat="34.29711" lon="-117.35554">
        <ele>1272.0</ele>
      </trkpt>
      <trkpt lat="34.29711" lon="-117.35547">
        <ele>1272.0</ele>
      </trkpt>
      <trkpt lat="34.29709" lon="-117.35539">
        <ele>1272.0</ele>
      </trkpt>
      <trkpt lat="34.29707" lon="-117.35532">
        <ele>1272.0</ele>
      </trkpt>
      <trkpt lat="34.29705" lon="-117.35525">
        <ele>1272.0</ele>
      </trkpt>
      <trkpt lat="34.29702" lon="-117.35518">
        <ele>1272.0</ele>
      </trkpt>
      <trkpt lat="34.29699" lon="-117.35511">
        <ele>1272.0</ele>
      </trkpt>
      <trkpt lat="34.29697" lon="-117.35504">
        <ele>1272.0</ele>
      </trkpt>
      <trkpt lat="34.29695" lon="-117.35497">
        <ele>1272.0</ele>
      </trkpt>
      <trkpt lat="34.29693" lon="-117.35489">
        <ele>1272.19</ele>
      </trkpt>
      <trkpt lat="34.29693" lon="-117.35482">
        <ele>1272.94</ele>
      </trkpt>
      <trkpt lat="34.29692" lon="-117.35475">
        <ele>1273.0</ele>
      </trkpt>
      <trkpt lat="34.2969" lon="-117.35468">
        <ele>1273.46</ele>
      </trkpt>
      <trkpt lat="34.2969" lon="-117.35461">
        <ele>1274.42</ele>
      </trkpt>
      <trkpt lat="34.29689" lon="-117.35454">
        <ele>1275.94</ele>
      </trkpt>
      <trkpt lat="34.29689" lon="-117.35447">
        <ele>1276.72</ele>
      </trkpt>
      <trkpt lat="34.29688" lon="-117.3544">
        <ele>1277.81</ele>
      </trkpt>
      <trkpt lat="34.29689" lon="-117.35432">
        <ele>1279.07</ele>
      </trkpt>
      <trkpt lat="34.29689" lon="-117.35425">
        <ele>1280.1</ele>
      </trkpt>
      <trkpt lat="34.29692" lon="-117.35418">
        <ele>1280.86</ele>
      </trkpt>
      <trkpt lat="34.29695" lon="-117.35411">
        <ele>1280.92</ele>
      </trkpt>
      <trkpt lat="34.29698" lon="-117.35404">
        <ele>1280.98</ele>
      </trkpt>
      <trkpt lat="34.29702" lon="-117.35397">
        <ele>1281.18</ele>
      </trkpt>
      <trkpt lat="34.29704" lon="-117.3539">
        <ele>1280.96</ele>
      </trkpt>
      <trkpt lat="34.29707" lon="-117.35383">
        <ele>1281.28</ele>
      </trkpt>
      <trkpt lat="34.29707" lon="-117.35376">
        <ele>1281.64</ele>
      </trkpt>
      <trkpt lat="34.29707" lon="-117.35375">
        <ele>1281.64</ele>
      </trkpt>
      <trkpt lat="34.29706" lon="-117.35349">
        <ele>1282.83</ele>
      </trkpt>
      <trkpt lat="34.29699" lon="-117.35336">
        <ele>1283.0</ele>
      </trkpt>
      <trkpt lat="34.29695" lon="-117.35333">
        <ele>1283.0</ele>
      </trkpt>
      <trkpt lat="34.29686" lon="-117.35321">
        <ele>1283.0</ele>
      </trkpt>
      <trkpt lat="34.29683" lon="-117.35315">
        <ele>1283.0</ele>
      </trkpt>
      <trkpt lat="34.29682" lon="-117.35314">
        <ele>1283.0</ele>
      </trkpt>
      <trkpt lat="34.29678" lon="-117.35308">
        <ele>1283.0</ele>
      </trkpt>
      <trkpt lat="34.29674" lon="-117.35304">
        <ele>1282.87</ele>
      </trkpt>
      <trkpt lat="34.29669" lon="-117.353">
        <ele>1282.85</ele>
      </trkpt>
      <trkpt lat="34.29665" lon="-117.35294">
        <ele>1282.75</ele>
      </trkpt>
      <trkpt lat="34.29661" lon="-117.35288">
        <ele>1282.1</ele>
      </trkpt>
      <trkpt lat="34.29657" lon="-117.35283">
        <ele>1281.58</ele>
      </trkpt>
      <trkpt lat="34.29653" lon="-117.35277">
        <ele>1281.39</ele>
      </trkpt>
      <trkpt lat="34.2965" lon="-117.35271">
        <ele>1281.07</ele>
      </trkpt>
      <trkpt lat="34.29646" lon="-117.35265">
        <ele>1280.71</ele>
      </trkpt>
      <trkpt lat="34.29642" lon="-117.3526">
        <ele>1280.69</ele>
      </trkpt>
      <trkpt lat="34.29631" lon="-117.35247">
        <ele>1280.95</ele>
      </trkpt>
      <trkpt lat="34.29631" lon="-117.35235">
        <ele>1280.23</ele>
      </trkpt>
      <trkpt lat="34.2963" lon="-117.35232">
        <ele>1280.02</ele>
      </trkpt>
      <trkpt lat="34.29632" lon="-117.35225">
        <ele>1279.04</ele>
      </trkpt>
      <trkpt lat="34.29635" lon="-117.35218">
        <ele>1277.96</ele>
      </trkpt>
      <trkpt lat="34.2964" lon="-117.35213">
        <ele>1277.0</ele>
      </trkpt>
      <trkpt lat="34.29645" lon="-117.3521">
        <ele>1276.79</ele>
      </trkpt>
      <trkpt lat="34.2965" lon="-117.35206">
        <ele>1276.2</ele>
      </trkpt>
      <trkpt lat="34.29655" lon="-117.35203">
        <ele>1275.94</ele>
      </trkpt>
      <trkpt lat="34.2966" lon="-117.35197">
        <ele>1275.2</ele>
      </trkpt>
      <trkpt lat="34.29663" lon="-117.3519">
        <ele>1274.71</ele>
      </trkpt>
      <trkpt lat="34.29663" lon="-117.3519">
        <ele>1274.71</ele>
      </trkpt>
      <trkpt lat="34.29665" lon="-117.35185">
        <ele>1274.18</ele>
      </trkpt>
      <trkpt lat="34.29666" lon="-117.35176">
        <ele>1274.0</ele>
      </trkpt>
      <trkpt lat="34.29667" lon="-117.35169">
        <ele>1274.0</ele>
      </trkpt>
      <trkpt lat="34.29668" lon="-117.35162">
        <ele>1273.5</ele>
      </trkpt>
      <trkpt lat="34.2967" lon="-117.35155">
        <ele>1273.0</ele>
      </trkpt>
      <trkpt lat="34.29673" lon="-117.35148">
        <ele>1273.0</ele>
      </trkpt>
      <trkpt lat="34.29675" lon="-117.3514">
        <ele>1273.0</ele>
      </trkpt>
      <trkpt lat="34.29675" lon="-117.3514">
        <ele>1273.0</ele>
      </trkpt>
      <trkpt lat="34.29682" lon="-117.35132">
        <ele>1272.51</ele>
      </trkpt>
      <trkpt lat="34.29688" lon="-117.35125">
        <ele>1272.0</ele>
      </trkpt>
      <trkpt lat="34.29688" lon="-117.35125">
        <ele>1272.0</ele>
      </trkpt>
      <trkpt lat="34.29693" lon="-117.35121">
        <ele>1272.0</ele>
      </trkpt>
      <trkpt lat="34.29698" lon="-117.35116">
        <ele>1270.96</ele>
      </trkpt>
      <trkpt lat="34.29703" lon="-117.35112">
        <ele>1269.34</ele>
      </trkpt>
      <trkpt lat="34.29707" lon="-117.35108">
        <ele>1268.88</ele>
      </trkpt>
      <trkpt lat="34.29712" lon="-117.35104">
        <ele>1268.31</ele>
      </trkpt>
      <trkpt lat="34.29717" lon="-117.351">
        <ele>1268.0</ele>
      </trkpt>
      <trkpt lat="34.29723" lon="-117.35097">
        <ele>1267.96</ele>
      </trkpt>
      <trkpt lat="34.29728" lon="-117.35093">
        <ele>1267.4</ele>
      </trkpt>
      <trkpt lat="34.2973" lon="-117.35091">
        <ele>1267.13</ele>
      </trkpt>
      <trkpt lat="34.2973" lon="-117.35091">
        <ele>1267.13</ele>
      </trkpt>
      <trkpt lat="34.29732" lon="-117.35089">
        <ele>1266.98</ele>
      </trkpt>
      <trkpt lat="34.29743" lon="-117.35076">
        <ele>1266.29</ele>
      </trkpt>
      <trkpt lat="34.29748" lon="-117.35069">
        <ele>1266.35</ele>
      </trkpt>
      <trkpt lat="34.29755" lon="-117.35052">
        <ele>1265.7</ele>
      </trkpt>
      <trkpt lat="34.29757" lon="-117.35046">
        <ele>1265.48</ele>
      </trkpt>
      <trkpt lat="34.29757" lon="-117.35044">
        <ele>1265.26</ele>
      </trkpt>
      <trkpt lat="34.29766" lon="-117.35023">
        <ele>1264.29</ele>
      </trkpt>
      <trkpt lat="34.2977" lon="-117.35019">
        <ele>1264.42</ele>
      </trkpt>
      <trkpt lat="34.29774" lon="-117.35016">
        <ele>1264.64</ele>
      </trkpt>
      <trkpt lat="34.29775" lon="-117.35016">
        <ele>1264.86</ele>
      </trkpt>
      <trkpt lat="34.29786" lon="-117.35014">
        <ele>1267.69</ele>
      </trkpt>
      <trkpt lat="34.29791" lon="-117.35014">
        <ele>1268.45</ele>
      </trkpt>
      <trkpt lat="34.29796" lon="-117.35015">
        <ele>1269.21</ele>
      </trkpt>
      <trkpt lat="34.29801" lon="-117.35016">
        <ele>1269.46</ele>
      </trkpt>
      <trkpt lat="34.29801" lon="-117.35016">
        <ele>1269.46</ele>
      </trkpt>
      <trkpt lat="34.29813" lon="-117.35019">
        <ele>1269.2</ele>
      </trkpt>
      <trkpt lat="34.29817" lon="-117.35022">
        <ele>1268.47</ele>
      </trkpt>
      <trkpt lat="34.2982" lon="-117.35025">
        <ele>1268.1</ele>
      </trkpt>
      <trkpt lat="34.29822" lon="-117.35029">
        <ele>1268.36</ele>
      </trkpt>
      <trkpt lat="34.29826" lon="-117.35036">
        <ele>1268.03</ele>
      </trkpt>
      <trkpt lat="34.29828" lon="-117.35041">
        <ele>1267.3</ele>
      </trkpt>
      <trkpt lat="34.2983" lon="-117.35047">
        <ele>1266.44</ele>
      </trkpt>
      <trkpt lat="34.2983" lon="-117.35051">
        <ele>1266.44</ele>
      </trkpt>
      <trkpt lat="34.29833" lon="-117.35061">
        <ele>1265.71</ele>
      </trkpt>
      <trkpt lat="34.29835" lon="-117.35073">
        <ele>1265.28</ele>
      </trkpt>
      <trkpt lat="34.29841" lon="-117.35084">
        <ele>1263.52</ele>
      </trkpt>
      <trkpt lat="34.29844" lon="-117.35088">
        <ele>1262.32</ele>
      </trkpt>
      <trkpt lat="34.29848" lon="-117.35094">
        <ele>1260.82</ele>
      </trkpt>
      <trkpt lat="34.29853" lon="-117.35098">
        <ele>1259.21</ele>
      </trkpt>
      <trkpt lat="34.29856" lon="-117.35104">
        <ele>1259.48</ele>
      </trkpt>
      <trkpt lat="34.2986" lon="-117.3511">
        <ele>1260.11</ele>
      </trkpt>
      <trkpt lat="34.29864" lon="-117.35115">
        <ele>1261.06</ele>
      </trkpt>
      <trkpt lat="34.29869" lon="-117.3512">
        <ele>1262.14</ele>
      </trkpt>
      <trkpt lat="34.29873" lon="-117.35125">
        <ele>1262.79</ele>
      </trkpt>
      <trkpt lat="34.29877" lon="-117.35131">
        <ele>1263.15</ele>
      </trkpt>
      <trkpt lat="34.29881" lon="-117.35137">
        <ele>1263.18</ele>
      </trkpt>
      <trkpt lat="34.29885" lon="-117.35143">
        <ele>1262.89</ele>
      </trkpt>
      <trkpt lat="34.29885" lon="-117.35144">
        <ele>1263.04</ele>
      </trkpt>
      <trkpt lat="34.29895" lon="-117.35157">
        <ele>1261.01</ele>
      </trkpt>
      <trkpt lat="34.29898" lon="-117.35172">
        <ele>1261.03</ele>
      </trkpt>
      <trkpt lat="34.29904" lon="-117.35197">
        <ele>1260.09</ele>
      </trkpt>
      <trkpt lat="34.29905" lon="-117.35203">
        <ele>1259.34</ele>
      </trkpt>
      <trkpt lat="34.29906" lon="-117.35208">
        <ele>1258.62</ele>
      </trkpt>
      <trkpt lat="34.29907" lon="-117.35213">
        <ele>1258.0</ele>
      </trkpt>
      <trkpt lat="34.29908" lon="-117.35216">
        <ele>1257.67</ele>
      </trkpt>
      <trkpt lat="34.29911" lon="-117.35224">
        <ele>1256.88</ele>
      </trkpt>
      <trkpt lat="34.29914" lon="-117.35228">
        <ele>1256.82</ele>
      </trkpt>
      <trkpt lat="34.29916" lon="-117.3523">
        <ele>1256.94</ele>
      </trkpt>
      <trkpt lat="34.29923" lon="-117.35232">
        <ele>1256.98</ele>
      </trkpt>
      <trkpt lat="34.29927" lon="-117.35232">
        <ele>1257.1</ele>
      </trkpt>
      <trkpt lat="34.29932" lon="-117.3523">
        <ele>1257.71</ele>
      </trkpt>
      <trkpt lat="34.29933" lon="-117.35229">
        <ele>1257.83</ele>
      </trkpt>
      <trkpt lat="34.29942" lon="-117.35224">
        <ele>1257.86</ele>
      </trkpt>
      <trkpt lat="34.29945" lon="-117.3522">
        <ele>1257.88</ele>
      </trkpt>
      <trkpt lat="34.29947" lon="-117.35217">
        <ele>1257.45</ele>
      </trkpt>
      <trkpt lat="34.29953" lon="-117.35203">
        <ele>1256.15</ele>
      </trkpt>
      <trkpt lat="34.29954" lon="-117.35197">
        <ele>1255.94</ele>
      </trkpt>
      <trkpt lat="34.29954" lon="-117.35195">
        <ele>1255.94</ele>
      </trkpt>
      <trkpt lat="34.29957" lon="-117.35178">
        <ele>1253.51</ele>
      </trkpt>
      <trkpt lat="34.29957" lon="-117.35172">
        <ele>1252.86</ele>
      </trkpt>
      <trkpt lat="34.29957" lon="-117.35166">
        <ele>1252.24</ele>
      </trkpt>
      <trkpt lat="34.29957" lon="-117.3516">
        <ele>1251.82</ele>
      </trkpt>
      <trkpt lat="34.29957" lon="-117.35154">
        <ele>1251.28</ele>
      </trkpt>
      <trkpt lat="34.29957" lon="-117.35153">
        <ele>1251.17</ele>
      </trkpt>
      <trkpt lat="34.29956" lon="-117.35147">
        <ele>1250.63</ele>
      </trkpt>
      <trkpt lat="34.29953" lon="-117.35141">
        <ele>1250.36</ele>
      </trkpt>
      <trkpt lat="34.29949" lon="-117.35136">
        <ele>1250.86</ele>
      </trkpt>
      <trkpt lat="34.29938" lon="-117.35126">
        <ele>1251.3</ele>
      </trkpt>
      <trkpt lat="34.29935" lon="-117.35123">
        <ele>1251.32</ele>
      </trkpt>
      <trkpt lat="34.2993" lon="-117.35119">
        <ele>1251.82</ele>
      </trkpt>
      <trkpt lat="34.29926" lon="-117.35115">
        <ele>1251.82</ele>
      </trkpt>
      <trkpt lat="34.29921" lon="-117.3511">
        <ele>1251.76</ele>
      </trkpt>
      <trkpt lat="34.29917" lon="-117.35106">
        <ele>1251.29</ele>
      </trkpt>
      <trkpt lat="34.29912" lon="-117.35102">
        <ele>1250.55</ele>
      </trkpt>
      <trkpt lat="34.29907" lon="-117.35099">
        <ele>1250.21</ele>
      </trkpt>
      <trkpt lat="34.29902" lon="-117.35094">
        <ele>1250.21</ele>
      </trkpt>
      <trkpt lat="34.29897" lon="-117.35091">
        <ele>1250.48</ele>
      </trkpt>
      <trkpt lat="34.29893" lon="-117.35086">
        <ele>1249.5</ele>
      </trkpt>
      <trkpt lat="34.2989" lon="-117.35079">
        <ele>1248.7</ele>
      </trkpt>
      <trkpt lat="34.29888" lon="-117.35071">
        <ele>1248.26</ele>
      </trkpt>
      <trkpt lat="34.29888" lon="-117.35064">
        <ele>1248.19</ele>
      </trkpt>
      <trkpt lat="34.29889" lon="-117.35057">
        <ele>1247.97</ele>
      </trkpt>
      <trkpt lat="34.29891" lon="-117.35052">
        <ele>1247.54</ele>
      </trkpt>
      <trkpt lat="34.29896" lon="-117.35047">
        <ele>1246.46</ele>
      </trkpt>
      <trkpt lat="34.29901" lon="-117.35043">
        <ele>1245.38</ele>
      </trkpt>
      <trkpt lat="34.29906" lon="-117.35039">
        <ele>1244.3</ele>
      </trkpt>
      <trkpt lat="34.29906" lon="-117.35039">
        <ele>1244.3</ele>
      </trkpt>
      <trkpt lat="34.2991" lon="-117.35032">
        <ele>1243.72</ele>
      </trkpt>
      <trkpt lat="34.29913" lon="-117.35026">
        <ele>1243.4</ele>
      </trkpt>
      <trkpt lat="34.29913" lon="-117.35022">
        <ele>1243.4</ele>
      </trkpt>
      <trkpt lat="34.29913" lon="-117.35015">
        <ele>1243.02</ele>
      </trkpt>
      <trkpt lat="34.29912" lon="-117.35008">
        <ele>1242.37</ele>
      </trkpt>
      <trkpt lat="34.29908" lon="-117.35002">
        <ele>1242.15</ele>
      </trkpt>
      <trkpt lat="34.29903" lon="-117.34998">
        <ele>1241.67</ele>
      </trkpt>
      <trkpt lat="34.29899" lon="-117.34993">
        <ele>1241.17</ele>
      </trkpt>
      <trkpt lat="34.29896" lon="-117.34986">
        <ele>1239.81</ele>
      </trkpt>
      <trkpt lat="34.29894" lon="-117.34979">
        <ele>1238.36</ele>
      </trkpt>
      <trkpt lat="34.29895" lon="-117.34972">
        <ele>1236.62</ele>
      </trkpt>
      <trkpt lat="34.29894" lon="-117.34967">
        <ele>1235.46</ele>
      </trkpt>
      <trkpt lat="34.29897" lon="-117.34959">
        <ele>1232.89</ele>
      </trkpt>
      <trkpt lat="34.29905" lon="-117.34947">
        <ele>1231.28</ele>
      </trkpt>
      <trkpt lat="34.29908" lon="-117.34939">
        <ele>1230.48</ele>
      </trkpt>
      <trkpt lat="34.29906" lon="-117.34914">
        <ele>1227.97</ele>
      </trkpt>
      <trkpt lat="34.29887" lon="-117.34878">
        <ele>1222.22</ele>
      </trkpt>
      <trkpt lat="34.29885" lon="-117.34873">
        <ele>1221.53</ele>
      </trkpt>
      <trkpt lat="34.29884" lon="-117.34867">
        <ele>1220.88</ele>
      </trkpt>
      <trkpt lat="34.29885" lon="-117.34851">
        <ele>1221.92</ele>
      </trkpt>
      <trkpt lat="34.29893" lon="-117.34834">
        <ele>1222.6</ele>
      </trkpt>
      <trkpt lat="34.29908" lon="-117.3479">
        <ele>1221.51</ele>
      </trkpt>
      <trkpt lat="34.2991" lon="-117.34771">
        <ele>1220.63</ele>
      </trkpt>
      <trkpt lat="34.29909" lon="-117.34756">
        <ele>1219.49</ele>
      </trkpt>
      <trkpt lat="34.29909" lon="-117.34756">
        <ele>1219.49</ele>
      </trkpt>
      <trkpt lat="34.29901" lon="-117.34742">
        <ele>1215.41</ele>
      </trkpt>
      <trkpt lat="34.29891" lon="-117.34734">
        <ele>1212.09</ele>
      </trkpt>
      <trkpt lat="34.29874" lon="-117.34723">
        <ele>1211.47</ele>
      </trkpt>
      <trkpt lat="34.2986" lon="-117.34706">
        <ele>1207.86</ele>
      </trkpt>
      <trkpt lat="34.29852" lon="-117.34699">
        <ele>1206.45</ele>
      </trkpt>
      <trkpt lat="34.29843" lon="-117.34692">
        <ele>1205.43</ele>
      </trkpt>
      <trkpt lat="34.29837" lon="-117.34687">
        <ele>1205.6</ele>
      </trkpt>
      <trkpt lat="34.29821" lon="-117.34671">
        <ele>1206.49</ele>
      </trkpt>
      <trkpt lat="34.2982" lon="-117.34665">
        <ele>1206.8</ele>
      </trkpt>
      <trkpt lat="34.29818" lon="-117.34659">
        <ele>1208.31</ele>
      </trkpt>
      <trkpt lat="34.29819" lon="-117.34654">
        <ele>1209.49</ele>
      </trkpt>
      <trkpt lat="34.2982" lon="-117.3465">
        <ele>1210.39</ele>
      </trkpt>
      <trkpt lat="34.29823" lon="-117.34643">
        <ele>1211.34</ele>
      </trkpt>
      <trkpt lat="34.29826" lon="-117.34638">
        <ele>1212.06</ele>
      </trkpt>
      <trkpt lat="34.29827" lon="-117.34635">
        <ele>1212.81</ele>
      </trkpt>
      <trkpt lat="34.29836" lon="-117.34618">
        <ele>1214.75</ele>
      </trkpt>
      <trkpt lat="34.2984" lon="-117.34615">
        <ele>1214.56</ele>
      </trkpt>
      <trkpt lat="34.29844" lon="-117.34612">
        <ele>1214.64</ele>
      </trkpt>
      <trkpt lat="34.29848" lon="-117.34612">
        <ele>1214.17</ele>
      </trkpt>
      <trkpt lat="34.29861" lon="-117.34612">
        <ele>1213.62</ele>
      </trkpt>
      <trkpt lat="34.29867" lon="-117.34613">
        <ele>1213.18</ele>
      </trkpt>
      <trkpt lat="34.29867" lon="-117.34613">
        <ele>1213.18</ele>
      </trkpt>
      <trkpt lat="34.29877" lon="-117.34615">
        <ele>1211.6</ele>
      </trkpt>
      <trkpt lat="34.29882" lon="-117.34615">
        <ele>1210.96</ele>
      </trkpt>
      <trkpt lat="34.29886" lon="-117.34615">
        <ele>1210.34</ele>
      </trkpt>
      <trkpt lat="34.299" lon="-117.34614">
        <ele>1207.98</ele>
      </trkpt>
      <trkpt lat="34.29905" lon="-117.34613">
        <ele>1207.35</ele>
      </trkpt>
      <trkpt lat="34.29906" lon="-117.34612">
        <ele>1207.74</ele>
      </trkpt>
      <trkpt lat="34.29916" lon="-117.3461">
        <ele>1204.64</ele>
      </trkpt>
      <trkpt lat="34.29931" lon="-117.34604">
        <ele>1200.24</ele>
      </trkpt>
      <trkpt lat="34.2994" lon="-117.346">
        <ele>1197.62</ele>
      </trkpt>
      <trkpt lat="34.29965" lon="-117.34601">
        <ele>1197.59</ele>
      </trkpt>
      <trkpt lat="34.29978" lon="-117.34606">
        <ele>1197.28</ele>
      </trkpt>
      <trkpt lat="34.29985" lon="-117.34607">
        <ele>1197.33</ele>
      </trkpt>
      <trkpt lat="34.29998" lon="-117.3461">
        <ele>1196.45</ele>
      </trkpt>
      <trkpt lat="34.30011" lon="-117.34614">
        <ele>1195.75</ele>
      </trkpt>
      <trkpt lat="34.30025" lon="-117.34617">
        <ele>1194.01</ele>
      </trkpt>
      <trkpt lat="34.30038" lon="-117.34617">
        <ele>1192.61</ele>
      </trkpt>
      <trkpt lat="34.30052" lon="-117.34615">
        <ele>1190.93</ele>
      </trkpt>
      <trkpt lat="34.30065" lon="-117.34609">
        <ele>1190.87</ele>
      </trkpt>
      <trkpt lat="34.30078" lon="-117.34602">
        <ele>1190.25</ele>
      </trkpt>
      <trkpt lat="34.30088" lon="-117.34591">
        <ele>1190.5</ele>
      </trkpt>
      <trkpt lat="34.30097" lon="-117.34578">
        <ele>1191.03</ele>
      </trkpt>
      <trkpt lat="34.30104" lon="-117.34565">
        <ele>1190.05</ele>
      </trkpt>
      <trkpt lat="34.30111" lon="-117.34551">
        <ele>1188.53</ele>
      </trkpt>
      <trkpt lat="34.30117" lon="-117.34536">
        <ele>1186.46</ele>
      </trkpt>
      <trkpt lat="34.30121" lon="-117.34521">
        <ele>1184.05</ele>
      </trkpt>
      <trkpt lat="34.30123" lon="-117.34508">
        <ele>1181.97</ele>
      </trkpt>
      <trkpt lat="34.30121" lon="-117.34495">
        <ele>1180.68</ele>
      </trkpt>
      <trkpt lat="34.30115" lon="-117.34483">
        <ele>1180.07</ele>
      </trkpt>
      <trkpt lat="34.30108" lon="-117.34472">
        <ele>1179.29</ele>
      </trkpt>
      <trkpt lat="34.30101" lon="-117.34464">
        <ele>1178.22</ele>
      </trkpt>
      <trkpt lat="34.30101" lon="-117.34464">
        <ele>1178.22</ele>
      </trkpt>
      <trkpt lat="34.30093" lon="-117.34458">
        <ele>1177.44</ele>
      </trkpt>
      <trkpt lat="34.30089" lon="-117.34455">
        <ele>1177.53</ele>
      </trkpt>
      <trkpt lat="34.30085" lon="-117.34451">
        <ele>1177.24</ele>
      </trkpt>
      <trkpt lat="34.30082" lon="-117.34448">
        <ele>1177.0</ele>
      </trkpt>
      <trkpt lat="34.3008" lon="-117.34444">
        <ele>1176.69</ele>
      </trkpt>
      <trkpt lat="34.30081" lon="-117.34431">
        <ele>1174.97</ele>
      </trkpt>
      <trkpt lat="34.30082" lon="-117.34426">
        <ele>1173.59</ele>
      </trkpt>
      <trkpt lat="34.30083" lon="-117.34422">
        <ele>1173.16</ele>
      </trkpt>
      <trkpt lat="34.30089" lon="-117.34411">
        <ele>1171.78</ele>
      </trkpt>
      <trkpt lat="34.30091" lon="-117.34406">
        <ele>1171.54</ele>
      </trkpt>
      <trkpt lat="34.30092" lon="-117.34404">
        <ele>1171.22</ele>
      </trkpt>
      <trkpt lat="34.30093" lon="-117.34401">
        <ele>1170.9</ele>
      </trkpt>
      <trkpt lat="34.30094" lon="-117.34397">
        <ele>1170.8</ele>
      </trkpt>
      <trkpt lat="34.30097" lon="-117.34383">
        <ele>1171.21</ele>
      </trkpt>
      <trkpt lat="34.30099" lon="-117.34368">
        <ele>1171.0</ele>
      </trkpt>
      <trkpt lat="34.30099" lon="-117.34354">
        <ele>1172.0</ele>
      </trkpt>
      <trkpt lat="34.30101" lon="-117.34341">
        <ele>1173.62</ele>
      </trkpt>
      <trkpt lat="34.30103" lon="-117.34329">
        <ele>1175.03</ele>
      </trkpt>
      <trkpt lat="34.30105" lon="-117.34324">
        <ele>1174.99</ele>
      </trkpt>
      <trkpt lat="34.30107" lon="-117.34319">
        <ele>1174.88</ele>
      </trkpt>
      <trkpt lat="34.30111" lon="-117.34316">
        <ele>1173.91</ele>
      </trkpt>
      <trkpt lat="34.30111" lon="-117.34316">
        <ele>1173.91</ele>
      </trkpt>
      <trkpt lat="34.30117" lon="-117.34311">
        <ele>1173.55</ele>
      </trkpt>
      <trkpt lat="34.30121" lon="-117.34309">
        <ele>1173.12</ele>
      </trkpt>
      <trkpt lat="34.30126" lon="-117.34306">
        <ele>1172.69</ele>
      </trkpt>
      <trkpt lat="34.30126" lon="-117.34306">
        <ele>1172.69</ele>
      </trkpt>
      <trkpt lat="34.30141" lon="-117.343">
        <ele>1171.97</ele>
      </trkpt>
      <trkpt lat="34.30146" lon="-117.34298">
        <ele>1171.86</ele>
      </trkpt>
      <trkpt lat="34.30146" lon="-117.34297">
        <ele>1172.08</ele>
      </trkpt>
      <trkpt lat="34.30153" lon="-117.34293">
        <ele>1171.49</ele>
      </trkpt>
      <trkpt lat="34.30156" lon="-117.34291">
        <ele>1171.36</ele>
      </trkpt>
      <trkpt lat="34.30158" lon="-117.3429">
        <ele>1171.23</ele>
      </trkpt>
      <trkpt lat="34.30165" lon="-117.34282">
        <ele>1170.9</ele>
      </trkpt>
      <trkpt lat="34.30167" lon="-117.34278">
        <ele>1170.87</ele>
      </trkpt>
      <trkpt lat="34.30175" lon="-117.34256">
        <ele>1169.3</ele>
      </trkpt>
      <trkpt lat="34.30178" lon="-117.34241">
        <ele>1167.13</ele>
      </trkpt>
      <trkpt lat="34.3018" lon="-117.34227">
        <ele>1165.32</ele>
      </trkpt>
      <trkpt lat="34.30179" lon="-117.34214">
        <ele>1164.45</ele>
      </trkpt>
      <trkpt lat="34.30178" lon="-117.34212">
        <ele>1164.7</ele>
      </trkpt>
      <trkpt lat="34.30176" lon="-117.34204">
        <ele>1164.03</ele>
      </trkpt>
      <trkpt lat="34.30171" lon="-117.34192">
        <ele>1161.01</ele>
      </trkpt>
      <trkpt lat="34.30165" lon="-117.34183">
        <ele>1158.79</ele>
      </trkpt>
      <trkpt lat="34.30158" lon="-117.34174">
        <ele>1157.25</ele>
      </trkpt>
      <trkpt lat="34.30149" lon="-117.34166">
        <ele>1157.51</ele>
      </trkpt>
      <trkpt lat="34.30149" lon="-117.34166">
        <ele>1157.51</ele>
      </trkpt>
      <trkpt lat="34.30143" lon="-117.34161">
        <ele>1157.62</ele>
      </trkpt>
      <trkpt lat="34.30131" lon="-117.34153">
        <ele>1158.68</ele>
      </trkpt>
      <trkpt lat="34.30124" lon="-117.34151">
        <ele>1159.64</ele>
      </trkpt>
      <trkpt lat="34.30112" lon="-117.34148">
        <ele>1160.89</ele>
      </trkpt>
      <trkpt lat="34.30108" lon="-117.34147">
        <ele>1160.83</ele>
      </trkpt>
      <trkpt lat="34.30104" lon="-117.34146">
        <ele>1160.59</ele>
      </trkpt>
      <trkpt lat="34.30097" lon="-117.34142">
        <ele>1158.97</ele>
      </trkpt>
      <trkpt lat="34.30095" lon="-117.34139">
        <ele>1158.28</ele>
      </trkpt>
      <trkpt lat="34.30092" lon="-117.34134">
        <ele>1156.75</ele>
      </trkpt>
      <trkpt lat="34.30091" lon="-117.34129">
        <ele>1155.36</ele>
      </trkpt>
      <trkpt lat="34.30091" lon="-117.34115">
        <ele>1152.5</ele>
      </trkpt>
      <trkpt lat="34.30094" lon="-117.34106">
        <ele>1151.13</ele>
      </trkpt>
      <trkpt lat="34.30102" lon="-117.34099">
        <ele>1151.38</ele>
      </trkpt>
      <trkpt lat="34.3011" lon="-117.34096">
        <ele>1150.74</ele>
      </trkpt>
      <trkpt lat="34.30118" lon="-117.341">
        <ele>1151.0</ele>
      </trkpt>
      <trkpt lat="34.30126" lon="-117.34107">
        <ele>1150.34</ele>
      </trkpt>
      <trkpt lat="34.30128" lon="-117.3411">
        <ele>1150.23</ele>
      </trkpt>
      <trkpt lat="34.30128" lon="-117.3411">
        <ele>1150.23</ele>
      </trkpt>
      <trkpt lat="34.30137" lon="-117.34133">
        <ele>1151.34</ele>
      </trkpt>
      <trkpt lat="34.30144" lon="-117.3414">
        <ele>1150.7</ele>
      </trkpt>
      <trkpt lat="34.30166" lon="-117.3415">
        <ele>1147.82</ele>
      </trkpt>
      <trkpt lat="34.30181" lon="-117.34158">
        <ele>1146.55</ele>
      </trkpt>
      <trkpt lat="34.30192" lon="-117.3417">
        <ele>1146.14</ele>
      </trkpt>
      <trkpt lat="34.30204" lon="-117.34186">
        <ele>1147.05</ele>
      </trkpt>
      <trkpt lat="34.30227" lon="-117.34229">
        <ele>1143.7</ele>
      </trkpt>
      <trkpt lat="34.30226" lon="-117.34229">
        <ele>1143.92</ele>
      </trkpt>
      <trkpt lat="34.30245" lon="-117.34261">
        <ele>1145.19</ele>
      </trkpt>
      <trkpt lat="34.30248" lon="-117.34265">
        <ele>1145.62</ele>
      </trkpt>
      <trkpt lat="34.3025" lon="-117.34267">
        <ele>1145.84</ele>
      </trkpt>
      <trkpt lat="34.30261" lon="-117.34278">
        <ele>1146.0</ele>
      </trkpt>
      <trkpt lat="34.30265" lon="-117.34281">
        <ele>1146.0</ele>
      </trkpt>
      <trkpt lat="34.30265" lon="-117.34281">
        <ele>1146.0</ele>
      </trkpt>
      <trkpt lat="34.30278" lon="-117.34289">
        <ele>1146.0</ele>
      </trkpt>
      <trkpt lat="34.30282" lon="-117.34291">
        <ele>1146.0</ele>
      </trkpt>
      <trkpt lat="34.30295" lon="-117.34298">
        <ele>1146.7</ele>
      </trkpt>
      <trkpt lat="34.30298" lon="-117.34299">
        <ele>1146.76</ele>
      </trkpt>
      <trkpt lat="34.30307" lon="-117.34304">
        <ele>1147.03</ele>
      </trkpt>
      <trkpt lat="34.30317" lon="-117.34309">
        <ele>1146.72</ele>
      </trkpt>
      <trkpt lat="34.30334" lon="-117.34322">
        <ele>1147.59</ele>
      </trkpt>
      <trkpt lat="34.30352" lon="-117.34343">
        <ele>1145.93</ele>
      </trkpt>
      <trkpt lat="34.30367" lon="-117.34359">
        <ele>1143.46</ele>
      </trkpt>
      <trkpt lat="34.30377" lon="-117.34363">
        <ele>1142.59</ele>
      </trkpt>
      <trkpt lat="34.30386" lon="-117.34364">
        <ele>1141.47</ele>
      </trkpt>
      <trkpt lat="34.30399" lon="-117.34358">
        <ele>1140.4</ele>
      </trkpt>
      <trkpt lat="34.3041" lon="-117.34341">
        <ele>1140.33</ele>
      </trkpt>
      <trkpt lat="34.30414" lon="-117.3433">
        <ele>1139.97</ele>
      </trkpt>
      <trkpt lat="34.30418" lon="-117.34318">
        <ele>1138.57</ele>
      </trkpt>
      <trkpt lat="34.30421" lon="-117.34306">
        <ele>1137.15</ele>
      </trkpt>
      <trkpt lat="34.30422" lon="-117.34292">
        <ele>1134.96</ele>
      </trkpt>
      <trkpt lat="34.30421" lon="-117.34278">
        <ele>1132.71</ele>
      </trkpt>
      <trkpt lat="34.30419" lon="-117.34264">
        <ele>1130.89</ele>
      </trkpt>
      <trkpt lat="34.30416" lon="-117.3425">
        <ele>1130.43</ele>
      </trkpt>
      <trkpt lat="34.30413" lon="-117.34236">
        <ele>1130.35</ele>
      </trkpt>
      <trkpt lat="34.30411" lon="-117.34222">
        <ele>1127.62</ele>
      </trkpt>
      <trkpt lat="34.30408" lon="-117.3421">
        <ele>1126.1</ele>
      </trkpt>
      <trkpt lat="34.30404" lon="-117.34198">
        <ele>1126.0</ele>
      </trkpt>
      <trkpt lat="34.30403" lon="-117.34195">
        <ele>1125.99</ele>
      </trkpt>
      <trkpt lat="34.30397" lon="-117.34181">
        <ele>1124.41</ele>
      </trkpt>
      <trkpt lat="34.30387" lon="-117.3417">
        <ele>1123.28</ele>
      </trkpt>
      <trkpt lat="34.30374" lon="-117.34158">
        <ele>1119.86</ele>
      </trkpt>
      <trkpt lat="34.30355" lon="-117.34146">
        <ele>1121.36</ele>
      </trkpt>
      <trkpt lat="34.30354" lon="-117.34145">
        <ele>1121.36</ele>
      </trkpt>
      <trkpt lat="34.30349" lon="-117.34142">
        <ele>1121.93</ele>
      </trkpt>
      <trkpt lat="34.30343" lon="-117.34139">
        <ele>1122.9</ele>
      </trkpt>
      <trkpt lat="34.30343" lon="-117.34139">
        <ele>1122.9</ele>
      </trkpt>
      <trkpt lat="34.30332" lon="-117.34136">
        <ele>1125.64</ele>
      </trkpt>
      <trkpt lat="34.30325" lon="-117.3413">
        <ele>1126.72</ele>
      </trkpt>
      <trkpt lat="34.30322" lon="-117.34124">
        <ele>1126.84</ele>
      </trkpt>
      <trkpt lat="34.30322" lon="-117.34105">
        <ele>1125.3</ele>
      </trkpt>
      <trkpt lat="34.30324" lon="-117.34098">
        <ele>1125.01</ele>
      </trkpt>
      <trkpt lat="34.30332" lon="-117.34087">
        <ele>1123.63</ele>
      </trkpt>
      <trkpt lat="34.3034" lon="-117.34074">
        <ele>1120.54</ele>
      </trkpt>
      <trkpt lat="34.30341" lon="-117.34069">
        <ele>1119.25</ele>
      </trkpt>
      <trkpt lat="34.30341" lon="-117.34065">
        <ele>1118.38</ele>
      </trkpt>
      <trkpt lat="34.30342" lon="-117.34058">
        <ele>1115.92</ele>
      </trkpt>
      <trkpt lat="34.30339" lon="-117.34051">
        <ele>1114.79</ele>
      </trkpt>
      <trkpt lat="34.30338" lon="-117.34048">
        <ele>1114.36</ele>
      </trkpt>
      <trkpt lat="34.30332" lon="-117.34038">
        <ele>1113.5</ele>
      </trkpt>
      <trkpt lat="34.30323" lon="-117.34029">
        <ele>1113.38</ele>
      </trkpt>
      <trkpt lat="34.3031" lon="-117.34025">
        <ele>1113.56</ele>
      </trkpt>
      <trkpt lat="34.30298" lon="-117.34029">
        <ele>1114.26</ele>
      </trkpt>
      <trkpt lat="34.30289" lon="-117.34035">
        <ele>1113.98</ele>
      </trkpt>
      <trkpt lat="34.3028" lon="-117.34046">
        <ele>1112.9</ele>
      </trkpt>
      <trkpt lat="34.30266" lon="-117.34059">
        <ele>1111.0</ele>
      </trkpt>
      <trkpt lat="34.30248" lon="-117.34059">
        <ele>1111.24</ele>
      </trkpt>
      <trkpt lat="34.30244" lon="-117.34056">
        <ele>1112.64</ele>
      </trkpt>
      <trkpt lat="34.30238" lon="-117.34046">
        <ele>1114.44</ele>
      </trkpt>
      <trkpt lat="34.30237" lon="-117.34043">
        <ele>1114.52</ele>
      </trkpt>
      <trkpt lat="34.30236" lon="-117.34036">
        <ele>1113.94</ele>
      </trkpt>
      <trkpt lat="34.30235" lon="-117.34029">
        <ele>1113.61</ele>
      </trkpt>
      <trkpt lat="34.30233" lon="-117.34021">
        <ele>1113.73</ele>
      </trkpt>
      <trkpt lat="34.3023" lon="-117.34014">
        <ele>1113.99</ele>
      </trkpt>
      <trkpt lat="34.30228" lon="-117.34007">
        <ele>1113.88</ele>
      </trkpt>
      <trkpt lat="34.30226" lon="-117.34">
        <ele>1113.78</ele>
      </trkpt>
      <trkpt lat="34.30224" lon="-117.33993">
        <ele>1114.42</ele>
      </trkpt>
      <trkpt lat="34.30222" lon="-117.33986">
        <ele>1115.06</ele>
      </trkpt>
      <trkpt lat="34.30221" lon="-117.33981">
        <ele>1115.26</ele>
      </trkpt>
      <trkpt lat="34.30221" lon="-117.33981">
        <ele>1115.26</ele>
      </trkpt>
      <trkpt lat="34.30219" lon="-117.33974">
        <ele>1115.7</ele>
      </trkpt>
      <trkpt lat="34.30216" lon="-117.33961">
        <ele>1116.67</ele>
      </trkpt>
      <trkpt lat="34.30214" lon="-117.33947">
        <ele>1116.25</ele>
      </trkpt>
      <trkpt lat="34.30211" lon="-117.33933">
        <ele>1115.76</ele>
      </trkpt>
      <trkpt lat="34.30207" lon="-117.33919">
        <ele>1113.5</ele>
      </trkpt>
      <trkpt lat="34.30203" lon="-117.33908">
        <ele>1112.06</ele>
      </trkpt>
      <trkpt lat="34.30198" lon="-117.33896">
        <ele>1109.54</ele>
      </trkpt>
      <trkpt lat="34.30192" lon="-117.33885">
        <ele>1107.42</ele>
      </trkpt>
      <trkpt lat="34.30188" lon="-117.33879">
        <ele>1106.54</ele>
      </trkpt>
      <trkpt lat="34.30176" lon="-117.33864">
        <ele>1104.93</ele>
      </trkpt>
      <trkpt lat="34.30165" lon="-117.33857">
        <ele>1103.22</ele>
      </trkpt>
      <trkpt lat="34.30158" lon="-117.33854">
        <ele>1101.93</ele>
      </trkpt>
      <trkpt lat="34.3014" lon="-117.33851">
        <ele>1099.83</ele>
      </trkpt>
      <trkpt lat="34.30099" lon="-117.3385">
        <ele>1091.03</ele>
      </trkpt>
      <trkpt lat="34.3009" lon="-117.33853">
        <ele>1088.38</ele>
      </trkpt>
      <trkpt lat="34.30069" lon="-117.33853">
        <ele>1080.28</ele>
      </trkpt>
      <trkpt lat="34.30058" lon="-117.33848">
        <ele>1078.36</ele>
      </trkpt>
      <trkpt lat="34.3005" lon="-117.33842">
        <ele>1079.15</ele>
      </trkpt>
      <trkpt lat="34.30046" lon="-117.33832">
        <ele>1080.13</ele>
      </trkpt>
      <trkpt lat="34.30042" lon="-117.33818">
        <ele>1081.97</ele>
      </trkpt>
      <trkpt lat="34.30041" lon="-117.33804">
        <ele>1082.26</ele>
      </trkpt>
      <trkpt lat="34.30041" lon="-117.33799">
        <ele>1081.72</ele>
      </trkpt>
      <trkpt lat="34.3004" lon="-117.33792">
        <ele>1081.93</ele>
      </trkpt>
      <trkpt lat="34.3004" lon="-117.33784">
        <ele>1081.43</ele>
      </trkpt>
      <trkpt lat="34.30039" lon="-117.33777">
        <ele>1081.37</ele>
      </trkpt>
      <trkpt lat="34.30039" lon="-117.3377">
        <ele>1080.01</ele>
      </trkpt>
      <trkpt lat="34.3004" lon="-117.33763">
        <ele>1078.08</ele>
      </trkpt>
      <trkpt lat="34.3004" lon="-117.33756">
        <ele>1076.7</ele>
      </trkpt>
      <trkpt lat="34.30041" lon="-117.33749">
        <ele>1074.64</ele>
      </trkpt>
      <trkpt lat="34.30042" lon="-117.33742">
        <ele>1072.59</ele>
      </trkpt>
      <trkpt lat="34.30043" lon="-117.33735">
        <ele>1070.36</ele>
      </trkpt>
      <trkpt lat="34.30043" lon="-117.33734">
        <ele>1070.11</ele>
      </trkpt>
      <trkpt lat="34.30043" lon="-117.3372">
        <ele>1066.2</ele>
      </trkpt>
      <trkpt lat="34.30044" lon="-117.33712">
        <ele>1063.33</ele>
      </trkpt>
    </trkseg>
  </trk>
</gpx>
