<?xml version="1.0"?>
<gpx xmlns="http://www.topografix.com/GPX/1/1" xmlns:xsi="http://www.w3.org/2001/XMLSchema-instance" version="1.1" creator="AllTrails.com" xsi:schemaLocation="http://www.topografix.com/GPX/1/1 http://www.topografix.com/GPX/1/1/gpx.xsd">
  <metadata>
    <name><![CDATA[Lower Lytle Creek Divide Loop]]></name>
    <desc><![CDATA[]]></desc>
    <link href="http://www.alltrails.com">
      <text>AllTrails, LLC</text>
    </link>
    <bounds minlat="34.18717" minlon="-117.49924" maxlat="34.26101" maxlon="-117.42845"/>
  </metadata>
  <trk>
    <name><![CDATA[Lower Lytle Creek Divide Loop]]></name>
    <src>AllTrails</src>
    <trkseg>
      <trkpt lat="34.20116" lon="-117.44821">
        <ele>682.82</ele>
      </trkpt>
      <trkpt lat="34.2011" lon="-117.44815">
        <ele>683.0</ele>
      </trkpt>
      <trkpt lat="34.20107" lon="-117.44812">
        <ele>682.7</ele>
      </trkpt>
      <trkpt lat="34.20092" lon="-117.44798">
        <ele>682.24</ele>
      </trkpt>
      <trkpt lat="34.20088" lon="-117.44792">
        <ele>682.27</ele>
      </trkpt>
      <trkpt lat="34.20082" lon="-117.44787">
        <ele>682.14</ele>
      </trkpt>
      <trkpt lat="34.20081" lon="-117.44785">
        <ele>682.2</ele>
      </trkpt>
      <trkpt lat="34.20066" lon="-117.44772">
        <ele>682.0</ele>
      </trkpt>
      <trkpt lat="34.20053" lon="-117.44761">
        <ele>682.0</ele>
      </trkpt>
      <trkpt lat="34.20046" lon="-117.44755">
        <ele>681.55</ele>
      </trkpt>
      <trkpt lat="34.20041" lon="-117.4475">
        <ele>681.57</ele>
      </trkpt>
      <trkpt lat="34.20029" lon="-117.44737">
        <ele>680.95</ele>
      </trkpt>
      <trkpt lat="34.20017" lon="-117.44724">
        <ele>680.19</ele>
      </trkpt>
      <trkpt lat="34.2001" lon="-117.44718">
        <ele>679.54</ele>
      </trkpt>
      <trkpt lat="34.20005" lon="-117.44714">
        <ele>679.11</ele>
      </trkpt>
      <trkpt lat="34.19999" lon="-117.44707">
        <ele>678.36</ele>
      </trkpt>
      <trkpt lat="34.19994" lon="-117.44702">
        <ele>678.0</ele>
      </trkpt>
      <trkpt lat="34.19987" lon="-117.44695">
        <ele>677.62</ele>
      </trkpt>
      <trkpt lat="34.19978" lon="-117.44687">
        <ele>677.0</ele>
      </trkpt>
      <trkpt lat="34.19967" lon="-117.44677">
        <ele>676.12</ele>
      </trkpt>
      <trkpt lat="34.19955" lon="-117.44665">
        <ele>675.11</ele>
      </trkpt>
      <trkpt lat="34.19935" lon="-117.44645">
        <ele>673.66</ele>
      </trkpt>
      <trkpt lat="34.1992" lon="-117.44631">
        <ele>672.45</ele>
      </trkpt>
      <trkpt lat="34.19908" lon="-117.44621">
        <ele>672.0</ele>
      </trkpt>
      <trkpt lat="34.19902" lon="-117.44616">
        <ele>671.42</ele>
      </trkpt>
      <trkpt lat="34.19896" lon="-117.44611">
        <ele>671.0</ele>
      </trkpt>
      <trkpt lat="34.19892" lon="-117.44605">
        <ele>671.0</ele>
      </trkpt>
      <trkpt lat="34.19865" lon="-117.44586">
        <ele>670.0</ele>
      </trkpt>
      <trkpt lat="34.1986" lon="-117.44581">
        <ele>669.97</ele>
      </trkpt>
      <trkpt lat="34.19856" lon="-117.44578">
        <ele>669.68</ele>
      </trkpt>
      <trkpt lat="34.19848" lon="-117.44574">
        <ele>669.0</ele>
      </trkpt>
      <trkpt lat="34.19837" lon="-117.44567">
        <ele>669.0</ele>
      </trkpt>
      <trkpt lat="34.19824" lon="-117.4456">
        <ele>669.0</ele>
      </trkpt>
      <trkpt lat="34.19811" lon="-117.44553">
        <ele>668.72</ele>
      </trkpt>
      <trkpt lat="34.19798" lon="-117.44546">
        <ele>668.0</ele>
      </trkpt>
      <trkpt lat="34.19777" lon="-117.44534">
        <ele>668.0</ele>
      </trkpt>
      <trkpt lat="34.19758" lon="-117.44524">
        <ele>668.0</ele>
      </trkpt>
      <trkpt lat="34.19741" lon="-117.44515">
        <ele>667.99</ele>
      </trkpt>
      <trkpt lat="34.19724" lon="-117.44506">
        <ele>667.0</ele>
      </trkpt>
      <trkpt lat="34.19708" lon="-117.44497">
        <ele>666.68</ele>
      </trkpt>
      <trkpt lat="34.19692" lon="-117.44489">
        <ele>665.95</ele>
      </trkpt>
      <trkpt lat="34.19676" lon="-117.4448">
        <ele>664.84</ele>
      </trkpt>
      <trkpt lat="34.19664" lon="-117.44475">
        <ele>664.3</ele>
      </trkpt>
      <trkpt lat="34.19656" lon="-117.44471">
        <ele>663.87</ele>
      </trkpt>
      <trkpt lat="34.19652" lon="-117.44468">
        <ele>663.54</ele>
      </trkpt>
      <trkpt lat="34.19647" lon="-117.44463">
        <ele>663.0</ele>
      </trkpt>
      <trkpt lat="34.19643" lon="-117.44461">
        <ele>663.0</ele>
      </trkpt>
      <trkpt lat="34.19635" lon="-117.44458">
        <ele>663.0</ele>
      </trkpt>
      <trkpt lat="34.19625" lon="-117.44453">
        <ele>662.46</ele>
      </trkpt>
      <trkpt lat="34.19608" lon="-117.44443">
        <ele>661.84</ele>
      </trkpt>
      <trkpt lat="34.19591" lon="-117.44435">
        <ele>661.0</ele>
      </trkpt>
      <trkpt lat="34.19573" lon="-117.44425">
        <ele>659.88</ele>
      </trkpt>
      <trkpt lat="34.19557" lon="-117.44416">
        <ele>659.0</ele>
      </trkpt>
      <trkpt lat="34.19544" lon="-117.44409">
        <ele>658.79</ele>
      </trkpt>
      <trkpt lat="34.19528" lon="-117.44402">
        <ele>658.0</ele>
      </trkpt>
      <trkpt lat="34.1952" lon="-117.44397">
        <ele>658.0</ele>
      </trkpt>
      <trkpt lat="34.19508" lon="-117.44391">
        <ele>658.0</ele>
      </trkpt>
      <trkpt lat="34.19498" lon="-117.44386">
        <ele>657.69</ele>
      </trkpt>
      <trkpt lat="34.1949" lon="-117.44381">
        <ele>657.14</ele>
      </trkpt>
      <trkpt lat="34.19486" lon="-117.44379">
        <ele>657.0</ele>
      </trkpt>
      <trkpt lat="34.19482" lon="-117.44376">
        <ele>657.0</ele>
      </trkpt>
      <trkpt lat="34.19448" lon="-117.4436">
        <ele>656.0</ele>
      </trkpt>
      <trkpt lat="34.19437" lon="-117.44353">
        <ele>656.0</ele>
      </trkpt>
      <trkpt lat="34.19428" lon="-117.44348">
        <ele>656.0</ele>
      </trkpt>
      <trkpt lat="34.1942" lon="-117.44344">
        <ele>656.0</ele>
      </trkpt>
      <trkpt lat="34.1941" lon="-117.44339">
        <ele>656.0</ele>
      </trkpt>
      <trkpt lat="34.19399" lon="-117.44333">
        <ele>655.96</ele>
      </trkpt>
      <trkpt lat="34.19386" lon="-117.44325">
        <ele>655.1</ele>
      </trkpt>
      <trkpt lat="34.19381" lon="-117.44323">
        <ele>655.0</ele>
      </trkpt>
      <trkpt lat="34.19376" lon="-117.4432">
        <ele>655.0</ele>
      </trkpt>
      <trkpt lat="34.19371" lon="-117.44318">
        <ele>655.0</ele>
      </trkpt>
      <trkpt lat="34.19366" lon="-117.44315">
        <ele>655.0</ele>
      </trkpt>
      <trkpt lat="34.19356" lon="-117.4431">
        <ele>655.0</ele>
      </trkpt>
      <trkpt lat="34.1935" lon="-117.44307">
        <ele>655.03</ele>
      </trkpt>
      <trkpt lat="34.19345" lon="-117.44304">
        <ele>655.0</ele>
      </trkpt>
      <trkpt lat="34.19338" lon="-117.443">
        <ele>655.2</ele>
      </trkpt>
      <trkpt lat="34.19331" lon="-117.44296">
        <ele>655.24</ele>
      </trkpt>
      <trkpt lat="34.19317" lon="-117.44288">
        <ele>655.1</ele>
      </trkpt>
      <trkpt lat="34.19297" lon="-117.44277">
        <ele>654.91</ele>
      </trkpt>
      <trkpt lat="34.19282" lon="-117.4427">
        <ele>654.16</ele>
      </trkpt>
      <trkpt lat="34.19266" lon="-117.44261">
        <ele>653.19</ele>
      </trkpt>
      <trkpt lat="34.19246" lon="-117.44251">
        <ele>652.11</ele>
      </trkpt>
      <trkpt lat="34.19232" lon="-117.44243">
        <ele>650.26</ele>
      </trkpt>
      <trkpt lat="34.19219" lon="-117.44237">
        <ele>648.04</ele>
      </trkpt>
      <trkpt lat="34.19211" lon="-117.44232">
        <ele>647.0</ele>
      </trkpt>
      <trkpt lat="34.19196" lon="-117.44224">
        <ele>646.33</ele>
      </trkpt>
      <trkpt lat="34.19179" lon="-117.44216">
        <ele>646.0</ele>
      </trkpt>
      <trkpt lat="34.19159" lon="-117.44205">
        <ele>646.0</ele>
      </trkpt>
      <trkpt lat="34.19135" lon="-117.44192">
        <ele>645.43</ele>
      </trkpt>
      <trkpt lat="34.19112" lon="-117.44181">
        <ele>645.0</ele>
      </trkpt>
      <trkpt lat="34.19096" lon="-117.44172">
        <ele>644.21</ele>
      </trkpt>
      <trkpt lat="34.19087" lon="-117.44167">
        <ele>644.0</ele>
      </trkpt>
      <trkpt lat="34.19081" lon="-117.44163">
        <ele>644.0</ele>
      </trkpt>
      <trkpt lat="34.19077" lon="-117.44161">
        <ele>644.0</ele>
      </trkpt>
      <trkpt lat="34.1907" lon="-117.44157">
        <ele>643.54</ele>
      </trkpt>
      <trkpt lat="34.19047" lon="-117.44145">
        <ele>642.69</ele>
      </trkpt>
      <trkpt lat="34.19026" lon="-117.44135">
        <ele>642.0</ele>
      </trkpt>
      <trkpt lat="34.19017" lon="-117.4413">
        <ele>641.84</ele>
      </trkpt>
      <trkpt lat="34.19009" lon="-117.44126">
        <ele>641.0</ele>
      </trkpt>
      <trkpt lat="34.18999" lon="-117.44121">
        <ele>641.0</ele>
      </trkpt>
      <trkpt lat="34.18982" lon="-117.44112">
        <ele>640.15</ele>
      </trkpt>
      <trkpt lat="34.18971" lon="-117.44106">
        <ele>639.87</ele>
      </trkpt>
      <trkpt lat="34.18942" lon="-117.44091">
        <ele>638.0</ele>
      </trkpt>
      <trkpt lat="34.18938" lon="-117.44088">
        <ele>638.0</ele>
      </trkpt>
      <trkpt lat="34.18932" lon="-117.44084">
        <ele>637.68</ele>
      </trkpt>
      <trkpt lat="34.18926" lon="-117.4408">
        <ele>637.01</ele>
      </trkpt>
      <trkpt lat="34.18915" lon="-117.44074">
        <ele>636.82</ele>
      </trkpt>
      <trkpt lat="34.18899" lon="-117.44066">
        <ele>636.0</ele>
      </trkpt>
      <trkpt lat="34.18877" lon="-117.44056">
        <ele>635.0</ele>
      </trkpt>
      <trkpt lat="34.18869" lon="-117.44053">
        <ele>634.62</ele>
      </trkpt>
      <trkpt lat="34.1886" lon="-117.44048">
        <ele>634.0</ele>
      </trkpt>
      <trkpt lat="34.1885" lon="-117.44042">
        <ele>634.0</ele>
      </trkpt>
      <trkpt lat="34.18836" lon="-117.44036">
        <ele>633.92</ele>
      </trkpt>
      <trkpt lat="34.18816" lon="-117.44026">
        <ele>633.0</ele>
      </trkpt>
      <trkpt lat="34.18791" lon="-117.44016">
        <ele>632.31</ele>
      </trkpt>
      <trkpt lat="34.18779" lon="-117.44009">
        <ele>632.0</ele>
      </trkpt>
      <trkpt lat="34.18768" lon="-117.44002">
        <ele>631.2</ele>
      </trkpt>
      <trkpt lat="34.18751" lon="-117.43992">
        <ele>631.0</ele>
      </trkpt>
      <trkpt lat="34.18737" lon="-117.43984">
        <ele>630.0</ele>
      </trkpt>
      <trkpt lat="34.18722" lon="-117.43976">
        <ele>629.99</ele>
      </trkpt>
      <trkpt lat="34.18717" lon="-117.43959">
        <ele>629.0</ele>
      </trkpt>
      <trkpt lat="34.18717" lon="-117.43943">
        <ele>629.0</ele>
      </trkpt>
      <trkpt lat="34.18724" lon="-117.43929">
        <ele>629.0</ele>
      </trkpt>
      <trkpt lat="34.18728" lon="-117.43919">
        <ele>629.0</ele>
      </trkpt>
      <trkpt lat="34.18734" lon="-117.43903">
        <ele>629.0</ele>
      </trkpt>
      <trkpt lat="34.18745" lon="-117.43879">
        <ele>628.96</ele>
      </trkpt>
      <trkpt lat="34.18752" lon="-117.43863">
        <ele>629.0</ele>
      </trkpt>
      <trkpt lat="34.18757" lon="-117.43853">
        <ele>628.79</ele>
      </trkpt>
      <trkpt lat="34.18766" lon="-117.43833">
        <ele>628.73</ele>
      </trkpt>
      <trkpt lat="34.18773" lon="-117.43817">
        <ele>629.0</ele>
      </trkpt>
      <trkpt lat="34.1878" lon="-117.43801">
        <ele>629.0</ele>
      </trkpt>
      <trkpt lat="34.18787" lon="-117.43785">
        <ele>628.78</ele>
      </trkpt>
      <trkpt lat="34.18789" lon="-117.43781">
        <ele>628.49</ele>
      </trkpt>
      <trkpt lat="34.18793" lon="-117.43772">
        <ele>628.24</ele>
      </trkpt>
      <trkpt lat="34.18795" lon="-117.43767">
        <ele>628.0</ele>
      </trkpt>
      <trkpt lat="34.18801" lon="-117.43754">
        <ele>628.0</ele>
      </trkpt>
      <trkpt lat="34.18808" lon="-117.43738">
        <ele>628.0</ele>
      </trkpt>
      <trkpt lat="34.18817" lon="-117.4372">
        <ele>628.0</ele>
      </trkpt>
      <trkpt lat="34.18826" lon="-117.43702">
        <ele>627.85</ele>
      </trkpt>
      <trkpt lat="34.18834" lon="-117.43684">
        <ele>627.06</ele>
      </trkpt>
      <trkpt lat="34.18841" lon="-117.43669">
        <ele>627.0</ele>
      </trkpt>
      <trkpt lat="34.18846" lon="-117.43658">
        <ele>627.02</ele>
      </trkpt>
      <trkpt lat="34.18852" lon="-117.43644">
        <ele>627.0</ele>
      </trkpt>
      <trkpt lat="34.18862" lon="-117.43621">
        <ele>627.0</ele>
      </trkpt>
      <trkpt lat="34.18876" lon="-117.4359">
        <ele>627.0</ele>
      </trkpt>
      <trkpt lat="34.18889" lon="-117.43563">
        <ele>627.0</ele>
      </trkpt>
      <trkpt lat="34.18896" lon="-117.43546">
        <ele>627.0</ele>
      </trkpt>
      <trkpt lat="34.18898" lon="-117.4354">
        <ele>627.0</ele>
      </trkpt>
      <trkpt lat="34.18904" lon="-117.43527">
        <ele>627.0</ele>
      </trkpt>
      <trkpt lat="34.18913" lon="-117.43506">
        <ele>627.0</ele>
      </trkpt>
      <trkpt lat="34.18926" lon="-117.43475">
        <ele>627.0</ele>
      </trkpt>
      <trkpt lat="34.18939" lon="-117.43442">
        <ele>626.84</ele>
      </trkpt>
      <trkpt lat="34.1894" lon="-117.43438">
        <ele>626.67</ele>
      </trkpt>
      <trkpt lat="34.18961" lon="-117.43386">
        <ele>626.0</ele>
      </trkpt>
      <trkpt lat="34.18976" lon="-117.43348">
        <ele>625.75</ele>
      </trkpt>
      <trkpt lat="34.18977" lon="-117.43344">
        <ele>625.59</ele>
      </trkpt>
      <trkpt lat="34.18977" lon="-117.43343">
        <ele>625.54</ele>
      </trkpt>
      <trkpt lat="34.18988" lon="-117.43316">
        <ele>625.0</ele>
      </trkpt>
      <trkpt lat="34.19007" lon="-117.43269">
        <ele>624.76</ele>
      </trkpt>
      <trkpt lat="34.19015" lon="-117.43245">
        <ele>624.0</ele>
      </trkpt>
      <trkpt lat="34.19022" lon="-117.43228">
        <ele>624.0</ele>
      </trkpt>
      <trkpt lat="34.19026" lon="-117.43219">
        <ele>624.0</ele>
      </trkpt>
      <trkpt lat="34.19036" lon="-117.43191">
        <ele>624.89</ele>
      </trkpt>
      <trkpt lat="34.19037" lon="-117.43187">
        <ele>625.0</ele>
      </trkpt>
      <trkpt lat="34.19046" lon="-117.43175">
        <ele>625.0</ele>
      </trkpt>
      <trkpt lat="34.19051" lon="-117.43173">
        <ele>625.16</ele>
      </trkpt>
      <trkpt lat="34.19055" lon="-117.43172">
        <ele>625.4</ele>
      </trkpt>
      <trkpt lat="34.1906" lon="-117.43171">
        <ele>625.76</ele>
      </trkpt>
      <trkpt lat="34.19066" lon="-117.43171">
        <ele>626.0</ele>
      </trkpt>
      <trkpt lat="34.1907" lon="-117.43171">
        <ele>626.0</ele>
      </trkpt>
      <trkpt lat="34.19075" lon="-117.43172">
        <ele>626.1</ele>
      </trkpt>
      <trkpt lat="34.19079" lon="-117.43172">
        <ele>626.53</ele>
      </trkpt>
      <trkpt lat="34.19084" lon="-117.43174">
        <ele>627.0</ele>
      </trkpt>
      <trkpt lat="34.19089" lon="-117.43175">
        <ele>627.0</ele>
      </trkpt>
      <trkpt lat="34.19094" lon="-117.43177">
        <ele>627.15</ele>
      </trkpt>
      <trkpt lat="34.19099" lon="-117.43178">
        <ele>627.69</ele>
      </trkpt>
      <trkpt lat="34.19103" lon="-117.4318">
        <ele>628.0</ele>
      </trkpt>
      <trkpt lat="34.19108" lon="-117.43181">
        <ele>628.0</ele>
      </trkpt>
      <trkpt lat="34.19113" lon="-117.43182">
        <ele>628.0</ele>
      </trkpt>
      <trkpt lat="34.19118" lon="-117.43183">
        <ele>628.0</ele>
      </trkpt>
      <trkpt lat="34.19123" lon="-117.43183">
        <ele>628.28</ele>
      </trkpt>
      <trkpt lat="34.19127" lon="-117.43181">
        <ele>628.72</ele>
      </trkpt>
      <trkpt lat="34.1913" lon="-117.43177">
        <ele>629.04</ele>
      </trkpt>
      <trkpt lat="34.19133" lon="-117.43172">
        <ele>629.36</ele>
      </trkpt>
      <trkpt lat="34.19135" lon="-117.43167">
        <ele>629.58</ele>
      </trkpt>
      <trkpt lat="34.19135" lon="-117.43164">
        <ele>629.41</ele>
      </trkpt>
      <trkpt lat="34.19135" lon="-117.43164">
        <ele>629.41</ele>
      </trkpt>
      <trkpt lat="34.19138" lon="-117.4315">
        <ele>629.0</ele>
      </trkpt>
      <trkpt lat="34.19143" lon="-117.43127">
        <ele>629.44</ele>
      </trkpt>
      <trkpt lat="34.19147" lon="-117.43109">
        <ele>629.68</ele>
      </trkpt>
      <trkpt lat="34.19154" lon="-117.43083">
        <ele>629.61</ele>
      </trkpt>
      <trkpt lat="34.19158" lon="-117.43076">
        <ele>629.26</ele>
      </trkpt>
      <trkpt lat="34.19159" lon="-117.43073">
        <ele>629.17</ele>
      </trkpt>
      <trkpt lat="34.19164" lon="-117.43072">
        <ele>629.71</ele>
      </trkpt>
      <trkpt lat="34.19169" lon="-117.43071">
        <ele>630.17</ele>
      </trkpt>
      <trkpt lat="34.19176" lon="-117.43073">
        <ele>630.89</ele>
      </trkpt>
      <trkpt lat="34.19185" lon="-117.43078">
        <ele>631.98</ele>
      </trkpt>
      <trkpt lat="34.1919" lon="-117.4308">
        <ele>632.0</ele>
      </trkpt>
      <trkpt lat="34.19192" lon="-117.4308">
        <ele>632.0</ele>
      </trkpt>
      <trkpt lat="34.19197" lon="-117.43084">
        <ele>632.28</ele>
      </trkpt>
      <trkpt lat="34.1921" lon="-117.43098">
        <ele>633.0</ele>
      </trkpt>
      <trkpt lat="34.19217" lon="-117.43107">
        <ele>633.44</ele>
      </trkpt>
      <trkpt lat="34.19221" lon="-117.43113">
        <ele>633.87</ele>
      </trkpt>
      <trkpt lat="34.19222" lon="-117.43117">
        <ele>633.98</ele>
      </trkpt>
      <trkpt lat="34.19224" lon="-117.43123">
        <ele>634.0</ele>
      </trkpt>
      <trkpt lat="34.19225" lon="-117.43127">
        <ele>634.0</ele>
      </trkpt>
      <trkpt lat="34.19226" lon="-117.43133">
        <ele>634.0</ele>
      </trkpt>
      <trkpt lat="34.19226" lon="-117.43139">
        <ele>634.0</ele>
      </trkpt>
      <trkpt lat="34.19225" lon="-117.43147">
        <ele>634.26</ele>
      </trkpt>
      <trkpt lat="34.19225" lon="-117.43151">
        <ele>634.61</ele>
      </trkpt>
      <trkpt lat="34.19224" lon="-117.43156">
        <ele>635.04</ele>
      </trkpt>
      <trkpt lat="34.19222" lon="-117.43164">
        <ele>635.69</ele>
      </trkpt>
      <trkpt lat="34.19213" lon="-117.43189">
        <ele>638.42</ele>
      </trkpt>
      <trkpt lat="34.19211" lon="-117.43197">
        <ele>639.01</ele>
      </trkpt>
      <trkpt lat="34.19208" lon="-117.43209">
        <ele>639.43</ele>
      </trkpt>
      <trkpt lat="34.19207" lon="-117.43212">
        <ele>639.32</ele>
      </trkpt>
      <trkpt lat="34.19204" lon="-117.43224">
        <ele>639.31</ele>
      </trkpt>
      <trkpt lat="34.19202" lon="-117.43232">
        <ele>639.27</ele>
      </trkpt>
      <trkpt lat="34.19202" lon="-117.43237">
        <ele>639.37</ele>
      </trkpt>
      <trkpt lat="34.19201" lon="-117.43244">
        <ele>639.48</ele>
      </trkpt>
      <trkpt lat="34.19201" lon="-117.43268">
        <ele>641.4</ele>
      </trkpt>
      <trkpt lat="34.192" lon="-117.43282">
        <ele>641.8</ele>
      </trkpt>
      <trkpt lat="34.19199" lon="-117.43285">
        <ele>641.48</ele>
      </trkpt>
      <trkpt lat="34.19199" lon="-117.43289">
        <ele>641.48</ele>
      </trkpt>
      <trkpt lat="34.192" lon="-117.43297">
        <ele>641.77</ele>
      </trkpt>
      <trkpt lat="34.19203" lon="-117.43308">
        <ele>642.7</ele>
      </trkpt>
      <trkpt lat="34.1921" lon="-117.43318">
        <ele>645.61</ele>
      </trkpt>
      <trkpt lat="34.19221" lon="-117.43329">
        <ele>648.67</ele>
      </trkpt>
      <trkpt lat="34.19256" lon="-117.43362">
        <ele>651.85</ele>
      </trkpt>
      <trkpt lat="34.19273" lon="-117.4336">
        <ele>656.97</ele>
      </trkpt>
      <trkpt lat="34.19279" lon="-117.43369">
        <ele>659.0</ele>
      </trkpt>
      <trkpt lat="34.19282" lon="-117.43377">
        <ele>659.78</ele>
      </trkpt>
      <trkpt lat="34.19285" lon="-117.43386">
        <ele>660.56</ele>
      </trkpt>
      <trkpt lat="34.19286" lon="-117.43391">
        <ele>660.75</ele>
      </trkpt>
      <trkpt lat="34.19286" lon="-117.43391">
        <ele>660.75</ele>
      </trkpt>
      <trkpt lat="34.19288" lon="-117.43395">
        <ele>661.1</ele>
      </trkpt>
      <trkpt lat="34.19291" lon="-117.43398">
        <ele>661.43</ele>
      </trkpt>
      <trkpt lat="34.19296" lon="-117.43404">
        <ele>661.95</ele>
      </trkpt>
      <trkpt lat="34.19305" lon="-117.4341">
        <ele>661.98</ele>
      </trkpt>
      <trkpt lat="34.1931" lon="-117.43416">
        <ele>661.52</ele>
      </trkpt>
      <trkpt lat="34.19321" lon="-117.43429">
        <ele>661.44</ele>
      </trkpt>
      <trkpt lat="34.19339" lon="-117.4345">
        <ele>661.6</ele>
      </trkpt>
      <trkpt lat="34.19349" lon="-117.43463">
        <ele>661.31</ele>
      </trkpt>
      <trkpt lat="34.19354" lon="-117.43471">
        <ele>660.97</ele>
      </trkpt>
      <trkpt lat="34.1936" lon="-117.43479">
        <ele>661.0</ele>
      </trkpt>
      <trkpt lat="34.19367" lon="-117.4349">
        <ele>660.67</ele>
      </trkpt>
      <trkpt lat="34.19369" lon="-117.43492">
        <ele>660.85</ele>
      </trkpt>
      <trkpt lat="34.19375" lon="-117.43498">
        <ele>661.0</ele>
      </trkpt>
      <trkpt lat="34.19384" lon="-117.43505">
        <ele>661.0</ele>
      </trkpt>
      <trkpt lat="34.1939" lon="-117.43508">
        <ele>660.88</ele>
      </trkpt>
      <trkpt lat="34.19393" lon="-117.43508">
        <ele>660.56</ele>
      </trkpt>
      <trkpt lat="34.19404" lon="-117.4351">
        <ele>660.55</ele>
      </trkpt>
      <trkpt lat="34.19414" lon="-117.43511">
        <ele>662.1</ele>
      </trkpt>
      <trkpt lat="34.19422" lon="-117.43512">
        <ele>664.14</ele>
      </trkpt>
      <trkpt lat="34.19427" lon="-117.43513">
        <ele>665.59</ele>
      </trkpt>
      <trkpt lat="34.19434" lon="-117.43515">
        <ele>667.92</ele>
      </trkpt>
      <trkpt lat="34.19444" lon="-117.43519">
        <ele>671.75</ele>
      </trkpt>
      <trkpt lat="34.19455" lon="-117.43521">
        <ele>673.18</ele>
      </trkpt>
      <trkpt lat="34.19462" lon="-117.43521">
        <ele>674.14</ele>
      </trkpt>
      <trkpt lat="34.19467" lon="-117.4352">
        <ele>674.09</ele>
      </trkpt>
      <trkpt lat="34.19475" lon="-117.4352">
        <ele>674.3</ele>
      </trkpt>
      <trkpt lat="34.19483" lon="-117.43522">
        <ele>675.06</ele>
      </trkpt>
      <trkpt lat="34.19487" lon="-117.43524">
        <ele>675.35</ele>
      </trkpt>
      <trkpt lat="34.19491" lon="-117.43529">
        <ele>675.9</ele>
      </trkpt>
      <trkpt lat="34.19497" lon="-117.43537">
        <ele>676.35</ele>
      </trkpt>
      <trkpt lat="34.19502" lon="-117.43543">
        <ele>676.5</ele>
      </trkpt>
      <trkpt lat="34.19508" lon="-117.43546">
        <ele>678.49</ele>
      </trkpt>
      <trkpt lat="34.19517" lon="-117.4355">
        <ele>680.98</ele>
      </trkpt>
      <trkpt lat="34.19535" lon="-117.43557">
        <ele>685.71</ele>
      </trkpt>
      <trkpt lat="34.19556" lon="-117.43564">
        <ele>688.05</ele>
      </trkpt>
      <trkpt lat="34.19575" lon="-117.43565">
        <ele>692.34</ele>
      </trkpt>
      <trkpt lat="34.19586" lon="-117.43567">
        <ele>696.1</ele>
      </trkpt>
      <trkpt lat="34.19591" lon="-117.43568">
        <ele>697.83</ele>
      </trkpt>
      <trkpt lat="34.19595" lon="-117.43569">
        <ele>698.83</ele>
      </trkpt>
      <trkpt lat="34.19598" lon="-117.43569">
        <ele>699.3</ele>
      </trkpt>
      <trkpt lat="34.19604" lon="-117.4357">
        <ele>700.35</ele>
      </trkpt>
      <trkpt lat="34.19614" lon="-117.43571">
        <ele>701.96</ele>
      </trkpt>
      <trkpt lat="34.19617" lon="-117.4357">
        <ele>702.39</ele>
      </trkpt>
      <trkpt lat="34.19623" lon="-117.4357">
        <ele>703.69</ele>
      </trkpt>
      <trkpt lat="34.19632" lon="-117.43567">
        <ele>704.73</ele>
      </trkpt>
      <trkpt lat="34.19637" lon="-117.43565">
        <ele>704.84</ele>
      </trkpt>
      <trkpt lat="34.1965" lon="-117.43556">
        <ele>705.51</ele>
      </trkpt>
      <trkpt lat="34.19663" lon="-117.43548">
        <ele>708.92</ele>
      </trkpt>
      <trkpt lat="34.19666" lon="-117.43546">
        <ele>709.78</ele>
      </trkpt>
      <trkpt lat="34.19673" lon="-117.43542">
        <ele>711.73</ele>
      </trkpt>
      <trkpt lat="34.19678" lon="-117.43539">
        <ele>712.71</ele>
      </trkpt>
      <trkpt lat="34.19685" lon="-117.43536">
        <ele>713.74</ele>
      </trkpt>
      <trkpt lat="34.19698" lon="-117.4353">
        <ele>715.25</ele>
      </trkpt>
      <trkpt lat="34.19717" lon="-117.43523">
        <ele>719.79</ele>
      </trkpt>
      <trkpt lat="34.19746" lon="-117.43516">
        <ele>725.02</ele>
      </trkpt>
      <trkpt lat="34.19756" lon="-117.43513">
        <ele>726.1</ele>
      </trkpt>
      <trkpt lat="34.19763" lon="-117.43511">
        <ele>726.78</ele>
      </trkpt>
      <trkpt lat="34.19766" lon="-117.43511">
        <ele>727.1</ele>
      </trkpt>
      <trkpt lat="34.19769" lon="-117.43512">
        <ele>727.63</ele>
      </trkpt>
      <trkpt lat="34.19773" lon="-117.43513">
        <ele>728.1</ele>
      </trkpt>
      <trkpt lat="34.19778" lon="-117.43514">
        <ele>728.54</ele>
      </trkpt>
      <trkpt lat="34.19783" lon="-117.43513">
        <ele>728.97</ele>
      </trkpt>
      <trkpt lat="34.19787" lon="-117.43511">
        <ele>729.18</ele>
      </trkpt>
      <trkpt lat="34.19796" lon="-117.435">
        <ele>728.97</ele>
      </trkpt>
      <trkpt lat="34.19813" lon="-117.43475">
        <ele>730.61</ele>
      </trkpt>
      <trkpt lat="34.19824" lon="-117.43456">
        <ele>732.98</ele>
      </trkpt>
      <trkpt lat="34.19828" lon="-117.43451">
        <ele>733.85</ele>
      </trkpt>
      <trkpt lat="34.19831" lon="-117.43447">
        <ele>734.5</ele>
      </trkpt>
      <trkpt lat="34.19834" lon="-117.43445">
        <ele>735.15</ele>
      </trkpt>
      <trkpt lat="34.19841" lon="-117.43442">
        <ele>736.66</ele>
      </trkpt>
      <trkpt lat="34.19852" lon="-117.43437">
        <ele>738.23</ele>
      </trkpt>
      <trkpt lat="34.19858" lon="-117.43433">
        <ele>739.09</ele>
      </trkpt>
      <trkpt lat="34.19862" lon="-117.4343">
        <ele>739.58</ele>
      </trkpt>
      <trkpt lat="34.19868" lon="-117.43424">
        <ele>739.33</ele>
      </trkpt>
      <trkpt lat="34.19877" lon="-117.43418">
        <ele>739.0</ele>
      </trkpt>
      <trkpt lat="34.19888" lon="-117.43411">
        <ele>737.72</ele>
      </trkpt>
      <trkpt lat="34.19896" lon="-117.43409">
        <ele>737.48</ele>
      </trkpt>
      <trkpt lat="34.19904" lon="-117.43409">
        <ele>737.41</ele>
      </trkpt>
      <trkpt lat="34.1991" lon="-117.4341">
        <ele>737.56</ele>
      </trkpt>
      <trkpt lat="34.19919" lon="-117.43411">
        <ele>737.62</ele>
      </trkpt>
      <trkpt lat="34.19935" lon="-117.43414">
        <ele>737.44</ele>
      </trkpt>
      <trkpt lat="34.19946" lon="-117.43415">
        <ele>737.32</ele>
      </trkpt>
      <trkpt lat="34.19959" lon="-117.43417">
        <ele>736.5</ele>
      </trkpt>
      <trkpt lat="34.1998" lon="-117.43423">
        <ele>732.16</ele>
      </trkpt>
      <trkpt lat="34.19994" lon="-117.43426">
        <ele>729.31</ele>
      </trkpt>
      <trkpt lat="34.2" lon="-117.43428">
        <ele>728.45</ele>
      </trkpt>
      <trkpt lat="34.20003" lon="-117.43429">
        <ele>728.34</ele>
      </trkpt>
      <trkpt lat="34.20007" lon="-117.4343">
        <ele>728.12</ele>
      </trkpt>
      <trkpt lat="34.20014" lon="-117.43432">
        <ele>727.8</ele>
      </trkpt>
      <trkpt lat="34.20024" lon="-117.43435">
        <ele>727.37</ele>
      </trkpt>
      <trkpt lat="34.20029" lon="-117.43437">
        <ele>727.09</ele>
      </trkpt>
      <trkpt lat="34.2004" lon="-117.43441">
        <ele>727.06</ele>
      </trkpt>
      <trkpt lat="34.20045" lon="-117.43443">
        <ele>726.96</ele>
      </trkpt>
      <trkpt lat="34.20068" lon="-117.43446">
        <ele>726.62</ele>
      </trkpt>
      <trkpt lat="34.20077" lon="-117.43447">
        <ele>727.28</ele>
      </trkpt>
      <trkpt lat="34.20085" lon="-117.43448">
        <ele>727.2</ele>
      </trkpt>
      <trkpt lat="34.20091" lon="-117.43447">
        <ele>726.45</ele>
      </trkpt>
      <trkpt lat="34.20102" lon="-117.43445">
        <ele>725.15</ele>
      </trkpt>
      <trkpt lat="34.20119" lon="-117.43441">
        <ele>727.37</ele>
      </trkpt>
      <trkpt lat="34.2013" lon="-117.43441">
        <ele>728.44</ele>
      </trkpt>
      <trkpt lat="34.20134" lon="-117.43443">
        <ele>729.03</ele>
      </trkpt>
      <trkpt lat="34.20164" lon="-117.43457">
        <ele>735.81</ele>
      </trkpt>
      <trkpt lat="34.20177" lon="-117.43458">
        <ele>737.42</ele>
      </trkpt>
      <trkpt lat="34.20178" lon="-117.43457">
        <ele>737.96</ele>
      </trkpt>
      <trkpt lat="34.20193" lon="-117.43448">
        <ele>744.47</ele>
      </trkpt>
      <trkpt lat="34.20198" lon="-117.43449">
        <ele>745.96</ele>
      </trkpt>
      <trkpt lat="34.20208" lon="-117.43461">
        <ele>746.77</ele>
      </trkpt>
      <trkpt lat="34.2022" lon="-117.43465">
        <ele>747.54</ele>
      </trkpt>
      <trkpt lat="34.20234" lon="-117.43464">
        <ele>749.05</ele>
      </trkpt>
      <trkpt lat="34.20246" lon="-117.43453">
        <ele>752.69</ele>
      </trkpt>
      <trkpt lat="34.2025" lon="-117.43453">
        <ele>753.15</ele>
      </trkpt>
      <trkpt lat="34.20253" lon="-117.43455">
        <ele>753.46</ele>
      </trkpt>
      <trkpt lat="34.20255" lon="-117.43457">
        <ele>753.53</ele>
      </trkpt>
      <trkpt lat="34.20257" lon="-117.43459">
        <ele>753.51</ele>
      </trkpt>
      <trkpt lat="34.20259" lon="-117.43461">
        <ele>753.39</ele>
      </trkpt>
      <trkpt lat="34.20263" lon="-117.43465">
        <ele>753.59</ele>
      </trkpt>
      <trkpt lat="34.20268" lon="-117.43469">
        <ele>754.24</ele>
      </trkpt>
      <trkpt lat="34.20275" lon="-117.43472">
        <ele>756.12</ele>
      </trkpt>
      <trkpt lat="34.20288" lon="-117.43474">
        <ele>761.12</ele>
      </trkpt>
      <trkpt lat="34.20291" lon="-117.43477">
        <ele>761.77</ele>
      </trkpt>
      <trkpt lat="34.20292" lon="-117.43479">
        <ele>761.88</ele>
      </trkpt>
      <trkpt lat="34.20293" lon="-117.43481">
        <ele>761.98</ele>
      </trkpt>
      <trkpt lat="34.20295" lon="-117.43491">
        <ele>760.83</ele>
      </trkpt>
      <trkpt lat="34.20295" lon="-117.43499">
        <ele>759.97</ele>
      </trkpt>
      <trkpt lat="34.20296" lon="-117.43507">
        <ele>759.21</ele>
      </trkpt>
      <trkpt lat="34.20298" lon="-117.43509">
        <ele>759.03</ele>
      </trkpt>
      <trkpt lat="34.203" lon="-117.43513">
        <ele>758.6</ele>
      </trkpt>
      <trkpt lat="34.20305" lon="-117.43514">
        <ele>758.49</ele>
      </trkpt>
      <trkpt lat="34.20309" lon="-117.43514">
        <ele>758.49</ele>
      </trkpt>
      <trkpt lat="34.20312" lon="-117.43511">
        <ele>758.81</ele>
      </trkpt>
      <trkpt lat="34.20315" lon="-117.43508">
        <ele>759.12</ele>
      </trkpt>
      <trkpt lat="34.20318" lon="-117.43503">
        <ele>759.33</ele>
      </trkpt>
      <trkpt lat="34.20319" lon="-117.43499">
        <ele>759.7</ele>
      </trkpt>
      <trkpt lat="34.20321" lon="-117.43495">
        <ele>760.23</ele>
      </trkpt>
      <trkpt lat="34.20324" lon="-117.43492">
        <ele>760.73</ele>
      </trkpt>
      <trkpt lat="34.20334" lon="-117.43483">
        <ele>761.6</ele>
      </trkpt>
      <trkpt lat="34.20345" lon="-117.4347">
        <ele>762.96</ele>
      </trkpt>
      <trkpt lat="34.20351" lon="-117.43467">
        <ele>762.31</ele>
      </trkpt>
      <trkpt lat="34.20355" lon="-117.43465">
        <ele>761.88</ele>
      </trkpt>
      <trkpt lat="34.2036" lon="-117.43464">
        <ele>761.02</ele>
      </trkpt>
      <trkpt lat="34.20376" lon="-117.43465">
        <ele>757.56</ele>
      </trkpt>
      <trkpt lat="34.20388" lon="-117.43466">
        <ele>755.16</ele>
      </trkpt>
      <trkpt lat="34.20389" lon="-117.43466">
        <ele>754.99</ele>
      </trkpt>
      <trkpt lat="34.204" lon="-117.43468">
        <ele>754.4</ele>
      </trkpt>
      <trkpt lat="34.20412" lon="-117.4347">
        <ele>756.5</ele>
      </trkpt>
      <trkpt lat="34.20426" lon="-117.43471">
        <ele>758.01</ele>
      </trkpt>
      <trkpt lat="34.2043" lon="-117.43472">
        <ele>758.44</ele>
      </trkpt>
      <trkpt lat="34.20443" lon="-117.4347">
        <ele>759.64</ele>
      </trkpt>
      <trkpt lat="34.20453" lon="-117.43467">
        <ele>762.21</ele>
      </trkpt>
      <trkpt lat="34.20472" lon="-117.43453">
        <ele>768.95</ele>
      </trkpt>
      <trkpt lat="34.20475" lon="-117.43452">
        <ele>769.24</ele>
      </trkpt>
      <trkpt lat="34.20477" lon="-117.43451">
        <ele>769.37</ele>
      </trkpt>
      <trkpt lat="34.20482" lon="-117.43451">
        <ele>769.72</ele>
      </trkpt>
      <trkpt lat="34.20495" lon="-117.4345">
        <ele>770.46</ele>
      </trkpt>
      <trkpt lat="34.20517" lon="-117.43447">
        <ele>771.05</ele>
      </trkpt>
      <trkpt lat="34.20533" lon="-117.43462">
        <ele>771.51</ele>
      </trkpt>
      <trkpt lat="34.20543" lon="-117.4347">
        <ele>772.0</ele>
      </trkpt>
      <trkpt lat="34.20549" lon="-117.43475">
        <ele>772.0</ele>
      </trkpt>
      <trkpt lat="34.20553" lon="-117.4348">
        <ele>772.0</ele>
      </trkpt>
      <trkpt lat="34.20557" lon="-117.43485">
        <ele>772.0</ele>
      </trkpt>
      <trkpt lat="34.20559" lon="-117.43489">
        <ele>772.0</ele>
      </trkpt>
      <trkpt lat="34.2056" lon="-117.43493">
        <ele>771.99</ele>
      </trkpt>
      <trkpt lat="34.20561" lon="-117.43497">
        <ele>772.12</ele>
      </trkpt>
      <trkpt lat="34.20564" lon="-117.43506">
        <ele>772.77</ele>
      </trkpt>
      <trkpt lat="34.20567" lon="-117.43513">
        <ele>773.4</ele>
      </trkpt>
      <trkpt lat="34.20568" lon="-117.43516">
        <ele>773.73</ele>
      </trkpt>
      <trkpt lat="34.2057" lon="-117.43521">
        <ele>774.57</ele>
      </trkpt>
      <trkpt lat="34.20571" lon="-117.43525">
        <ele>775.64</ele>
      </trkpt>
      <trkpt lat="34.20576" lon="-117.43538">
        <ele>778.94</ele>
      </trkpt>
      <trkpt lat="34.20582" lon="-117.43551">
        <ele>781.8</ele>
      </trkpt>
      <trkpt lat="34.20584" lon="-117.43559">
        <ele>783.33</ele>
      </trkpt>
      <trkpt lat="34.20586" lon="-117.43565">
        <ele>784.0</ele>
      </trkpt>
      <trkpt lat="34.20588" lon="-117.43575">
        <ele>784.0</ele>
      </trkpt>
      <trkpt lat="34.2059" lon="-117.43583">
        <ele>784.0</ele>
      </trkpt>
      <trkpt lat="34.2059" lon="-117.43589">
        <ele>784.44</ele>
      </trkpt>
      <trkpt lat="34.20592" lon="-117.43597">
        <ele>785.41</ele>
      </trkpt>
      <trkpt lat="34.20594" lon="-117.43607">
        <ele>785.16</ele>
      </trkpt>
      <trkpt lat="34.20595" lon="-117.43611">
        <ele>784.75</ele>
      </trkpt>
      <trkpt lat="34.20598" lon="-117.43615">
        <ele>784.42</ele>
      </trkpt>
      <trkpt lat="34.20602" lon="-117.43619">
        <ele>784.0</ele>
      </trkpt>
      <trkpt lat="34.20609" lon="-117.43623">
        <ele>784.06</ele>
      </trkpt>
      <trkpt lat="34.20614" lon="-117.43626">
        <ele>783.88</ele>
      </trkpt>
      <trkpt lat="34.20624" lon="-117.43629">
        <ele>782.7</ele>
      </trkpt>
      <trkpt lat="34.20637" lon="-117.43629">
        <ele>778.35</ele>
      </trkpt>
      <trkpt lat="34.2065" lon="-117.43626">
        <ele>773.11</ele>
      </trkpt>
      <trkpt lat="34.20654" lon="-117.43627">
        <ele>772.78</ele>
      </trkpt>
      <trkpt lat="34.20657" lon="-117.43628">
        <ele>772.55</ele>
      </trkpt>
      <trkpt lat="34.20662" lon="-117.4363">
        <ele>772.52</ele>
      </trkpt>
      <trkpt lat="34.20667" lon="-117.43633">
        <ele>771.96</ele>
      </trkpt>
      <trkpt lat="34.20673" lon="-117.43637">
        <ele>771.32</ele>
      </trkpt>
      <trkpt lat="34.2068" lon="-117.43641">
        <ele>769.99</ele>
      </trkpt>
      <trkpt lat="34.20688" lon="-117.43642">
        <ele>768.39</ele>
      </trkpt>
      <trkpt lat="34.20693" lon="-117.43641">
        <ele>767.31</ele>
      </trkpt>
      <trkpt lat="34.20697" lon="-117.43641">
        <ele>766.17</ele>
      </trkpt>
      <trkpt lat="34.20707" lon="-117.43637">
        <ele>763.49</ele>
      </trkpt>
      <trkpt lat="34.20729" lon="-117.43624">
        <ele>759.98</ele>
      </trkpt>
      <trkpt lat="34.20734" lon="-117.4362">
        <ele>759.43</ele>
      </trkpt>
      <trkpt lat="34.20739" lon="-117.43615">
        <ele>758.27</ele>
      </trkpt>
      <trkpt lat="34.20744" lon="-117.4361">
        <ele>757.65</ele>
      </trkpt>
      <trkpt lat="34.20748" lon="-117.43606">
        <ele>757.22</ele>
      </trkpt>
      <trkpt lat="34.20751" lon="-117.43603">
        <ele>756.89</ele>
      </trkpt>
      <trkpt lat="34.20755" lon="-117.43602">
        <ele>756.46</ele>
      </trkpt>
      <trkpt lat="34.20762" lon="-117.43602">
        <ele>755.41</ele>
      </trkpt>
      <trkpt lat="34.20767" lon="-117.43601">
        <ele>754.33</ele>
      </trkpt>
      <trkpt lat="34.20774" lon="-117.43601">
        <ele>753.35</ele>
      </trkpt>
      <trkpt lat="34.20777" lon="-117.436">
        <ele>752.9</ele>
      </trkpt>
      <trkpt lat="34.20783" lon="-117.43596">
        <ele>753.64</ele>
      </trkpt>
      <trkpt lat="34.20789" lon="-117.43592">
        <ele>755.23</ele>
      </trkpt>
      <trkpt lat="34.20794" lon="-117.43587">
        <ele>756.21</ele>
      </trkpt>
      <trkpt lat="34.20801" lon="-117.43581">
        <ele>757.13</ele>
      </trkpt>
      <trkpt lat="34.20803" lon="-117.4358">
        <ele>757.26</ele>
      </trkpt>
      <trkpt lat="34.20806" lon="-117.43579">
        <ele>757.49</ele>
      </trkpt>
      <trkpt lat="34.20814" lon="-117.43579">
        <ele>757.95</ele>
      </trkpt>
      <trkpt lat="34.2082" lon="-117.43579">
        <ele>758.86</ele>
      </trkpt>
      <trkpt lat="34.20827" lon="-117.43579">
        <ele>759.85</ele>
      </trkpt>
      <trkpt lat="34.20834" lon="-117.43579">
        <ele>760.53</ele>
      </trkpt>
      <trkpt lat="34.20841" lon="-117.4358">
        <ele>760.64</ele>
      </trkpt>
      <trkpt lat="34.20847" lon="-117.4358">
        <ele>760.47</ele>
      </trkpt>
      <trkpt lat="34.20855" lon="-117.43581">
        <ele>761.09</ele>
      </trkpt>
      <trkpt lat="34.20876" lon="-117.43584">
        <ele>767.29</ele>
      </trkpt>
      <trkpt lat="34.20886" lon="-117.43587">
        <ele>770.19</ele>
      </trkpt>
      <trkpt lat="34.20894" lon="-117.43588">
        <ele>772.66</ele>
      </trkpt>
      <trkpt lat="34.20901" lon="-117.4359">
        <ele>775.15</ele>
      </trkpt>
      <trkpt lat="34.20907" lon="-117.43593">
        <ele>777.82</ele>
      </trkpt>
      <trkpt lat="34.20915" lon="-117.43595">
        <ele>780.46</ele>
      </trkpt>
      <trkpt lat="34.20919" lon="-117.43596">
        <ele>781.5</ele>
      </trkpt>
      <trkpt lat="34.20923" lon="-117.43597">
        <ele>782.37</ele>
      </trkpt>
      <trkpt lat="34.20928" lon="-117.43599">
        <ele>783.29</ele>
      </trkpt>
      <trkpt lat="34.20933" lon="-117.43599">
        <ele>784.0</ele>
      </trkpt>
      <trkpt lat="34.20936" lon="-117.436">
        <ele>784.13</ele>
      </trkpt>
      <trkpt lat="34.20944" lon="-117.43597">
        <ele>784.07</ele>
      </trkpt>
      <trkpt lat="34.20948" lon="-117.43594">
        <ele>784.31</ele>
      </trkpt>
      <trkpt lat="34.2095" lon="-117.43591">
        <ele>784.74</ele>
      </trkpt>
      <trkpt lat="34.20962" lon="-117.43577">
        <ele>786.26</ele>
      </trkpt>
      <trkpt lat="34.20967" lon="-117.43573">
        <ele>786.48</ele>
      </trkpt>
      <trkpt lat="34.20972" lon="-117.43566">
        <ele>787.66</ele>
      </trkpt>
      <trkpt lat="34.20977" lon="-117.43561">
        <ele>788.72</ele>
      </trkpt>
      <trkpt lat="34.20982" lon="-117.43558">
        <ele>789.22</ele>
      </trkpt>
      <trkpt lat="34.20986" lon="-117.43556">
        <ele>789.88</ele>
      </trkpt>
      <trkpt lat="34.20993" lon="-117.43554">
        <ele>790.99</ele>
      </trkpt>
      <trkpt lat="34.20999" lon="-117.43552">
        <ele>792.94</ele>
      </trkpt>
      <trkpt lat="34.21005" lon="-117.4355">
        <ele>795.42</ele>
      </trkpt>
      <trkpt lat="34.21015" lon="-117.43548">
        <ele>798.8</ele>
      </trkpt>
      <trkpt lat="34.2102" lon="-117.43546">
        <ele>800.28</ele>
      </trkpt>
      <trkpt lat="34.21028" lon="-117.43546">
        <ele>801.11</ele>
      </trkpt>
      <trkpt lat="34.21031" lon="-117.43549">
        <ele>801.51</ele>
      </trkpt>
      <trkpt lat="34.21032" lon="-117.43552">
        <ele>801.58</ele>
      </trkpt>
      <trkpt lat="34.21035" lon="-117.43563">
        <ele>801.54</ele>
      </trkpt>
      <trkpt lat="34.21038" lon="-117.43569">
        <ele>801.92</ele>
      </trkpt>
      <trkpt lat="34.21044" lon="-117.43576">
        <ele>803.1</ele>
      </trkpt>
      <trkpt lat="34.21049" lon="-117.43579">
        <ele>804.17</ele>
      </trkpt>
      <trkpt lat="34.21052" lon="-117.43583">
        <ele>803.72</ele>
      </trkpt>
      <trkpt lat="34.21053" lon="-117.43588">
        <ele>803.72</ele>
      </trkpt>
      <trkpt lat="34.21054" lon="-117.43592">
        <ele>803.83</ele>
      </trkpt>
      <trkpt lat="34.21054" lon="-117.43595">
        <ele>804.31</ele>
      </trkpt>
      <trkpt lat="34.21052" lon="-117.43597">
        <ele>804.39</ele>
      </trkpt>
      <trkpt lat="34.2105" lon="-117.436">
        <ele>804.52</ele>
      </trkpt>
      <trkpt lat="34.21048" lon="-117.43605">
        <ele>805.39</ele>
      </trkpt>
      <trkpt lat="34.21044" lon="-117.43613">
        <ele>807.71</ele>
      </trkpt>
      <trkpt lat="34.2104" lon="-117.43621">
        <ele>809.73</ele>
      </trkpt>
      <trkpt lat="34.21041" lon="-117.43626">
        <ele>810.72</ele>
      </trkpt>
      <trkpt lat="34.21043" lon="-117.43635">
        <ele>811.56</ele>
      </trkpt>
      <trkpt lat="34.21046" lon="-117.43638">
        <ele>812.03</ele>
      </trkpt>
      <trkpt lat="34.21051" lon="-117.43641">
        <ele>813.3</ele>
      </trkpt>
      <trkpt lat="34.21062" lon="-117.43645">
        <ele>816.43</ele>
      </trkpt>
      <trkpt lat="34.21072" lon="-117.43649">
        <ele>818.44</ele>
      </trkpt>
      <trkpt lat="34.21079" lon="-117.43652">
        <ele>819.43</ele>
      </trkpt>
      <trkpt lat="34.21083" lon="-117.43651">
        <ele>820.32</ele>
      </trkpt>
      <trkpt lat="34.21087" lon="-117.43649">
        <ele>820.38</ele>
      </trkpt>
      <trkpt lat="34.21089" lon="-117.43646">
        <ele>820.76</ele>
      </trkpt>
      <trkpt lat="34.21091" lon="-117.43644">
        <ele>820.99</ele>
      </trkpt>
      <trkpt lat="34.21092" lon="-117.43641">
        <ele>821.56</ele>
      </trkpt>
      <trkpt lat="34.21094" lon="-117.43636">
        <ele>822.37</ele>
      </trkpt>
      <trkpt lat="34.21096" lon="-117.4363">
        <ele>823.54</ele>
      </trkpt>
      <trkpt lat="34.21097" lon="-117.43622">
        <ele>826.39</ele>
      </trkpt>
      <trkpt lat="34.21097" lon="-117.43598">
        <ele>834.18</ele>
      </trkpt>
      <trkpt lat="34.211" lon="-117.43585">
        <ele>838.68</ele>
      </trkpt>
      <trkpt lat="34.21103" lon="-117.43576">
        <ele>840.82</ele>
      </trkpt>
      <trkpt lat="34.21104" lon="-117.43569">
        <ele>841.08</ele>
      </trkpt>
      <trkpt lat="34.21106" lon="-117.43561">
        <ele>841.77</ele>
      </trkpt>
      <trkpt lat="34.21106" lon="-117.43549">
        <ele>842.34</ele>
      </trkpt>
      <trkpt lat="34.21105" lon="-117.43541">
        <ele>844.08</ele>
      </trkpt>
      <trkpt lat="34.21104" lon="-117.43537">
        <ele>844.94</ele>
      </trkpt>
      <trkpt lat="34.21102" lon="-117.43533">
        <ele>845.8</ele>
      </trkpt>
      <trkpt lat="34.21101" lon="-117.43529">
        <ele>847.31</ele>
      </trkpt>
      <trkpt lat="34.21098" lon="-117.43522">
        <ele>848.78</ele>
      </trkpt>
      <trkpt lat="34.21094" lon="-117.43512">
        <ele>849.16</ele>
      </trkpt>
      <trkpt lat="34.21089" lon="-117.43503">
        <ele>848.51</ele>
      </trkpt>
      <trkpt lat="34.21086" lon="-117.43495">
        <ele>848.4</ele>
      </trkpt>
      <trkpt lat="34.21085" lon="-117.43489">
        <ele>848.54</ele>
      </trkpt>
      <trkpt lat="34.21085" lon="-117.43474">
        <ele>849.35</ele>
      </trkpt>
      <trkpt lat="34.21086" lon="-117.43471">
        <ele>850.0</ele>
      </trkpt>
      <trkpt lat="34.21086" lon="-117.43465">
        <ele>850.64</ele>
      </trkpt>
      <trkpt lat="34.21087" lon="-117.4346">
        <ele>851.83</ele>
      </trkpt>
      <trkpt lat="34.21087" lon="-117.43455">
        <ele>852.91</ele>
      </trkpt>
      <trkpt lat="34.21085" lon="-117.43447">
        <ele>854.58</ele>
      </trkpt>
      <trkpt lat="34.21082" lon="-117.4344">
        <ele>855.6</ele>
      </trkpt>
      <trkpt lat="34.21079" lon="-117.43436">
        <ele>855.85</ele>
      </trkpt>
      <trkpt lat="34.21077" lon="-117.43432">
        <ele>855.98</ele>
      </trkpt>
      <trkpt lat="34.21076" lon="-117.43428">
        <ele>856.19</ele>
      </trkpt>
      <trkpt lat="34.21076" lon="-117.43425">
        <ele>856.36</ele>
      </trkpt>
      <trkpt lat="34.21077" lon="-117.43424">
        <ele>856.56</ele>
      </trkpt>
      <trkpt lat="34.21077" lon="-117.43423">
        <ele>856.52</ele>
      </trkpt>
      <trkpt lat="34.2108" lon="-117.43422">
        <ele>857.4</ele>
      </trkpt>
      <trkpt lat="34.21083" lon="-117.43423">
        <ele>858.22</ele>
      </trkpt>
      <trkpt lat="34.21088" lon="-117.43428">
        <ele>859.18</ele>
      </trkpt>
      <trkpt lat="34.21098" lon="-117.43432">
        <ele>860.86</ele>
      </trkpt>
      <trkpt lat="34.21105" lon="-117.43433">
        <ele>861.73</ele>
      </trkpt>
      <trkpt lat="34.21113" lon="-117.43433">
        <ele>862.6</ele>
      </trkpt>
      <trkpt lat="34.21116" lon="-117.43434">
        <ele>863.12</ele>
      </trkpt>
      <trkpt lat="34.21119" lon="-117.43435">
        <ele>863.71</ele>
      </trkpt>
      <trkpt lat="34.2112" lon="-117.43436">
        <ele>863.83</ele>
      </trkpt>
      <trkpt lat="34.21122" lon="-117.43438">
        <ele>863.93</ele>
      </trkpt>
      <trkpt lat="34.21122" lon="-117.4344">
        <ele>863.75</ele>
      </trkpt>
      <trkpt lat="34.21123" lon="-117.43443">
        <ele>863.68</ele>
      </trkpt>
      <trkpt lat="34.21122" lon="-117.43452">
        <ele>864.31</ele>
      </trkpt>
      <trkpt lat="34.21121" lon="-117.43459">
        <ele>865.92</ele>
      </trkpt>
      <trkpt lat="34.2112" lon="-117.43463">
        <ele>866.93</ele>
      </trkpt>
      <trkpt lat="34.21119" lon="-117.43465">
        <ele>867.11</ele>
      </trkpt>
      <trkpt lat="34.21119" lon="-117.43469">
        <ele>867.91</ele>
      </trkpt>
      <trkpt lat="34.2112" lon="-117.43472">
        <ele>868.83</ele>
      </trkpt>
      <trkpt lat="34.21123" lon="-117.43481">
        <ele>869.85</ele>
      </trkpt>
      <trkpt lat="34.21125" lon="-117.43484">
        <ele>870.23</ele>
      </trkpt>
      <trkpt lat="34.2113" lon="-117.43488">
        <ele>871.43</ele>
      </trkpt>
      <trkpt lat="34.21146" lon="-117.43492">
        <ele>875.37</ele>
      </trkpt>
      <trkpt lat="34.21148" lon="-117.43493">
        <ele>875.72</ele>
      </trkpt>
      <trkpt lat="34.2115" lon="-117.43495">
        <ele>876.05</ele>
      </trkpt>
      <trkpt lat="34.21154" lon="-117.43502">
        <ele>876.26</ele>
      </trkpt>
      <trkpt lat="34.21157" lon="-117.43516">
        <ele>877.61</ele>
      </trkpt>
      <trkpt lat="34.2116" lon="-117.43522">
        <ele>879.95</ele>
      </trkpt>
      <trkpt lat="34.21163" lon="-117.43532">
        <ele>881.93</ele>
      </trkpt>
      <trkpt lat="34.21166" lon="-117.43538">
        <ele>882.78</ele>
      </trkpt>
      <trkpt lat="34.21168" lon="-117.43543">
        <ele>883.53</ele>
      </trkpt>
      <trkpt lat="34.21171" lon="-117.43547">
        <ele>884.22</ele>
      </trkpt>
      <trkpt lat="34.21176" lon="-117.43553">
        <ele>883.85</ele>
      </trkpt>
      <trkpt lat="34.21183" lon="-117.4356">
        <ele>883.97</ele>
      </trkpt>
      <trkpt lat="34.21183" lon="-117.4356">
        <ele>883.97</ele>
      </trkpt>
      <trkpt lat="34.21186" lon="-117.43562">
        <ele>884.09</ele>
      </trkpt>
      <trkpt lat="34.21194" lon="-117.43564">
        <ele>885.17</ele>
      </trkpt>
      <trkpt lat="34.21209" lon="-117.43564">
        <ele>886.84</ele>
      </trkpt>
      <trkpt lat="34.21212" lon="-117.43564">
        <ele>887.16</ele>
      </trkpt>
      <trkpt lat="34.21216" lon="-117.43565">
        <ele>887.32</ele>
      </trkpt>
      <trkpt lat="34.2122" lon="-117.43565">
        <ele>887.77</ele>
      </trkpt>
      <trkpt lat="34.21224" lon="-117.43566">
        <ele>888.54</ele>
      </trkpt>
      <trkpt lat="34.21229" lon="-117.4357">
        <ele>890.43</ele>
      </trkpt>
      <trkpt lat="34.21234" lon="-117.43578">
        <ele>893.24</ele>
      </trkpt>
      <trkpt lat="34.21238" lon="-117.43582">
        <ele>894.97</ele>
      </trkpt>
      <trkpt lat="34.21241" lon="-117.43584">
        <ele>896.11</ele>
      </trkpt>
      <trkpt lat="34.21245" lon="-117.43586">
        <ele>897.58</ele>
      </trkpt>
      <trkpt lat="34.21249" lon="-117.43589">
        <ele>898.48</ele>
      </trkpt>
      <trkpt lat="34.21256" lon="-117.43592">
        <ele>900.07</ele>
      </trkpt>
      <trkpt lat="34.21259" lon="-117.43596">
        <ele>900.55</ele>
      </trkpt>
      <trkpt lat="34.21262" lon="-117.43604">
        <ele>900.13</ele>
      </trkpt>
      <trkpt lat="34.21263" lon="-117.43611">
        <ele>899.82</ele>
      </trkpt>
      <trkpt lat="34.21263" lon="-117.43623">
        <ele>899.33</ele>
      </trkpt>
      <trkpt lat="34.21264" lon="-117.43628">
        <ele>899.96</ele>
      </trkpt>
      <trkpt lat="34.21267" lon="-117.43636">
        <ele>901.34</ele>
      </trkpt>
      <trkpt lat="34.21269" lon="-117.4364">
        <ele>902.04</ele>
      </trkpt>
      <trkpt lat="34.21276" lon="-117.43642">
        <ele>904.09</ele>
      </trkpt>
      <trkpt lat="34.21281" lon="-117.43645">
        <ele>905.15</ele>
      </trkpt>
      <trkpt lat="34.21289" lon="-117.43647">
        <ele>906.88</ele>
      </trkpt>
      <trkpt lat="34.21294" lon="-117.4365">
        <ele>908.06</ele>
      </trkpt>
      <trkpt lat="34.21299" lon="-117.43653">
        <ele>909.35</ele>
      </trkpt>
      <trkpt lat="34.21303" lon="-117.43654">
        <ele>910.54</ele>
      </trkpt>
      <trkpt lat="34.21306" lon="-117.43654">
        <ele>911.46</ele>
      </trkpt>
      <trkpt lat="34.21311" lon="-117.43654">
        <ele>912.54</ele>
      </trkpt>
      <trkpt lat="34.21316" lon="-117.43654">
        <ele>913.67</ele>
      </trkpt>
      <trkpt lat="34.21325" lon="-117.43655">
        <ele>915.72</ele>
      </trkpt>
      <trkpt lat="34.21337" lon="-117.43662">
        <ele>916.6</ele>
      </trkpt>
      <trkpt lat="34.21342" lon="-117.43662">
        <ele>917.41</ele>
      </trkpt>
      <trkpt lat="34.21346" lon="-117.43663">
        <ele>917.76</ele>
      </trkpt>
      <trkpt lat="34.21349" lon="-117.43663">
        <ele>918.09</ele>
      </trkpt>
      <trkpt lat="34.21353" lon="-117.43662">
        <ele>918.44</ele>
      </trkpt>
      <trkpt lat="34.21357" lon="-117.43659">
        <ele>918.73</ele>
      </trkpt>
      <trkpt lat="34.21361" lon="-117.43655">
        <ele>919.52</ele>
      </trkpt>
      <trkpt lat="34.21362" lon="-117.43654">
        <ele>919.74</ele>
      </trkpt>
      <trkpt lat="34.21364" lon="-117.43647">
        <ele>921.33</ele>
      </trkpt>
      <trkpt lat="34.21364" lon="-117.43637">
        <ele>924.03</ele>
      </trkpt>
      <trkpt lat="34.21363" lon="-117.43631">
        <ele>925.33</ele>
      </trkpt>
      <trkpt lat="34.21362" lon="-117.43626">
        <ele>926.55</ele>
      </trkpt>
      <trkpt lat="34.21361" lon="-117.43621">
        <ele>927.86</ele>
      </trkpt>
      <trkpt lat="34.21358" lon="-117.43616">
        <ele>928.47</ele>
      </trkpt>
      <trkpt lat="34.21354" lon="-117.4361">
        <ele>929.09</ele>
      </trkpt>
      <trkpt lat="34.21354" lon="-117.43609">
        <ele>929.18</ele>
      </trkpt>
      <trkpt lat="34.2135" lon="-117.43605">
        <ele>929.66</ele>
      </trkpt>
      <trkpt lat="34.21348" lon="-117.43601">
        <ele>930.05</ele>
      </trkpt>
      <trkpt lat="34.21346" lon="-117.43592">
        <ele>930.43</ele>
      </trkpt>
      <trkpt lat="34.21346" lon="-117.43584">
        <ele>931.3</ele>
      </trkpt>
      <trkpt lat="34.21347" lon="-117.4358">
        <ele>931.84</ele>
      </trkpt>
      <trkpt lat="34.21349" lon="-117.43576">
        <ele>932.48</ele>
      </trkpt>
      <trkpt lat="34.21351" lon="-117.43575">
        <ele>932.81</ele>
      </trkpt>
      <trkpt lat="34.21355" lon="-117.43573">
        <ele>933.5</ele>
      </trkpt>
      <trkpt lat="34.21362" lon="-117.43572">
        <ele>934.37</ele>
      </trkpt>
      <trkpt lat="34.21373" lon="-117.43569">
        <ele>934.93</ele>
      </trkpt>
      <trkpt lat="34.21378" lon="-117.43567">
        <ele>936.12</ele>
      </trkpt>
      <trkpt lat="34.21384" lon="-117.43563">
        <ele>937.86</ele>
      </trkpt>
      <trkpt lat="34.21388" lon="-117.43558">
        <ele>939.38</ele>
      </trkpt>
      <trkpt lat="34.21392" lon="-117.43554">
        <ele>940.62</ele>
      </trkpt>
      <trkpt lat="34.21395" lon="-117.4355">
        <ele>941.46</ele>
      </trkpt>
      <trkpt lat="34.21397" lon="-117.43546">
        <ele>942.03</ele>
      </trkpt>
      <trkpt lat="34.21401" lon="-117.43535">
        <ele>942.91</ele>
      </trkpt>
      <trkpt lat="34.21403" lon="-117.43527">
        <ele>943.52</ele>
      </trkpt>
      <trkpt lat="34.21404" lon="-117.43519">
        <ele>943.72</ele>
      </trkpt>
      <trkpt lat="34.21404" lon="-117.43513">
        <ele>943.36</ele>
      </trkpt>
      <trkpt lat="34.21403" lon="-117.43506">
        <ele>943.61</ele>
      </trkpt>
      <trkpt lat="34.21401" lon="-117.435">
        <ele>944.38</ele>
      </trkpt>
      <trkpt lat="34.21396" lon="-117.43493">
        <ele>946.45</ele>
      </trkpt>
      <trkpt lat="34.21392" lon="-117.43487">
        <ele>947.99</ele>
      </trkpt>
      <trkpt lat="34.21382" lon="-117.43476">
        <ele>951.08</ele>
      </trkpt>
      <trkpt lat="34.21376" lon="-117.43468">
        <ele>952.57</ele>
      </trkpt>
      <trkpt lat="34.21372" lon="-117.43461">
        <ele>953.69</ele>
      </trkpt>
      <trkpt lat="34.2137" lon="-117.43453">
        <ele>954.0</ele>
      </trkpt>
      <trkpt lat="34.21368" lon="-117.43443">
        <ele>954.12</ele>
      </trkpt>
      <trkpt lat="34.21368" lon="-117.43414">
        <ele>955.21</ele>
      </trkpt>
      <trkpt lat="34.21367" lon="-117.43407">
        <ele>955.65</ele>
      </trkpt>
      <trkpt lat="34.21367" lon="-117.43397">
        <ele>956.05</ele>
      </trkpt>
      <trkpt lat="34.21366" lon="-117.43391">
        <ele>956.36</ele>
      </trkpt>
      <trkpt lat="34.21366" lon="-117.43384">
        <ele>956.22</ele>
      </trkpt>
      <trkpt lat="34.21365" lon="-117.43375">
        <ele>955.5</ele>
      </trkpt>
      <trkpt lat="34.21365" lon="-117.43365">
        <ele>954.42</ele>
      </trkpt>
      <trkpt lat="34.21365" lon="-117.43342">
        <ele>951.48</ele>
      </trkpt>
      <trkpt lat="34.21365" lon="-117.43333">
        <ele>949.95</ele>
      </trkpt>
      <trkpt lat="34.21365" lon="-117.43322">
        <ele>948.36</ele>
      </trkpt>
      <trkpt lat="34.21366" lon="-117.43302">
        <ele>945.41</ele>
      </trkpt>
      <trkpt lat="34.21366" lon="-117.43291">
        <ele>943.63</ele>
      </trkpt>
      <trkpt lat="34.21365" lon="-117.43284">
        <ele>942.67</ele>
      </trkpt>
      <trkpt lat="34.21365" lon="-117.43274">
        <ele>941.83</ele>
      </trkpt>
      <trkpt lat="34.21363" lon="-117.43262">
        <ele>941.65</ele>
      </trkpt>
      <trkpt lat="34.21362" lon="-117.43253">
        <ele>941.2</ele>
      </trkpt>
      <trkpt lat="34.21362" lon="-117.43244">
        <ele>940.9</ele>
      </trkpt>
      <trkpt lat="34.21363" lon="-117.43228">
        <ele>942.17</ele>
      </trkpt>
      <trkpt lat="34.21365" lon="-117.43208">
        <ele>943.11</ele>
      </trkpt>
      <trkpt lat="34.21365" lon="-117.43202">
        <ele>942.76</ele>
      </trkpt>
      <trkpt lat="34.21366" lon="-117.43196">
        <ele>942.62</ele>
      </trkpt>
      <trkpt lat="34.21366" lon="-117.43185">
        <ele>942.07</ele>
      </trkpt>
      <trkpt lat="34.21364" lon="-117.43172">
        <ele>942.6</ele>
      </trkpt>
      <trkpt lat="34.2136" lon="-117.43157">
        <ele>943.04</ele>
      </trkpt>
      <trkpt lat="34.21357" lon="-117.43146">
        <ele>943.79</ele>
      </trkpt>
      <trkpt lat="34.21356" lon="-117.43139">
        <ele>944.44</ele>
      </trkpt>
      <trkpt lat="34.21356" lon="-117.43133">
        <ele>945.37</ele>
      </trkpt>
      <trkpt lat="34.21355" lon="-117.43127">
        <ele>945.87</ele>
      </trkpt>
      <trkpt lat="34.21355" lon="-117.43119">
        <ele>946.59</ele>
      </trkpt>
      <trkpt lat="34.21352" lon="-117.43096">
        <ele>949.63</ele>
      </trkpt>
      <trkpt lat="34.2135" lon="-117.43088">
        <ele>950.6</ele>
      </trkpt>
      <trkpt lat="34.21343" lon="-117.43069">
        <ele>952.96</ele>
      </trkpt>
      <trkpt lat="34.21342" lon="-117.43056">
        <ele>953.0</ele>
      </trkpt>
      <trkpt lat="34.21341" lon="-117.43045">
        <ele>951.66</ele>
      </trkpt>
      <trkpt lat="34.21341" lon="-117.43029">
        <ele>948.77</ele>
      </trkpt>
      <trkpt lat="34.21342" lon="-117.43016">
        <ele>947.22</ele>
      </trkpt>
      <trkpt lat="34.21343" lon="-117.43001">
        <ele>945.2</ele>
      </trkpt>
      <trkpt lat="34.21345" lon="-117.42998">
        <ele>945.52</ele>
      </trkpt>
      <trkpt lat="34.21348" lon="-117.42994">
        <ele>946.17</ele>
      </trkpt>
      <trkpt lat="34.21367" lon="-117.42982">
        <ele>946.06</ele>
      </trkpt>
      <trkpt lat="34.21372" lon="-117.42979">
        <ele>945.73</ele>
      </trkpt>
      <trkpt lat="34.2138" lon="-117.42971">
        <ele>944.83</ele>
      </trkpt>
      <trkpt lat="34.21388" lon="-117.42964">
        <ele>944.01</ele>
      </trkpt>
      <trkpt lat="34.21395" lon="-117.42956">
        <ele>944.0</ele>
      </trkpt>
      <trkpt lat="34.21401" lon="-117.42952">
        <ele>944.0</ele>
      </trkpt>
      <trkpt lat="34.21407" lon="-117.42947">
        <ele>944.0</ele>
      </trkpt>
      <trkpt lat="34.21411" lon="-117.42944">
        <ele>943.56</ele>
      </trkpt>
      <trkpt lat="34.21414" lon="-117.42942">
        <ele>943.02</ele>
      </trkpt>
      <trkpt lat="34.21422" lon="-117.42937">
        <ele>942.08</ele>
      </trkpt>
      <trkpt lat="34.21448" lon="-117.42927">
        <ele>941.12</ele>
      </trkpt>
      <trkpt lat="34.21453" lon="-117.42926">
        <ele>941.01</ele>
      </trkpt>
      <trkpt lat="34.21466" lon="-117.42924">
        <ele>940.53</ele>
      </trkpt>
      <trkpt lat="34.21469" lon="-117.42924">
        <ele>940.28</ele>
      </trkpt>
      <trkpt lat="34.21473" lon="-117.42925">
        <ele>939.91</ele>
      </trkpt>
      <trkpt lat="34.21478" lon="-117.42925">
        <ele>939.31</ele>
      </trkpt>
      <trkpt lat="34.21483" lon="-117.42925">
        <ele>938.59</ele>
      </trkpt>
      <trkpt lat="34.21487" lon="-117.42924">
        <ele>937.72</ele>
      </trkpt>
      <trkpt lat="34.21493" lon="-117.42923">
        <ele>936.68</ele>
      </trkpt>
      <trkpt lat="34.21497" lon="-117.42921">
        <ele>935.96</ele>
      </trkpt>
      <trkpt lat="34.21503" lon="-117.42916">
        <ele>934.53</ele>
      </trkpt>
      <trkpt lat="34.21511" lon="-117.42908">
        <ele>931.93</ele>
      </trkpt>
      <trkpt lat="34.21515" lon="-117.42905">
        <ele>930.76</ele>
      </trkpt>
      <trkpt lat="34.21529" lon="-117.42891">
        <ele>928.36</ele>
      </trkpt>
      <trkpt lat="34.21529" lon="-117.4289">
        <ele>928.25</ele>
      </trkpt>
      <trkpt lat="34.21536" lon="-117.4288">
        <ele>928.04</ele>
      </trkpt>
      <trkpt lat="34.21538" lon="-117.42873">
        <ele>927.28</ele>
      </trkpt>
      <trkpt lat="34.2154" lon="-117.42867">
        <ele>926.27</ele>
      </trkpt>
      <trkpt lat="34.21543" lon="-117.42861">
        <ele>924.97</ele>
      </trkpt>
      <trkpt lat="34.21545" lon="-117.42857">
        <ele>923.73</ele>
      </trkpt>
      <trkpt lat="34.21548" lon="-117.42853">
        <ele>922.35</ele>
      </trkpt>
      <trkpt lat="34.21551" lon="-117.42849">
        <ele>921.38</ele>
      </trkpt>
      <trkpt lat="34.21559" lon="-117.42846">
        <ele>920.36</ele>
      </trkpt>
      <trkpt lat="34.21564" lon="-117.42845">
        <ele>919.61</ele>
      </trkpt>
      <trkpt lat="34.21568" lon="-117.42846">
        <ele>919.61</ele>
      </trkpt>
      <trkpt lat="34.21572" lon="-117.4285">
        <ele>919.98</ele>
      </trkpt>
      <trkpt lat="34.21576" lon="-117.42854">
        <ele>920.26</ele>
      </trkpt>
      <trkpt lat="34.21583" lon="-117.4286">
        <ele>920.8</ele>
      </trkpt>
      <trkpt lat="34.21588" lon="-117.42864">
        <ele>920.81</ele>
      </trkpt>
      <trkpt lat="34.21595" lon="-117.42867">
        <ele>920.54</ele>
      </trkpt>
      <trkpt lat="34.21602" lon="-117.42869">
        <ele>920.69</ele>
      </trkpt>
      <trkpt lat="34.21612" lon="-117.42869">
        <ele>919.62</ele>
      </trkpt>
      <trkpt lat="34.21619" lon="-117.42868">
        <ele>918.85</ele>
      </trkpt>
      <trkpt lat="34.21625" lon="-117.42867">
        <ele>918.14</ele>
      </trkpt>
      <trkpt lat="34.21629" lon="-117.42867">
        <ele>917.7</ele>
      </trkpt>
      <trkpt lat="34.21635" lon="-117.42865">
        <ele>916.6</ele>
      </trkpt>
      <trkpt lat="34.21641" lon="-117.42865">
        <ele>915.77</ele>
      </trkpt>
      <trkpt lat="34.21656" lon="-117.42862">
        <ele>913.39</ele>
      </trkpt>
      <trkpt lat="34.21669" lon="-117.42857">
        <ele>912.95</ele>
      </trkpt>
      <trkpt lat="34.2168" lon="-117.42854">
        <ele>913.8</ele>
      </trkpt>
      <trkpt lat="34.21695" lon="-117.42854">
        <ele>915.23</ele>
      </trkpt>
      <trkpt lat="34.21701" lon="-117.42856">
        <ele>915.45</ele>
      </trkpt>
      <trkpt lat="34.21707" lon="-117.42858">
        <ele>915.66</ele>
      </trkpt>
      <trkpt lat="34.21714" lon="-117.42862">
        <ele>916.09</ele>
      </trkpt>
      <trkpt lat="34.21723" lon="-117.42869">
        <ele>915.99</ele>
      </trkpt>
      <trkpt lat="34.21735" lon="-117.42881">
        <ele>916.09</ele>
      </trkpt>
      <trkpt lat="34.21738" lon="-117.42885">
        <ele>916.17</ele>
      </trkpt>
      <trkpt lat="34.2174" lon="-117.4289">
        <ele>916.19</ele>
      </trkpt>
      <trkpt lat="34.21742" lon="-117.42899">
        <ele>916.86</ele>
      </trkpt>
      <trkpt lat="34.21742" lon="-117.42909">
        <ele>917.04</ele>
      </trkpt>
      <trkpt lat="34.21743" lon="-117.42914">
        <ele>917.47</ele>
      </trkpt>
      <trkpt lat="34.21745" lon="-117.42928">
        <ele>918.76</ele>
      </trkpt>
      <trkpt lat="34.21747" lon="-117.42941">
        <ele>919.95</ele>
      </trkpt>
      <trkpt lat="34.21751" lon="-117.42955">
        <ele>921.28</ele>
      </trkpt>
      <trkpt lat="34.21753" lon="-117.42968">
        <ele>923.54</ele>
      </trkpt>
      <trkpt lat="34.21756" lon="-117.42984">
        <ele>925.45</ele>
      </trkpt>
      <trkpt lat="34.21756" lon="-117.42988">
        <ele>926.16</ele>
      </trkpt>
      <trkpt lat="34.21757" lon="-117.42995">
        <ele>926.76</ele>
      </trkpt>
      <trkpt lat="34.21757" lon="-117.43001">
        <ele>926.86</ele>
      </trkpt>
      <trkpt lat="34.21756" lon="-117.43008">
        <ele>927.51</ele>
      </trkpt>
      <trkpt lat="34.21756" lon="-117.43012">
        <ele>927.65</ele>
      </trkpt>
      <trkpt lat="34.21754" lon="-117.4302">
        <ele>927.59</ele>
      </trkpt>
      <trkpt lat="34.21754" lon="-117.43025">
        <ele>928.13</ele>
      </trkpt>
      <trkpt lat="34.21751" lon="-117.43041">
        <ele>928.54</ele>
      </trkpt>
      <trkpt lat="34.2175" lon="-117.43052">
        <ele>929.62</ele>
      </trkpt>
      <trkpt lat="34.21749" lon="-117.4306">
        <ele>930.91</ele>
      </trkpt>
      <trkpt lat="34.21749" lon="-117.43066">
        <ele>932.02</ele>
      </trkpt>
      <trkpt lat="34.2175" lon="-117.43072">
        <ele>932.78</ele>
      </trkpt>
      <trkpt lat="34.2175" lon="-117.43084">
        <ele>933.0</ele>
      </trkpt>
      <trkpt lat="34.21749" lon="-117.43091">
        <ele>933.09</ele>
      </trkpt>
      <trkpt lat="34.21749" lon="-117.43106">
        <ele>932.31</ele>
      </trkpt>
      <trkpt lat="34.21748" lon="-117.4311">
        <ele>931.84</ele>
      </trkpt>
      <trkpt lat="34.21748" lon="-117.43123">
        <ele>930.36</ele>
      </trkpt>
      <trkpt lat="34.21749" lon="-117.43126">
        <ele>929.72</ele>
      </trkpt>
      <trkpt lat="34.21748" lon="-117.43131">
        <ele>929.5</ele>
      </trkpt>
      <trkpt lat="34.21749" lon="-117.43134">
        <ele>928.85</ele>
      </trkpt>
      <trkpt lat="34.21751" lon="-117.43138">
        <ele>927.88</ele>
      </trkpt>
      <trkpt lat="34.21756" lon="-117.43144">
        <ele>926.51</ele>
      </trkpt>
      <trkpt lat="34.21759" lon="-117.43148">
        <ele>926.03</ele>
      </trkpt>
      <trkpt lat="34.2176" lon="-117.43151">
        <ele>925.61</ele>
      </trkpt>
      <trkpt lat="34.21761" lon="-117.43156">
        <ele>924.96</ele>
      </trkpt>
      <trkpt lat="34.21762" lon="-117.43161">
        <ele>924.7</ele>
      </trkpt>
      <trkpt lat="34.21764" lon="-117.43166">
        <ele>924.49</ele>
      </trkpt>
      <trkpt lat="34.21765" lon="-117.43171">
        <ele>924.85</ele>
      </trkpt>
      <trkpt lat="34.2177" lon="-117.4318">
        <ele>924.68</ele>
      </trkpt>
      <trkpt lat="34.21777" lon="-117.43185">
        <ele>923.17</ele>
      </trkpt>
      <trkpt lat="34.21782" lon="-117.4319">
        <ele>922.09</ele>
      </trkpt>
      <trkpt lat="34.21784" lon="-117.43194">
        <ele>921.66</ele>
      </trkpt>
      <trkpt lat="34.21786" lon="-117.43202">
        <ele>921.22</ele>
      </trkpt>
      <trkpt lat="34.21786" lon="-117.43216">
        <ele>919.9</ele>
      </trkpt>
      <trkpt lat="34.21781" lon="-117.43234">
        <ele>918.63</ele>
      </trkpt>
      <trkpt lat="34.21777" lon="-117.43244">
        <ele>917.51</ele>
      </trkpt>
      <trkpt lat="34.21776" lon="-117.43247">
        <ele>917.07</ele>
      </trkpt>
      <trkpt lat="34.21775" lon="-117.43251">
        <ele>916.7</ele>
      </trkpt>
      <trkpt lat="34.21774" lon="-117.43257">
        <ele>916.59</ele>
      </trkpt>
      <trkpt lat="34.21773" lon="-117.43266">
        <ele>916.13</ele>
      </trkpt>
      <trkpt lat="34.21772" lon="-117.43279">
        <ele>916.13</ele>
      </trkpt>
      <trkpt lat="34.21772" lon="-117.43283">
        <ele>916.56</ele>
      </trkpt>
      <trkpt lat="34.21773" lon="-117.43286">
        <ele>916.89</ele>
      </trkpt>
      <trkpt lat="34.21775" lon="-117.43289">
        <ele>917.0</ele>
      </trkpt>
      <trkpt lat="34.2178" lon="-117.43296">
        <ele>916.75</ele>
      </trkpt>
      <trkpt lat="34.21785" lon="-117.43303">
        <ele>916.22</ele>
      </trkpt>
      <trkpt lat="34.21787" lon="-117.43308">
        <ele>915.74</ele>
      </trkpt>
      <trkpt lat="34.21794" lon="-117.43319">
        <ele>913.2</ele>
      </trkpt>
      <trkpt lat="34.21804" lon="-117.43331">
        <ele>912.21</ele>
      </trkpt>
      <trkpt lat="34.21811" lon="-117.4334">
        <ele>911.54</ele>
      </trkpt>
      <trkpt lat="34.21817" lon="-117.43347">
        <ele>911.83</ele>
      </trkpt>
      <trkpt lat="34.21823" lon="-117.4335">
        <ele>912.42</ele>
      </trkpt>
      <trkpt lat="34.2183" lon="-117.43352">
        <ele>912.39</ele>
      </trkpt>
      <trkpt lat="34.21839" lon="-117.43352">
        <ele>911.43</ele>
      </trkpt>
      <trkpt lat="34.21853" lon="-117.4335">
        <ele>909.48</ele>
      </trkpt>
      <trkpt lat="34.21866" lon="-117.4335">
        <ele>907.65</ele>
      </trkpt>
      <trkpt lat="34.21868" lon="-117.4335">
        <ele>907.26</ele>
      </trkpt>
      <trkpt lat="34.21874" lon="-117.43353">
        <ele>906.68</ele>
      </trkpt>
      <trkpt lat="34.21881" lon="-117.43362">
        <ele>906.01</ele>
      </trkpt>
      <trkpt lat="34.21888" lon="-117.43369">
        <ele>906.77</ele>
      </trkpt>
      <trkpt lat="34.21893" lon="-117.43376">
        <ele>906.22</ele>
      </trkpt>
      <trkpt lat="34.21899" lon="-117.43377">
        <ele>905.97</ele>
      </trkpt>
      <trkpt lat="34.21908" lon="-117.43379">
        <ele>905.93</ele>
      </trkpt>
      <trkpt lat="34.21917" lon="-117.43379">
        <ele>905.93</ele>
      </trkpt>
      <trkpt lat="34.21924" lon="-117.4338">
        <ele>905.96</ele>
      </trkpt>
      <trkpt lat="34.21929" lon="-117.43383">
        <ele>905.76</ele>
      </trkpt>
      <trkpt lat="34.21934" lon="-117.43387">
        <ele>905.9</ele>
      </trkpt>
      <trkpt lat="34.21943" lon="-117.434">
        <ele>904.8</ele>
      </trkpt>
      <trkpt lat="34.21947" lon="-117.43403">
        <ele>904.2</ele>
      </trkpt>
      <trkpt lat="34.2195" lon="-117.43407">
        <ele>903.44</ele>
      </trkpt>
      <trkpt lat="34.21957" lon="-117.43412">
        <ele>901.3</ele>
      </trkpt>
      <trkpt lat="34.21962" lon="-117.43415">
        <ele>899.57</ele>
      </trkpt>
      <trkpt lat="34.21969" lon="-117.43415">
        <ele>898.06</ele>
      </trkpt>
      <trkpt lat="34.21973" lon="-117.43414">
        <ele>897.38</ele>
      </trkpt>
      <trkpt lat="34.21977" lon="-117.43413">
        <ele>896.56</ele>
      </trkpt>
      <trkpt lat="34.21981" lon="-117.4341">
        <ele>895.86</ele>
      </trkpt>
      <trkpt lat="34.21985" lon="-117.43406">
        <ele>894.86</ele>
      </trkpt>
      <trkpt lat="34.2199" lon="-117.434">
        <ele>893.24</ele>
      </trkpt>
      <trkpt lat="34.21991" lon="-117.43397">
        <ele>893.06</ele>
      </trkpt>
      <trkpt lat="34.21992" lon="-117.43393">
        <ele>893.21</ele>
      </trkpt>
      <trkpt lat="34.21993" lon="-117.43385">
        <ele>893.27</ele>
      </trkpt>
      <trkpt lat="34.21992" lon="-117.43382">
        <ele>893.59</ele>
      </trkpt>
      <trkpt lat="34.21992" lon="-117.43374">
        <ele>893.59</ele>
      </trkpt>
      <trkpt lat="34.21991" lon="-117.43367">
        <ele>893.56</ele>
      </trkpt>
      <trkpt lat="34.21992" lon="-117.43363">
        <ele>892.9</ele>
      </trkpt>
      <trkpt lat="34.21995" lon="-117.4336">
        <ele>891.84</ele>
      </trkpt>
      <trkpt lat="34.21998" lon="-117.4336">
        <ele>891.19</ele>
      </trkpt>
      <trkpt lat="34.22001" lon="-117.43361">
        <ele>890.44</ele>
      </trkpt>
      <trkpt lat="34.22003" lon="-117.43363">
        <ele>889.45</ele>
      </trkpt>
      <trkpt lat="34.22006" lon="-117.43367">
        <ele>888.17</ele>
      </trkpt>
      <trkpt lat="34.22011" lon="-117.43377">
        <ele>886.25</ele>
      </trkpt>
      <trkpt lat="34.22016" lon="-117.43385">
        <ele>884.25</ele>
      </trkpt>
      <trkpt lat="34.22021" lon="-117.43394">
        <ele>882.08</ele>
      </trkpt>
      <trkpt lat="34.22025" lon="-117.43403">
        <ele>880.9</ele>
      </trkpt>
      <trkpt lat="34.22029" lon="-117.43415">
        <ele>879.34</ele>
      </trkpt>
      <trkpt lat="34.22031" lon="-117.43425">
        <ele>877.36</ele>
      </trkpt>
      <trkpt lat="34.22031" lon="-117.4343">
        <ele>877.11</ele>
      </trkpt>
      <trkpt lat="34.22032" lon="-117.43438">
        <ele>875.96</ele>
      </trkpt>
      <trkpt lat="34.22031" lon="-117.43445">
        <ele>875.89</ele>
      </trkpt>
      <trkpt lat="34.22031" lon="-117.43472">
        <ele>875.27</ele>
      </trkpt>
      <trkpt lat="34.22032" lon="-117.43475">
        <ele>874.83</ele>
      </trkpt>
      <trkpt lat="34.22036" lon="-117.43483">
        <ele>874.17</ele>
      </trkpt>
      <trkpt lat="34.22038" lon="-117.43485">
        <ele>874.01</ele>
      </trkpt>
      <trkpt lat="34.22041" lon="-117.43487">
        <ele>874.34</ele>
      </trkpt>
      <trkpt lat="34.22045" lon="-117.43489">
        <ele>875.23</ele>
      </trkpt>
      <trkpt lat="34.22049" lon="-117.4349">
        <ele>876.32</ele>
      </trkpt>
      <trkpt lat="34.22054" lon="-117.43491">
        <ele>877.66</ele>
      </trkpt>
      <trkpt lat="34.22058" lon="-117.43492">
        <ele>878.34</ele>
      </trkpt>
      <trkpt lat="34.22063" lon="-117.43492">
        <ele>879.02</ele>
      </trkpt>
      <trkpt lat="34.2209" lon="-117.43488">
        <ele>883.05</ele>
      </trkpt>
      <trkpt lat="34.22094" lon="-117.43488">
        <ele>883.23</ele>
      </trkpt>
      <trkpt lat="34.22103" lon="-117.4349">
        <ele>883.49</ele>
      </trkpt>
      <trkpt lat="34.22116" lon="-117.435">
        <ele>891.58</ele>
      </trkpt>
      <trkpt lat="34.22122" lon="-117.43501">
        <ele>893.74</ele>
      </trkpt>
      <trkpt lat="34.22127" lon="-117.43502">
        <ele>895.58</ele>
      </trkpt>
      <trkpt lat="34.22132" lon="-117.43501">
        <ele>896.47</ele>
      </trkpt>
      <trkpt lat="34.22138" lon="-117.435">
        <ele>896.9</ele>
      </trkpt>
      <trkpt lat="34.22144" lon="-117.43498">
        <ele>897.24</ele>
      </trkpt>
      <trkpt lat="34.22151" lon="-117.43495">
        <ele>897.76</ele>
      </trkpt>
      <trkpt lat="34.2216" lon="-117.43494">
        <ele>900.33</ele>
      </trkpt>
      <trkpt lat="34.22171" lon="-117.43491">
        <ele>903.45</ele>
      </trkpt>
      <trkpt lat="34.22176" lon="-117.43487">
        <ele>903.8</ele>
      </trkpt>
      <trkpt lat="34.22181" lon="-117.43481">
        <ele>902.92</ele>
      </trkpt>
      <trkpt lat="34.22185" lon="-117.43474">
        <ele>901.52</ele>
      </trkpt>
      <trkpt lat="34.22188" lon="-117.43472">
        <ele>901.18</ele>
      </trkpt>
      <trkpt lat="34.2219" lon="-117.43471">
        <ele>900.79</ele>
      </trkpt>
      <trkpt lat="34.22194" lon="-117.43471">
        <ele>901.17</ele>
      </trkpt>
      <trkpt lat="34.22201" lon="-117.43474">
        <ele>903.48</ele>
      </trkpt>
      <trkpt lat="34.22207" lon="-117.43476">
        <ele>904.99</ele>
      </trkpt>
      <trkpt lat="34.22221" lon="-117.43479">
        <ele>907.16</ele>
      </trkpt>
      <trkpt lat="34.22235" lon="-117.4348">
        <ele>908.88</ele>
      </trkpt>
      <trkpt lat="34.22251" lon="-117.43481">
        <ele>912.54</ele>
      </trkpt>
      <trkpt lat="34.22258" lon="-117.43484">
        <ele>914.95</ele>
      </trkpt>
      <trkpt lat="34.22262" lon="-117.43487">
        <ele>917.24</ele>
      </trkpt>
      <trkpt lat="34.22266" lon="-117.4349">
        <ele>919.43</ele>
      </trkpt>
      <trkpt lat="34.22269" lon="-117.43494">
        <ele>920.49</ele>
      </trkpt>
      <trkpt lat="34.22273" lon="-117.43501">
        <ele>920.29</ele>
      </trkpt>
      <trkpt lat="34.22281" lon="-117.4351">
        <ele>920.51</ele>
      </trkpt>
      <trkpt lat="34.22285" lon="-117.43513">
        <ele>920.44</ele>
      </trkpt>
      <trkpt lat="34.22289" lon="-117.43515">
        <ele>920.48</ele>
      </trkpt>
      <trkpt lat="34.22292" lon="-117.43516">
        <ele>920.74</ele>
      </trkpt>
      <trkpt lat="34.22296" lon="-117.43518">
        <ele>921.05</ele>
      </trkpt>
      <trkpt lat="34.22302" lon="-117.43519">
        <ele>921.49</ele>
      </trkpt>
      <trkpt lat="34.22314" lon="-117.43519">
        <ele>923.77</ele>
      </trkpt>
      <trkpt lat="34.22319" lon="-117.43518">
        <ele>925.02</ele>
      </trkpt>
      <trkpt lat="34.22325" lon="-117.43519">
        <ele>926.6</ele>
      </trkpt>
      <trkpt lat="34.2233" lon="-117.43523">
        <ele>929.84</ele>
      </trkpt>
      <trkpt lat="34.22334" lon="-117.43527">
        <ele>932.51</ele>
      </trkpt>
      <trkpt lat="34.22335" lon="-117.4353">
        <ele>933.41</ele>
      </trkpt>
      <trkpt lat="34.22337" lon="-117.43538">
        <ele>934.98</ele>
      </trkpt>
      <trkpt lat="34.22337" lon="-117.43554">
        <ele>934.98</ele>
      </trkpt>
      <trkpt lat="34.22338" lon="-117.4356">
        <ele>935.28</ele>
      </trkpt>
      <trkpt lat="34.2234" lon="-117.43563">
        <ele>936.02</ele>
      </trkpt>
      <trkpt lat="34.22346" lon="-117.43571">
        <ele>937.8</ele>
      </trkpt>
      <trkpt lat="34.2235" lon="-117.43575">
        <ele>939.2</ele>
      </trkpt>
      <trkpt lat="34.22351" lon="-117.43579">
        <ele>939.63</ele>
      </trkpt>
      <trkpt lat="34.22352" lon="-117.43584">
        <ele>940.19</ele>
      </trkpt>
      <trkpt lat="34.22351" lon="-117.43589">
        <ele>940.24</ele>
      </trkpt>
      <trkpt lat="34.22348" lon="-117.43596">
        <ele>940.29</ele>
      </trkpt>
      <trkpt lat="34.22334" lon="-117.43614">
        <ele>942.74</ele>
      </trkpt>
      <trkpt lat="34.22332" lon="-117.43619">
        <ele>943.35</ele>
      </trkpt>
      <trkpt lat="34.2233" lon="-117.43623">
        <ele>944.03</ele>
      </trkpt>
      <trkpt lat="34.22328" lon="-117.43631">
        <ele>945.57</ele>
      </trkpt>
      <trkpt lat="34.22325" lon="-117.43637">
        <ele>945.89</ele>
      </trkpt>
      <trkpt lat="34.22323" lon="-117.43642">
        <ele>946.74</ele>
      </trkpt>
      <trkpt lat="34.22314" lon="-117.43654">
        <ele>947.0</ele>
      </trkpt>
      <trkpt lat="34.22312" lon="-117.4366">
        <ele>947.37</ele>
      </trkpt>
      <trkpt lat="34.22311" lon="-117.43665">
        <ele>947.58</ele>
      </trkpt>
      <trkpt lat="34.2231" lon="-117.43671">
        <ele>947.68</ele>
      </trkpt>
      <trkpt lat="34.2231" lon="-117.43676">
        <ele>947.96</ele>
      </trkpt>
      <trkpt lat="34.2231" lon="-117.4368">
        <ele>947.96</ele>
      </trkpt>
      <trkpt lat="34.22311" lon="-117.43681">
        <ele>948.18</ele>
      </trkpt>
      <trkpt lat="34.22319" lon="-117.43684">
        <ele>949.51</ele>
      </trkpt>
      <trkpt lat="34.2233" lon="-117.43687">
        <ele>950.51</ele>
      </trkpt>
      <trkpt lat="34.22335" lon="-117.4369">
        <ele>950.66</ele>
      </trkpt>
      <trkpt lat="34.22339" lon="-117.43693">
        <ele>950.77</ele>
      </trkpt>
      <trkpt lat="34.22341" lon="-117.43696">
        <ele>950.32</ele>
      </trkpt>
      <trkpt lat="34.22347" lon="-117.43709">
        <ele>946.28</ele>
      </trkpt>
      <trkpt lat="34.22351" lon="-117.43715">
        <ele>944.54</ele>
      </trkpt>
      <trkpt lat="34.22353" lon="-117.43717">
        <ele>944.13</ele>
      </trkpt>
      <trkpt lat="34.22356" lon="-117.43719">
        <ele>943.7</ele>
      </trkpt>
      <trkpt lat="34.22361" lon="-117.4372">
        <ele>943.48</ele>
      </trkpt>
      <trkpt lat="34.22364" lon="-117.4372">
        <ele>943.17</ele>
      </trkpt>
      <trkpt lat="34.22368" lon="-117.43721">
        <ele>942.52</ele>
      </trkpt>
      <trkpt lat="34.22374" lon="-117.43721">
        <ele>941.82</ele>
      </trkpt>
      <trkpt lat="34.22382" lon="-117.43723">
        <ele>940.64</ele>
      </trkpt>
      <trkpt lat="34.2239" lon="-117.43725">
        <ele>938.72</ele>
      </trkpt>
      <trkpt lat="34.22399" lon="-117.43729">
        <ele>932.76</ele>
      </trkpt>
      <trkpt lat="34.22401" lon="-117.43731">
        <ele>931.48</ele>
      </trkpt>
      <trkpt lat="34.22406" lon="-117.43736">
        <ele>929.17</ele>
      </trkpt>
      <trkpt lat="34.22408" lon="-117.43742">
        <ele>928.89</ele>
      </trkpt>
      <trkpt lat="34.22409" lon="-117.43748">
        <ele>929.23</ele>
      </trkpt>
      <trkpt lat="34.22409" lon="-117.43753">
        <ele>929.86</ele>
      </trkpt>
      <trkpt lat="34.2241" lon="-117.43759">
        <ele>930.4</ele>
      </trkpt>
      <trkpt lat="34.2241" lon="-117.43764">
        <ele>930.44</ele>
      </trkpt>
      <trkpt lat="34.22409" lon="-117.4377">
        <ele>930.66</ele>
      </trkpt>
      <trkpt lat="34.22409" lon="-117.43782">
        <ele>930.73</ele>
      </trkpt>
      <trkpt lat="34.22408" lon="-117.43791">
        <ele>931.34</ele>
      </trkpt>
      <trkpt lat="34.22408" lon="-117.43801">
        <ele>932.38</ele>
      </trkpt>
      <trkpt lat="34.22408" lon="-117.43801">
        <ele>932.38</ele>
      </trkpt>
      <trkpt lat="34.22408" lon="-117.43809">
        <ele>933.59</ele>
      </trkpt>
      <trkpt lat="34.22407" lon="-117.43816">
        <ele>935.47</ele>
      </trkpt>
      <trkpt lat="34.22407" lon="-117.43824">
        <ele>938.06</ele>
      </trkpt>
      <trkpt lat="34.22405" lon="-117.4383">
        <ele>939.63</ele>
      </trkpt>
      <trkpt lat="34.22405" lon="-117.43834">
        <ele>940.3</ele>
      </trkpt>
      <trkpt lat="34.22403" lon="-117.43846">
        <ele>941.43</ele>
      </trkpt>
      <trkpt lat="34.22402" lon="-117.43863">
        <ele>941.3</ele>
      </trkpt>
      <trkpt lat="34.22401" lon="-117.43866">
        <ele>941.57</ele>
      </trkpt>
      <trkpt lat="34.22402" lon="-117.4387">
        <ele>941.17</ele>
      </trkpt>
      <trkpt lat="34.22402" lon="-117.4388">
        <ele>942.22</ele>
      </trkpt>
      <trkpt lat="34.22403" lon="-117.43887">
        <ele>943.17</ele>
      </trkpt>
      <trkpt lat="34.22408" lon="-117.43898">
        <ele>944.78</ele>
      </trkpt>
      <trkpt lat="34.22411" lon="-117.43906">
        <ele>945.86</ele>
      </trkpt>
      <trkpt lat="34.22414" lon="-117.4391">
        <ele>946.06</ele>
      </trkpt>
      <trkpt lat="34.22416" lon="-117.43912">
        <ele>946.1</ele>
      </trkpt>
      <trkpt lat="34.22418" lon="-117.43916">
        <ele>946.28</ele>
      </trkpt>
      <trkpt lat="34.2242" lon="-117.43919">
        <ele>946.25</ele>
      </trkpt>
      <trkpt lat="34.22422" lon="-117.43923">
        <ele>946.85</ele>
      </trkpt>
      <trkpt lat="34.22429" lon="-117.43934">
        <ele>948.7</ele>
      </trkpt>
      <trkpt lat="34.22437" lon="-117.43947">
        <ele>951.39</ele>
      </trkpt>
      <trkpt lat="34.22441" lon="-117.43954">
        <ele>953.23</ele>
      </trkpt>
      <trkpt lat="34.22447" lon="-117.43959">
        <ele>953.89</ele>
      </trkpt>
      <trkpt lat="34.2245" lon="-117.43962">
        <ele>954.92</ele>
      </trkpt>
      <trkpt lat="34.22456" lon="-117.43965">
        <ele>954.83</ele>
      </trkpt>
      <trkpt lat="34.22461" lon="-117.43967">
        <ele>954.19</ele>
      </trkpt>
      <trkpt lat="34.22468" lon="-117.4397">
        <ele>955.43</ele>
      </trkpt>
      <trkpt lat="34.22476" lon="-117.43972">
        <ele>957.25</ele>
      </trkpt>
      <trkpt lat="34.22481" lon="-117.43972">
        <ele>957.8</ele>
      </trkpt>
      <trkpt lat="34.22485" lon="-117.43973">
        <ele>959.56</ele>
      </trkpt>
      <trkpt lat="34.2249" lon="-117.43972">
        <ele>960.59</ele>
      </trkpt>
      <trkpt lat="34.22496" lon="-117.43971">
        <ele>960.72</ele>
      </trkpt>
      <trkpt lat="34.22506" lon="-117.43968">
        <ele>959.26</ele>
      </trkpt>
      <trkpt lat="34.22515" lon="-117.43968">
        <ele>958.36</ele>
      </trkpt>
      <trkpt lat="34.22517" lon="-117.43968">
        <ele>958.05</ele>
      </trkpt>
      <trkpt lat="34.22521" lon="-117.43971">
        <ele>959.31</ele>
      </trkpt>
      <trkpt lat="34.22524" lon="-117.43974">
        <ele>960.3</ele>
      </trkpt>
      <trkpt lat="34.22528" lon="-117.43978">
        <ele>961.67</ele>
      </trkpt>
      <trkpt lat="34.22538" lon="-117.43987">
        <ele>963.73</ele>
      </trkpt>
      <trkpt lat="34.2254" lon="-117.4399">
        <ele>964.93</ele>
      </trkpt>
      <trkpt lat="34.2255" lon="-117.43997">
        <ele>965.1</ele>
      </trkpt>
      <trkpt lat="34.22553" lon="-117.43998">
        <ele>964.75</ele>
      </trkpt>
      <trkpt lat="34.22557" lon="-117.44">
        <ele>964.69</ele>
      </trkpt>
      <trkpt lat="34.22561" lon="-117.44003">
        <ele>964.61</ele>
      </trkpt>
      <trkpt lat="34.22566" lon="-117.44009">
        <ele>964.82</ele>
      </trkpt>
      <trkpt lat="34.22571" lon="-117.44018">
        <ele>967.16</ele>
      </trkpt>
      <trkpt lat="34.22577" lon="-117.44031">
        <ele>973.36</ele>
      </trkpt>
      <trkpt lat="34.22584" lon="-117.44042">
        <ele>977.22</ele>
      </trkpt>
      <trkpt lat="34.22587" lon="-117.44044">
        <ele>978.3</ele>
      </trkpt>
      <trkpt lat="34.22595" lon="-117.44052">
        <ele>981.69</ele>
      </trkpt>
      <trkpt lat="34.22604" lon="-117.44061">
        <ele>983.92</ele>
      </trkpt>
      <trkpt lat="34.2261" lon="-117.44065">
        <ele>984.9</ele>
      </trkpt>
      <trkpt lat="34.22621" lon="-117.44066">
        <ele>987.14</ele>
      </trkpt>
      <trkpt lat="34.22627" lon="-117.44067">
        <ele>988.43</ele>
      </trkpt>
      <trkpt lat="34.2263" lon="-117.44067">
        <ele>989.12</ele>
      </trkpt>
      <trkpt lat="34.22634" lon="-117.44065">
        <ele>990.42</ele>
      </trkpt>
      <trkpt lat="34.22641" lon="-117.44061">
        <ele>992.68</ele>
      </trkpt>
      <trkpt lat="34.22647" lon="-117.44055">
        <ele>994.57</ele>
      </trkpt>
      <trkpt lat="34.22651" lon="-117.44051">
        <ele>995.43</ele>
      </trkpt>
      <trkpt lat="34.22658" lon="-117.44039">
        <ele>997.14</ele>
      </trkpt>
      <trkpt lat="34.22661" lon="-117.44035">
        <ele>997.56</ele>
      </trkpt>
      <trkpt lat="34.22671" lon="-117.44026">
        <ele>998.17</ele>
      </trkpt>
      <trkpt lat="34.22679" lon="-117.44022">
        <ele>998.83</ele>
      </trkpt>
      <trkpt lat="34.22685" lon="-117.4402">
        <ele>999.3</ele>
      </trkpt>
      <trkpt lat="34.22689" lon="-117.44019">
        <ele>999.54</ele>
      </trkpt>
      <trkpt lat="34.22692" lon="-117.44018">
        <ele>999.68</ele>
      </trkpt>
      <trkpt lat="34.22696" lon="-117.44018">
        <ele>1000.12</ele>
      </trkpt>
      <trkpt lat="34.22705" lon="-117.44016">
        <ele>1001.42</ele>
      </trkpt>
      <trkpt lat="34.22709" lon="-117.44016">
        <ele>1002.72</ele>
      </trkpt>
      <trkpt lat="34.2272" lon="-117.44016">
        <ele>1006.49</ele>
      </trkpt>
      <trkpt lat="34.22724" lon="-117.44017">
        <ele>1007.55</ele>
      </trkpt>
      <trkpt lat="34.22729" lon="-117.44017">
        <ele>1008.63</ele>
      </trkpt>
      <trkpt lat="34.22735" lon="-117.44019">
        <ele>1009.36</ele>
      </trkpt>
      <trkpt lat="34.22742" lon="-117.44022">
        <ele>1009.9</ele>
      </trkpt>
      <trkpt lat="34.2275" lon="-117.44029">
        <ele>1010.87</ele>
      </trkpt>
      <trkpt lat="34.22754" lon="-117.4403">
        <ele>1010.86</ele>
      </trkpt>
      <trkpt lat="34.22768" lon="-117.44036">
        <ele>1011.11</ele>
      </trkpt>
      <trkpt lat="34.2278" lon="-117.44044">
        <ele>1012.54</ele>
      </trkpt>
      <trkpt lat="34.22786" lon="-117.44044">
        <ele>1014.0</ele>
      </trkpt>
      <trkpt lat="34.22788" lon="-117.44043">
        <ele>1014.67</ele>
      </trkpt>
      <trkpt lat="34.2279" lon="-117.44041">
        <ele>1015.53</ele>
      </trkpt>
      <trkpt lat="34.22791" lon="-117.44039">
        <ele>1016.07</ele>
      </trkpt>
      <trkpt lat="34.22792" lon="-117.44035">
        <ele>1016.83</ele>
      </trkpt>
      <trkpt lat="34.22792" lon="-117.4403">
        <ele>1017.37</ele>
      </trkpt>
      <trkpt lat="34.22791" lon="-117.44026">
        <ele>1017.59</ele>
      </trkpt>
      <trkpt lat="34.22791" lon="-117.44021">
        <ele>1018.43</ele>
      </trkpt>
      <trkpt lat="34.22788" lon="-117.44008">
        <ele>1020.34</ele>
      </trkpt>
      <trkpt lat="34.22788" lon="-117.44004">
        <ele>1020.78</ele>
      </trkpt>
      <trkpt lat="34.22786" lon="-117.43997">
        <ele>1021.42</ele>
      </trkpt>
      <trkpt lat="34.22785" lon="-117.43991">
        <ele>1022.5</ele>
      </trkpt>
      <trkpt lat="34.22783" lon="-117.43985">
        <ele>1022.75</ele>
      </trkpt>
      <trkpt lat="34.22777" lon="-117.43974">
        <ele>1023.53</ele>
      </trkpt>
      <trkpt lat="34.22766" lon="-117.43956">
        <ele>1025.23</ele>
      </trkpt>
      <trkpt lat="34.22763" lon="-117.4395">
        <ele>1025.8</ele>
      </trkpt>
      <trkpt lat="34.22763" lon="-117.43947">
        <ele>1026.13</ele>
      </trkpt>
      <trkpt lat="34.22762" lon="-117.43944">
        <ele>1026.3</ele>
      </trkpt>
      <trkpt lat="34.22761" lon="-117.43941">
        <ele>1026.19</ele>
      </trkpt>
      <trkpt lat="34.22761" lon="-117.43937">
        <ele>1026.19</ele>
      </trkpt>
      <trkpt lat="34.2276" lon="-117.43935">
        <ele>1026.08</ele>
      </trkpt>
      <trkpt lat="34.22761" lon="-117.43933">
        <ele>1026.23</ele>
      </trkpt>
      <trkpt lat="34.22762" lon="-117.4393">
        <ele>1026.46</ele>
      </trkpt>
      <trkpt lat="34.2277" lon="-117.43929">
        <ele>1027.72</ele>
      </trkpt>
      <trkpt lat="34.22779" lon="-117.43929">
        <ele>1027.96</ele>
      </trkpt>
      <trkpt lat="34.22784" lon="-117.43931">
        <ele>1028.06</ele>
      </trkpt>
      <trkpt lat="34.22792" lon="-117.43941">
        <ele>1028.51</ele>
      </trkpt>
      <trkpt lat="34.22809" lon="-117.43953">
        <ele>1028.5</ele>
      </trkpt>
      <trkpt lat="34.22812" lon="-117.43957">
        <ele>1028.44</ele>
      </trkpt>
      <trkpt lat="34.22819" lon="-117.43966">
        <ele>1028.24</ele>
      </trkpt>
      <trkpt lat="34.22824" lon="-117.43973">
        <ele>1028.09</ele>
      </trkpt>
      <trkpt lat="34.22828" lon="-117.43978">
        <ele>1028.04</ele>
      </trkpt>
      <trkpt lat="34.22833" lon="-117.43985">
        <ele>1028.78</ele>
      </trkpt>
      <trkpt lat="34.22841" lon="-117.43995">
        <ele>1030.41</ele>
      </trkpt>
      <trkpt lat="34.2285" lon="-117.44003">
        <ele>1032.57</ele>
      </trkpt>
      <trkpt lat="34.22865" lon="-117.44013">
        <ele>1035.79</ele>
      </trkpt>
      <trkpt lat="34.22869" lon="-117.44015">
        <ele>1036.01</ele>
      </trkpt>
      <trkpt lat="34.22874" lon="-117.44018">
        <ele>1036.42</ele>
      </trkpt>
      <trkpt lat="34.2288" lon="-117.44025">
        <ele>1038.06</ele>
      </trkpt>
      <trkpt lat="34.22886" lon="-117.44032">
        <ele>1038.77</ele>
      </trkpt>
      <trkpt lat="34.2289" lon="-117.44039">
        <ele>1039.4</ele>
      </trkpt>
      <trkpt lat="34.22894" lon="-117.44043">
        <ele>1039.93</ele>
      </trkpt>
      <trkpt lat="34.22897" lon="-117.44046">
        <ele>1040.09</ele>
      </trkpt>
      <trkpt lat="34.229" lon="-117.44048">
        <ele>1040.17</ele>
      </trkpt>
      <trkpt lat="34.22904" lon="-117.4405">
        <ele>1040.17</ele>
      </trkpt>
      <trkpt lat="34.2291" lon="-117.44053">
        <ele>1040.45</ele>
      </trkpt>
      <trkpt lat="34.22925" lon="-117.44057">
        <ele>1039.65</ele>
      </trkpt>
      <trkpt lat="34.22934" lon="-117.44063">
        <ele>1039.67</ele>
      </trkpt>
      <trkpt lat="34.2294" lon="-117.44068">
        <ele>1039.31</ele>
      </trkpt>
      <trkpt lat="34.22947" lon="-117.44076">
        <ele>1039.37</ele>
      </trkpt>
      <trkpt lat="34.22951" lon="-117.44081">
        <ele>1039.19</ele>
      </trkpt>
      <trkpt lat="34.22957" lon="-117.44088">
        <ele>1039.27</ele>
      </trkpt>
      <trkpt lat="34.22961" lon="-117.44094">
        <ele>1039.94</ele>
      </trkpt>
      <trkpt lat="34.22965" lon="-117.441">
        <ele>1040.03</ele>
      </trkpt>
      <trkpt lat="34.22969" lon="-117.44105">
        <ele>1040.72</ele>
      </trkpt>
      <trkpt lat="34.22972" lon="-117.44108">
        <ele>1041.04</ele>
      </trkpt>
      <trkpt lat="34.22976" lon="-117.44112">
        <ele>1042.02</ele>
      </trkpt>
      <trkpt lat="34.22979" lon="-117.44117">
        <ele>1044.28</ele>
      </trkpt>
      <trkpt lat="34.2298" lon="-117.44121">
        <ele>1046.2</ele>
      </trkpt>
      <trkpt lat="34.22982" lon="-117.44123">
        <ele>1046.81</ele>
      </trkpt>
      <trkpt lat="34.22981" lon="-117.44129">
        <ele>1048.8</ele>
      </trkpt>
      <trkpt lat="34.22978" lon="-117.44135">
        <ele>1050.74</ele>
      </trkpt>
      <trkpt lat="34.22972" lon="-117.44138">
        <ele>1051.74</ele>
      </trkpt>
      <trkpt lat="34.22965" lon="-117.44144">
        <ele>1054.31</ele>
      </trkpt>
      <trkpt lat="34.22956" lon="-117.4415">
        <ele>1058.11</ele>
      </trkpt>
      <trkpt lat="34.22947" lon="-117.44156">
        <ele>1059.71</ele>
      </trkpt>
      <trkpt lat="34.2294" lon="-117.44162">
        <ele>1059.97</ele>
      </trkpt>
      <trkpt lat="34.22936" lon="-117.44165">
        <ele>1060.18</ele>
      </trkpt>
      <trkpt lat="34.22932" lon="-117.44169">
        <ele>1060.27</ele>
      </trkpt>
      <trkpt lat="34.22927" lon="-117.44172">
        <ele>1061.13</ele>
      </trkpt>
      <trkpt lat="34.22922" lon="-117.44175">
        <ele>1061.95</ele>
      </trkpt>
      <trkpt lat="34.22916" lon="-117.44186">
        <ele>1062.21</ele>
      </trkpt>
      <trkpt lat="34.22914" lon="-117.4419">
        <ele>1062.71</ele>
      </trkpt>
      <trkpt lat="34.22913" lon="-117.44204">
        <ele>1063.19</ele>
      </trkpt>
      <trkpt lat="34.2291" lon="-117.44223">
        <ele>1064.16</ele>
      </trkpt>
      <trkpt lat="34.22908" lon="-117.44231">
        <ele>1064.81</ele>
      </trkpt>
      <trkpt lat="34.22904" lon="-117.44238">
        <ele>1066.1</ele>
      </trkpt>
      <trkpt lat="34.22896" lon="-117.44248">
        <ele>1067.91</ele>
      </trkpt>
      <trkpt lat="34.22892" lon="-117.44251">
        <ele>1068.78</ele>
      </trkpt>
      <trkpt lat="34.22887" lon="-117.44254">
        <ele>1069.75</ele>
      </trkpt>
      <trkpt lat="34.22883" lon="-117.44257">
        <ele>1070.4</ele>
      </trkpt>
      <trkpt lat="34.22876" lon="-117.4426">
        <ele>1072.02</ele>
      </trkpt>
      <trkpt lat="34.2287" lon="-117.44264">
        <ele>1073.08</ele>
      </trkpt>
      <trkpt lat="34.22863" lon="-117.44268">
        <ele>1074.46</ele>
      </trkpt>
      <trkpt lat="34.22858" lon="-117.44273">
        <ele>1074.53</ele>
      </trkpt>
      <trkpt lat="34.22853" lon="-117.44281">
        <ele>1074.4</ele>
      </trkpt>
      <trkpt lat="34.2285" lon="-117.44287">
        <ele>1074.4</ele>
      </trkpt>
      <trkpt lat="34.22845" lon="-117.44295">
        <ele>1075.26</ele>
      </trkpt>
      <trkpt lat="34.22841" lon="-117.443">
        <ele>1075.61</ele>
      </trkpt>
      <trkpt lat="34.22834" lon="-117.4431">
        <ele>1076.78</ele>
      </trkpt>
      <trkpt lat="34.22832" lon="-117.44316">
        <ele>1077.32</ele>
      </trkpt>
      <trkpt lat="34.22832" lon="-117.4432">
        <ele>1076.95</ele>
      </trkpt>
      <trkpt lat="34.22834" lon="-117.44329">
        <ele>1076.39</ele>
      </trkpt>
      <trkpt lat="34.22836" lon="-117.44331">
        <ele>1076.17</ele>
      </trkpt>
      <trkpt lat="34.22838" lon="-117.44334">
        <ele>1076.06</ele>
      </trkpt>
      <trkpt lat="34.22842" lon="-117.44337">
        <ele>1075.52</ele>
      </trkpt>
      <trkpt lat="34.22848" lon="-117.44342">
        <ele>1074.77</ele>
      </trkpt>
      <trkpt lat="34.22856" lon="-117.44348">
        <ele>1074.72</ele>
      </trkpt>
      <trkpt lat="34.22859" lon="-117.44353">
        <ele>1075.35</ele>
      </trkpt>
      <trkpt lat="34.22865" lon="-117.44362">
        <ele>1075.77</ele>
      </trkpt>
      <trkpt lat="34.22865" lon="-117.44364">
        <ele>1076.2</ele>
      </trkpt>
      <trkpt lat="34.22872" lon="-117.44375">
        <ele>1077.5</ele>
      </trkpt>
      <trkpt lat="34.22883" lon="-117.44398">
        <ele>1078.63</ele>
      </trkpt>
      <trkpt lat="34.22886" lon="-117.44405">
        <ele>1079.05</ele>
      </trkpt>
      <trkpt lat="34.22888" lon="-117.44413">
        <ele>1079.7</ele>
      </trkpt>
      <trkpt lat="34.2289" lon="-117.4442">
        <ele>1080.6</ele>
      </trkpt>
      <trkpt lat="34.22892" lon="-117.44432">
        <ele>1082.98</ele>
      </trkpt>
      <trkpt lat="34.22894" lon="-117.44446">
        <ele>1084.71</ele>
      </trkpt>
      <trkpt lat="34.22897" lon="-117.44462">
        <ele>1087.79</ele>
      </trkpt>
      <trkpt lat="34.22899" lon="-117.4447">
        <ele>1088.55</ele>
      </trkpt>
      <trkpt lat="34.22901" lon="-117.44481">
        <ele>1089.62</ele>
      </trkpt>
      <trkpt lat="34.22906" lon="-117.44492">
        <ele>1090.53</ele>
      </trkpt>
      <trkpt lat="34.22909" lon="-117.44498">
        <ele>1091.53</ele>
      </trkpt>
      <trkpt lat="34.22913" lon="-117.445">
        <ele>1092.0</ele>
      </trkpt>
      <trkpt lat="34.22916" lon="-117.44501">
        <ele>1092.32</ele>
      </trkpt>
      <trkpt lat="34.2292" lon="-117.44501">
        <ele>1092.68</ele>
      </trkpt>
      <trkpt lat="34.22925" lon="-117.44502">
        <ele>1093.55</ele>
      </trkpt>
      <trkpt lat="34.22929" lon="-117.44502">
        <ele>1093.98</ele>
      </trkpt>
      <trkpt lat="34.22933" lon="-117.44502">
        <ele>1094.41</ele>
      </trkpt>
      <trkpt lat="34.22938" lon="-117.44503">
        <ele>1095.58</ele>
      </trkpt>
      <trkpt lat="34.22945" lon="-117.44505">
        <ele>1097.65</ele>
      </trkpt>
      <trkpt lat="34.2295" lon="-117.44507">
        <ele>1098.41</ele>
      </trkpt>
      <trkpt lat="34.22956" lon="-117.44509">
        <ele>1099.19</ele>
      </trkpt>
      <trkpt lat="34.2296" lon="-117.44512">
        <ele>1099.77</ele>
      </trkpt>
      <trkpt lat="34.22964" lon="-117.44515">
        <ele>1099.96</ele>
      </trkpt>
      <trkpt lat="34.22966" lon="-117.44519">
        <ele>1100.05</ele>
      </trkpt>
      <trkpt lat="34.22966" lon="-117.44527">
        <ele>1100.92</ele>
      </trkpt>
      <trkpt lat="34.22965" lon="-117.44529">
        <ele>1101.1</ele>
      </trkpt>
      <trkpt lat="34.22959" lon="-117.44531">
        <ele>1101.35</ele>
      </trkpt>
      <trkpt lat="34.22951" lon="-117.4453">
        <ele>1100.95</ele>
      </trkpt>
      <trkpt lat="34.22948" lon="-117.44532">
        <ele>1100.84</ele>
      </trkpt>
      <trkpt lat="34.22942" lon="-117.44533">
        <ele>1100.56</ele>
      </trkpt>
      <trkpt lat="34.22936" lon="-117.44538">
        <ele>1101.1</ele>
      </trkpt>
      <trkpt lat="34.22933" lon="-117.44542">
        <ele>1101.43</ele>
      </trkpt>
      <trkpt lat="34.2293" lon="-117.44547">
        <ele>1102.15</ele>
      </trkpt>
      <trkpt lat="34.22928" lon="-117.4455">
        <ele>1102.8</ele>
      </trkpt>
      <trkpt lat="34.22926" lon="-117.44551">
        <ele>1103.02</ele>
      </trkpt>
      <trkpt lat="34.22923" lon="-117.44552">
        <ele>1102.92</ele>
      </trkpt>
      <trkpt lat="34.2292" lon="-117.44553">
        <ele>1102.81</ele>
      </trkpt>
      <trkpt lat="34.22918" lon="-117.44555">
        <ele>1103.02</ele>
      </trkpt>
      <trkpt lat="34.22917" lon="-117.44555">
        <ele>1102.92</ele>
      </trkpt>
      <trkpt lat="34.2291" lon="-117.44554">
        <ele>1101.94</ele>
      </trkpt>
      <trkpt lat="34.22905" lon="-117.44552">
        <ele>1101.23</ele>
      </trkpt>
      <trkpt lat="34.22898" lon="-117.4455">
        <ele>1100.8</ele>
      </trkpt>
      <trkpt lat="34.22895" lon="-117.4455">
        <ele>1100.8</ele>
      </trkpt>
      <trkpt lat="34.22892" lon="-117.44551">
        <ele>1101.02</ele>
      </trkpt>
      <trkpt lat="34.22889" lon="-117.44555">
        <ele>1101.88</ele>
      </trkpt>
      <trkpt lat="34.22889" lon="-117.44564">
        <ele>1102.92</ele>
      </trkpt>
      <trkpt lat="34.22889" lon="-117.44565">
        <ele>1103.05</ele>
      </trkpt>
      <trkpt lat="34.22891" lon="-117.44571">
        <ele>1104.41</ele>
      </trkpt>
      <trkpt lat="34.22899" lon="-117.44581">
        <ele>1106.52</ele>
      </trkpt>
      <trkpt lat="34.22908" lon="-117.4459">
        <ele>1107.78</ele>
      </trkpt>
      <trkpt lat="34.22918" lon="-117.44599">
        <ele>1110.53</ele>
      </trkpt>
      <trkpt lat="34.22923" lon="-117.44601">
        <ele>1111.5</ele>
      </trkpt>
      <trkpt lat="34.22928" lon="-117.44602">
        <ele>1112.02</ele>
      </trkpt>
      <trkpt lat="34.22935" lon="-117.44604">
        <ele>1112.46</ele>
      </trkpt>
      <trkpt lat="34.22939" lon="-117.44606">
        <ele>1113.12</ele>
      </trkpt>
      <trkpt lat="34.22942" lon="-117.44608">
        <ele>1113.58</ele>
      </trkpt>
      <trkpt lat="34.22944" lon="-117.44611">
        <ele>1113.99</ele>
      </trkpt>
      <trkpt lat="34.22946" lon="-117.44613">
        <ele>1113.7</ele>
      </trkpt>
      <trkpt lat="34.22948" lon="-117.44619">
        <ele>1113.56</ele>
      </trkpt>
      <trkpt lat="34.22949" lon="-117.4463">
        <ele>1114.53</ele>
      </trkpt>
      <trkpt lat="34.22948" lon="-117.44644">
        <ele>1116.0</ele>
      </trkpt>
      <trkpt lat="34.22946" lon="-117.44654">
        <ele>1118.1</ele>
      </trkpt>
      <trkpt lat="34.22944" lon="-117.44666">
        <ele>1120.86</ele>
      </trkpt>
      <trkpt lat="34.22944" lon="-117.44674">
        <ele>1122.58</ele>
      </trkpt>
      <trkpt lat="34.22945" lon="-117.44677">
        <ele>1123.06</ele>
      </trkpt>
      <trkpt lat="34.22946" lon="-117.44681">
        <ele>1123.47</ele>
      </trkpt>
      <trkpt lat="34.22947" lon="-117.44683">
        <ele>1123.7</ele>
      </trkpt>
      <trkpt lat="34.22948" lon="-117.44687">
        <ele>1124.2</ele>
      </trkpt>
      <trkpt lat="34.22951" lon="-117.44691">
        <ele>1124.63</ele>
      </trkpt>
      <trkpt lat="34.22972" lon="-117.44721">
        <ele>1125.89</ele>
      </trkpt>
      <trkpt lat="34.22976" lon="-117.44727">
        <ele>1126.41</ele>
      </trkpt>
      <trkpt lat="34.22982" lon="-117.44732">
        <ele>1126.05</ele>
      </trkpt>
      <trkpt lat="34.22983" lon="-117.44734">
        <ele>1126.34</ele>
      </trkpt>
      <trkpt lat="34.22987" lon="-117.44742">
        <ele>1126.94</ele>
      </trkpt>
      <trkpt lat="34.22989" lon="-117.44747">
        <ele>1127.05</ele>
      </trkpt>
      <trkpt lat="34.22989" lon="-117.44749">
        <ele>1127.27</ele>
      </trkpt>
      <trkpt lat="34.22989" lon="-117.44755">
        <ele>1127.92</ele>
      </trkpt>
      <trkpt lat="34.2299" lon="-117.44761">
        <ele>1128.51</ele>
      </trkpt>
      <trkpt lat="34.2299" lon="-117.44766">
        <ele>1129.5</ele>
      </trkpt>
      <trkpt lat="34.22989" lon="-117.44772">
        <ele>1130.38</ele>
      </trkpt>
      <trkpt lat="34.22986" lon="-117.44785">
        <ele>1131.78</ele>
      </trkpt>
      <trkpt lat="34.2298" lon="-117.44804">
        <ele>1134.45</ele>
      </trkpt>
      <trkpt lat="34.22977" lon="-117.44812">
        <ele>1136.24</ele>
      </trkpt>
      <trkpt lat="34.22975" lon="-117.44818">
        <ele>1137.45</ele>
      </trkpt>
      <trkpt lat="34.22975" lon="-117.4482">
        <ele>1137.73</ele>
      </trkpt>
      <trkpt lat="34.2297" lon="-117.44835">
        <ele>1139.88</ele>
      </trkpt>
      <trkpt lat="34.22966" lon="-117.44846">
        <ele>1141.14</ele>
      </trkpt>
      <trkpt lat="34.22963" lon="-117.44855">
        <ele>1141.69</ele>
      </trkpt>
      <trkpt lat="34.22962" lon="-117.44864">
        <ele>1143.18</ele>
      </trkpt>
      <trkpt lat="34.22962" lon="-117.44874">
        <ele>1144.87</ele>
      </trkpt>
      <trkpt lat="34.22962" lon="-117.44875">
        <ele>1144.98</ele>
      </trkpt>
      <trkpt lat="34.22966" lon="-117.44887">
        <ele>1146.66</ele>
      </trkpt>
      <trkpt lat="34.22969" lon="-117.44889">
        <ele>1147.3</ele>
      </trkpt>
      <trkpt lat="34.22976" lon="-117.44895">
        <ele>1148.41</ele>
      </trkpt>
      <trkpt lat="34.22979" lon="-117.44896">
        <ele>1148.73</ele>
      </trkpt>
      <trkpt lat="34.22983" lon="-117.44898">
        <ele>1149.16</ele>
      </trkpt>
      <trkpt lat="34.22996" lon="-117.44905">
        <ele>1149.68</ele>
      </trkpt>
      <trkpt lat="34.22999" lon="-117.44907">
        <ele>1149.9</ele>
      </trkpt>
      <trkpt lat="34.23001" lon="-117.4491">
        <ele>1149.83</ele>
      </trkpt>
      <trkpt lat="34.2301" lon="-117.44927">
        <ele>1149.08</ele>
      </trkpt>
      <trkpt lat="34.23017" lon="-117.44939">
        <ele>1149.77</ele>
      </trkpt>
      <trkpt lat="34.23021" lon="-117.44947">
        <ele>1150.07</ele>
      </trkpt>
      <trkpt lat="34.23025" lon="-117.44954">
        <ele>1150.4</ele>
      </trkpt>
      <trkpt lat="34.23028" lon="-117.4496">
        <ele>1151.05</ele>
      </trkpt>
      <trkpt lat="34.23033" lon="-117.44967">
        <ele>1151.94</ele>
      </trkpt>
      <trkpt lat="34.23041" lon="-117.44982">
        <ele>1152.86</ele>
      </trkpt>
      <trkpt lat="34.23044" lon="-117.44988">
        <ele>1153.5</ele>
      </trkpt>
      <trkpt lat="34.23048" lon="-117.44995">
        <ele>1154.64</ele>
      </trkpt>
      <trkpt lat="34.23053" lon="-117.45004">
        <ele>1155.72</ele>
      </trkpt>
      <trkpt lat="34.23063" lon="-117.45018">
        <ele>1157.75</ele>
      </trkpt>
      <trkpt lat="34.23072" lon="-117.45029">
        <ele>1158.91</ele>
      </trkpt>
      <trkpt lat="34.2308" lon="-117.45039">
        <ele>1160.21</ele>
      </trkpt>
      <trkpt lat="34.23087" lon="-117.45046">
        <ele>1160.97</ele>
      </trkpt>
      <trkpt lat="34.23088" lon="-117.45048">
        <ele>1161.18</ele>
      </trkpt>
      <trkpt lat="34.23094" lon="-117.45053">
        <ele>1161.72</ele>
      </trkpt>
      <trkpt lat="34.23101" lon="-117.45062">
        <ele>1162.7</ele>
      </trkpt>
      <trkpt lat="34.23122" lon="-117.45084">
        <ele>1162.82</ele>
      </trkpt>
      <trkpt lat="34.23136" lon="-117.451">
        <ele>1162.0</ele>
      </trkpt>
      <trkpt lat="34.23144" lon="-117.45109">
        <ele>1160.9</ele>
      </trkpt>
      <trkpt lat="34.23148" lon="-117.45114">
        <ele>1160.33</ele>
      </trkpt>
      <trkpt lat="34.23155" lon="-117.4512">
        <ele>1160.96</ele>
      </trkpt>
      <trkpt lat="34.23167" lon="-117.4513">
        <ele>1161.0</ele>
      </trkpt>
      <trkpt lat="34.23178" lon="-117.45139">
        <ele>1161.01</ele>
      </trkpt>
      <trkpt lat="34.23188" lon="-117.45152">
        <ele>1162.0</ele>
      </trkpt>
      <trkpt lat="34.23195" lon="-117.45163">
        <ele>1162.6</ele>
      </trkpt>
      <trkpt lat="34.232" lon="-117.45173">
        <ele>1163.68</ele>
      </trkpt>
      <trkpt lat="34.23205" lon="-117.45184">
        <ele>1163.98</ele>
      </trkpt>
      <trkpt lat="34.23205" lon="-117.45185">
        <ele>1164.0</ele>
      </trkpt>
      <trkpt lat="34.2321" lon="-117.45197">
        <ele>1163.0</ele>
      </trkpt>
      <trkpt lat="34.23214" lon="-117.45209">
        <ele>1162.89</ele>
      </trkpt>
      <trkpt lat="34.2322" lon="-117.45222">
        <ele>1162.98</ele>
      </trkpt>
      <trkpt lat="34.23224" lon="-117.45234">
        <ele>1162.59</ele>
      </trkpt>
      <trkpt lat="34.23227" lon="-117.45249">
        <ele>1161.54</ele>
      </trkpt>
      <trkpt lat="34.23228" lon="-117.45259">
        <ele>1161.38</ele>
      </trkpt>
      <trkpt lat="34.23226" lon="-117.4527">
        <ele>1161.59</ele>
      </trkpt>
      <trkpt lat="34.23225" lon="-117.4528">
        <ele>1161.7</ele>
      </trkpt>
      <trkpt lat="34.23223" lon="-117.45292">
        <ele>1161.92</ele>
      </trkpt>
      <trkpt lat="34.23223" lon="-117.45299">
        <ele>1161.92</ele>
      </trkpt>
      <trkpt lat="34.23222" lon="-117.45308">
        <ele>1161.74</ele>
      </trkpt>
      <trkpt lat="34.23223" lon="-117.45314">
        <ele>1161.08</ele>
      </trkpt>
      <trkpt lat="34.23226" lon="-117.45321">
        <ele>1160.33</ele>
      </trkpt>
      <trkpt lat="34.23231" lon="-117.45327">
        <ele>1160.0</ele>
      </trkpt>
      <trkpt lat="34.23234" lon="-117.4533">
        <ele>1160.0</ele>
      </trkpt>
      <trkpt lat="34.23239" lon="-117.45332">
        <ele>1160.0</ele>
      </trkpt>
      <trkpt lat="34.23245" lon="-117.45332">
        <ele>1159.54</ele>
      </trkpt>
      <trkpt lat="34.23265" lon="-117.45328">
        <ele>1157.38</ele>
      </trkpt>
      <trkpt lat="34.23274" lon="-117.45328">
        <ele>1156.41</ele>
      </trkpt>
      <trkpt lat="34.23279" lon="-117.45329">
        <ele>1155.87</ele>
      </trkpt>
      <trkpt lat="34.23284" lon="-117.45331">
        <ele>1155.33</ele>
      </trkpt>
      <trkpt lat="34.23288" lon="-117.45335">
        <ele>1154.9</ele>
      </trkpt>
      <trkpt lat="34.23295" lon="-117.45341">
        <ele>1154.14</ele>
      </trkpt>
      <trkpt lat="34.23303" lon="-117.45352">
        <ele>1153.28</ele>
      </trkpt>
      <trkpt lat="34.23308" lon="-117.45364">
        <ele>1152.74</ele>
      </trkpt>
      <trkpt lat="34.23313" lon="-117.45373">
        <ele>1152.48</ele>
      </trkpt>
      <trkpt lat="34.23321" lon="-117.45383">
        <ele>1153.0</ele>
      </trkpt>
      <trkpt lat="34.23326" lon="-117.4539">
        <ele>1152.91</ele>
      </trkpt>
      <trkpt lat="34.23331" lon="-117.45397">
        <ele>1153.13</ele>
      </trkpt>
      <trkpt lat="34.23336" lon="-117.45405">
        <ele>1152.64</ele>
      </trkpt>
      <trkpt lat="34.23337" lon="-117.45406">
        <ele>1152.54</ele>
      </trkpt>
      <trkpt lat="34.2334" lon="-117.45412">
        <ele>1152.64</ele>
      </trkpt>
      <trkpt lat="34.23349" lon="-117.45425">
        <ele>1153.28</ele>
      </trkpt>
      <trkpt lat="34.23358" lon="-117.45439">
        <ele>1152.61</ele>
      </trkpt>
      <trkpt lat="34.23373" lon="-117.45464">
        <ele>1151.19</ele>
      </trkpt>
      <trkpt lat="34.23385" lon="-117.45487">
        <ele>1150.59</ele>
      </trkpt>
      <trkpt lat="34.23394" lon="-117.45505">
        <ele>1151.04</ele>
      </trkpt>
      <trkpt lat="34.23396" lon="-117.45509">
        <ele>1151.72</ele>
      </trkpt>
      <trkpt lat="34.23397" lon="-117.45511">
        <ele>1151.88</ele>
      </trkpt>
      <trkpt lat="34.23407" lon="-117.45523">
        <ele>1151.02</ele>
      </trkpt>
      <trkpt lat="34.23413" lon="-117.45532">
        <ele>1151.28</ele>
      </trkpt>
      <trkpt lat="34.23417" lon="-117.45537">
        <ele>1152.0</ele>
      </trkpt>
      <trkpt lat="34.2342" lon="-117.45542">
        <ele>1152.0</ele>
      </trkpt>
      <trkpt lat="34.23425" lon="-117.45548">
        <ele>1151.83</ele>
      </trkpt>
      <trkpt lat="34.23431" lon="-117.4555">
        <ele>1151.27</ele>
      </trkpt>
      <trkpt lat="34.23437" lon="-117.4555">
        <ele>1151.12</ele>
      </trkpt>
      <trkpt lat="34.23441" lon="-117.45549">
        <ele>1151.44</ele>
      </trkpt>
      <trkpt lat="34.2345" lon="-117.45543">
        <ele>1151.26</ele>
      </trkpt>
      <trkpt lat="34.23458" lon="-117.45537">
        <ele>1150.53</ele>
      </trkpt>
      <trkpt lat="34.23466" lon="-117.45531">
        <ele>1149.56</ele>
      </trkpt>
      <trkpt lat="34.23475" lon="-117.45525">
        <ele>1149.3</ele>
      </trkpt>
      <trkpt lat="34.23487" lon="-117.45518">
        <ele>1149.4</ele>
      </trkpt>
      <trkpt lat="34.2349" lon="-117.45517">
        <ele>1149.08</ele>
      </trkpt>
      <trkpt lat="34.23494" lon="-117.45514">
        <ele>1149.0</ele>
      </trkpt>
      <trkpt lat="34.23497" lon="-117.4551">
        <ele>1149.0</ele>
      </trkpt>
      <trkpt lat="34.23499" lon="-117.45505">
        <ele>1148.13</ele>
      </trkpt>
      <trkpt lat="34.23505" lon="-117.45488">
        <ele>1143.81</ele>
      </trkpt>
      <trkpt lat="34.23507" lon="-117.45483">
        <ele>1142.88</ele>
      </trkpt>
      <trkpt lat="34.2351" lon="-117.45477">
        <ele>1142.03</ele>
      </trkpt>
      <trkpt lat="34.23512" lon="-117.45475">
        <ele>1141.6</ele>
      </trkpt>
      <trkpt lat="34.23518" lon="-117.45472">
        <ele>1140.95</ele>
      </trkpt>
      <trkpt lat="34.23523" lon="-117.4547">
        <ele>1141.0</ele>
      </trkpt>
      <trkpt lat="34.23527" lon="-117.45468">
        <ele>1141.0</ele>
      </trkpt>
      <trkpt lat="34.2353" lon="-117.45467">
        <ele>1140.9</ele>
      </trkpt>
      <trkpt lat="34.23534" lon="-117.45465">
        <ele>1140.82</ele>
      </trkpt>
      <trkpt lat="34.23537" lon="-117.45462">
        <ele>1140.79</ele>
      </trkpt>
      <trkpt lat="34.23539" lon="-117.4546">
        <ele>1140.07</ele>
      </trkpt>
      <trkpt lat="34.23543" lon="-117.45455">
        <ele>1139.1</ele>
      </trkpt>
      <trkpt lat="34.23545" lon="-117.45451">
        <ele>1138.63</ele>
      </trkpt>
      <trkpt lat="34.23549" lon="-117.45444">
        <ele>1137.92</ele>
      </trkpt>
      <trkpt lat="34.23553" lon="-117.45438">
        <ele>1137.11</ele>
      </trkpt>
      <trkpt lat="34.23557" lon="-117.45431">
        <ele>1135.94</ele>
      </trkpt>
      <trkpt lat="34.23563" lon="-117.45428">
        <ele>1134.64</ele>
      </trkpt>
      <trkpt lat="34.23569" lon="-117.45426">
        <ele>1132.66</ele>
      </trkpt>
      <trkpt lat="34.23574" lon="-117.45425">
        <ele>1130.62</ele>
      </trkpt>
      <trkpt lat="34.23578" lon="-117.45425">
        <ele>1129.79</ele>
      </trkpt>
      <trkpt lat="34.23587" lon="-117.45427">
        <ele>1128.32</ele>
      </trkpt>
      <trkpt lat="34.23591" lon="-117.45427">
        <ele>1127.46</ele>
      </trkpt>
      <trkpt lat="34.23602" lon="-117.45429">
        <ele>1126.32</ele>
      </trkpt>
      <trkpt lat="34.23608" lon="-117.4543">
        <ele>1125.78</ele>
      </trkpt>
      <trkpt lat="34.23615" lon="-117.45433">
        <ele>1124.92</ele>
      </trkpt>
      <trkpt lat="34.23621" lon="-117.45437">
        <ele>1124.05</ele>
      </trkpt>
      <trkpt lat="34.23623" lon="-117.45442">
        <ele>1123.96</ele>
      </trkpt>
      <trkpt lat="34.23623" lon="-117.45456">
        <ele>1123.72</ele>
      </trkpt>
      <trkpt lat="34.23622" lon="-117.45464">
        <ele>1122.4</ele>
      </trkpt>
      <trkpt lat="34.2362" lon="-117.45471">
        <ele>1121.3</ele>
      </trkpt>
      <trkpt lat="34.23619" lon="-117.45474">
        <ele>1120.41</ele>
      </trkpt>
      <trkpt lat="34.23615" lon="-117.4548">
        <ele>1118.71</ele>
      </trkpt>
      <trkpt lat="34.23613" lon="-117.45485">
        <ele>1117.75</ele>
      </trkpt>
      <trkpt lat="34.23611" lon="-117.45491">
        <ele>1117.01</ele>
      </trkpt>
      <trkpt lat="34.23611" lon="-117.45502">
        <ele>1115.82</ele>
      </trkpt>
      <trkpt lat="34.23612" lon="-117.4551">
        <ele>1114.63</ele>
      </trkpt>
      <trkpt lat="34.23612" lon="-117.45516">
        <ele>1113.98</ele>
      </trkpt>
      <trkpt lat="34.23615" lon="-117.45532">
        <ele>1111.83</ele>
      </trkpt>
      <trkpt lat="34.23619" lon="-117.45548">
        <ele>1106.26</ele>
      </trkpt>
      <trkpt lat="34.23623" lon="-117.45566">
        <ele>1103.9</ele>
      </trkpt>
      <trkpt lat="34.23626" lon="-117.45572">
        <ele>1103.04</ele>
      </trkpt>
      <trkpt lat="34.23636" lon="-117.45588">
        <ele>1101.79</ele>
      </trkpt>
      <trkpt lat="34.23643" lon="-117.45604">
        <ele>1101.77</ele>
      </trkpt>
      <trkpt lat="34.2365" lon="-117.45618">
        <ele>1100.4</ele>
      </trkpt>
      <trkpt lat="34.23652" lon="-117.45625">
        <ele>1098.75</ele>
      </trkpt>
      <trkpt lat="34.23654" lon="-117.45632">
        <ele>1096.43</ele>
      </trkpt>
      <trkpt lat="34.23655" lon="-117.45634">
        <ele>1095.49</ele>
      </trkpt>
      <trkpt lat="34.23654" lon="-117.45638">
        <ele>1094.72</ele>
      </trkpt>
      <trkpt lat="34.23654" lon="-117.45645">
        <ele>1092.49</ele>
      </trkpt>
      <trkpt lat="34.23653" lon="-117.45649">
        <ele>1091.77</ele>
      </trkpt>
      <trkpt lat="34.23652" lon="-117.45653">
        <ele>1091.51</ele>
      </trkpt>
      <trkpt lat="34.2365" lon="-117.45658">
        <ele>1091.32</ele>
      </trkpt>
      <trkpt lat="34.23648" lon="-117.45662">
        <ele>1091.56</ele>
      </trkpt>
      <trkpt lat="34.23645" lon="-117.45674">
        <ele>1091.57</ele>
      </trkpt>
      <trkpt lat="34.23645" lon="-117.45676">
        <ele>1091.36</ele>
      </trkpt>
      <trkpt lat="34.23645" lon="-117.45688">
        <ele>1091.36</ele>
      </trkpt>
      <trkpt lat="34.23646" lon="-117.45693">
        <ele>1090.93</ele>
      </trkpt>
      <trkpt lat="34.23646" lon="-117.45697">
        <ele>1090.93</ele>
      </trkpt>
      <trkpt lat="34.23647" lon="-117.45701">
        <ele>1090.5</ele>
      </trkpt>
      <trkpt lat="34.23648" lon="-117.45704">
        <ele>1090.06</ele>
      </trkpt>
      <trkpt lat="34.2365" lon="-117.4571">
        <ele>1089.14</ele>
      </trkpt>
      <trkpt lat="34.23651" lon="-117.45717">
        <ele>1088.77</ele>
      </trkpt>
      <trkpt lat="34.23653" lon="-117.45723">
        <ele>1087.9</ele>
      </trkpt>
      <trkpt lat="34.23655" lon="-117.4573">
        <ele>1087.04</ele>
      </trkpt>
      <trkpt lat="34.23657" lon="-117.45738">
        <ele>1086.15</ele>
      </trkpt>
      <trkpt lat="34.23657" lon="-117.45766">
        <ele>1080.66</ele>
      </trkpt>
      <trkpt lat="34.23658" lon="-117.45771">
        <ele>1079.73</ele>
      </trkpt>
      <trkpt lat="34.23658" lon="-117.45778">
        <ele>1079.68</ele>
      </trkpt>
      <trkpt lat="34.23662" lon="-117.4579">
        <ele>1078.0</ele>
      </trkpt>
      <trkpt lat="34.23667" lon="-117.45802">
        <ele>1077.46</ele>
      </trkpt>
      <trkpt lat="34.23669" lon="-117.45809">
        <ele>1077.36</ele>
      </trkpt>
      <trkpt lat="34.23671" lon="-117.45816">
        <ele>1077.32</ele>
      </trkpt>
      <trkpt lat="34.23673" lon="-117.45821">
        <ele>1077.39</ele>
      </trkpt>
      <trkpt lat="34.23674" lon="-117.45827">
        <ele>1077.87</ele>
      </trkpt>
      <trkpt lat="34.23676" lon="-117.45833">
        <ele>1077.93</ele>
      </trkpt>
      <trkpt lat="34.23678" lon="-117.45839">
        <ele>1077.85</ele>
      </trkpt>
      <trkpt lat="34.2368" lon="-117.45843">
        <ele>1077.67</ele>
      </trkpt>
      <trkpt lat="34.23684" lon="-117.45855">
        <ele>1076.79</ele>
      </trkpt>
      <trkpt lat="34.23686" lon="-117.45859">
        <ele>1076.01</ele>
      </trkpt>
      <trkpt lat="34.23691" lon="-117.45862">
        <ele>1074.61</ele>
      </trkpt>
      <trkpt lat="34.23698" lon="-117.45864">
        <ele>1073.28</ele>
      </trkpt>
      <trkpt lat="34.23715" lon="-117.45864">
        <ele>1076.5</ele>
      </trkpt>
      <trkpt lat="34.2372" lon="-117.45863">
        <ele>1078.45</ele>
      </trkpt>
      <trkpt lat="34.23732" lon="-117.45862">
        <ele>1080.5</ele>
      </trkpt>
      <trkpt lat="34.23736" lon="-117.45861">
        <ele>1080.94</ele>
      </trkpt>
      <trkpt lat="34.23741" lon="-117.45861">
        <ele>1081.99</ele>
      </trkpt>
      <trkpt lat="34.23746" lon="-117.4586">
        <ele>1082.21</ele>
      </trkpt>
      <trkpt lat="34.23753" lon="-117.45856">
        <ele>1081.67</ele>
      </trkpt>
      <trkpt lat="34.23763" lon="-117.4585">
        <ele>1080.4</ele>
      </trkpt>
      <trkpt lat="34.23768" lon="-117.45848">
        <ele>1079.75</ele>
      </trkpt>
      <trkpt lat="34.23773" lon="-117.45848">
        <ele>1079.27</ele>
      </trkpt>
      <trkpt lat="34.23779" lon="-117.4585">
        <ele>1079.16</ele>
      </trkpt>
      <trkpt lat="34.23784" lon="-117.45853">
        <ele>1078.9</ele>
      </trkpt>
      <trkpt lat="34.23789" lon="-117.4586">
        <ele>1079.31</ele>
      </trkpt>
      <trkpt lat="34.23792" lon="-117.45868">
        <ele>1080.76</ele>
      </trkpt>
      <trkpt lat="34.23791" lon="-117.45887">
        <ele>1088.02</ele>
      </trkpt>
      <trkpt lat="34.23791" lon="-117.45901">
        <ele>1090.29</ele>
      </trkpt>
      <trkpt lat="34.2379" lon="-117.45907">
        <ele>1090.72</ele>
      </trkpt>
      <trkpt lat="34.23789" lon="-117.45911">
        <ele>1091.15</ele>
      </trkpt>
      <trkpt lat="34.23789" lon="-117.45913">
        <ele>1091.15</ele>
      </trkpt>
      <trkpt lat="34.2379" lon="-117.45924">
        <ele>1090.72</ele>
      </trkpt>
      <trkpt lat="34.23791" lon="-117.45929">
        <ele>1090.43</ele>
      </trkpt>
      <trkpt lat="34.23794" lon="-117.45937">
        <ele>1090.04</ele>
      </trkpt>
      <trkpt lat="34.23794" lon="-117.45937">
        <ele>1090.04</ele>
      </trkpt>
      <trkpt lat="34.23796" lon="-117.45939">
        <ele>1089.89</ele>
      </trkpt>
      <trkpt lat="34.23803" lon="-117.45949">
        <ele>1090.54</ele>
      </trkpt>
      <trkpt lat="34.23806" lon="-117.45951">
        <ele>1090.31</ele>
      </trkpt>
      <trkpt lat="34.23815" lon="-117.45961">
        <ele>1091.32</ele>
      </trkpt>
      <trkpt lat="34.23822" lon="-117.45967">
        <ele>1091.66</ele>
      </trkpt>
      <trkpt lat="34.23829" lon="-117.45974">
        <ele>1093.92</ele>
      </trkpt>
      <trkpt lat="34.23835" lon="-117.45977">
        <ele>1095.39</ele>
      </trkpt>
      <trkpt lat="34.23841" lon="-117.45979">
        <ele>1097.12</ele>
      </trkpt>
      <trkpt lat="34.23847" lon="-117.4598">
        <ele>1099.11</ele>
      </trkpt>
      <trkpt lat="34.23855" lon="-117.45979">
        <ele>1101.14</ele>
      </trkpt>
      <trkpt lat="34.23865" lon="-117.45977">
        <ele>1102.03</ele>
      </trkpt>
      <trkpt lat="34.23871" lon="-117.45977">
        <ele>1101.93</ele>
      </trkpt>
      <trkpt lat="34.23875" lon="-117.45978">
        <ele>1101.56</ele>
      </trkpt>
      <trkpt lat="34.23879" lon="-117.45981">
        <ele>1101.92</ele>
      </trkpt>
      <trkpt lat="34.23888" lon="-117.45987">
        <ele>1102.88</ele>
      </trkpt>
      <trkpt lat="34.23901" lon="-117.45994">
        <ele>1103.75</ele>
      </trkpt>
      <trkpt lat="34.23907" lon="-117.45997">
        <ele>1104.07</ele>
      </trkpt>
      <trkpt lat="34.23911" lon="-117.45997">
        <ele>1103.77</ele>
      </trkpt>
      <trkpt lat="34.2392" lon="-117.46001">
        <ele>1104.32</ele>
      </trkpt>
      <trkpt lat="34.23926" lon="-117.46004">
        <ele>1105.31</ele>
      </trkpt>
      <trkpt lat="34.23934" lon="-117.4601">
        <ele>1109.78</ele>
      </trkpt>
      <trkpt lat="34.23942" lon="-117.46017">
        <ele>1113.02</ele>
      </trkpt>
      <trkpt lat="34.23949" lon="-117.46023">
        <ele>1115.21</ele>
      </trkpt>
      <trkpt lat="34.23955" lon="-117.46026">
        <ele>1116.7</ele>
      </trkpt>
      <trkpt lat="34.23961" lon="-117.46026">
        <ele>1118.0</ele>
      </trkpt>
      <trkpt lat="34.23964" lon="-117.46025">
        <ele>1118.36</ele>
      </trkpt>
      <trkpt lat="34.23976" lon="-117.4602">
        <ele>1120.14</ele>
      </trkpt>
      <trkpt lat="34.23979" lon="-117.46016">
        <ele>1120.12</ele>
      </trkpt>
      <trkpt lat="34.23982" lon="-117.46012">
        <ele>1120.46</ele>
      </trkpt>
      <trkpt lat="34.23986" lon="-117.46002">
        <ele>1120.68</ele>
      </trkpt>
      <trkpt lat="34.23988" lon="-117.4599">
        <ele>1121.17</ele>
      </trkpt>
      <trkpt lat="34.23989" lon="-117.45982">
        <ele>1122.2</ele>
      </trkpt>
      <trkpt lat="34.2399" lon="-117.45977">
        <ele>1123.16</ele>
      </trkpt>
      <trkpt lat="34.23991" lon="-117.45972">
        <ele>1124.13</ele>
      </trkpt>
      <trkpt lat="34.23992" lon="-117.45964">
        <ele>1125.94</ele>
      </trkpt>
      <trkpt lat="34.23994" lon="-117.45958">
        <ele>1126.7</ele>
      </trkpt>
      <trkpt lat="34.23998" lon="-117.45954">
        <ele>1126.99</ele>
      </trkpt>
      <trkpt lat="34.24002" lon="-117.45954">
        <ele>1126.36</ele>
      </trkpt>
      <trkpt lat="34.24005" lon="-117.45956">
        <ele>1125.51</ele>
      </trkpt>
      <trkpt lat="34.24008" lon="-117.45959">
        <ele>1124.9</ele>
      </trkpt>
      <trkpt lat="34.2401" lon="-117.45961">
        <ele>1124.43</ele>
      </trkpt>
      <trkpt lat="34.24011" lon="-117.45964">
        <ele>1124.38</ele>
      </trkpt>
      <trkpt lat="34.24013" lon="-117.4598">
        <ele>1125.13</ele>
      </trkpt>
      <trkpt lat="34.24015" lon="-117.45992">
        <ele>1124.9</ele>
      </trkpt>
      <trkpt lat="34.24017" lon="-117.46001">
        <ele>1125.44</ele>
      </trkpt>
      <trkpt lat="34.24018" lon="-117.46005">
        <ele>1125.65</ele>
      </trkpt>
      <trkpt lat="34.24022" lon="-117.46012">
        <ele>1125.46</ele>
      </trkpt>
      <trkpt lat="34.24027" lon="-117.46018">
        <ele>1125.14</ele>
      </trkpt>
      <trkpt lat="34.24034" lon="-117.46028">
        <ele>1125.69</ele>
      </trkpt>
      <trkpt lat="34.2404" lon="-117.46039">
        <ele>1125.72</ele>
      </trkpt>
      <trkpt lat="34.24048" lon="-117.46053">
        <ele>1125.9</ele>
      </trkpt>
      <trkpt lat="34.2405" lon="-117.46056">
        <ele>1125.9</ele>
      </trkpt>
      <trkpt lat="34.24054" lon="-117.46064">
        <ele>1126.33</ele>
      </trkpt>
      <trkpt lat="34.24055" lon="-117.46063">
        <ele>1125.79</ele>
      </trkpt>
      <trkpt lat="34.24056" lon="-117.46064">
        <ele>1125.72</ele>
      </trkpt>
      <trkpt lat="34.24063" lon="-117.46075">
        <ele>1127.4</ele>
      </trkpt>
      <trkpt lat="34.24066" lon="-117.46077">
        <ele>1127.38</ele>
      </trkpt>
      <trkpt lat="34.24069" lon="-117.4608">
        <ele>1127.38</ele>
      </trkpt>
      <trkpt lat="34.24078" lon="-117.46087">
        <ele>1126.55</ele>
      </trkpt>
      <trkpt lat="34.24087" lon="-117.46092">
        <ele>1125.89</ele>
      </trkpt>
      <trkpt lat="34.24089" lon="-117.46094">
        <ele>1126.0</ele>
      </trkpt>
      <trkpt lat="34.24093" lon="-117.46096">
        <ele>1125.94</ele>
      </trkpt>
      <trkpt lat="34.241" lon="-117.461">
        <ele>1125.68</ele>
      </trkpt>
      <trkpt lat="34.24107" lon="-117.46104">
        <ele>1125.57</ele>
      </trkpt>
      <trkpt lat="34.2412" lon="-117.46115">
        <ele>1126.0</ele>
      </trkpt>
      <trkpt lat="34.24128" lon="-117.46124">
        <ele>1126.0</ele>
      </trkpt>
      <trkpt lat="34.24128" lon="-117.46125">
        <ele>1126.0</ele>
      </trkpt>
      <trkpt lat="34.24142" lon="-117.46144">
        <ele>1124.66</ele>
      </trkpt>
      <trkpt lat="34.24146" lon="-117.46152">
        <ele>1124.55</ele>
      </trkpt>
      <trkpt lat="34.24147" lon="-117.46159">
        <ele>1125.0</ele>
      </trkpt>
      <trkpt lat="34.24148" lon="-117.46166">
        <ele>1125.0</ele>
      </trkpt>
      <trkpt lat="34.24148" lon="-117.46175">
        <ele>1125.01</ele>
      </trkpt>
      <trkpt lat="34.24146" lon="-117.46181">
        <ele>1124.68</ele>
      </trkpt>
      <trkpt lat="34.24144" lon="-117.46186">
        <ele>1124.41</ele>
      </trkpt>
      <trkpt lat="34.24139" lon="-117.46192">
        <ele>1124.26</ele>
      </trkpt>
      <trkpt lat="34.2413" lon="-117.46201">
        <ele>1124.0</ele>
      </trkpt>
      <trkpt lat="34.24125" lon="-117.46208">
        <ele>1123.04</ele>
      </trkpt>
      <trkpt lat="34.24122" lon="-117.46213">
        <ele>1122.17</ele>
      </trkpt>
      <trkpt lat="34.24121" lon="-117.46219">
        <ele>1121.37</ele>
      </trkpt>
      <trkpt lat="34.24121" lon="-117.46231">
        <ele>1119.04</ele>
      </trkpt>
      <trkpt lat="34.24122" lon="-117.46234">
        <ele>1117.96</ele>
      </trkpt>
      <trkpt lat="34.24123" lon="-117.46239">
        <ele>1116.05</ele>
      </trkpt>
      <trkpt lat="34.24126" lon="-117.46253">
        <ele>1112.66</ele>
      </trkpt>
      <trkpt lat="34.24127" lon="-117.46258">
        <ele>1112.32</ele>
      </trkpt>
      <trkpt lat="34.24127" lon="-117.46263">
        <ele>1111.99</ele>
      </trkpt>
      <trkpt lat="34.24127" lon="-117.46269">
        <ele>1111.57</ele>
      </trkpt>
      <trkpt lat="34.24126" lon="-117.46276">
        <ele>1111.78</ele>
      </trkpt>
      <trkpt lat="34.24124" lon="-117.46284">
        <ele>1112.22</ele>
      </trkpt>
      <trkpt lat="34.24118" lon="-117.46302">
        <ele>1112.26</ele>
      </trkpt>
      <trkpt lat="34.24117" lon="-117.46309">
        <ele>1112.36</ele>
      </trkpt>
      <trkpt lat="34.24116" lon="-117.46318">
        <ele>1112.31</ele>
      </trkpt>
      <trkpt lat="34.2412" lon="-117.46333">
        <ele>1112.0</ele>
      </trkpt>
      <trkpt lat="34.24121" lon="-117.46337">
        <ele>1111.89</ele>
      </trkpt>
      <trkpt lat="34.24123" lon="-117.4634">
        <ele>1111.64</ele>
      </trkpt>
      <trkpt lat="34.24129" lon="-117.46346">
        <ele>1111.41</ele>
      </trkpt>
      <trkpt lat="34.24132" lon="-117.46349">
        <ele>1111.44</ele>
      </trkpt>
      <trkpt lat="34.24136" lon="-117.46353">
        <ele>1111.56</ele>
      </trkpt>
      <trkpt lat="34.24139" lon="-117.46357">
        <ele>1112.09</ele>
      </trkpt>
      <trkpt lat="34.24144" lon="-117.46362">
        <ele>1112.04</ele>
      </trkpt>
      <trkpt lat="34.24148" lon="-117.46367">
        <ele>1112.29</ele>
      </trkpt>
      <trkpt lat="34.24153" lon="-117.46373">
        <ele>1112.38</ele>
      </trkpt>
      <trkpt lat="34.24157" lon="-117.46378">
        <ele>1112.7</ele>
      </trkpt>
      <trkpt lat="34.24164" lon="-117.46389">
        <ele>1113.3</ele>
      </trkpt>
      <trkpt lat="34.24174" lon="-117.46408">
        <ele>1114.48</ele>
      </trkpt>
      <trkpt lat="34.24188" lon="-117.46434">
        <ele>1114.26</ele>
      </trkpt>
      <trkpt lat="34.24193" lon="-117.46449">
        <ele>1114.8</ele>
      </trkpt>
      <trkpt lat="34.242" lon="-117.46473">
        <ele>1115.28</ele>
      </trkpt>
      <trkpt lat="34.24205" lon="-117.46483">
        <ele>1114.63</ele>
      </trkpt>
      <trkpt lat="34.2421" lon="-117.46492">
        <ele>1114.23</ele>
      </trkpt>
      <trkpt lat="34.24217" lon="-117.46501">
        <ele>1114.34</ele>
      </trkpt>
      <trkpt lat="34.24222" lon="-117.46508">
        <ele>1114.78</ele>
      </trkpt>
      <trkpt lat="34.24226" lon="-117.46512">
        <ele>1114.78</ele>
      </trkpt>
      <trkpt lat="34.24227" lon="-117.46514">
        <ele>1114.99</ele>
      </trkpt>
      <trkpt lat="34.24233" lon="-117.46521">
        <ele>1115.21</ele>
      </trkpt>
      <trkpt lat="34.2424" lon="-117.46528">
        <ele>1115.21</ele>
      </trkpt>
      <trkpt lat="34.24245" lon="-117.46532">
        <ele>1114.99</ele>
      </trkpt>
      <trkpt lat="34.24252" lon="-117.46536">
        <ele>1114.54</ele>
      </trkpt>
      <trkpt lat="34.24259" lon="-117.4654">
        <ele>1114.99</ele>
      </trkpt>
      <trkpt lat="34.24269" lon="-117.46543">
        <ele>1114.22</ele>
      </trkpt>
      <trkpt lat="34.24276" lon="-117.46548">
        <ele>1114.6</ele>
      </trkpt>
      <trkpt lat="34.24285" lon="-117.46557">
        <ele>1114.75</ele>
      </trkpt>
      <trkpt lat="34.24295" lon="-117.4657">
        <ele>1115.88</ele>
      </trkpt>
      <trkpt lat="34.24298" lon="-117.46575">
        <ele>1116.85</ele>
      </trkpt>
      <trkpt lat="34.24303" lon="-117.46582">
        <ele>1117.88</ele>
      </trkpt>
      <trkpt lat="34.24307" lon="-117.46586">
        <ele>1118.18</ele>
      </trkpt>
      <trkpt lat="34.24312" lon="-117.46588">
        <ele>1118.16</ele>
      </trkpt>
      <trkpt lat="34.24315" lon="-117.46588">
        <ele>1117.99</ele>
      </trkpt>
      <trkpt lat="34.24319" lon="-117.46588">
        <ele>1117.56</ele>
      </trkpt>
      <trkpt lat="34.24322" lon="-117.46586">
        <ele>1116.8</ele>
      </trkpt>
      <trkpt lat="34.24329" lon="-117.46582">
        <ele>1115.78</ele>
      </trkpt>
      <trkpt lat="34.24337" lon="-117.46575">
        <ele>1114.16</ele>
      </trkpt>
      <trkpt lat="34.24343" lon="-117.46573">
        <ele>1113.83</ele>
      </trkpt>
      <trkpt lat="34.24346" lon="-117.46573">
        <ele>1113.47</ele>
      </trkpt>
      <trkpt lat="34.24351" lon="-117.46574">
        <ele>1113.08</ele>
      </trkpt>
      <trkpt lat="34.24353" lon="-117.46575">
        <ele>1112.86</ele>
      </trkpt>
      <trkpt lat="34.2436" lon="-117.46583">
        <ele>1113.05</ele>
      </trkpt>
      <trkpt lat="34.24369" lon="-117.46602">
        <ele>1113.33</ele>
      </trkpt>
      <trkpt lat="34.24376" lon="-117.46619">
        <ele>1114.03</ele>
      </trkpt>
      <trkpt lat="34.24382" lon="-117.46633">
        <ele>1113.6</ele>
      </trkpt>
      <trkpt lat="34.24384" lon="-117.46637">
        <ele>1113.38</ele>
      </trkpt>
      <trkpt lat="34.24386" lon="-117.4664">
        <ele>1112.85</ele>
      </trkpt>
      <trkpt lat="34.24392" lon="-117.46651">
        <ele>1108.81</ele>
      </trkpt>
      <trkpt lat="34.24395" lon="-117.46656">
        <ele>1106.56</ele>
      </trkpt>
      <trkpt lat="34.24396" lon="-117.4666">
        <ele>1105.65</ele>
      </trkpt>
      <trkpt lat="34.24396" lon="-117.46662">
        <ele>1105.43</ele>
      </trkpt>
      <trkpt lat="34.24397" lon="-117.46665">
        <ele>1104.68</ele>
      </trkpt>
      <trkpt lat="34.24398" lon="-117.46671">
        <ele>1104.06</ele>
      </trkpt>
      <trkpt lat="34.24397" lon="-117.46678">
        <ele>1104.37</ele>
      </trkpt>
      <trkpt lat="34.24397" lon="-117.46687">
        <ele>1104.37</ele>
      </trkpt>
      <trkpt lat="34.24398" lon="-117.46692">
        <ele>1104.05</ele>
      </trkpt>
      <trkpt lat="34.24402" lon="-117.46703">
        <ele>1103.14</ele>
      </trkpt>
      <trkpt lat="34.24408" lon="-117.4671">
        <ele>1101.87</ele>
      </trkpt>
      <trkpt lat="34.24414" lon="-117.46718">
        <ele>1099.49</ele>
      </trkpt>
      <trkpt lat="34.2442" lon="-117.46726">
        <ele>1095.53</ele>
      </trkpt>
      <trkpt lat="34.24421" lon="-117.4673">
        <ele>1094.37</ele>
      </trkpt>
      <trkpt lat="34.24422" lon="-117.46734">
        <ele>1093.31</ele>
      </trkpt>
      <trkpt lat="34.2442" lon="-117.46745">
        <ele>1092.46</ele>
      </trkpt>
      <trkpt lat="34.24418" lon="-117.4675">
        <ele>1092.57</ele>
      </trkpt>
      <trkpt lat="34.24416" lon="-117.4676">
        <ele>1093.14</ele>
      </trkpt>
      <trkpt lat="34.24416" lon="-117.46771">
        <ele>1091.97</ele>
      </trkpt>
      <trkpt lat="34.2442" lon="-117.46792">
        <ele>1089.58</ele>
      </trkpt>
      <trkpt lat="34.2442" lon="-117.46804">
        <ele>1089.81</ele>
      </trkpt>
      <trkpt lat="34.24421" lon="-117.46815">
        <ele>1089.59</ele>
      </trkpt>
      <trkpt lat="34.24421" lon="-117.46823">
        <ele>1089.13</ele>
      </trkpt>
      <trkpt lat="34.24421" lon="-117.46832">
        <ele>1089.46</ele>
      </trkpt>
      <trkpt lat="34.24421" lon="-117.46838">
        <ele>1089.53</ele>
      </trkpt>
      <trkpt lat="34.2442" lon="-117.46846">
        <ele>1089.4</ele>
      </trkpt>
      <trkpt lat="34.2442" lon="-117.46853">
        <ele>1089.0</ele>
      </trkpt>
      <trkpt lat="34.2442" lon="-117.46867">
        <ele>1089.0</ele>
      </trkpt>
      <trkpt lat="34.2442" lon="-117.46878">
        <ele>1089.3</ele>
      </trkpt>
      <trkpt lat="34.24421" lon="-117.4689">
        <ele>1088.82</ele>
      </trkpt>
      <trkpt lat="34.24421" lon="-117.46906">
        <ele>1087.15</ele>
      </trkpt>
      <trkpt lat="34.24421" lon="-117.46907">
        <ele>1087.04</ele>
      </trkpt>
      <trkpt lat="34.24422" lon="-117.46913">
        <ele>1085.79</ele>
      </trkpt>
      <trkpt lat="34.24422" lon="-117.46919">
        <ele>1084.75</ele>
      </trkpt>
      <trkpt lat="34.24424" lon="-117.4693">
        <ele>1083.21</ele>
      </trkpt>
      <trkpt lat="34.24425" lon="-117.46938">
        <ele>1081.83</ele>
      </trkpt>
      <trkpt lat="34.24426" lon="-117.46941">
        <ele>1081.35</ele>
      </trkpt>
      <trkpt lat="34.24427" lon="-117.46944">
        <ele>1080.69</ele>
      </trkpt>
      <trkpt lat="34.24428" lon="-117.46947">
        <ele>1080.6</ele>
      </trkpt>
      <trkpt lat="34.2443" lon="-117.4695">
        <ele>1080.28</ele>
      </trkpt>
      <trkpt lat="34.24434" lon="-117.46957">
        <ele>1080.0</ele>
      </trkpt>
      <trkpt lat="34.24448" lon="-117.46968">
        <ele>1078.78</ele>
      </trkpt>
      <trkpt lat="34.24461" lon="-117.46981">
        <ele>1078.32</ele>
      </trkpt>
      <trkpt lat="34.24475" lon="-117.46991">
        <ele>1078.76</ele>
      </trkpt>
      <trkpt lat="34.24483" lon="-117.46993">
        <ele>1078.24</ele>
      </trkpt>
      <trkpt lat="34.24488" lon="-117.46994">
        <ele>1077.5</ele>
      </trkpt>
      <trkpt lat="34.24494" lon="-117.46995">
        <ele>1076.11</ele>
      </trkpt>
      <trkpt lat="34.245" lon="-117.46998">
        <ele>1074.78</ele>
      </trkpt>
      <trkpt lat="34.24504" lon="-117.47006">
        <ele>1073.27</ele>
      </trkpt>
      <trkpt lat="34.24509" lon="-117.47018">
        <ele>1070.17</ele>
      </trkpt>
      <trkpt lat="34.24512" lon="-117.47028">
        <ele>1068.82</ele>
      </trkpt>
      <trkpt lat="34.2452" lon="-117.47048">
        <ele>1066.55</ele>
      </trkpt>
      <trkpt lat="34.24523" lon="-117.47054">
        <ele>1065.95</ele>
      </trkpt>
      <trkpt lat="34.24528" lon="-117.47066">
        <ele>1064.95</ele>
      </trkpt>
      <trkpt lat="34.24529" lon="-117.4707">
        <ele>1064.74</ele>
      </trkpt>
      <trkpt lat="34.24529" lon="-117.47073">
        <ele>1064.74</ele>
      </trkpt>
      <trkpt lat="34.2453" lon="-117.4708">
        <ele>1063.88</ele>
      </trkpt>
      <trkpt lat="34.2453" lon="-117.47087">
        <ele>1062.82</ele>
      </trkpt>
      <trkpt lat="34.2453" lon="-117.47096">
        <ele>1060.94</ele>
      </trkpt>
      <trkpt lat="34.2453" lon="-117.47104">
        <ele>1059.0</ele>
      </trkpt>
      <trkpt lat="34.24529" lon="-117.47115">
        <ele>1057.18</ele>
      </trkpt>
      <trkpt lat="34.2453" lon="-117.47125">
        <ele>1056.28</ele>
      </trkpt>
      <trkpt lat="34.24531" lon="-117.47134">
        <ele>1055.65</ele>
      </trkpt>
      <trkpt lat="34.24533" lon="-117.47145">
        <ele>1054.87</ele>
      </trkpt>
      <trkpt lat="34.24533" lon="-117.47151">
        <ele>1055.01</ele>
      </trkpt>
      <trkpt lat="34.24535" lon="-117.47155">
        <ele>1054.6</ele>
      </trkpt>
      <trkpt lat="34.24539" lon="-117.47171">
        <ele>1053.11</ele>
      </trkpt>
      <trkpt lat="34.24545" lon="-117.47184">
        <ele>1050.41</ele>
      </trkpt>
      <trkpt lat="34.2455" lon="-117.47193">
        <ele>1047.51</ele>
      </trkpt>
      <trkpt lat="34.24551" lon="-117.47196">
        <ele>1046.82</ele>
      </trkpt>
      <trkpt lat="34.24556" lon="-117.47206">
        <ele>1044.61</ele>
      </trkpt>
      <trkpt lat="34.2456" lon="-117.47221">
        <ele>1042.11</ele>
      </trkpt>
      <trkpt lat="34.2456" lon="-117.47224">
        <ele>1042.04</ele>
      </trkpt>
      <trkpt lat="34.24559" lon="-117.47229">
        <ele>1042.26</ele>
      </trkpt>
      <trkpt lat="34.24558" lon="-117.47234">
        <ele>1042.2</ele>
      </trkpt>
      <trkpt lat="34.24552" lon="-117.47245">
        <ele>1042.31</ele>
      </trkpt>
      <trkpt lat="34.24546" lon="-117.47254">
        <ele>1042.62</ele>
      </trkpt>
      <trkpt lat="34.24542" lon="-117.47262">
        <ele>1042.17</ele>
      </trkpt>
      <trkpt lat="34.24537" lon="-117.47272">
        <ele>1041.25</ele>
      </trkpt>
      <trkpt lat="34.24534" lon="-117.47279">
        <ele>1039.41</ele>
      </trkpt>
      <trkpt lat="34.24529" lon="-117.47287">
        <ele>1037.14</ele>
      </trkpt>
      <trkpt lat="34.24525" lon="-117.47289">
        <ele>1036.28</ele>
      </trkpt>
      <trkpt lat="34.2452" lon="-117.47291">
        <ele>1035.3</ele>
      </trkpt>
      <trkpt lat="34.24512" lon="-117.47293">
        <ele>1034.71</ele>
      </trkpt>
      <trkpt lat="34.24494" lon="-117.47295">
        <ele>1034.28</ele>
      </trkpt>
      <trkpt lat="34.2449" lon="-117.47296">
        <ele>1034.15</ele>
      </trkpt>
      <trkpt lat="34.24488" lon="-117.47297">
        <ele>1034.09</ele>
      </trkpt>
      <trkpt lat="34.24485" lon="-117.47298">
        <ele>1034.18</ele>
      </trkpt>
      <trkpt lat="34.24481" lon="-117.473">
        <ele>1034.3</ele>
      </trkpt>
      <trkpt lat="34.24476" lon="-117.47304">
        <ele>1034.52</ele>
      </trkpt>
      <trkpt lat="34.24472" lon="-117.47309">
        <ele>1034.33</ele>
      </trkpt>
      <trkpt lat="34.24467" lon="-117.47318">
        <ele>1033.66</ele>
      </trkpt>
      <trkpt lat="34.24461" lon="-117.47329">
        <ele>1031.81</ele>
      </trkpt>
      <trkpt lat="34.24458" lon="-117.47337">
        <ele>1028.95</ele>
      </trkpt>
      <trkpt lat="34.24458" lon="-117.47338">
        <ele>1028.52</ele>
      </trkpt>
      <trkpt lat="34.24456" lon="-117.47344">
        <ele>1026.41</ele>
      </trkpt>
      <trkpt lat="34.24455" lon="-117.47346">
        <ele>1026.07</ele>
      </trkpt>
      <trkpt lat="34.24455" lon="-117.47349">
        <ele>1025.38</ele>
      </trkpt>
      <trkpt lat="34.24454" lon="-117.47351">
        <ele>1025.12</ele>
      </trkpt>
      <trkpt lat="34.24453" lon="-117.47355">
        <ele>1024.45</ele>
      </trkpt>
      <trkpt lat="34.24455" lon="-117.47365">
        <ele>1022.66</ele>
      </trkpt>
      <trkpt lat="34.2446" lon="-117.47382">
        <ele>1019.7</ele>
      </trkpt>
      <trkpt lat="34.24461" lon="-117.47388">
        <ele>1018.73</ele>
      </trkpt>
      <trkpt lat="34.24461" lon="-117.47393">
        <ele>1018.54</ele>
      </trkpt>
      <trkpt lat="34.24463" lon="-117.47408">
        <ele>1017.92</ele>
      </trkpt>
      <trkpt lat="34.24465" lon="-117.47413">
        <ele>1016.87</ele>
      </trkpt>
      <trkpt lat="34.24468" lon="-117.47421">
        <ele>1015.7</ele>
      </trkpt>
      <trkpt lat="34.2447" lon="-117.47424">
        <ele>1015.29</ele>
      </trkpt>
      <trkpt lat="34.24472" lon="-117.47433">
        <ele>1014.24</ele>
      </trkpt>
      <trkpt lat="34.24474" lon="-117.47442">
        <ele>1012.09</ele>
      </trkpt>
      <trkpt lat="34.24476" lon="-117.4745">
        <ele>1010.34</ele>
      </trkpt>
      <trkpt lat="34.24478" lon="-117.47456">
        <ele>1009.03</ele>
      </trkpt>
      <trkpt lat="34.24479" lon="-117.47464">
        <ele>1008.62</ele>
      </trkpt>
      <trkpt lat="34.2448" lon="-117.47466">
        <ele>1008.6</ele>
      </trkpt>
      <trkpt lat="34.24482" lon="-117.47477">
        <ele>1009.92</ele>
      </trkpt>
      <trkpt lat="34.24485" lon="-117.47494">
        <ele>1011.94</ele>
      </trkpt>
      <trkpt lat="34.24492" lon="-117.47512">
        <ele>1014.02</ele>
      </trkpt>
      <trkpt lat="34.24493" lon="-117.47513">
        <ele>1013.92</ele>
      </trkpt>
      <trkpt lat="34.24501" lon="-117.47525">
        <ele>1014.22</ele>
      </trkpt>
      <trkpt lat="34.2451" lon="-117.47534">
        <ele>1014.26</ele>
      </trkpt>
      <trkpt lat="34.24518" lon="-117.47543">
        <ele>1014.7</ele>
      </trkpt>
      <trkpt lat="34.24528" lon="-117.47549">
        <ele>1014.54</ele>
      </trkpt>
      <trkpt lat="34.24542" lon="-117.47559">
        <ele>1015.04</ele>
      </trkpt>
      <trkpt lat="34.24549" lon="-117.47561">
        <ele>1014.99</ele>
      </trkpt>
      <trkpt lat="34.24557" lon="-117.47561">
        <ele>1014.34</ele>
      </trkpt>
      <trkpt lat="34.2457" lon="-117.47563">
        <ele>1015.13</ele>
      </trkpt>
      <trkpt lat="34.24574" lon="-117.47562">
        <ele>1013.96</ele>
      </trkpt>
      <trkpt lat="34.2458" lon="-117.47564">
        <ele>1016.12</ele>
      </trkpt>
      <trkpt lat="34.24585" lon="-117.47564">
        <ele>1015.56</ele>
      </trkpt>
      <trkpt lat="34.24591" lon="-117.47566">
        <ele>1015.17</ele>
      </trkpt>
      <trkpt lat="34.24595" lon="-117.47569">
        <ele>1015.86</ele>
      </trkpt>
      <trkpt lat="34.24598" lon="-117.47572">
        <ele>1017.87</ele>
      </trkpt>
      <trkpt lat="34.246" lon="-117.47576">
        <ele>1019.96</ele>
      </trkpt>
      <trkpt lat="34.24601" lon="-117.4758">
        <ele>1019.94</ele>
      </trkpt>
      <trkpt lat="34.24602" lon="-117.47583">
        <ele>1019.9</ele>
      </trkpt>
      <trkpt lat="34.24602" lon="-117.47614">
        <ele>1016.67</ele>
      </trkpt>
      <trkpt lat="34.24603" lon="-117.47619">
        <ele>1016.11</ele>
      </trkpt>
      <trkpt lat="34.2461" lon="-117.47641">
        <ele>1018.41</ele>
      </trkpt>
      <trkpt lat="34.24612" lon="-117.47646">
        <ele>1018.5</ele>
      </trkpt>
      <trkpt lat="34.24618" lon="-117.47657">
        <ele>1019.28</ele>
      </trkpt>
      <trkpt lat="34.24623" lon="-117.47664">
        <ele>1020.42</ele>
      </trkpt>
      <trkpt lat="34.24626" lon="-117.4767">
        <ele>1020.85</ele>
      </trkpt>
      <trkpt lat="34.2463" lon="-117.47676">
        <ele>1021.06</ele>
      </trkpt>
      <trkpt lat="34.24632" lon="-117.47681">
        <ele>1020.42</ele>
      </trkpt>
      <trkpt lat="34.24634" lon="-117.47686">
        <ele>1019.77</ele>
      </trkpt>
      <trkpt lat="34.24644" lon="-117.47709">
        <ele>1017.53</ele>
      </trkpt>
      <trkpt lat="34.24646" lon="-117.47712">
        <ele>1017.64</ele>
      </trkpt>
      <trkpt lat="34.24647" lon="-117.47716">
        <ele>1017.42</ele>
      </trkpt>
      <trkpt lat="34.24651" lon="-117.47724">
        <ele>1017.0</ele>
      </trkpt>
      <trkpt lat="34.24653" lon="-117.47732">
        <ele>1017.03</ele>
      </trkpt>
      <trkpt lat="34.24655" lon="-117.47741">
        <ele>1017.73</ele>
      </trkpt>
      <trkpt lat="34.24657" lon="-117.47749">
        <ele>1017.92</ele>
      </trkpt>
      <trkpt lat="34.24657" lon="-117.47755">
        <ele>1018.43</ele>
      </trkpt>
      <trkpt lat="34.24658" lon="-117.47763">
        <ele>1018.99</ele>
      </trkpt>
      <trkpt lat="34.24658" lon="-117.47771">
        <ele>1019.08</ele>
      </trkpt>
      <trkpt lat="34.24658" lon="-117.47778">
        <ele>1019.15</ele>
      </trkpt>
      <trkpt lat="34.24657" lon="-117.47784">
        <ele>1019.5</ele>
      </trkpt>
      <trkpt lat="34.24657" lon="-117.4779">
        <ele>1020.48</ele>
      </trkpt>
      <trkpt lat="34.24656" lon="-117.47794">
        <ele>1021.01</ele>
      </trkpt>
      <trkpt lat="34.24653" lon="-117.47802">
        <ele>1023.01</ele>
      </trkpt>
      <trkpt lat="34.24644" lon="-117.47817">
        <ele>1027.92</ele>
      </trkpt>
      <trkpt lat="34.24643" lon="-117.47821">
        <ele>1028.78</ele>
      </trkpt>
      <trkpt lat="34.24641" lon="-117.47825">
        <ele>1029.01</ele>
      </trkpt>
      <trkpt lat="34.24639" lon="-117.47832">
        <ele>1028.9</ele>
      </trkpt>
      <trkpt lat="34.24638" lon="-117.47841">
        <ele>1028.52</ele>
      </trkpt>
      <trkpt lat="34.24638" lon="-117.47851">
        <ele>1028.52</ele>
      </trkpt>
      <trkpt lat="34.24639" lon="-117.47855">
        <ele>1029.05</ele>
      </trkpt>
      <trkpt lat="34.24639" lon="-117.4786">
        <ele>1029.05</ele>
      </trkpt>
      <trkpt lat="34.2464" lon="-117.47865">
        <ele>1029.43</ele>
      </trkpt>
      <trkpt lat="34.24641" lon="-117.47869">
        <ele>1029.72</ele>
      </trkpt>
      <trkpt lat="34.24643" lon="-117.47873">
        <ele>1029.89</ele>
      </trkpt>
      <trkpt lat="34.24647" lon="-117.47882">
        <ele>1030.25</ele>
      </trkpt>
      <trkpt lat="34.24652" lon="-117.47895">
        <ele>1029.76</ele>
      </trkpt>
      <trkpt lat="34.24658" lon="-117.47909">
        <ele>1029.87</ele>
      </trkpt>
      <trkpt lat="34.2466" lon="-117.47919">
        <ele>1029.26</ele>
      </trkpt>
      <trkpt lat="34.24661" lon="-117.47938">
        <ele>1029.3</ele>
      </trkpt>
      <trkpt lat="34.24661" lon="-117.47963">
        <ele>1030.61</ele>
      </trkpt>
      <trkpt lat="34.2466" lon="-117.47977">
        <ele>1029.92</ele>
      </trkpt>
      <trkpt lat="34.2466" lon="-117.47984">
        <ele>1029.24</ele>
      </trkpt>
      <trkpt lat="34.2466" lon="-117.47985">
        <ele>1029.17</ele>
      </trkpt>
      <trkpt lat="34.2466" lon="-117.47991">
        <ele>1028.72</ele>
      </trkpt>
      <trkpt lat="34.24659" lon="-117.47999">
        <ele>1028.83</ele>
      </trkpt>
      <trkpt lat="34.24659" lon="-117.48024">
        <ele>1028.83</ele>
      </trkpt>
      <trkpt lat="34.24658" lon="-117.48029">
        <ele>1028.93</ele>
      </trkpt>
      <trkpt lat="34.24656" lon="-117.48033">
        <ele>1028.48</ele>
      </trkpt>
      <trkpt lat="34.24654" lon="-117.48037">
        <ele>1027.89</ele>
      </trkpt>
      <trkpt lat="34.2465" lon="-117.48044">
        <ele>1027.2</ele>
      </trkpt>
      <trkpt lat="34.24648" lon="-117.48051">
        <ele>1027.93</ele>
      </trkpt>
      <trkpt lat="34.24638" lon="-117.48063">
        <ele>1027.89</ele>
      </trkpt>
      <trkpt lat="34.24631" lon="-117.48071">
        <ele>1028.15</ele>
      </trkpt>
      <trkpt lat="34.24624" lon="-117.48076">
        <ele>1026.42</ele>
      </trkpt>
      <trkpt lat="34.2462" lon="-117.48079">
        <ele>1025.44</ele>
      </trkpt>
      <trkpt lat="34.24615" lon="-117.48083">
        <ele>1025.65</ele>
      </trkpt>
      <trkpt lat="34.2461" lon="-117.48085">
        <ele>1025.26</ele>
      </trkpt>
      <trkpt lat="34.24604" lon="-117.48089">
        <ele>1025.93</ele>
      </trkpt>
      <trkpt lat="34.24597" lon="-117.48096">
        <ele>1029.15</ele>
      </trkpt>
      <trkpt lat="34.24589" lon="-117.48104">
        <ele>1032.71</ele>
      </trkpt>
      <trkpt lat="34.24586" lon="-117.48112">
        <ele>1034.4</ele>
      </trkpt>
      <trkpt lat="34.2458" lon="-117.48129">
        <ele>1035.15</ele>
      </trkpt>
      <trkpt lat="34.24576" lon="-117.48143">
        <ele>1033.23</ele>
      </trkpt>
      <trkpt lat="34.24576" lon="-117.48149">
        <ele>1031.54</ele>
      </trkpt>
      <trkpt lat="34.24575" lon="-117.48154">
        <ele>1030.07</ele>
      </trkpt>
      <trkpt lat="34.24575" lon="-117.48164">
        <ele>1028.29</ele>
      </trkpt>
      <trkpt lat="34.24574" lon="-117.48175">
        <ele>1027.08</ele>
      </trkpt>
      <trkpt lat="34.24574" lon="-117.48185">
        <ele>1026.98</ele>
      </trkpt>
      <trkpt lat="34.24575" lon="-117.48188">
        <ele>1027.1</ele>
      </trkpt>
      <trkpt lat="34.24578" lon="-117.48192">
        <ele>1027.42</ele>
      </trkpt>
      <trkpt lat="34.24581" lon="-117.48195">
        <ele>1027.79</ele>
      </trkpt>
      <trkpt lat="34.24583" lon="-117.48199">
        <ele>1028.44</ele>
      </trkpt>
      <trkpt lat="34.24588" lon="-117.48206">
        <ele>1028.75</ele>
      </trkpt>
      <trkpt lat="34.24593" lon="-117.48214">
        <ele>1029.92</ele>
      </trkpt>
      <trkpt lat="34.24596" lon="-117.48222">
        <ele>1029.98</ele>
      </trkpt>
      <trkpt lat="34.24598" lon="-117.48232">
        <ele>1030.09</ele>
      </trkpt>
      <trkpt lat="34.24604" lon="-117.48244">
        <ele>1029.77</ele>
      </trkpt>
      <trkpt lat="34.24607" lon="-117.48252">
        <ele>1029.56</ele>
      </trkpt>
      <trkpt lat="34.24609" lon="-117.48257">
        <ele>1029.81</ele>
      </trkpt>
      <trkpt lat="34.24612" lon="-117.48262">
        <ele>1029.74</ele>
      </trkpt>
      <trkpt lat="34.24616" lon="-117.48268">
        <ele>1028.91</ele>
      </trkpt>
      <trkpt lat="34.24622" lon="-117.48272">
        <ele>1028.51</ele>
      </trkpt>
      <trkpt lat="34.24627" lon="-117.48276">
        <ele>1028.32</ele>
      </trkpt>
      <trkpt lat="34.24634" lon="-117.48281">
        <ele>1028.7</ele>
      </trkpt>
      <trkpt lat="34.24636" lon="-117.48283">
        <ele>1029.13</ele>
      </trkpt>
      <trkpt lat="34.24639" lon="-117.4829">
        <ele>1030.31</ele>
      </trkpt>
      <trkpt lat="34.24641" lon="-117.48295">
        <ele>1030.63</ele>
      </trkpt>
      <trkpt lat="34.24641" lon="-117.48301">
        <ele>1030.1</ele>
      </trkpt>
      <trkpt lat="34.24643" lon="-117.4831">
        <ele>1029.62</ele>
      </trkpt>
      <trkpt lat="34.24646" lon="-117.48318">
        <ele>1030.04</ele>
      </trkpt>
      <trkpt lat="34.24651" lon="-117.48324">
        <ele>1030.31</ele>
      </trkpt>
      <trkpt lat="34.24657" lon="-117.4833">
        <ele>1030.32</ele>
      </trkpt>
      <trkpt lat="34.24664" lon="-117.48337">
        <ele>1030.71</ele>
      </trkpt>
      <trkpt lat="34.24672" lon="-117.48342">
        <ele>1030.93</ele>
      </trkpt>
      <trkpt lat="34.24681" lon="-117.4835">
        <ele>1031.69</ele>
      </trkpt>
      <trkpt lat="34.24687" lon="-117.48355">
        <ele>1031.92</ele>
      </trkpt>
      <trkpt lat="34.24692" lon="-117.48357">
        <ele>1032.59</ele>
      </trkpt>
      <trkpt lat="34.24697" lon="-117.48359">
        <ele>1033.15</ele>
      </trkpt>
      <trkpt lat="34.24701" lon="-117.4836">
        <ele>1033.54</ele>
      </trkpt>
      <trkpt lat="34.24712" lon="-117.48357">
        <ele>1034.9</ele>
      </trkpt>
      <trkpt lat="34.24726" lon="-117.48351">
        <ele>1037.95</ele>
      </trkpt>
      <trkpt lat="34.24734" lon="-117.48348">
        <ele>1039.3</ele>
      </trkpt>
      <trkpt lat="34.24741" lon="-117.48346">
        <ele>1040.13</ele>
      </trkpt>
      <trkpt lat="34.24749" lon="-117.48345">
        <ele>1040.67</ele>
      </trkpt>
      <trkpt lat="34.24756" lon="-117.48346">
        <ele>1041.1</ele>
      </trkpt>
      <trkpt lat="34.24765" lon="-117.48347">
        <ele>1041.13</ele>
      </trkpt>
      <trkpt lat="34.24768" lon="-117.4835">
        <ele>1041.64</ele>
      </trkpt>
      <trkpt lat="34.24778" lon="-117.4836">
        <ele>1043.59</ele>
      </trkpt>
      <trkpt lat="34.24782" lon="-117.48366">
        <ele>1044.14</ele>
      </trkpt>
      <trkpt lat="34.24783" lon="-117.48371">
        <ele>1044.97</ele>
      </trkpt>
      <trkpt lat="34.24784" lon="-117.48376">
        <ele>1045.46</ele>
      </trkpt>
      <trkpt lat="34.24785" lon="-117.48379">
        <ele>1045.58</ele>
      </trkpt>
      <trkpt lat="34.24785" lon="-117.48387">
        <ele>1047.25</ele>
      </trkpt>
      <trkpt lat="34.24787" lon="-117.48398">
        <ele>1048.01</ele>
      </trkpt>
      <trkpt lat="34.2479" lon="-117.48403">
        <ele>1050.08</ele>
      </trkpt>
      <trkpt lat="34.24794" lon="-117.48408">
        <ele>1051.5</ele>
      </trkpt>
      <trkpt lat="34.24797" lon="-117.48412">
        <ele>1053.02</ele>
      </trkpt>
      <trkpt lat="34.24802" lon="-117.48415">
        <ele>1054.39</ele>
      </trkpt>
      <trkpt lat="34.24811" lon="-117.48416">
        <ele>1054.83</ele>
      </trkpt>
      <trkpt lat="34.24819" lon="-117.48417">
        <ele>1055.52</ele>
      </trkpt>
      <trkpt lat="34.24824" lon="-117.48417">
        <ele>1056.06</ele>
      </trkpt>
      <trkpt lat="34.24838" lon="-117.48421">
        <ele>1058.94</ele>
      </trkpt>
      <trkpt lat="34.24842" lon="-117.48421">
        <ele>1059.81</ele>
      </trkpt>
      <trkpt lat="34.24847" lon="-117.4842">
        <ele>1061.45</ele>
      </trkpt>
      <trkpt lat="34.24848" lon="-117.48418">
        <ele>1061.54</ele>
      </trkpt>
      <trkpt lat="34.24853" lon="-117.48412">
        <ele>1062.61</ele>
      </trkpt>
      <trkpt lat="34.24856" lon="-117.48406">
        <ele>1062.94</ele>
      </trkpt>
      <trkpt lat="34.24859" lon="-117.484">
        <ele>1063.26</ele>
      </trkpt>
      <trkpt lat="34.24863" lon="-117.48394">
        <ele>1063.36</ele>
      </trkpt>
      <trkpt lat="34.24868" lon="-117.48388">
        <ele>1063.66</ele>
      </trkpt>
      <trkpt lat="34.24873" lon="-117.48384">
        <ele>1063.98</ele>
      </trkpt>
      <trkpt lat="34.24876" lon="-117.48382">
        <ele>1063.98</ele>
      </trkpt>
      <trkpt lat="34.24882" lon="-117.48379">
        <ele>1064.31</ele>
      </trkpt>
      <trkpt lat="34.24893" lon="-117.48371">
        <ele>1063.65</ele>
      </trkpt>
      <trkpt lat="34.24902" lon="-117.48361">
        <ele>1061.8</ele>
      </trkpt>
      <trkpt lat="34.2491" lon="-117.48357">
        <ele>1062.39</ele>
      </trkpt>
      <trkpt lat="34.24912" lon="-117.48357">
        <ele>1062.61</ele>
      </trkpt>
      <trkpt lat="34.24916" lon="-117.48357">
        <ele>1063.04</ele>
      </trkpt>
      <trkpt lat="34.24918" lon="-117.48359">
        <ele>1063.58</ele>
      </trkpt>
      <trkpt lat="34.24919" lon="-117.4836">
        <ele>1063.79</ele>
      </trkpt>
      <trkpt lat="34.24918" lon="-117.48363">
        <ele>1064.2</ele>
      </trkpt>
      <trkpt lat="34.24919" lon="-117.48366">
        <ele>1064.53</ele>
      </trkpt>
      <trkpt lat="34.24919" lon="-117.48375">
        <ele>1065.87</ele>
      </trkpt>
      <trkpt lat="34.24918" lon="-117.48379">
        <ele>1066.73</ele>
      </trkpt>
      <trkpt lat="34.24918" lon="-117.48383">
        <ele>1067.53</ele>
      </trkpt>
      <trkpt lat="34.2492" lon="-117.48391">
        <ele>1068.51</ele>
      </trkpt>
      <trkpt lat="34.24922" lon="-117.48397">
        <ele>1068.72</ele>
      </trkpt>
      <trkpt lat="34.24926" lon="-117.48401">
        <ele>1068.29</ele>
      </trkpt>
      <trkpt lat="34.24928" lon="-117.48404">
        <ele>1068.18</ele>
      </trkpt>
      <trkpt lat="34.2493" lon="-117.48408">
        <ele>1068.16</ele>
      </trkpt>
      <trkpt lat="34.24933" lon="-117.48417">
        <ele>1067.74</ele>
      </trkpt>
      <trkpt lat="34.24937" lon="-117.48431">
        <ele>1067.52</ele>
      </trkpt>
      <trkpt lat="34.24939" lon="-117.48436">
        <ele>1067.26</ele>
      </trkpt>
      <trkpt lat="34.24942" lon="-117.48439">
        <ele>1066.94</ele>
      </trkpt>
      <trkpt lat="34.2495" lon="-117.48446">
        <ele>1065.9</ele>
      </trkpt>
      <trkpt lat="34.2497" lon="-117.48457">
        <ele>1063.11</ele>
      </trkpt>
      <trkpt lat="34.2498" lon="-117.48465">
        <ele>1063.42</ele>
      </trkpt>
      <trkpt lat="34.24987" lon="-117.48472">
        <ele>1063.37</ele>
      </trkpt>
      <trkpt lat="34.24998" lon="-117.48484">
        <ele>1062.76</ele>
      </trkpt>
      <trkpt lat="34.25009" lon="-117.48494">
        <ele>1061.41</ele>
      </trkpt>
      <trkpt lat="34.2502" lon="-117.48505">
        <ele>1059.77</ele>
      </trkpt>
      <trkpt lat="34.25025" lon="-117.48507">
        <ele>1059.13</ele>
      </trkpt>
      <trkpt lat="34.25034" lon="-117.4851">
        <ele>1058.46</ele>
      </trkpt>
      <trkpt lat="34.25041" lon="-117.48514">
        <ele>1058.82</ele>
      </trkpt>
      <trkpt lat="34.25048" lon="-117.48519">
        <ele>1059.92</ele>
      </trkpt>
      <trkpt lat="34.25055" lon="-117.48524">
        <ele>1060.24</ele>
      </trkpt>
      <trkpt lat="34.25062" lon="-117.48529">
        <ele>1060.0</ele>
      </trkpt>
      <trkpt lat="34.25071" lon="-117.48535">
        <ele>1060.67</ele>
      </trkpt>
      <trkpt lat="34.25078" lon="-117.48538">
        <ele>1061.21</ele>
      </trkpt>
      <trkpt lat="34.25087" lon="-117.48541">
        <ele>1062.48</ele>
      </trkpt>
      <trkpt lat="34.25091" lon="-117.48541">
        <ele>1063.16</ele>
      </trkpt>
      <trkpt lat="34.25096" lon="-117.4854">
        <ele>1063.94</ele>
      </trkpt>
      <trkpt lat="34.25102" lon="-117.4854">
        <ele>1065.03</ele>
      </trkpt>
      <trkpt lat="34.25119" lon="-117.48536">
        <ele>1069.54</ele>
      </trkpt>
      <trkpt lat="34.25129" lon="-117.48536">
        <ele>1072.07</ele>
      </trkpt>
      <trkpt lat="34.25137" lon="-117.48537">
        <ele>1072.81</ele>
      </trkpt>
      <trkpt lat="34.25144" lon="-117.48541">
        <ele>1071.95</ele>
      </trkpt>
      <trkpt lat="34.2515" lon="-117.48545">
        <ele>1071.28</ele>
      </trkpt>
      <trkpt lat="34.25156" lon="-117.48549">
        <ele>1070.12</ele>
      </trkpt>
      <trkpt lat="34.25167" lon="-117.48554">
        <ele>1069.34</ele>
      </trkpt>
      <trkpt lat="34.25183" lon="-117.48561">
        <ele>1068.14</ele>
      </trkpt>
      <trkpt lat="34.25188" lon="-117.48562">
        <ele>1067.82</ele>
      </trkpt>
      <trkpt lat="34.25195" lon="-117.48562">
        <ele>1067.55</ele>
      </trkpt>
      <trkpt lat="34.25198" lon="-117.48561">
        <ele>1067.44</ele>
      </trkpt>
      <trkpt lat="34.25201" lon="-117.4856">
        <ele>1067.33</ele>
      </trkpt>
      <trkpt lat="34.25206" lon="-117.48554">
        <ele>1068.09</ele>
      </trkpt>
      <trkpt lat="34.25213" lon="-117.48545">
        <ele>1069.28</ele>
      </trkpt>
      <trkpt lat="34.25215" lon="-117.48543">
        <ele>1069.49</ele>
      </trkpt>
      <trkpt lat="34.25221" lon="-117.48533">
        <ele>1071.0</ele>
      </trkpt>
      <trkpt lat="34.25227" lon="-117.48527">
        <ele>1071.61</ele>
      </trkpt>
      <trkpt lat="34.25232" lon="-117.48525">
        <ele>1071.64</ele>
      </trkpt>
      <trkpt lat="34.25238" lon="-117.48525">
        <ele>1072.09</ele>
      </trkpt>
      <trkpt lat="34.25246" lon="-117.48528">
        <ele>1072.52</ele>
      </trkpt>
      <trkpt lat="34.25261" lon="-117.48536">
        <ele>1072.92</ele>
      </trkpt>
      <trkpt lat="34.25266" lon="-117.4854">
        <ele>1073.4</ele>
      </trkpt>
      <trkpt lat="34.25267" lon="-117.48542">
        <ele>1073.08</ele>
      </trkpt>
      <trkpt lat="34.25276" lon="-117.48554">
        <ele>1072.09</ele>
      </trkpt>
      <trkpt lat="34.25281" lon="-117.48566">
        <ele>1069.44</ele>
      </trkpt>
      <trkpt lat="34.25286" lon="-117.48574">
        <ele>1068.79</ele>
      </trkpt>
      <trkpt lat="34.25292" lon="-117.48579">
        <ele>1068.47</ele>
      </trkpt>
      <trkpt lat="34.25296" lon="-117.48582">
        <ele>1068.26</ele>
      </trkpt>
      <trkpt lat="34.25299" lon="-117.48584">
        <ele>1067.86</ele>
      </trkpt>
      <trkpt lat="34.25306" lon="-117.48584">
        <ele>1067.9</ele>
      </trkpt>
      <trkpt lat="34.2532" lon="-117.48584">
        <ele>1069.38</ele>
      </trkpt>
      <trkpt lat="34.25333" lon="-117.48588">
        <ele>1068.97</ele>
      </trkpt>
      <trkpt lat="34.2534" lon="-117.48591">
        <ele>1069.06</ele>
      </trkpt>
      <trkpt lat="34.25344" lon="-117.48594">
        <ele>1068.57</ele>
      </trkpt>
      <trkpt lat="34.25349" lon="-117.48596">
        <ele>1068.15</ele>
      </trkpt>
      <trkpt lat="34.25353" lon="-117.48598">
        <ele>1067.96</ele>
      </trkpt>
      <trkpt lat="34.25355" lon="-117.48601">
        <ele>1067.52</ele>
      </trkpt>
      <trkpt lat="34.25359" lon="-117.48604">
        <ele>1067.31</ele>
      </trkpt>
      <trkpt lat="34.25362" lon="-117.48607">
        <ele>1066.94</ele>
      </trkpt>
      <trkpt lat="34.25365" lon="-117.48611">
        <ele>1066.44</ele>
      </trkpt>
      <trkpt lat="34.25371" lon="-117.48615">
        <ele>1066.12</ele>
      </trkpt>
      <trkpt lat="34.25373" lon="-117.48616">
        <ele>1065.81</ele>
      </trkpt>
      <trkpt lat="34.25377" lon="-117.48616">
        <ele>1065.61</ele>
      </trkpt>
      <trkpt lat="34.25381" lon="-117.48615">
        <ele>1065.43</ele>
      </trkpt>
      <trkpt lat="34.25386" lon="-117.48613">
        <ele>1065.11</ele>
      </trkpt>
      <trkpt lat="34.2539" lon="-117.48609">
        <ele>1065.66</ele>
      </trkpt>
      <trkpt lat="34.25395" lon="-117.48605">
        <ele>1066.54</ele>
      </trkpt>
      <trkpt lat="34.25403" lon="-117.48599">
        <ele>1067.09</ele>
      </trkpt>
      <trkpt lat="34.25408" lon="-117.48597">
        <ele>1066.98</ele>
      </trkpt>
      <trkpt lat="34.25416" lon="-117.48595">
        <ele>1066.55</ele>
      </trkpt>
      <trkpt lat="34.25439" lon="-117.48593">
        <ele>1064.11</ele>
      </trkpt>
      <trkpt lat="34.25447" lon="-117.48591">
        <ele>1061.94</ele>
      </trkpt>
      <trkpt lat="34.25454" lon="-117.48587">
        <ele>1059.5</ele>
      </trkpt>
      <trkpt lat="34.25459" lon="-117.48584">
        <ele>1058.17</ele>
      </trkpt>
      <trkpt lat="34.25464" lon="-117.48582">
        <ele>1056.94</ele>
      </trkpt>
      <trkpt lat="34.25469" lon="-117.48579">
        <ele>1056.47</ele>
      </trkpt>
      <trkpt lat="34.25476" lon="-117.48576">
        <ele>1055.77</ele>
      </trkpt>
      <trkpt lat="34.25483" lon="-117.48573">
        <ele>1054.9</ele>
      </trkpt>
      <trkpt lat="34.25487" lon="-117.4857">
        <ele>1054.69</ele>
      </trkpt>
      <trkpt lat="34.25491" lon="-117.48566">
        <ele>1054.69</ele>
      </trkpt>
      <trkpt lat="34.25496" lon="-117.4856">
        <ele>1054.9</ele>
      </trkpt>
      <trkpt lat="34.25502" lon="-117.48551">
        <ele>1055.06</ele>
      </trkpt>
      <trkpt lat="34.25506" lon="-117.48544">
        <ele>1055.04</ele>
      </trkpt>
      <trkpt lat="34.25511" lon="-117.48534">
        <ele>1054.69</ele>
      </trkpt>
      <trkpt lat="34.25515" lon="-117.48527">
        <ele>1054.35</ele>
      </trkpt>
      <trkpt lat="34.25516" lon="-117.48525">
        <ele>1054.19</ele>
      </trkpt>
      <trkpt lat="34.2552" lon="-117.4852">
        <ele>1054.11</ele>
      </trkpt>
      <trkpt lat="34.25521" lon="-117.48519">
        <ele>1054.24</ele>
      </trkpt>
      <trkpt lat="34.25524" lon="-117.48519">
        <ele>1054.53</ele>
      </trkpt>
      <trkpt lat="34.25529" lon="-117.4852">
        <ele>1054.55</ele>
      </trkpt>
      <trkpt lat="34.25533" lon="-117.48521">
        <ele>1053.9</ele>
      </trkpt>
      <trkpt lat="34.25537" lon="-117.48521">
        <ele>1053.47</ele>
      </trkpt>
      <trkpt lat="34.25543" lon="-117.48519">
        <ele>1053.25</ele>
      </trkpt>
      <trkpt lat="34.25551" lon="-117.48517">
        <ele>1054.0</ele>
      </trkpt>
      <trkpt lat="34.25553" lon="-117.48516">
        <ele>1054.54</ele>
      </trkpt>
      <trkpt lat="34.25559" lon="-117.48515">
        <ele>1055.51</ele>
      </trkpt>
      <trkpt lat="34.25573" lon="-117.48515">
        <ele>1057.57</ele>
      </trkpt>
      <trkpt lat="34.25576" lon="-117.48515">
        <ele>1057.97</ele>
      </trkpt>
      <trkpt lat="34.25581" lon="-117.48517">
        <ele>1058.08</ele>
      </trkpt>
      <trkpt lat="34.25588" lon="-117.4852">
        <ele>1058.42</ele>
      </trkpt>
      <trkpt lat="34.25595" lon="-117.48524">
        <ele>1059.63</ele>
      </trkpt>
      <trkpt lat="34.256" lon="-117.48528">
        <ele>1060.6</ele>
      </trkpt>
      <trkpt lat="34.25606" lon="-117.48534">
        <ele>1062.79</ele>
      </trkpt>
      <trkpt lat="34.25612" lon="-117.4854">
        <ele>1064.62</ele>
      </trkpt>
      <trkpt lat="34.25617" lon="-117.48546">
        <ele>1062.8</ele>
      </trkpt>
      <trkpt lat="34.25626" lon="-117.48551">
        <ele>1060.58</ele>
      </trkpt>
      <trkpt lat="34.25638" lon="-117.48557">
        <ele>1058.7</ele>
      </trkpt>
      <trkpt lat="34.25647" lon="-117.48562">
        <ele>1057.87</ele>
      </trkpt>
      <trkpt lat="34.25658" lon="-117.4857">
        <ele>1057.97</ele>
      </trkpt>
      <trkpt lat="34.25668" lon="-117.48582">
        <ele>1056.58</ele>
      </trkpt>
      <trkpt lat="34.25677" lon="-117.48592">
        <ele>1056.35</ele>
      </trkpt>
      <trkpt lat="34.25684" lon="-117.48601">
        <ele>1055.14</ele>
      </trkpt>
      <trkpt lat="34.25699" lon="-117.48619">
        <ele>1050.38</ele>
      </trkpt>
      <trkpt lat="34.25714" lon="-117.48635">
        <ele>1045.95</ele>
      </trkpt>
      <trkpt lat="34.25732" lon="-117.48653">
        <ele>1046.04</ele>
      </trkpt>
      <trkpt lat="34.25744" lon="-117.48663">
        <ele>1046.5</ele>
      </trkpt>
      <trkpt lat="34.25753" lon="-117.48671">
        <ele>1046.56</ele>
      </trkpt>
      <trkpt lat="34.2576" lon="-117.48678">
        <ele>1045.69</ele>
      </trkpt>
      <trkpt lat="34.25765" lon="-117.48684">
        <ele>1044.96</ele>
      </trkpt>
      <trkpt lat="34.25771" lon="-117.4869">
        <ele>1044.09</ele>
      </trkpt>
      <trkpt lat="34.25776" lon="-117.48696">
        <ele>1042.53</ele>
      </trkpt>
      <trkpt lat="34.25781" lon="-117.48704">
        <ele>1039.59</ele>
      </trkpt>
      <trkpt lat="34.25787" lon="-117.48716">
        <ele>1036.35</ele>
      </trkpt>
      <trkpt lat="34.25794" lon="-117.48727">
        <ele>1033.97</ele>
      </trkpt>
      <trkpt lat="34.25799" lon="-117.48735">
        <ele>1033.09</ele>
      </trkpt>
      <trkpt lat="34.25802" lon="-117.48741">
        <ele>1032.59</ele>
      </trkpt>
      <trkpt lat="34.25804" lon="-117.48748">
        <ele>1032.05</ele>
      </trkpt>
      <trkpt lat="34.25807" lon="-117.48754">
        <ele>1031.72</ele>
      </trkpt>
      <trkpt lat="34.25809" lon="-117.48758">
        <ele>1031.51</ele>
      </trkpt>
      <trkpt lat="34.25811" lon="-117.48762">
        <ele>1031.17</ele>
      </trkpt>
      <trkpt lat="34.25815" lon="-117.48768">
        <ele>1031.08</ele>
      </trkpt>
      <trkpt lat="34.2582" lon="-117.48778">
        <ele>1030.1</ele>
      </trkpt>
      <trkpt lat="34.25826" lon="-117.48785">
        <ele>1030.47</ele>
      </trkpt>
      <trkpt lat="34.25833" lon="-117.48792">
        <ele>1030.43</ele>
      </trkpt>
      <trkpt lat="34.25839" lon="-117.488">
        <ele>1030.18</ele>
      </trkpt>
      <trkpt lat="34.25843" lon="-117.48811">
        <ele>1027.32</ele>
      </trkpt>
      <trkpt lat="34.25846" lon="-117.48824">
        <ele>1023.65</ele>
      </trkpt>
      <trkpt lat="34.2585" lon="-117.48834">
        <ele>1021.64</ele>
      </trkpt>
      <trkpt lat="34.25854" lon="-117.48843">
        <ele>1020.38</ele>
      </trkpt>
      <trkpt lat="34.25858" lon="-117.48849">
        <ele>1019.94</ele>
      </trkpt>
      <trkpt lat="34.25861" lon="-117.48853">
        <ele>1019.85</ele>
      </trkpt>
      <trkpt lat="34.25864" lon="-117.48856">
        <ele>1020.35</ele>
      </trkpt>
      <trkpt lat="34.25866" lon="-117.48858">
        <ele>1020.57</ele>
      </trkpt>
      <trkpt lat="34.25872" lon="-117.48864">
        <ele>1021.16</ele>
      </trkpt>
      <trkpt lat="34.25873" lon="-117.48866">
        <ele>1021.17</ele>
      </trkpt>
      <trkpt lat="34.25877" lon="-117.48874">
        <ele>1020.65</ele>
      </trkpt>
      <trkpt lat="34.25879" lon="-117.48884">
        <ele>1019.39</ele>
      </trkpt>
      <trkpt lat="34.25879" lon="-117.48891">
        <ele>1018.41</ele>
      </trkpt>
      <trkpt lat="34.2588" lon="-117.48898">
        <ele>1017.15</ele>
      </trkpt>
      <trkpt lat="34.25882" lon="-117.48905">
        <ele>1017.03</ele>
      </trkpt>
      <trkpt lat="34.25883" lon="-117.48909">
        <ele>1017.03</ele>
      </trkpt>
      <trkpt lat="34.25887" lon="-117.48914">
        <ele>1017.82</ele>
      </trkpt>
      <trkpt lat="34.25897" lon="-117.48922">
        <ele>1020.05</ele>
      </trkpt>
      <trkpt lat="34.25902" lon="-117.4893">
        <ele>1020.81</ele>
      </trkpt>
      <trkpt lat="34.25905" lon="-117.48937">
        <ele>1021.02</ele>
      </trkpt>
      <trkpt lat="34.25906" lon="-117.48942">
        <ele>1020.81</ele>
      </trkpt>
      <trkpt lat="34.25908" lon="-117.48949">
        <ele>1020.7</ele>
      </trkpt>
      <trkpt lat="34.25909" lon="-117.48957">
        <ele>1020.16</ele>
      </trkpt>
      <trkpt lat="34.2591" lon="-117.48966">
        <ele>1019.51</ele>
      </trkpt>
      <trkpt lat="34.25915" lon="-117.48992">
        <ele>1016.26</ele>
      </trkpt>
      <trkpt lat="34.25917" lon="-117.48999">
        <ele>1014.47</ele>
      </trkpt>
      <trkpt lat="34.25918" lon="-117.49005">
        <ele>1012.88</ele>
      </trkpt>
      <trkpt lat="34.2592" lon="-117.49014">
        <ele>1011.38</ele>
      </trkpt>
      <trkpt lat="34.25921" lon="-117.49017">
        <ele>1011.18</ele>
      </trkpt>
      <trkpt lat="34.25925" lon="-117.49028">
        <ele>1011.8</ele>
      </trkpt>
      <trkpt lat="34.25929" lon="-117.49038">
        <ele>1013.85</ele>
      </trkpt>
      <trkpt lat="34.25934" lon="-117.49049">
        <ele>1014.56</ele>
      </trkpt>
      <trkpt lat="34.25937" lon="-117.49056">
        <ele>1013.91</ele>
      </trkpt>
      <trkpt lat="34.25941" lon="-117.49063">
        <ele>1014.33</ele>
      </trkpt>
      <trkpt lat="34.25944" lon="-117.49067">
        <ele>1014.16</ele>
      </trkpt>
      <trkpt lat="34.25946" lon="-117.49071">
        <ele>1013.56</ele>
      </trkpt>
      <trkpt lat="34.25957" lon="-117.49084">
        <ele>1012.59</ele>
      </trkpt>
      <trkpt lat="34.2596" lon="-117.49087">
        <ele>1012.43</ele>
      </trkpt>
      <trkpt lat="34.25967" lon="-117.49096">
        <ele>1011.07</ele>
      </trkpt>
      <trkpt lat="34.2597" lon="-117.49101">
        <ele>1010.85</ele>
      </trkpt>
      <trkpt lat="34.25973" lon="-117.49108">
        <ele>1010.34</ele>
      </trkpt>
      <trkpt lat="34.25976" lon="-117.49118">
        <ele>1009.56</ele>
      </trkpt>
      <trkpt lat="34.25977" lon="-117.49124">
        <ele>1009.12</ele>
      </trkpt>
      <trkpt lat="34.25979" lon="-117.4913">
        <ele>1008.73</ele>
      </trkpt>
      <trkpt lat="34.25983" lon="-117.49139">
        <ele>1009.15</ele>
      </trkpt>
      <trkpt lat="34.25987" lon="-117.49149">
        <ele>1008.6</ele>
      </trkpt>
      <trkpt lat="34.25993" lon="-117.49161">
        <ele>1009.24</ele>
      </trkpt>
      <trkpt lat="34.26003" lon="-117.4917">
        <ele>1010.21</ele>
      </trkpt>
      <trkpt lat="34.26017" lon="-117.49179">
        <ele>1010.84</ele>
      </trkpt>
      <trkpt lat="34.26021" lon="-117.49183">
        <ele>1011.27</ele>
      </trkpt>
      <trkpt lat="34.2603" lon="-117.49193">
        <ele>1012.04</ele>
      </trkpt>
      <trkpt lat="34.26034" lon="-117.492">
        <ele>1011.8</ele>
      </trkpt>
      <trkpt lat="34.26038" lon="-117.49207">
        <ele>1012.17</ele>
      </trkpt>
      <trkpt lat="34.26041" lon="-117.49215">
        <ele>1012.33</ele>
      </trkpt>
      <trkpt lat="34.26045" lon="-117.49227">
        <ele>1011.93</ele>
      </trkpt>
      <trkpt lat="34.2605" lon="-117.49243">
        <ele>1012.3</ele>
      </trkpt>
      <trkpt lat="34.26052" lon="-117.49247">
        <ele>1012.2</ele>
      </trkpt>
      <trkpt lat="34.26053" lon="-117.49252">
        <ele>1012.0</ele>
      </trkpt>
      <trkpt lat="34.26058" lon="-117.49267">
        <ele>1012.26</ele>
      </trkpt>
      <trkpt lat="34.2606" lon="-117.49272">
        <ele>1012.48</ele>
      </trkpt>
      <trkpt lat="34.26061" lon="-117.49276">
        <ele>1012.59</ele>
      </trkpt>
      <trkpt lat="34.26062" lon="-117.49278">
        <ele>1012.72</ele>
      </trkpt>
      <trkpt lat="34.26068" lon="-117.49291">
        <ele>1015.4</ele>
      </trkpt>
      <trkpt lat="34.26074" lon="-117.49303">
        <ele>1017.72</ele>
      </trkpt>
      <trkpt lat="34.26082" lon="-117.49317">
        <ele>1020.06</ele>
      </trkpt>
      <trkpt lat="34.26089" lon="-117.4933">
        <ele>1021.61</ele>
      </trkpt>
      <trkpt lat="34.26095" lon="-117.49341">
        <ele>1023.13</ele>
      </trkpt>
      <trkpt lat="34.26098" lon="-117.49353">
        <ele>1023.58</ele>
      </trkpt>
      <trkpt lat="34.26099" lon="-117.49359">
        <ele>1023.69</ele>
      </trkpt>
      <trkpt lat="34.26099" lon="-117.49366">
        <ele>1024.06</ele>
      </trkpt>
      <trkpt lat="34.26101" lon="-117.49378">
        <ele>1025.64</ele>
      </trkpt>
      <trkpt lat="34.26101" lon="-117.49384">
        <ele>1025.82</ele>
      </trkpt>
      <trkpt lat="34.26101" lon="-117.49395">
        <ele>1025.82</ele>
      </trkpt>
      <trkpt lat="34.26101" lon="-117.49404">
        <ele>1025.82</ele>
      </trkpt>
      <trkpt lat="34.261" lon="-117.49413">
        <ele>1025.6</ele>
      </trkpt>
      <trkpt lat="34.26098" lon="-117.49423">
        <ele>1026.14</ele>
      </trkpt>
      <trkpt lat="34.26094" lon="-117.49435">
        <ele>1027.13</ele>
      </trkpt>
      <trkpt lat="34.26086" lon="-117.49451">
        <ele>1026.38</ele>
      </trkpt>
      <trkpt lat="34.2608" lon="-117.49462">
        <ele>1024.17</ele>
      </trkpt>
      <trkpt lat="34.26075" lon="-117.4947">
        <ele>1022.56</ele>
      </trkpt>
      <trkpt lat="34.26068" lon="-117.49477">
        <ele>1020.49</ele>
      </trkpt>
      <trkpt lat="34.26059" lon="-117.49483">
        <ele>1016.85</ele>
      </trkpt>
      <trkpt lat="34.26052" lon="-117.49488">
        <ele>1013.71</ele>
      </trkpt>
      <trkpt lat="34.26047" lon="-117.49491">
        <ele>1012.15</ele>
      </trkpt>
      <trkpt lat="34.26043" lon="-117.49493">
        <ele>1011.73</ele>
      </trkpt>
      <trkpt lat="34.26039" lon="-117.49496">
        <ele>1011.66</ele>
      </trkpt>
      <trkpt lat="34.26034" lon="-117.49498">
        <ele>1011.78</ele>
      </trkpt>
      <trkpt lat="34.26029" lon="-117.495">
        <ele>1012.0</ele>
      </trkpt>
      <trkpt lat="34.26024" lon="-117.49501">
        <ele>1012.11</ele>
      </trkpt>
      <trkpt lat="34.26019" lon="-117.49501">
        <ele>1012.11</ele>
      </trkpt>
      <trkpt lat="34.26017" lon="-117.49498">
        <ele>1011.44</ele>
      </trkpt>
      <trkpt lat="34.26015" lon="-117.49496">
        <ele>1010.92</ele>
      </trkpt>
      <trkpt lat="34.26013" lon="-117.4949">
        <ele>1010.0</ele>
      </trkpt>
      <trkpt lat="34.26009" lon="-117.49485">
        <ele>1009.99</ele>
      </trkpt>
      <trkpt lat="34.26001" lon="-117.49465">
        <ele>1010.98</ele>
      </trkpt>
      <trkpt lat="34.25991" lon="-117.49443">
        <ele>1011.82</ele>
      </trkpt>
      <trkpt lat="34.25989" lon="-117.49438">
        <ele>1011.3</ele>
      </trkpt>
      <trkpt lat="34.25987" lon="-117.49431">
        <ele>1010.82</ele>
      </trkpt>
      <trkpt lat="34.25979" lon="-117.4942">
        <ele>1010.47</ele>
      </trkpt>
      <trkpt lat="34.25978" lon="-117.49419">
        <ele>1010.47</ele>
      </trkpt>
      <trkpt lat="34.25975" lon="-117.49413">
        <ele>1010.7</ele>
      </trkpt>
      <trkpt lat="34.25967" lon="-117.49401">
        <ele>1010.44</ele>
      </trkpt>
      <trkpt lat="34.25963" lon="-117.49396">
        <ele>1010.24</ele>
      </trkpt>
      <trkpt lat="34.25958" lon="-117.49392">
        <ele>1010.13</ele>
      </trkpt>
      <trkpt lat="34.25943" lon="-117.49372">
        <ele>1009.54</ele>
      </trkpt>
      <trkpt lat="34.25932" lon="-117.49358">
        <ele>1008.31</ele>
      </trkpt>
      <trkpt lat="34.25924" lon="-117.49348">
        <ele>1006.58</ele>
      </trkpt>
      <trkpt lat="34.25917" lon="-117.49339">
        <ele>1005.07</ele>
      </trkpt>
      <trkpt lat="34.25908" lon="-117.4933">
        <ele>1004.06</ele>
      </trkpt>
      <trkpt lat="34.25897" lon="-117.49318">
        <ele>1003.57</ele>
      </trkpt>
      <trkpt lat="34.25883" lon="-117.49303">
        <ele>1002.36</ele>
      </trkpt>
      <trkpt lat="34.25872" lon="-117.49291">
        <ele>1001.18</ele>
      </trkpt>
      <trkpt lat="34.25863" lon="-117.49281">
        <ele>1000.2</ele>
      </trkpt>
      <trkpt lat="34.25852" lon="-117.49269">
        <ele>999.07</ele>
      </trkpt>
      <trkpt lat="34.25838" lon="-117.49253">
        <ele>998.5</ele>
      </trkpt>
      <trkpt lat="34.25821" lon="-117.49237">
        <ele>997.0</ele>
      </trkpt>
      <trkpt lat="34.25802" lon="-117.49223">
        <ele>995.62</ele>
      </trkpt>
      <trkpt lat="34.25794" lon="-117.49217">
        <ele>995.0</ele>
      </trkpt>
      <trkpt lat="34.25793" lon="-117.49217">
        <ele>995.0</ele>
      </trkpt>
      <trkpt lat="34.25785" lon="-117.49212">
        <ele>994.78</ele>
      </trkpt>
      <trkpt lat="34.25773" lon="-117.49207">
        <ele>993.82</ele>
      </trkpt>
      <trkpt lat="34.25756" lon="-117.49201">
        <ele>992.9</ele>
      </trkpt>
      <trkpt lat="34.25731" lon="-117.49191">
        <ele>991.35</ele>
      </trkpt>
      <trkpt lat="34.25706" lon="-117.49191">
        <ele>990.09</ele>
      </trkpt>
      <trkpt lat="34.25696" lon="-117.49191">
        <ele>989.48</ele>
      </trkpt>
      <trkpt lat="34.25654" lon="-117.49191">
        <ele>989.24</ele>
      </trkpt>
      <trkpt lat="34.25648" lon="-117.49192">
        <ele>989.0</ele>
      </trkpt>
      <trkpt lat="34.25643" lon="-117.49193">
        <ele>989.0</ele>
      </trkpt>
      <trkpt lat="34.25621" lon="-117.49196">
        <ele>987.07</ele>
      </trkpt>
      <trkpt lat="34.25617" lon="-117.49197">
        <ele>986.9</ele>
      </trkpt>
      <trkpt lat="34.25604" lon="-117.492">
        <ele>986.09</ele>
      </trkpt>
      <trkpt lat="34.25591" lon="-117.49203">
        <ele>984.84</ele>
      </trkpt>
      <trkpt lat="34.25574" lon="-117.49207">
        <ele>983.64</ele>
      </trkpt>
      <trkpt lat="34.25569" lon="-117.49209">
        <ele>983.19</ele>
      </trkpt>
      <trkpt lat="34.25545" lon="-117.49214">
        <ele>981.0</ele>
      </trkpt>
      <trkpt lat="34.25531" lon="-117.49218">
        <ele>980.65</ele>
      </trkpt>
      <trkpt lat="34.25522" lon="-117.4922">
        <ele>980.09</ele>
      </trkpt>
      <trkpt lat="34.25514" lon="-117.49223">
        <ele>979.47</ele>
      </trkpt>
      <trkpt lat="34.25502" lon="-117.49228">
        <ele>979.0</ele>
      </trkpt>
      <trkpt lat="34.25478" lon="-117.49235">
        <ele>978.0</ele>
      </trkpt>
      <trkpt lat="34.25466" lon="-117.49239">
        <ele>977.33</ele>
      </trkpt>
      <trkpt lat="34.25455" lon="-117.49242">
        <ele>976.14</ele>
      </trkpt>
      <trkpt lat="34.25444" lon="-117.49245">
        <ele>975.95</ele>
      </trkpt>
      <trkpt lat="34.25435" lon="-117.49248">
        <ele>974.98</ele>
      </trkpt>
      <trkpt lat="34.25424" lon="-117.49252">
        <ele>973.79</ele>
      </trkpt>
      <trkpt lat="34.25415" lon="-117.49254">
        <ele>972.92</ele>
      </trkpt>
      <trkpt lat="34.25395" lon="-117.49259">
        <ele>971.67</ele>
      </trkpt>
      <trkpt lat="34.25389" lon="-117.49261">
        <ele>971.01</ele>
      </trkpt>
      <trkpt lat="34.25387" lon="-117.49262">
        <ele>970.94</ele>
      </trkpt>
      <trkpt lat="34.25383" lon="-117.49263">
        <ele>970.74</ele>
      </trkpt>
      <trkpt lat="34.25371" lon="-117.49266">
        <ele>970.27</ele>
      </trkpt>
      <trkpt lat="34.25359" lon="-117.4927">
        <ele>969.65</ele>
      </trkpt>
      <trkpt lat="34.25345" lon="-117.49273">
        <ele>968.64</ele>
      </trkpt>
      <trkpt lat="34.25325" lon="-117.49279">
        <ele>967.87</ele>
      </trkpt>
      <trkpt lat="34.25298" lon="-117.49287">
        <ele>966.0</ele>
      </trkpt>
      <trkpt lat="34.25286" lon="-117.4929">
        <ele>965.6</ele>
      </trkpt>
      <trkpt lat="34.25273" lon="-117.49294">
        <ele>964.48</ele>
      </trkpt>
      <trkpt lat="34.25268" lon="-117.49296">
        <ele>964.0</ele>
      </trkpt>
      <trkpt lat="34.25257" lon="-117.49299">
        <ele>963.54</ele>
      </trkpt>
      <trkpt lat="34.25243" lon="-117.49304">
        <ele>962.37</ele>
      </trkpt>
      <trkpt lat="34.25218" lon="-117.49312">
        <ele>961.68</ele>
      </trkpt>
      <trkpt lat="34.25197" lon="-117.49319">
        <ele>961.0</ele>
      </trkpt>
      <trkpt lat="34.25169" lon="-117.49329">
        <ele>960.47</ele>
      </trkpt>
      <trkpt lat="34.25152" lon="-117.49336">
        <ele>960.0</ele>
      </trkpt>
      <trkpt lat="34.25134" lon="-117.49342">
        <ele>959.06</ele>
      </trkpt>
      <trkpt lat="34.25125" lon="-117.49344">
        <ele>959.0</ele>
      </trkpt>
      <trkpt lat="34.25115" lon="-117.49348">
        <ele>959.0</ele>
      </trkpt>
      <trkpt lat="34.25102" lon="-117.49352">
        <ele>958.98</ele>
      </trkpt>
      <trkpt lat="34.25092" lon="-117.49355">
        <ele>958.64</ele>
      </trkpt>
      <trkpt lat="34.25086" lon="-117.49357">
        <ele>958.05</ele>
      </trkpt>
      <trkpt lat="34.25071" lon="-117.49362">
        <ele>956.9</ele>
      </trkpt>
      <trkpt lat="34.25054" lon="-117.49366">
        <ele>955.38</ele>
      </trkpt>
      <trkpt lat="34.25034" lon="-117.49369">
        <ele>954.58</ele>
      </trkpt>
      <trkpt lat="34.25013" lon="-117.4937">
        <ele>955.04</ele>
      </trkpt>
      <trkpt lat="34.25003" lon="-117.4937">
        <ele>955.04</ele>
      </trkpt>
      <trkpt lat="34.24994" lon="-117.4937">
        <ele>954.39</ele>
      </trkpt>
      <trkpt lat="34.24976" lon="-117.4937">
        <ele>954.04</ele>
      </trkpt>
      <trkpt lat="34.24966" lon="-117.4937">
        <ele>953.37</ele>
      </trkpt>
      <trkpt lat="34.24954" lon="-117.49369">
        <ele>953.15</ele>
      </trkpt>
      <trkpt lat="34.24913" lon="-117.49369">
        <ele>951.66</ele>
      </trkpt>
      <trkpt lat="34.24909" lon="-117.49369">
        <ele>951.29</ele>
      </trkpt>
      <trkpt lat="34.24899" lon="-117.49371">
        <ele>950.94</ele>
      </trkpt>
      <trkpt lat="34.24884" lon="-117.49375">
        <ele>950.5</ele>
      </trkpt>
      <trkpt lat="34.24871" lon="-117.49379">
        <ele>950.07</ele>
      </trkpt>
      <trkpt lat="34.24857" lon="-117.49385">
        <ele>950.42</ele>
      </trkpt>
      <trkpt lat="34.24846" lon="-117.49392">
        <ele>949.54</ele>
      </trkpt>
      <trkpt lat="34.24835" lon="-117.49399">
        <ele>948.0</ele>
      </trkpt>
      <trkpt lat="34.24825" lon="-117.49404">
        <ele>945.84</ele>
      </trkpt>
      <trkpt lat="34.24822" lon="-117.49405">
        <ele>945.24</ele>
      </trkpt>
      <trkpt lat="34.2482" lon="-117.49407">
        <ele>944.63</ele>
      </trkpt>
      <trkpt lat="34.24816" lon="-117.49408">
        <ele>944.12</ele>
      </trkpt>
      <trkpt lat="34.24808" lon="-117.49408">
        <ele>944.69</ele>
      </trkpt>
      <trkpt lat="34.24805" lon="-117.49406">
        <ele>945.0</ele>
      </trkpt>
      <trkpt lat="34.24803" lon="-117.49404">
        <ele>945.0</ele>
      </trkpt>
      <trkpt lat="34.24799" lon="-117.49397">
        <ele>945.09</ele>
      </trkpt>
      <trkpt lat="34.24798" lon="-117.49397">
        <ele>945.1</ele>
      </trkpt>
      <trkpt lat="34.24798" lon="-117.49395">
        <ele>945.28</ele>
      </trkpt>
      <trkpt lat="34.24797" lon="-117.49393">
        <ele>945.51</ele>
      </trkpt>
      <trkpt lat="34.24791" lon="-117.49382">
        <ele>946.43</ele>
      </trkpt>
      <trkpt lat="34.24788" lon="-117.49378">
        <ele>946.9</ele>
      </trkpt>
      <trkpt lat="34.24784" lon="-117.49375">
        <ele>947.49</ele>
      </trkpt>
      <trkpt lat="34.24779" lon="-117.49371">
        <ele>948.68</ele>
      </trkpt>
      <trkpt lat="34.24775" lon="-117.49368">
        <ele>949.56</ele>
      </trkpt>
      <trkpt lat="34.2477" lon="-117.49367">
        <ele>950.2</ele>
      </trkpt>
      <trkpt lat="34.24766" lon="-117.49368">
        <ele>950.53</ele>
      </trkpt>
      <trkpt lat="34.24761" lon="-117.4937">
        <ele>950.85</ele>
      </trkpt>
      <trkpt lat="34.24757" lon="-117.49375">
        <ele>950.5</ele>
      </trkpt>
      <trkpt lat="34.24753" lon="-117.49378">
        <ele>950.18</ele>
      </trkpt>
      <trkpt lat="34.24749" lon="-117.49382">
        <ele>949.77</ele>
      </trkpt>
      <trkpt lat="34.24746" lon="-117.49386">
        <ele>949.61</ele>
      </trkpt>
      <trkpt lat="34.24742" lon="-117.49389">
        <ele>949.85</ele>
      </trkpt>
      <trkpt lat="34.24737" lon="-117.49391">
        <ele>949.77</ele>
      </trkpt>
      <trkpt lat="34.24733" lon="-117.49395">
        <ele>949.34</ele>
      </trkpt>
      <trkpt lat="34.24729" lon="-117.49398">
        <ele>949.02</ele>
      </trkpt>
      <trkpt lat="34.24725" lon="-117.49401">
        <ele>949.0</ele>
      </trkpt>
      <trkpt lat="34.24721" lon="-117.49404">
        <ele>949.05</ele>
      </trkpt>
      <trkpt lat="34.24716" lon="-117.49408">
        <ele>948.94</ele>
      </trkpt>
      <trkpt lat="34.24712" lon="-117.49411">
        <ele>948.65</ele>
      </trkpt>
      <trkpt lat="34.24707" lon="-117.49414">
        <ele>948.75</ele>
      </trkpt>
      <trkpt lat="34.24703" lon="-117.49417">
        <ele>948.96</ele>
      </trkpt>
      <trkpt lat="34.24703" lon="-117.49417">
        <ele>948.96</ele>
      </trkpt>
      <trkpt lat="34.24704" lon="-117.49417">
        <ele>948.93</ele>
      </trkpt>
      <trkpt lat="34.24702" lon="-117.49419">
        <ele>948.75</ele>
      </trkpt>
      <trkpt lat="34.24665" lon="-117.4945">
        <ele>948.18</ele>
      </trkpt>
      <trkpt lat="34.2464" lon="-117.49472">
        <ele>947.9</ele>
      </trkpt>
      <trkpt lat="34.24628" lon="-117.49485">
        <ele>946.66</ele>
      </trkpt>
      <trkpt lat="34.24625" lon="-117.4949">
        <ele>944.82</ele>
      </trkpt>
      <trkpt lat="34.24624" lon="-117.49495">
        <ele>943.05</ele>
      </trkpt>
      <trkpt lat="34.24624" lon="-117.49501">
        <ele>941.04</ele>
      </trkpt>
      <trkpt lat="34.24625" lon="-117.49506">
        <ele>940.03</ele>
      </trkpt>
      <trkpt lat="34.24626" lon="-117.49512">
        <ele>939.46</ele>
      </trkpt>
      <trkpt lat="34.2463" lon="-117.49516">
        <ele>939.78</ele>
      </trkpt>
      <trkpt lat="34.24633" lon="-117.49521">
        <ele>940.36</ele>
      </trkpt>
      <trkpt lat="34.24638" lon="-117.49526">
        <ele>940.9</ele>
      </trkpt>
      <trkpt lat="34.2464" lon="-117.49531">
        <ele>941.2</ele>
      </trkpt>
      <trkpt lat="34.24641" lon="-117.49536">
        <ele>941.25</ele>
      </trkpt>
      <trkpt lat="34.2464" lon="-117.49542">
        <ele>941.06</ele>
      </trkpt>
      <trkpt lat="34.24637" lon="-117.49546">
        <ele>940.99</ele>
      </trkpt>
      <trkpt lat="34.24633" lon="-117.49549">
        <ele>940.81</ele>
      </trkpt>
      <trkpt lat="34.24628" lon="-117.49552">
        <ele>940.32</ele>
      </trkpt>
      <trkpt lat="34.24623" lon="-117.49554">
        <ele>940.05</ele>
      </trkpt>
      <trkpt lat="34.24619" lon="-117.49556">
        <ele>940.0</ele>
      </trkpt>
      <trkpt lat="34.24614" lon="-117.49557">
        <ele>940.0</ele>
      </trkpt>
      <trkpt lat="34.24609" lon="-117.49558">
        <ele>940.0</ele>
      </trkpt>
      <trkpt lat="34.24604" lon="-117.49561">
        <ele>940.0</ele>
      </trkpt>
      <trkpt lat="34.24599" lon="-117.49562">
        <ele>939.6</ele>
      </trkpt>
      <trkpt lat="34.24595" lon="-117.49564">
        <ele>939.19</ele>
      </trkpt>
      <trkpt lat="34.2459" lon="-117.49565">
        <ele>938.44</ele>
      </trkpt>
      <trkpt lat="34.24588" lon="-117.49566">
        <ele>938.01</ele>
      </trkpt>
      <trkpt lat="34.24567" lon="-117.49572">
        <ele>937.0</ele>
      </trkpt>
      <trkpt lat="34.24557" lon="-117.49575">
        <ele>936.9</ele>
      </trkpt>
      <trkpt lat="34.24547" lon="-117.49578">
        <ele>936.58</ele>
      </trkpt>
      <trkpt lat="34.24536" lon="-117.49581">
        <ele>936.25</ele>
      </trkpt>
      <trkpt lat="34.24523" lon="-117.49586">
        <ele>936.0</ele>
      </trkpt>
      <trkpt lat="34.24508" lon="-117.49594">
        <ele>935.87</ele>
      </trkpt>
      <trkpt lat="34.24489" lon="-117.49605">
        <ele>935.66</ele>
      </trkpt>
      <trkpt lat="34.24484" lon="-117.49608">
        <ele>935.34</ele>
      </trkpt>
      <trkpt lat="34.24481" lon="-117.49609">
        <ele>935.23</ele>
      </trkpt>
      <trkpt lat="34.24475" lon="-117.49614">
        <ele>935.0</ele>
      </trkpt>
      <trkpt lat="34.24467" lon="-117.4962">
        <ele>935.02</ele>
      </trkpt>
      <trkpt lat="34.24457" lon="-117.49628">
        <ele>934.18</ele>
      </trkpt>
      <trkpt lat="34.24445" lon="-117.49637">
        <ele>932.26</ele>
      </trkpt>
      <trkpt lat="34.24434" lon="-117.49645">
        <ele>931.34</ele>
      </trkpt>
      <trkpt lat="34.24424" lon="-117.49654">
        <ele>930.37</ele>
      </trkpt>
      <trkpt lat="34.24422" lon="-117.49655">
        <ele>930.26</ele>
      </trkpt>
      <trkpt lat="34.24413" lon="-117.49661">
        <ele>929.37</ele>
      </trkpt>
      <trkpt lat="34.24402" lon="-117.4967">
        <ele>928.06</ele>
      </trkpt>
      <trkpt lat="34.24389" lon="-117.49679">
        <ele>926.67</ele>
      </trkpt>
      <trkpt lat="34.24378" lon="-117.49687">
        <ele>926.0</ele>
      </trkpt>
      <trkpt lat="34.24369" lon="-117.49695">
        <ele>925.95</ele>
      </trkpt>
      <trkpt lat="34.24356" lon="-117.49705">
        <ele>925.86</ele>
      </trkpt>
      <trkpt lat="34.2434" lon="-117.49717">
        <ele>925.16</ele>
      </trkpt>
      <trkpt lat="34.24328" lon="-117.49727">
        <ele>925.28</ele>
      </trkpt>
      <trkpt lat="34.24321" lon="-117.49731">
        <ele>925.05</ele>
      </trkpt>
      <trkpt lat="34.24311" lon="-117.49738">
        <ele>925.12</ele>
      </trkpt>
      <trkpt lat="34.243" lon="-117.49745">
        <ele>924.54</ele>
      </trkpt>
      <trkpt lat="34.24293" lon="-117.49751">
        <ele>923.93</ele>
      </trkpt>
      <trkpt lat="34.24284" lon="-117.49757">
        <ele>924.08</ele>
      </trkpt>
      <trkpt lat="34.24275" lon="-117.49763">
        <ele>923.6</ele>
      </trkpt>
      <trkpt lat="34.24271" lon="-117.49767">
        <ele>923.16</ele>
      </trkpt>
      <trkpt lat="34.2426" lon="-117.49773">
        <ele>923.44</ele>
      </trkpt>
      <trkpt lat="34.24242" lon="-117.49785">
        <ele>922.41</ele>
      </trkpt>
      <trkpt lat="34.24232" lon="-117.49791">
        <ele>922.52</ele>
      </trkpt>
      <trkpt lat="34.24223" lon="-117.49796">
        <ele>922.95</ele>
      </trkpt>
      <trkpt lat="34.24217" lon="-117.49801">
        <ele>922.55</ele>
      </trkpt>
      <trkpt lat="34.24211" lon="-117.49806">
        <ele>922.16</ele>
      </trkpt>
      <trkpt lat="34.24203" lon="-117.49813">
        <ele>922.27</ele>
      </trkpt>
      <trkpt lat="34.24195" lon="-117.49822">
        <ele>921.39</ele>
      </trkpt>
      <trkpt lat="34.2419" lon="-117.49829">
        <ele>921.43</ele>
      </trkpt>
      <trkpt lat="34.24185" lon="-117.49838">
        <ele>921.54</ele>
      </trkpt>
      <trkpt lat="34.24181" lon="-117.49848">
        <ele>921.32</ele>
      </trkpt>
      <trkpt lat="34.24177" lon="-117.49857">
        <ele>921.7</ele>
      </trkpt>
      <trkpt lat="34.24174" lon="-117.4987">
        <ele>921.46</ele>
      </trkpt>
      <trkpt lat="34.24171" lon="-117.49885">
        <ele>920.71</ele>
      </trkpt>
      <trkpt lat="34.2417" lon="-117.49887">
        <ele>920.61</ele>
      </trkpt>
      <trkpt lat="34.24169" lon="-117.4989">
        <ele>920.38</ele>
      </trkpt>
      <trkpt lat="34.24168" lon="-117.49894">
        <ele>920.16</ele>
      </trkpt>
      <trkpt lat="34.24165" lon="-117.49901">
        <ele>920.05</ele>
      </trkpt>
      <trkpt lat="34.2416" lon="-117.4991">
        <ele>919.96</ele>
      </trkpt>
      <trkpt lat="34.24151" lon="-117.49915">
        <ele>920.05</ele>
      </trkpt>
      <trkpt lat="34.24141" lon="-117.49917">
        <ele>918.45</ele>
      </trkpt>
      <trkpt lat="34.24125" lon="-117.49919">
        <ele>915.0</ele>
      </trkpt>
      <trkpt lat="34.24119" lon="-117.49919">
        <ele>913.81</ele>
      </trkpt>
      <trkpt lat="34.24108" lon="-117.49918">
        <ele>912.14</ele>
      </trkpt>
      <trkpt lat="34.24098" lon="-117.49918">
        <ele>910.71</ele>
      </trkpt>
      <trkpt lat="34.24092" lon="-117.49918">
        <ele>910.71</ele>
      </trkpt>
      <trkpt lat="34.24085" lon="-117.49918">
        <ele>910.71</ele>
      </trkpt>
      <trkpt lat="34.24077" lon="-117.49918">
        <ele>910.71</ele>
      </trkpt>
      <trkpt lat="34.24067" lon="-117.49919">
        <ele>911.07</ele>
      </trkpt>
      <trkpt lat="34.24063" lon="-117.4992">
        <ele>910.92</ele>
      </trkpt>
      <trkpt lat="34.24046" lon="-117.49921">
        <ele>911.08</ele>
      </trkpt>
      <trkpt lat="34.24044" lon="-117.49921">
        <ele>911.2</ele>
      </trkpt>
      <trkpt lat="34.2403" lon="-117.49924">
        <ele>910.62</ele>
      </trkpt>
      <trkpt lat="34.24017" lon="-117.49924">
        <ele>910.49</ele>
      </trkpt>
      <trkpt lat="34.24006" lon="-117.49924">
        <ele>910.04</ele>
      </trkpt>
      <trkpt lat="34.23994" lon="-117.49921">
        <ele>910.76</ele>
      </trkpt>
      <trkpt lat="34.23982" lon="-117.49915">
        <ele>911.43</ele>
      </trkpt>
      <trkpt lat="34.23966" lon="-117.49906">
        <ele>910.96</ele>
      </trkpt>
      <trkpt lat="34.23953" lon="-117.49892">
        <ele>910.13</ele>
      </trkpt>
      <trkpt lat="34.23939" lon="-117.49876">
        <ele>904.99</ele>
      </trkpt>
      <trkpt lat="34.2392" lon="-117.49855">
        <ele>902.26</ele>
      </trkpt>
      <trkpt lat="34.23907" lon="-117.49839">
        <ele>901.96</ele>
      </trkpt>
      <trkpt lat="34.23893" lon="-117.49823">
        <ele>901.12</ele>
      </trkpt>
      <trkpt lat="34.23876" lon="-117.49808">
        <ele>901.34</ele>
      </trkpt>
      <trkpt lat="34.23863" lon="-117.49797">
        <ele>901.13</ele>
      </trkpt>
      <trkpt lat="34.23854" lon="-117.49792">
        <ele>900.7</ele>
      </trkpt>
      <trkpt lat="34.23846" lon="-117.49788">
        <ele>900.9</ele>
      </trkpt>
      <trkpt lat="34.23839" lon="-117.49787">
        <ele>901.0</ele>
      </trkpt>
      <trkpt lat="34.23828" lon="-117.49785">
        <ele>901.0</ele>
      </trkpt>
      <trkpt lat="34.23806" lon="-117.49784">
        <ele>900.64</ele>
      </trkpt>
      <trkpt lat="34.23785" lon="-117.49784">
        <ele>900.84</ele>
      </trkpt>
      <trkpt lat="34.23765" lon="-117.49783">
        <ele>900.36</ele>
      </trkpt>
      <trkpt lat="34.23756" lon="-117.49783">
        <ele>899.59</ele>
      </trkpt>
      <trkpt lat="34.23754" lon="-117.49783">
        <ele>899.5</ele>
      </trkpt>
      <trkpt lat="34.23749" lon="-117.49782">
        <ele>899.42</ele>
      </trkpt>
      <trkpt lat="34.23743" lon="-117.4978">
        <ele>898.77</ele>
      </trkpt>
      <trkpt lat="34.23736" lon="-117.49776">
        <ele>899.25</ele>
      </trkpt>
      <trkpt lat="34.23731" lon="-117.4977">
        <ele>900.37</ele>
      </trkpt>
      <trkpt lat="34.2373" lon="-117.49768">
        <ele>900.68</ele>
      </trkpt>
      <trkpt lat="34.23727" lon="-117.49765">
        <ele>900.5</ele>
      </trkpt>
      <trkpt lat="34.23723" lon="-117.49758">
        <ele>900.65</ele>
      </trkpt>
      <trkpt lat="34.23722" lon="-117.49755">
        <ele>900.85</ele>
      </trkpt>
      <trkpt lat="34.23718" lon="-117.49749">
        <ele>900.8</ele>
      </trkpt>
      <trkpt lat="34.23715" lon="-117.49739">
        <ele>900.92</ele>
      </trkpt>
      <trkpt lat="34.23711" lon="-117.49727">
        <ele>899.75</ele>
      </trkpt>
      <trkpt lat="34.23706" lon="-117.49711">
        <ele>898.69</ele>
      </trkpt>
      <trkpt lat="34.23699" lon="-117.49696">
        <ele>896.9</ele>
      </trkpt>
      <trkpt lat="34.23691" lon="-117.4968">
        <ele>895.82</ele>
      </trkpt>
      <trkpt lat="34.23687" lon="-117.49672">
        <ele>895.82</ele>
      </trkpt>
      <trkpt lat="34.23683" lon="-117.49667">
        <ele>895.49</ele>
      </trkpt>
      <trkpt lat="34.23677" lon="-117.49656">
        <ele>895.67</ele>
      </trkpt>
      <trkpt lat="34.2367" lon="-117.49647">
        <ele>896.41</ele>
      </trkpt>
      <trkpt lat="34.23663" lon="-117.49639">
        <ele>896.78</ele>
      </trkpt>
      <trkpt lat="34.23655" lon="-117.49631">
        <ele>896.18</ele>
      </trkpt>
      <trkpt lat="34.23645" lon="-117.4962">
        <ele>895.65</ele>
      </trkpt>
      <trkpt lat="34.23631" lon="-117.49604">
        <ele>888.82</ele>
      </trkpt>
      <trkpt lat="34.23623" lon="-117.49594">
        <ele>887.55</ele>
      </trkpt>
      <trkpt lat="34.2361" lon="-117.49576">
        <ele>885.5</ele>
      </trkpt>
      <trkpt lat="34.23599" lon="-117.4956">
        <ele>886.28</ele>
      </trkpt>
      <trkpt lat="34.23584" lon="-117.49536">
        <ele>890.02</ele>
      </trkpt>
      <trkpt lat="34.23574" lon="-117.4952">
        <ele>890.48</ele>
      </trkpt>
      <trkpt lat="34.23564" lon="-117.49505">
        <ele>888.57</ele>
      </trkpt>
      <trkpt lat="34.2356" lon="-117.49498">
        <ele>888.34</ele>
      </trkpt>
      <trkpt lat="34.23553" lon="-117.49481">
        <ele>887.26</ele>
      </trkpt>
      <trkpt lat="34.23546" lon="-117.49467">
        <ele>885.89</ele>
      </trkpt>
      <trkpt lat="34.23542" lon="-117.49456">
        <ele>882.64</ele>
      </trkpt>
      <trkpt lat="34.23536" lon="-117.49445">
        <ele>878.11</ele>
      </trkpt>
      <trkpt lat="34.23532" lon="-117.49434">
        <ele>878.51</ele>
      </trkpt>
      <trkpt lat="34.23526" lon="-117.4942">
        <ele>878.33</ele>
      </trkpt>
      <trkpt lat="34.23523" lon="-117.49413">
        <ele>878.35</ele>
      </trkpt>
      <trkpt lat="34.23519" lon="-117.49404">
        <ele>877.63</ele>
      </trkpt>
      <trkpt lat="34.23511" lon="-117.4939">
        <ele>877.52</ele>
      </trkpt>
      <trkpt lat="34.23505" lon="-117.49375">
        <ele>877.08</ele>
      </trkpt>
      <trkpt lat="34.23499" lon="-117.49361">
        <ele>876.8</ele>
      </trkpt>
      <trkpt lat="34.23494" lon="-117.49348">
        <ele>877.56</ele>
      </trkpt>
      <trkpt lat="34.23487" lon="-117.49335">
        <ele>877.5</ele>
      </trkpt>
      <trkpt lat="34.23486" lon="-117.49329">
        <ele>878.62</ele>
      </trkpt>
      <trkpt lat="34.23484" lon="-117.49326">
        <ele>878.25</ele>
      </trkpt>
      <trkpt lat="34.23483" lon="-117.49321">
        <ele>878.53</ele>
      </trkpt>
      <trkpt lat="34.23481" lon="-117.49312">
        <ele>877.74</ele>
      </trkpt>
      <trkpt lat="34.23481" lon="-117.49296">
        <ele>877.66</ele>
      </trkpt>
      <trkpt lat="34.23482" lon="-117.49277">
        <ele>876.41</ele>
      </trkpt>
      <trkpt lat="34.23484" lon="-117.49257">
        <ele>874.05</ele>
      </trkpt>
      <trkpt lat="34.23487" lon="-117.49234">
        <ele>872.25</ele>
      </trkpt>
      <trkpt lat="34.23492" lon="-117.49202">
        <ele>871.39</ele>
      </trkpt>
      <trkpt lat="34.23494" lon="-117.49182">
        <ele>871.54</ele>
      </trkpt>
      <trkpt lat="34.23494" lon="-117.49167">
        <ele>870.15</ele>
      </trkpt>
      <trkpt lat="34.23494" lon="-117.49157">
        <ele>869.69</ele>
      </trkpt>
      <trkpt lat="34.23494" lon="-117.49149">
        <ele>868.21</ele>
      </trkpt>
      <trkpt lat="34.23494" lon="-117.49136">
        <ele>866.0</ele>
      </trkpt>
      <trkpt lat="34.23493" lon="-117.49121">
        <ele>866.0</ele>
      </trkpt>
      <trkpt lat="34.23491" lon="-117.49107">
        <ele>866.0</ele>
      </trkpt>
      <trkpt lat="34.23483" lon="-117.49079">
        <ele>866.0</ele>
      </trkpt>
      <trkpt lat="34.23479" lon="-117.49063">
        <ele>866.0</ele>
      </trkpt>
      <trkpt lat="34.23476" lon="-117.49051">
        <ele>866.0</ele>
      </trkpt>
      <trkpt lat="34.23473" lon="-117.49041">
        <ele>866.0</ele>
      </trkpt>
      <trkpt lat="34.23468" lon="-117.49026">
        <ele>866.0</ele>
      </trkpt>
      <trkpt lat="34.23462" lon="-117.49004">
        <ele>866.0</ele>
      </trkpt>
      <trkpt lat="34.23457" lon="-117.48983">
        <ele>866.0</ele>
      </trkpt>
      <trkpt lat="34.23452" lon="-117.4896">
        <ele>866.0</ele>
      </trkpt>
      <trkpt lat="34.23449" lon="-117.48949">
        <ele>866.0</ele>
      </trkpt>
      <trkpt lat="34.23446" lon="-117.48936">
        <ele>866.0</ele>
      </trkpt>
      <trkpt lat="34.23441" lon="-117.48917">
        <ele>866.0</ele>
      </trkpt>
      <trkpt lat="34.23435" lon="-117.48895">
        <ele>866.0</ele>
      </trkpt>
      <trkpt lat="34.2343" lon="-117.48883">
        <ele>866.0</ele>
      </trkpt>
      <trkpt lat="34.23424" lon="-117.4887">
        <ele>866.0</ele>
      </trkpt>
      <trkpt lat="34.23418" lon="-117.48859">
        <ele>865.8</ele>
      </trkpt>
      <trkpt lat="34.23413" lon="-117.48849">
        <ele>864.88</ele>
      </trkpt>
      <trkpt lat="34.23405" lon="-117.48839">
        <ele>862.28</ele>
      </trkpt>
      <trkpt lat="34.23396" lon="-117.48824">
        <ele>858.53</ele>
      </trkpt>
      <trkpt lat="34.23384" lon="-117.4881">
        <ele>854.94</ele>
      </trkpt>
      <trkpt lat="34.23367" lon="-117.48795">
        <ele>853.55</ele>
      </trkpt>
      <trkpt lat="34.23352" lon="-117.48783">
        <ele>853.0</ele>
      </trkpt>
      <trkpt lat="34.23338" lon="-117.48772">
        <ele>853.69</ele>
      </trkpt>
      <trkpt lat="34.23322" lon="-117.48761">
        <ele>854.0</ele>
      </trkpt>
      <trkpt lat="34.23297" lon="-117.48744">
        <ele>853.63</ele>
      </trkpt>
      <trkpt lat="34.23278" lon="-117.48732">
        <ele>853.0</ele>
      </trkpt>
      <trkpt lat="34.23269" lon="-117.48728">
        <ele>853.0</ele>
      </trkpt>
      <trkpt lat="34.23267" lon="-117.48726">
        <ele>853.0</ele>
      </trkpt>
      <trkpt lat="34.23261" lon="-117.48723">
        <ele>853.0</ele>
      </trkpt>
      <trkpt lat="34.23253" lon="-117.48719">
        <ele>853.0</ele>
      </trkpt>
      <trkpt lat="34.23241" lon="-117.48711">
        <ele>852.24</ele>
      </trkpt>
      <trkpt lat="34.23232" lon="-117.48701">
        <ele>852.35</ele>
      </trkpt>
      <trkpt lat="34.23225" lon="-117.48691">
        <ele>851.6</ele>
      </trkpt>
      <trkpt lat="34.23221" lon="-117.48684">
        <ele>850.98</ele>
      </trkpt>
      <trkpt lat="34.23217" lon="-117.48675">
        <ele>850.83</ele>
      </trkpt>
      <trkpt lat="34.23212" lon="-117.48659">
        <ele>849.79</ele>
      </trkpt>
      <trkpt lat="34.23208" lon="-117.48647">
        <ele>848.87</ele>
      </trkpt>
      <trkpt lat="34.23202" lon="-117.48627">
        <ele>847.82</ele>
      </trkpt>
      <trkpt lat="34.23195" lon="-117.48603">
        <ele>846.12</ele>
      </trkpt>
      <trkpt lat="34.23188" lon="-117.48577">
        <ele>844.3</ele>
      </trkpt>
      <trkpt lat="34.23182" lon="-117.48558">
        <ele>842.66</ele>
      </trkpt>
      <trkpt lat="34.23179" lon="-117.48548">
        <ele>842.06</ele>
      </trkpt>
      <trkpt lat="34.23176" lon="-117.48537">
        <ele>841.01</ele>
      </trkpt>
      <trkpt lat="34.23171" lon="-117.4852">
        <ele>841.0</ele>
      </trkpt>
      <trkpt lat="34.23164" lon="-117.48495">
        <ele>840.0</ele>
      </trkpt>
      <trkpt lat="34.23161" lon="-117.48485">
        <ele>840.0</ele>
      </trkpt>
      <trkpt lat="34.23155" lon="-117.48466">
        <ele>839.74</ele>
      </trkpt>
      <trkpt lat="34.2315" lon="-117.4845">
        <ele>839.28</ele>
      </trkpt>
      <trkpt lat="34.23146" lon="-117.48436">
        <ele>839.47</ele>
      </trkpt>
      <trkpt lat="34.23145" lon="-117.48426">
        <ele>839.32</ele>
      </trkpt>
      <trkpt lat="34.23143" lon="-117.48415">
        <ele>838.81</ele>
      </trkpt>
      <trkpt lat="34.23143" lon="-117.48399">
        <ele>837.94</ele>
      </trkpt>
      <trkpt lat="34.23144" lon="-117.48389">
        <ele>838.1</ele>
      </trkpt>
      <trkpt lat="34.23147" lon="-117.48381">
        <ele>837.9</ele>
      </trkpt>
      <trkpt lat="34.23153" lon="-117.48369">
        <ele>838.49</ele>
      </trkpt>
      <trkpt lat="34.23153" lon="-117.48369">
        <ele>838.49</ele>
      </trkpt>
      <trkpt lat="34.23158" lon="-117.48363">
        <ele>839.28</ele>
      </trkpt>
      <trkpt lat="34.23164" lon="-117.48354">
        <ele>838.72</ele>
      </trkpt>
      <trkpt lat="34.23175" lon="-117.4834">
        <ele>838.62</ele>
      </trkpt>
      <trkpt lat="34.23183" lon="-117.48328">
        <ele>838.19</ele>
      </trkpt>
      <trkpt lat="34.23191" lon="-117.48316">
        <ele>837.21</ele>
      </trkpt>
      <trkpt lat="34.23204" lon="-117.48297">
        <ele>836.11</ele>
      </trkpt>
      <trkpt lat="34.23215" lon="-117.48277">
        <ele>834.92</ele>
      </trkpt>
      <trkpt lat="34.23226" lon="-117.48258">
        <ele>833.86</ele>
      </trkpt>
      <trkpt lat="34.23232" lon="-117.48239">
        <ele>832.82</ele>
      </trkpt>
      <trkpt lat="34.2324" lon="-117.48214">
        <ele>831.93</ele>
      </trkpt>
      <trkpt lat="34.23246" lon="-117.48192">
        <ele>831.42</ele>
      </trkpt>
      <trkpt lat="34.23251" lon="-117.48172">
        <ele>831.0</ele>
      </trkpt>
      <trkpt lat="34.23253" lon="-117.48168">
        <ele>831.0</ele>
      </trkpt>
      <trkpt lat="34.23257" lon="-117.48154">
        <ele>830.0</ele>
      </trkpt>
      <trkpt lat="34.23261" lon="-117.4814">
        <ele>829.12</ele>
      </trkpt>
      <trkpt lat="34.23264" lon="-117.48129">
        <ele>828.93</ele>
      </trkpt>
      <trkpt lat="34.23276" lon="-117.48086">
        <ele>827.86</ele>
      </trkpt>
      <trkpt lat="34.23279" lon="-117.48079">
        <ele>827.53</ele>
      </trkpt>
      <trkpt lat="34.23282" lon="-117.48069">
        <ele>827.0</ele>
      </trkpt>
      <trkpt lat="34.23285" lon="-117.48058">
        <ele>827.0</ele>
      </trkpt>
      <trkpt lat="34.23291" lon="-117.48039">
        <ele>826.55</ele>
      </trkpt>
      <trkpt lat="34.233" lon="-117.48011">
        <ele>826.08</ele>
      </trkpt>
      <trkpt lat="34.23305" lon="-117.4799">
        <ele>825.86</ele>
      </trkpt>
      <trkpt lat="34.23311" lon="-117.47972">
        <ele>825.0</ele>
      </trkpt>
      <trkpt lat="34.23315" lon="-117.47957">
        <ele>825.0</ele>
      </trkpt>
      <trkpt lat="34.23318" lon="-117.47945">
        <ele>824.06</ele>
      </trkpt>
      <trkpt lat="34.23322" lon="-117.47932">
        <ele>824.0</ele>
      </trkpt>
      <trkpt lat="34.23328" lon="-117.47916">
        <ele>823.0</ele>
      </trkpt>
      <trkpt lat="34.23338" lon="-117.47891">
        <ele>822.0</ele>
      </trkpt>
      <trkpt lat="34.23348" lon="-117.47868">
        <ele>820.89</ele>
      </trkpt>
      <trkpt lat="34.23348" lon="-117.47868">
        <ele>820.89</ele>
      </trkpt>
      <trkpt lat="34.23356" lon="-117.47851">
        <ele>820.0</ele>
      </trkpt>
      <trkpt lat="34.23361" lon="-117.47841">
        <ele>820.0</ele>
      </trkpt>
      <trkpt lat="34.23364" lon="-117.47833">
        <ele>819.96</ele>
      </trkpt>
      <trkpt lat="34.23369" lon="-117.47822">
        <ele>819.0</ele>
      </trkpt>
      <trkpt lat="34.23371" lon="-117.47817">
        <ele>819.0</ele>
      </trkpt>
      <trkpt lat="34.23381" lon="-117.47793">
        <ele>817.95</ele>
      </trkpt>
      <trkpt lat="34.23386" lon="-117.47783">
        <ele>817.18</ele>
      </trkpt>
      <trkpt lat="34.23389" lon="-117.47776">
        <ele>817.0</ele>
      </trkpt>
      <trkpt lat="34.23394" lon="-117.47765">
        <ele>817.0</ele>
      </trkpt>
      <trkpt lat="34.23399" lon="-117.47751">
        <ele>817.0</ele>
      </trkpt>
      <trkpt lat="34.23403" lon="-117.47738">
        <ele>817.0</ele>
      </trkpt>
      <trkpt lat="34.23406" lon="-117.4773">
        <ele>817.0</ele>
      </trkpt>
      <trkpt lat="34.23408" lon="-117.47711">
        <ele>817.0</ele>
      </trkpt>
      <trkpt lat="34.23408" lon="-117.47684">
        <ele>817.18</ele>
      </trkpt>
      <trkpt lat="34.23407" lon="-117.47663">
        <ele>818.0</ele>
      </trkpt>
      <trkpt lat="34.23404" lon="-117.4764">
        <ele>818.63</ele>
      </trkpt>
      <trkpt lat="34.234" lon="-117.47619">
        <ele>819.0</ele>
      </trkpt>
      <trkpt lat="34.23396" lon="-117.47598">
        <ele>818.77</ele>
      </trkpt>
      <trkpt lat="34.23391" lon="-117.47578">
        <ele>818.23</ele>
      </trkpt>
      <trkpt lat="34.23386" lon="-117.47559">
        <ele>817.8</ele>
      </trkpt>
      <trkpt lat="34.2338" lon="-117.47543">
        <ele>817.04</ele>
      </trkpt>
      <trkpt lat="34.23375" lon="-117.47531">
        <ele>816.67</ele>
      </trkpt>
      <trkpt lat="34.23371" lon="-117.47523">
        <ele>816.07</ele>
      </trkpt>
      <trkpt lat="34.23365" lon="-117.47511">
        <ele>816.0</ele>
      </trkpt>
      <trkpt lat="34.23362" lon="-117.47506">
        <ele>815.68</ele>
      </trkpt>
      <trkpt lat="34.23356" lon="-117.47494">
        <ele>815.0</ele>
      </trkpt>
      <trkpt lat="34.23353" lon="-117.47489">
        <ele>815.0</ele>
      </trkpt>
      <trkpt lat="34.23348" lon="-117.4748">
        <ele>814.49</ele>
      </trkpt>
      <trkpt lat="34.23347" lon="-117.47478">
        <ele>814.3</ele>
      </trkpt>
      <trkpt lat="34.2334" lon="-117.47465">
        <ele>814.0</ele>
      </trkpt>
      <trkpt lat="34.23334" lon="-117.47453">
        <ele>814.0</ele>
      </trkpt>
      <trkpt lat="34.23328" lon="-117.47442">
        <ele>813.42</ele>
      </trkpt>
      <trkpt lat="34.23322" lon="-117.47431">
        <ele>813.0</ele>
      </trkpt>
      <trkpt lat="34.2332" lon="-117.47425">
        <ele>813.06</ele>
      </trkpt>
      <trkpt lat="34.23314" lon="-117.47413">
        <ele>812.86</ele>
      </trkpt>
      <trkpt lat="34.23305" lon="-117.47394">
        <ele>811.94</ele>
      </trkpt>
      <trkpt lat="34.23302" lon="-117.47389">
        <ele>811.62</ele>
      </trkpt>
      <trkpt lat="34.23299" lon="-117.47381">
        <ele>811.29</ele>
      </trkpt>
      <trkpt lat="34.23292" lon="-117.47369">
        <ele>810.62</ele>
      </trkpt>
      <trkpt lat="34.23284" lon="-117.47351">
        <ele>810.37</ele>
      </trkpt>
      <trkpt lat="34.23276" lon="-117.47336">
        <ele>809.81</ele>
      </trkpt>
      <trkpt lat="34.2327" lon="-117.47323">
        <ele>809.16</ele>
      </trkpt>
      <trkpt lat="34.23266" lon="-117.47315">
        <ele>808.73</ele>
      </trkpt>
      <trkpt lat="34.23263" lon="-117.47308">
        <ele>808.4</ele>
      </trkpt>
      <trkpt lat="34.23255" lon="-117.47292">
        <ele>807.75</ele>
      </trkpt>
      <trkpt lat="34.23248" lon="-117.47277">
        <ele>806.98</ele>
      </trkpt>
      <trkpt lat="34.2324" lon="-117.4726">
        <ele>805.93</ele>
      </trkpt>
      <trkpt lat="34.23231" lon="-117.47243">
        <ele>805.0</ele>
      </trkpt>
      <trkpt lat="34.23222" lon="-117.47223">
        <ele>804.98</ele>
      </trkpt>
      <trkpt lat="34.23217" lon="-117.47213">
        <ele>804.44</ele>
      </trkpt>
      <trkpt lat="34.23215" lon="-117.4721">
        <ele>804.22</ele>
      </trkpt>
      <trkpt lat="34.23212" lon="-117.47204">
        <ele>804.0</ele>
      </trkpt>
      <trkpt lat="34.2321" lon="-117.47201">
        <ele>804.0</ele>
      </trkpt>
      <trkpt lat="34.23206" lon="-117.47195">
        <ele>804.0</ele>
      </trkpt>
      <trkpt lat="34.23199" lon="-117.47186">
        <ele>804.0</ele>
      </trkpt>
      <trkpt lat="34.2319" lon="-117.47176">
        <ele>803.0</ele>
      </trkpt>
      <trkpt lat="34.23181" lon="-117.47167">
        <ele>803.0</ele>
      </trkpt>
      <trkpt lat="34.23176" lon="-117.47161">
        <ele>803.0</ele>
      </trkpt>
      <trkpt lat="34.23159" lon="-117.47144">
        <ele>802.0</ele>
      </trkpt>
      <trkpt lat="34.23143" lon="-117.4713">
        <ele>801.44</ele>
      </trkpt>
      <trkpt lat="34.2313" lon="-117.47117">
        <ele>801.0</ele>
      </trkpt>
      <trkpt lat="34.23117" lon="-117.47104">
        <ele>800.15</ele>
      </trkpt>
      <trkpt lat="34.23105" lon="-117.47092">
        <ele>799.34</ele>
      </trkpt>
      <trkpt lat="34.23093" lon="-117.47082">
        <ele>798.86</ele>
      </trkpt>
      <trkpt lat="34.23087" lon="-117.47076">
        <ele>798.08</ele>
      </trkpt>
      <trkpt lat="34.23083" lon="-117.47072">
        <ele>797.96</ele>
      </trkpt>
      <trkpt lat="34.23077" lon="-117.47065">
        <ele>797.32</ele>
      </trkpt>
      <trkpt lat="34.23071" lon="-117.4706">
        <ele>797.0</ele>
      </trkpt>
      <trkpt lat="34.23065" lon="-117.47054">
        <ele>797.0</ele>
      </trkpt>
      <trkpt lat="34.23057" lon="-117.47047">
        <ele>796.16</ele>
      </trkpt>
      <trkpt lat="34.2305" lon="-117.4704">
        <ele>796.0</ele>
      </trkpt>
      <trkpt lat="34.23043" lon="-117.47033">
        <ele>795.64</ele>
      </trkpt>
      <trkpt lat="34.23037" lon="-117.47026">
        <ele>795.0</ele>
      </trkpt>
      <trkpt lat="34.23032" lon="-117.47016">
        <ele>795.0</ele>
      </trkpt>
      <trkpt lat="34.23024" lon="-117.47003">
        <ele>794.59</ele>
      </trkpt>
      <trkpt lat="34.23017" lon="-117.46983">
        <ele>794.0</ele>
      </trkpt>
      <trkpt lat="34.2301" lon="-117.46963">
        <ele>794.0</ele>
      </trkpt>
      <trkpt lat="34.23004" lon="-117.46943">
        <ele>793.0</ele>
      </trkpt>
      <trkpt lat="34.22999" lon="-117.46926">
        <ele>793.0</ele>
      </trkpt>
      <trkpt lat="34.22995" lon="-117.46913">
        <ele>792.46</ele>
      </trkpt>
      <trkpt lat="34.22993" lon="-117.46904">
        <ele>792.15</ele>
      </trkpt>
      <trkpt lat="34.22986" lon="-117.46883">
        <ele>792.0</ele>
      </trkpt>
      <trkpt lat="34.22978" lon="-117.46864">
        <ele>791.62</ele>
      </trkpt>
      <trkpt lat="34.22972" lon="-117.46847">
        <ele>791.0</ele>
      </trkpt>
      <trkpt lat="34.22965" lon="-117.46832">
        <ele>791.22</ele>
      </trkpt>
      <trkpt lat="34.22958" lon="-117.46815">
        <ele>791.0</ele>
      </trkpt>
      <trkpt lat="34.22951" lon="-117.46802">
        <ele>791.0</ele>
      </trkpt>
      <trkpt lat="34.22946" lon="-117.46792">
        <ele>791.0</ele>
      </trkpt>
      <trkpt lat="34.22942" lon="-117.46786">
        <ele>791.0</ele>
      </trkpt>
      <trkpt lat="34.22937" lon="-117.46777">
        <ele>791.0</ele>
      </trkpt>
      <trkpt lat="34.22928" lon="-117.46767">
        <ele>790.22</ele>
      </trkpt>
      <trkpt lat="34.22921" lon="-117.4676">
        <ele>790.0</ele>
      </trkpt>
      <trkpt lat="34.22912" lon="-117.46753">
        <ele>790.0</ele>
      </trkpt>
      <trkpt lat="34.22903" lon="-117.46748">
        <ele>790.0</ele>
      </trkpt>
      <trkpt lat="34.22897" lon="-117.46743">
        <ele>790.0</ele>
      </trkpt>
      <trkpt lat="34.2288" lon="-117.46735">
        <ele>790.0</ele>
      </trkpt>
      <trkpt lat="34.22867" lon="-117.46727">
        <ele>790.0</ele>
      </trkpt>
      <trkpt lat="34.22852" lon="-117.46718">
        <ele>789.46</ele>
      </trkpt>
      <trkpt lat="34.22841" lon="-117.46712">
        <ele>789.0</ele>
      </trkpt>
      <trkpt lat="34.22833" lon="-117.46707">
        <ele>788.96</ele>
      </trkpt>
      <trkpt lat="34.22828" lon="-117.46704">
        <ele>788.42</ele>
      </trkpt>
      <trkpt lat="34.22814" lon="-117.46697">
        <ele>787.91</ele>
      </trkpt>
      <trkpt lat="34.22807" lon="-117.46694">
        <ele>787.2</ele>
      </trkpt>
      <trkpt lat="34.22803" lon="-117.46691">
        <ele>787.27</ele>
      </trkpt>
      <trkpt lat="34.22799" lon="-117.4669">
        <ele>787.14</ele>
      </trkpt>
      <trkpt lat="34.22791" lon="-117.46686">
        <ele>786.43</ele>
      </trkpt>
      <trkpt lat="34.22784" lon="-117.46683">
        <ele>785.91</ele>
      </trkpt>
      <trkpt lat="34.22776" lon="-117.4668">
        <ele>785.45</ele>
      </trkpt>
      <trkpt lat="34.22765" lon="-117.46676">
        <ele>785.0</ele>
      </trkpt>
      <trkpt lat="34.2275" lon="-117.46671">
        <ele>784.0</ele>
      </trkpt>
      <trkpt lat="34.22725" lon="-117.46661">
        <ele>783.18</ele>
      </trkpt>
      <trkpt lat="34.22699" lon="-117.46651">
        <ele>782.34</ele>
      </trkpt>
      <trkpt lat="34.2268" lon="-117.46644">
        <ele>781.0</ele>
      </trkpt>
      <trkpt lat="34.22666" lon="-117.46638">
        <ele>780.93</ele>
      </trkpt>
      <trkpt lat="34.2265" lon="-117.46632">
        <ele>780.15</ele>
      </trkpt>
      <trkpt lat="34.22635" lon="-117.46627">
        <ele>780.0</ele>
      </trkpt>
      <trkpt lat="34.22617" lon="-117.46621">
        <ele>779.64</ele>
      </trkpt>
      <trkpt lat="34.226" lon="-117.46616">
        <ele>779.0</ele>
      </trkpt>
      <trkpt lat="34.22597" lon="-117.46614">
        <ele>779.0</ele>
      </trkpt>
      <trkpt lat="34.22582" lon="-117.46607">
        <ele>778.86</ele>
      </trkpt>
      <trkpt lat="34.22542" lon="-117.46596">
        <ele>777.0</ele>
      </trkpt>
      <trkpt lat="34.22513" lon="-117.46589">
        <ele>775.64</ele>
      </trkpt>
      <trkpt lat="34.22492" lon="-117.46585">
        <ele>775.0</ele>
      </trkpt>
      <trkpt lat="34.2247" lon="-117.46585">
        <ele>774.58</ele>
      </trkpt>
      <trkpt lat="34.22442" lon="-117.46585">
        <ele>772.56</ele>
      </trkpt>
      <trkpt lat="34.22431" lon="-117.46587">
        <ele>771.6</ele>
      </trkpt>
      <trkpt lat="34.22418" lon="-117.46591">
        <ele>771.88</ele>
      </trkpt>
      <trkpt lat="34.22394" lon="-117.46598">
        <ele>771.42</ele>
      </trkpt>
      <trkpt lat="34.2237" lon="-117.46607">
        <ele>771.46</ele>
      </trkpt>
      <trkpt lat="34.22349" lon="-117.46615">
        <ele>771.58</ele>
      </trkpt>
      <trkpt lat="34.22332" lon="-117.46621">
        <ele>771.87</ele>
      </trkpt>
      <trkpt lat="34.22318" lon="-117.46627">
        <ele>771.47</ele>
      </trkpt>
      <trkpt lat="34.22304" lon="-117.46632">
        <ele>771.78</ele>
      </trkpt>
      <trkpt lat="34.22289" lon="-117.46635">
        <ele>772.92</ele>
      </trkpt>
      <trkpt lat="34.22278" lon="-117.46637">
        <ele>772.02</ele>
      </trkpt>
      <trkpt lat="34.22259" lon="-117.46636">
        <ele>771.21</ele>
      </trkpt>
      <trkpt lat="34.22251" lon="-117.46635">
        <ele>770.41</ele>
      </trkpt>
      <trkpt lat="34.22241" lon="-117.46632">
        <ele>769.79</ele>
      </trkpt>
      <trkpt lat="34.22227" lon="-117.46628">
        <ele>769.27</ele>
      </trkpt>
      <trkpt lat="34.22212" lon="-117.46623">
        <ele>768.69</ele>
      </trkpt>
      <trkpt lat="34.22196" lon="-117.46619">
        <ele>768.44</ele>
      </trkpt>
      <trkpt lat="34.22173" lon="-117.4661">
        <ele>769.2</ele>
      </trkpt>
      <trkpt lat="34.22155" lon="-117.46602">
        <ele>768.98</ele>
      </trkpt>
      <trkpt lat="34.22139" lon="-117.46593">
        <ele>770.92</ele>
      </trkpt>
      <trkpt lat="34.22122" lon="-117.46582">
        <ele>771.51</ele>
      </trkpt>
      <trkpt lat="34.22114" lon="-117.46576">
        <ele>771.21</ele>
      </trkpt>
      <trkpt lat="34.22103" lon="-117.46569">
        <ele>768.92</ele>
      </trkpt>
      <trkpt lat="34.22097" lon="-117.46562">
        <ele>768.49</ele>
      </trkpt>
      <trkpt lat="34.22092" lon="-117.46558">
        <ele>768.62</ele>
      </trkpt>
      <trkpt lat="34.22087" lon="-117.46552">
        <ele>768.24</ele>
      </trkpt>
      <trkpt lat="34.2208" lon="-117.46541">
        <ele>767.33</ele>
      </trkpt>
      <trkpt lat="34.22073" lon="-117.46527">
        <ele>767.78</ele>
      </trkpt>
      <trkpt lat="34.22065" lon="-117.46512">
        <ele>767.02</ele>
      </trkpt>
      <trkpt lat="34.22056" lon="-117.46495">
        <ele>765.61</ele>
      </trkpt>
      <trkpt lat="34.22046" lon="-117.46475">
        <ele>764.57</ele>
      </trkpt>
      <trkpt lat="34.22041" lon="-117.4646">
        <ele>763.6</ele>
      </trkpt>
      <trkpt lat="34.22036" lon="-117.46447">
        <ele>763.28</ele>
      </trkpt>
      <trkpt lat="34.22031" lon="-117.46434">
        <ele>762.48</ele>
      </trkpt>
      <trkpt lat="34.22021" lon="-117.4641">
        <ele>761.52</ele>
      </trkpt>
      <trkpt lat="34.22008" lon="-117.46375">
        <ele>761.09</ele>
      </trkpt>
      <trkpt lat="34.22003" lon="-117.46366">
        <ele>760.44</ele>
      </trkpt>
      <trkpt lat="34.21995" lon="-117.46352">
        <ele>759.82</ele>
      </trkpt>
      <trkpt lat="34.21983" lon="-117.46336">
        <ele>758.92</ele>
      </trkpt>
      <trkpt lat="34.2197" lon="-117.46321">
        <ele>759.1</ele>
      </trkpt>
      <trkpt lat="34.2196" lon="-117.46309">
        <ele>758.74</ele>
      </trkpt>
      <trkpt lat="34.21957" lon="-117.46308">
        <ele>758.35</ele>
      </trkpt>
      <trkpt lat="34.21956" lon="-117.46306">
        <ele>758.44</ele>
      </trkpt>
      <trkpt lat="34.21951" lon="-117.46301">
        <ele>758.2</ele>
      </trkpt>
      <trkpt lat="34.21942" lon="-117.46289">
        <ele>758.32</ele>
      </trkpt>
      <trkpt lat="34.21933" lon="-117.46278">
        <ele>757.75</ele>
      </trkpt>
      <trkpt lat="34.21928" lon="-117.46271">
        <ele>758.12</ele>
      </trkpt>
      <trkpt lat="34.21924" lon="-117.46267">
        <ele>757.92</ele>
      </trkpt>
      <trkpt lat="34.21922" lon="-117.46264">
        <ele>757.86</ele>
      </trkpt>
      <trkpt lat="34.2191" lon="-117.46246">
        <ele>757.52</ele>
      </trkpt>
      <trkpt lat="34.21893" lon="-117.46223">
        <ele>755.95</ele>
      </trkpt>
      <trkpt lat="34.21886" lon="-117.46215">
        <ele>755.69</ele>
      </trkpt>
      <trkpt lat="34.21877" lon="-117.46207">
        <ele>754.72</ele>
      </trkpt>
      <trkpt lat="34.21872" lon="-117.46202">
        <ele>754.36</ele>
      </trkpt>
      <trkpt lat="34.21862" lon="-117.46193">
        <ele>754.24</ele>
      </trkpt>
      <trkpt lat="34.21854" lon="-117.46187">
        <ele>754.04</ele>
      </trkpt>
      <trkpt lat="34.21841" lon="-117.46178">
        <ele>753.64</ele>
      </trkpt>
      <trkpt lat="34.21823" lon="-117.46167">
        <ele>753.85</ele>
      </trkpt>
      <trkpt lat="34.21803" lon="-117.4616">
        <ele>753.24</ele>
      </trkpt>
      <trkpt lat="34.21786" lon="-117.46155">
        <ele>752.52</ele>
      </trkpt>
      <trkpt lat="34.21761" lon="-117.46149">
        <ele>752.0</ele>
      </trkpt>
      <trkpt lat="34.21737" lon="-117.46143">
        <ele>752.11</ele>
      </trkpt>
      <trkpt lat="34.21716" lon="-117.46139">
        <ele>750.3</ele>
      </trkpt>
      <trkpt lat="34.21714" lon="-117.46138">
        <ele>750.3</ele>
      </trkpt>
      <trkpt lat="34.21698" lon="-117.46135">
        <ele>747.61</ele>
      </trkpt>
      <trkpt lat="34.21684" lon="-117.46132">
        <ele>746.39</ele>
      </trkpt>
      <trkpt lat="34.21671" lon="-117.46128">
        <ele>745.73</ele>
      </trkpt>
      <trkpt lat="34.21659" lon="-117.46122">
        <ele>745.0</ele>
      </trkpt>
      <trkpt lat="34.21647" lon="-117.46112">
        <ele>743.99</ele>
      </trkpt>
      <trkpt lat="34.21634" lon="-117.461">
        <ele>743.47</ele>
      </trkpt>
      <trkpt lat="34.21621" lon="-117.46086">
        <ele>743.05</ele>
      </trkpt>
      <trkpt lat="34.21608" lon="-117.46072">
        <ele>742.66</ele>
      </trkpt>
      <trkpt lat="34.216" lon="-117.46064">
        <ele>742.07</ele>
      </trkpt>
      <trkpt lat="34.21593" lon="-117.46056">
        <ele>742.04</ele>
      </trkpt>
      <trkpt lat="34.2158" lon="-117.46041">
        <ele>741.21</ele>
      </trkpt>
      <trkpt lat="34.21578" lon="-117.46038">
        <ele>741.32</ele>
      </trkpt>
      <trkpt lat="34.21573" lon="-117.46027">
        <ele>740.88</ele>
      </trkpt>
      <trkpt lat="34.21566" lon="-117.46013">
        <ele>740.2</ele>
      </trkpt>
      <trkpt lat="34.21559" lon="-117.46001">
        <ele>740.33</ele>
      </trkpt>
      <trkpt lat="34.21553" lon="-117.45991">
        <ele>739.72</ele>
      </trkpt>
      <trkpt lat="34.21547" lon="-117.45979">
        <ele>739.1</ele>
      </trkpt>
      <trkpt lat="34.2154" lon="-117.45969">
        <ele>738.43</ele>
      </trkpt>
      <trkpt lat="34.21533" lon="-117.45956">
        <ele>738.42</ele>
      </trkpt>
      <trkpt lat="34.21529" lon="-117.45946">
        <ele>738.35</ele>
      </trkpt>
      <trkpt lat="34.21523" lon="-117.45937">
        <ele>737.87</ele>
      </trkpt>
      <trkpt lat="34.21511" lon="-117.45912">
        <ele>737.47</ele>
      </trkpt>
      <trkpt lat="34.21501" lon="-117.45898">
        <ele>736.22</ele>
      </trkpt>
      <trkpt lat="34.21487" lon="-117.45865">
        <ele>734.94</ele>
      </trkpt>
      <trkpt lat="34.21482" lon="-117.45854">
        <ele>734.88</ele>
      </trkpt>
      <trkpt lat="34.21473" lon="-117.45834">
        <ele>734.16</ele>
      </trkpt>
      <trkpt lat="34.21461" lon="-117.45802">
        <ele>733.3</ele>
      </trkpt>
      <trkpt lat="34.21454" lon="-117.45788">
        <ele>733.09</ele>
      </trkpt>
      <trkpt lat="34.21448" lon="-117.45776">
        <ele>733.15</ele>
      </trkpt>
      <trkpt lat="34.21444" lon="-117.4577">
        <ele>732.0</ele>
      </trkpt>
      <trkpt lat="34.21441" lon="-117.45767">
        <ele>732.0</ele>
      </trkpt>
      <trkpt lat="34.21438" lon="-117.45764">
        <ele>732.0</ele>
      </trkpt>
      <trkpt lat="34.21421" lon="-117.45756">
        <ele>731.0</ele>
      </trkpt>
      <trkpt lat="34.21406" lon="-117.45748">
        <ele>730.18</ele>
      </trkpt>
      <trkpt lat="34.21387" lon="-117.45741">
        <ele>730.2</ele>
      </trkpt>
      <trkpt lat="34.2137" lon="-117.45735">
        <ele>731.96</ele>
      </trkpt>
      <trkpt lat="34.21351" lon="-117.45731">
        <ele>731.0</ele>
      </trkpt>
      <trkpt lat="34.21336" lon="-117.45728">
        <ele>731.0</ele>
      </trkpt>
      <trkpt lat="34.21319" lon="-117.45727">
        <ele>730.77</ele>
      </trkpt>
      <trkpt lat="34.21301" lon="-117.45728">
        <ele>731.0</ele>
      </trkpt>
      <trkpt lat="34.21289" lon="-117.4573">
        <ele>731.0</ele>
      </trkpt>
      <trkpt lat="34.21279" lon="-117.45731">
        <ele>731.0</ele>
      </trkpt>
      <trkpt lat="34.21251" lon="-117.45742">
        <ele>729.88</ele>
      </trkpt>
      <trkpt lat="34.2123" lon="-117.45751">
        <ele>727.98</ele>
      </trkpt>
      <trkpt lat="34.21219" lon="-117.45757">
        <ele>727.16</ele>
      </trkpt>
      <trkpt lat="34.21209" lon="-117.45761">
        <ele>726.46</ele>
      </trkpt>
      <trkpt lat="34.21199" lon="-117.45767">
        <ele>725.58</ele>
      </trkpt>
      <trkpt lat="34.21191" lon="-117.45772">
        <ele>724.86</ele>
      </trkpt>
      <trkpt lat="34.21189" lon="-117.45771">
        <ele>724.84</ele>
      </trkpt>
      <trkpt lat="34.21184" lon="-117.45773">
        <ele>724.45</ele>
      </trkpt>
      <trkpt lat="34.21182" lon="-117.45774">
        <ele>724.27</ele>
      </trkpt>
      <trkpt lat="34.2116" lon="-117.45785">
        <ele>723.78</ele>
      </trkpt>
      <trkpt lat="34.21144" lon="-117.45793">
        <ele>725.48</ele>
      </trkpt>
      <trkpt lat="34.21132" lon="-117.45798">
        <ele>725.62</ele>
      </trkpt>
      <trkpt lat="34.21117" lon="-117.45803">
        <ele>725.35</ele>
      </trkpt>
      <trkpt lat="34.21101" lon="-117.45808">
        <ele>725.46</ele>
      </trkpt>
      <trkpt lat="34.21093" lon="-117.45809">
        <ele>725.14</ele>
      </trkpt>
      <trkpt lat="34.21089" lon="-117.4581">
        <ele>725.25</ele>
      </trkpt>
      <trkpt lat="34.21078" lon="-117.4581">
        <ele>724.38</ele>
      </trkpt>
      <trkpt lat="34.21067" lon="-117.4581">
        <ele>723.96</ele>
      </trkpt>
      <trkpt lat="34.21066" lon="-117.4581">
        <ele>723.96</ele>
      </trkpt>
      <trkpt lat="34.21054" lon="-117.4581">
        <ele>723.96</ele>
      </trkpt>
      <trkpt lat="34.21041" lon="-117.45808">
        <ele>722.96</ele>
      </trkpt>
      <trkpt lat="34.21025" lon="-117.45803">
        <ele>720.42</ele>
      </trkpt>
      <trkpt lat="34.21006" lon="-117.45797">
        <ele>719.0</ele>
      </trkpt>
      <trkpt lat="34.20988" lon="-117.45788">
        <ele>718.1</ele>
      </trkpt>
      <trkpt lat="34.20978" lon="-117.45783">
        <ele>718.0</ele>
      </trkpt>
      <trkpt lat="34.2097" lon="-117.45779">
        <ele>718.03</ele>
      </trkpt>
      <trkpt lat="34.20961" lon="-117.45774">
        <ele>717.59</ele>
      </trkpt>
      <trkpt lat="34.20946" lon="-117.45766">
        <ele>716.73</ele>
      </trkpt>
      <trkpt lat="34.20925" lon="-117.45754">
        <ele>716.48</ele>
      </trkpt>
      <trkpt lat="34.20924" lon="-117.45754">
        <ele>716.52</ele>
      </trkpt>
      <trkpt lat="34.20902" lon="-117.45742">
        <ele>716.72</ele>
      </trkpt>
      <trkpt lat="34.20889" lon="-117.45736">
        <ele>716.48</ele>
      </trkpt>
      <trkpt lat="34.20881" lon="-117.45731">
        <ele>716.75</ele>
      </trkpt>
      <trkpt lat="34.20873" lon="-117.45726">
        <ele>716.24</ele>
      </trkpt>
      <trkpt lat="34.2086" lon="-117.45717">
        <ele>715.99</ele>
      </trkpt>
      <trkpt lat="34.20844" lon="-117.45704">
        <ele>715.91</ele>
      </trkpt>
      <trkpt lat="34.20838" lon="-117.45699">
        <ele>715.73</ele>
      </trkpt>
      <trkpt lat="34.20827" lon="-117.45688">
        <ele>715.29</ele>
      </trkpt>
      <trkpt lat="34.20815" lon="-117.45675">
        <ele>714.88</ele>
      </trkpt>
      <trkpt lat="34.20801" lon="-117.45661">
        <ele>714.27</ele>
      </trkpt>
      <trkpt lat="34.2079" lon="-117.4565">
        <ele>713.88</ele>
      </trkpt>
      <trkpt lat="34.2078" lon="-117.4564">
        <ele>712.91</ele>
      </trkpt>
      <trkpt lat="34.20774" lon="-117.45634">
        <ele>712.47</ele>
      </trkpt>
      <trkpt lat="34.2077" lon="-117.4563">
        <ele>712.04</ele>
      </trkpt>
      <trkpt lat="34.20765" lon="-117.45625">
        <ele>711.69</ele>
      </trkpt>
      <trkpt lat="34.20755" lon="-117.45616">
        <ele>711.53</ele>
      </trkpt>
      <trkpt lat="34.20746" lon="-117.45608">
        <ele>710.66</ele>
      </trkpt>
      <trkpt lat="34.20741" lon="-117.45603">
        <ele>710.12</ele>
      </trkpt>
      <trkpt lat="34.20734" lon="-117.45596">
        <ele>709.37</ele>
      </trkpt>
      <trkpt lat="34.20723" lon="-117.45588">
        <ele>708.55</ele>
      </trkpt>
      <trkpt lat="34.20707" lon="-117.45575">
        <ele>707.42</ele>
      </trkpt>
      <trkpt lat="34.20701" lon="-117.45572">
        <ele>707.0</ele>
      </trkpt>
      <trkpt lat="34.20698" lon="-117.4557">
        <ele>707.0</ele>
      </trkpt>
      <trkpt lat="34.20681" lon="-117.45562">
        <ele>707.0</ele>
      </trkpt>
      <trkpt lat="34.20671" lon="-117.45556">
        <ele>707.0</ele>
      </trkpt>
      <trkpt lat="34.20661" lon="-117.4555">
        <ele>706.4</ele>
      </trkpt>
      <trkpt lat="34.20645" lon="-117.45541">
        <ele>706.15</ele>
      </trkpt>
      <trkpt lat="34.20632" lon="-117.45532">
        <ele>705.86</ele>
      </trkpt>
      <trkpt lat="34.2062" lon="-117.45523">
        <ele>705.52</ele>
      </trkpt>
      <trkpt lat="34.20619" lon="-117.45522">
        <ele>705.52</ele>
      </trkpt>
      <trkpt lat="34.20608" lon="-117.45509">
        <ele>705.64</ele>
      </trkpt>
      <trkpt lat="34.20595" lon="-117.45494">
        <ele>705.44</ele>
      </trkpt>
      <trkpt lat="34.20581" lon="-117.45476">
        <ele>704.66</ele>
      </trkpt>
      <trkpt lat="34.20567" lon="-117.45456">
        <ele>704.78</ele>
      </trkpt>
      <trkpt lat="34.20552" lon="-117.45432">
        <ele>704.08</ele>
      </trkpt>
      <trkpt lat="34.20539" lon="-117.45412">
        <ele>703.36</ele>
      </trkpt>
      <trkpt lat="34.20529" lon="-117.45395">
        <ele>703.79</ele>
      </trkpt>
      <trkpt lat="34.20522" lon="-117.45383">
        <ele>703.36</ele>
      </trkpt>
      <trkpt lat="34.20516" lon="-117.45372">
        <ele>703.22</ele>
      </trkpt>
      <trkpt lat="34.20508" lon="-117.45361">
        <ele>702.37</ele>
      </trkpt>
      <trkpt lat="34.20507" lon="-117.45358">
        <ele>701.72</ele>
      </trkpt>
      <trkpt lat="34.20506" lon="-117.45357">
        <ele>701.72</ele>
      </trkpt>
      <trkpt lat="34.20494" lon="-117.45345">
        <ele>701.08</ele>
      </trkpt>
      <trkpt lat="34.20485" lon="-117.45338">
        <ele>699.52</ele>
      </trkpt>
      <trkpt lat="34.20476" lon="-117.45328">
        <ele>695.83</ele>
      </trkpt>
      <trkpt lat="34.20462" lon="-117.45316">
        <ele>695.14</ele>
      </trkpt>
      <trkpt lat="34.2045" lon="-117.45305">
        <ele>695.0</ele>
      </trkpt>
      <trkpt lat="34.20439" lon="-117.45296">
        <ele>695.0</ele>
      </trkpt>
      <trkpt lat="34.20428" lon="-117.45287">
        <ele>695.0</ele>
      </trkpt>
      <trkpt lat="34.20418" lon="-117.45275">
        <ele>694.96</ele>
      </trkpt>
      <trkpt lat="34.20407" lon="-117.45261">
        <ele>695.1</ele>
      </trkpt>
      <trkpt lat="34.20399" lon="-117.45246">
        <ele>694.52</ele>
      </trkpt>
      <trkpt lat="34.2039" lon="-117.45226">
        <ele>694.29</ele>
      </trkpt>
      <trkpt lat="34.20379" lon="-117.452">
        <ele>693.04</ele>
      </trkpt>
      <trkpt lat="34.20371" lon="-117.45182">
        <ele>692.59</ele>
      </trkpt>
      <trkpt lat="34.2037" lon="-117.45179">
        <ele>692.4</ele>
      </trkpt>
      <trkpt lat="34.20364" lon="-117.45164">
        <ele>692.6</ele>
      </trkpt>
      <trkpt lat="34.2036" lon="-117.45151">
        <ele>692.51</ele>
      </trkpt>
      <trkpt lat="34.20356" lon="-117.45138">
        <ele>693.1</ele>
      </trkpt>
      <trkpt lat="34.20354" lon="-117.45126">
        <ele>693.14</ele>
      </trkpt>
      <trkpt lat="34.20348" lon="-117.45108">
        <ele>693.22</ele>
      </trkpt>
      <trkpt lat="34.20346" lon="-117.45098">
        <ele>693.26</ele>
      </trkpt>
      <trkpt lat="34.20345" lon="-117.45096">
        <ele>693.48</ele>
      </trkpt>
      <trkpt lat="34.20341" lon="-117.45079">
        <ele>692.88</ele>
      </trkpt>
      <trkpt lat="34.20336" lon="-117.45063">
        <ele>692.66</ele>
      </trkpt>
      <trkpt lat="34.20331" lon="-117.45048">
        <ele>692.44</ele>
      </trkpt>
      <trkpt lat="34.20325" lon="-117.45035">
        <ele>691.66</ele>
      </trkpt>
      <trkpt lat="34.20318" lon="-117.45023">
        <ele>691.46</ele>
      </trkpt>
      <trkpt lat="34.20312" lon="-117.45015">
        <ele>691.23</ele>
      </trkpt>
      <trkpt lat="34.20309" lon="-117.45011">
        <ele>691.44</ele>
      </trkpt>
      <trkpt lat="34.20309" lon="-117.4501">
        <ele>691.34</ele>
      </trkpt>
      <trkpt lat="34.20308" lon="-117.45009">
        <ele>691.42</ele>
      </trkpt>
      <trkpt lat="34.20307" lon="-117.45008">
        <ele>691.44</ele>
      </trkpt>
      <trkpt lat="34.20301" lon="-117.45">
        <ele>690.98</ele>
      </trkpt>
      <trkpt lat="34.20297" lon="-117.44995">
        <ele>690.81</ele>
      </trkpt>
      <trkpt lat="34.20288" lon="-117.44986">
        <ele>689.87</ele>
      </trkpt>
      <trkpt lat="34.20278" lon="-117.44976">
        <ele>688.39</ele>
      </trkpt>
      <trkpt lat="34.20268" lon="-117.44967">
        <ele>687.9</ele>
      </trkpt>
      <trkpt lat="34.20259" lon="-117.44958">
        <ele>687.46</ele>
      </trkpt>
      <trkpt lat="34.20252" lon="-117.4495">
        <ele>686.6</ele>
      </trkpt>
      <trkpt lat="34.20247" lon="-117.44946">
        <ele>686.17</ele>
      </trkpt>
      <trkpt lat="34.20241" lon="-117.4494">
        <ele>685.52</ele>
      </trkpt>
      <trkpt lat="34.20236" lon="-117.44936">
        <ele>685.09</ele>
      </trkpt>
      <trkpt lat="34.2023" lon="-117.44929">
        <ele>684.33</ele>
      </trkpt>
      <trkpt lat="34.20229" lon="-117.44928">
        <ele>684.22</ele>
      </trkpt>
      <trkpt lat="34.2022" lon="-117.4492">
        <ele>684.0</ele>
      </trkpt>
      <trkpt lat="34.20212" lon="-117.44913">
        <ele>683.54</ele>
      </trkpt>
      <trkpt lat="34.202" lon="-117.44903">
        <ele>683.0</ele>
      </trkpt>
      <trkpt lat="34.20189" lon="-117.44892">
        <ele>683.0</ele>
      </trkpt>
      <trkpt lat="34.20178" lon="-117.44881">
        <ele>683.0</ele>
      </trkpt>
      <trkpt lat="34.20169" lon="-117.44873">
        <ele>682.82</ele>
      </trkpt>
      <trkpt lat="34.20133" lon="-117.44839">
        <ele>682.86</ele>
      </trkpt>
      <trkpt lat="34.20116" lon="-117.44821">
        <ele>682.82</ele>
      </trkpt>
    </trkseg>
  </trk>
</gpx>
