<?xml version="1.0"?>
<gpx xmlns="http://www.topografix.com/GPX/1/1" xmlns:xsi="http://www.w3.org/2001/XMLSchema-instance" version="1.1" creator="AllTrails.com" xsi:schemaLocation="http://www.topografix.com/GPX/1/1 http://www.topografix.com/GPX/1/1/gpx.xsd">
  <metadata>
    <name><![CDATA[Funnel Lake via Coyote Valley]]></name>
    <desc><![CDATA[]]></desc>
    <link href="http://www.alltrails.com">
      <text>AllTrails, LLC</text>
    </link>
    <bounds minlat="37.19917" minlon="-118.51088" maxlat="37.34662" maxlon="-118.43871"/>
  </metadata>
  <trk>
    <name><![CDATA[Funnel Lake via Coyote Valley]]></name>
    <src>AllTrails</src>
    <trkseg>
      <trkpt lat="37.34662" lon="-118.43871">
        <ele>1333.0</ele>
      </trkpt>
      <trkpt lat="37.34613" lon="-118.43877">
        <ele>1333.0</ele>
      </trkpt>
      <trkpt lat="37.34564" lon="-118.43884">
        <ele>1334.0</ele>
      </trkpt>
      <trkpt lat="37.34515" lon="-118.4389">
        <ele>1334.0</ele>
      </trkpt>
      <trkpt lat="37.34466" lon="-118.43896">
        <ele>1334.77</ele>
      </trkpt>
      <trkpt lat="37.34421" lon="-118.43904">
        <ele>1335.0</ele>
      </trkpt>
      <trkpt lat="37.34375" lon="-118.43912">
        <ele>1335.5</ele>
      </trkpt>
      <trkpt lat="37.34348" lon="-118.43938">
        <ele>1336.59</ele>
      </trkpt>
      <trkpt lat="37.34339" lon="-118.4396">
        <ele>1337.0</ele>
      </trkpt>
      <trkpt lat="37.34322" lon="-118.44019">
        <ele>1339.0</ele>
      </trkpt>
      <trkpt lat="37.34304" lon="-118.44077">
        <ele>1341.0</ele>
      </trkpt>
      <trkpt lat="37.34275" lon="-118.44162">
        <ele>1343.0</ele>
      </trkpt>
      <trkpt lat="37.34257" lon="-118.44268">
        <ele>1346.0</ele>
      </trkpt>
      <trkpt lat="37.34255" lon="-118.44274">
        <ele>1346.0</ele>
      </trkpt>
      <trkpt lat="37.34244" lon="-118.44314">
        <ele>1347.0</ele>
      </trkpt>
      <trkpt lat="37.34219" lon="-118.44388">
        <ele>1349.0</ele>
      </trkpt>
      <trkpt lat="37.34194" lon="-118.44462">
        <ele>1351.0</ele>
      </trkpt>
      <trkpt lat="37.34174" lon="-118.44517">
        <ele>1353.0</ele>
      </trkpt>
      <trkpt lat="37.34154" lon="-118.44572">
        <ele>1355.0</ele>
      </trkpt>
      <trkpt lat="37.34135" lon="-118.44628">
        <ele>1356.9</ele>
      </trkpt>
      <trkpt lat="37.34115" lon="-118.44683">
        <ele>1358.9</ele>
      </trkpt>
      <trkpt lat="37.34095" lon="-118.44738">
        <ele>1360.52</ele>
      </trkpt>
      <trkpt lat="37.34084" lon="-118.44772">
        <ele>1361.38</ele>
      </trkpt>
      <trkpt lat="37.34084" lon="-118.44772">
        <ele>1361.38</ele>
      </trkpt>
      <trkpt lat="37.34061" lon="-118.44848">
        <ele>1364.58</ele>
      </trkpt>
      <trkpt lat="37.34026" lon="-118.44961">
        <ele>1369.0</ele>
      </trkpt>
      <trkpt lat="37.34009" lon="-118.44995">
        <ele>1370.0</ele>
      </trkpt>
      <trkpt lat="37.33987" lon="-118.45031">
        <ele>1371.61</ele>
      </trkpt>
      <trkpt lat="37.3396" lon="-118.45063">
        <ele>1374.0</ele>
      </trkpt>
      <trkpt lat="37.33944" lon="-118.45072">
        <ele>1375.0</ele>
      </trkpt>
      <trkpt lat="37.33925" lon="-118.4508">
        <ele>1376.0</ele>
      </trkpt>
      <trkpt lat="37.3389" lon="-118.45087">
        <ele>1377.35</ele>
      </trkpt>
      <trkpt lat="37.33856" lon="-118.45089">
        <ele>1378.34</ele>
      </trkpt>
      <trkpt lat="37.33779" lon="-118.45089">
        <ele>1381.53</ele>
      </trkpt>
      <trkpt lat="37.33687" lon="-118.45105">
        <ele>1387.14</ele>
      </trkpt>
      <trkpt lat="37.3358" lon="-118.45147">
        <ele>1397.32</ele>
      </trkpt>
      <trkpt lat="37.33534" lon="-118.45182">
        <ele>1400.22</ele>
      </trkpt>
      <trkpt lat="37.33505" lon="-118.45195">
        <ele>1402.52</ele>
      </trkpt>
      <trkpt lat="37.33452" lon="-118.45204">
        <ele>1408.01</ele>
      </trkpt>
      <trkpt lat="37.3343" lon="-118.45212">
        <ele>1409.5</ele>
      </trkpt>
      <trkpt lat="37.33411" lon="-118.45226">
        <ele>1410.0</ele>
      </trkpt>
      <trkpt lat="37.33381" lon="-118.45266">
        <ele>1411.73</ele>
      </trkpt>
      <trkpt lat="37.33318" lon="-118.45335">
        <ele>1420.18</ele>
      </trkpt>
      <trkpt lat="37.33296" lon="-118.4535">
        <ele>1421.8</ele>
      </trkpt>
      <trkpt lat="37.33276" lon="-118.45355">
        <ele>1422.34</ele>
      </trkpt>
      <trkpt lat="37.33259" lon="-118.45357">
        <ele>1422.02</ele>
      </trkpt>
      <trkpt lat="37.33247" lon="-118.45364">
        <ele>1423.1</ele>
      </trkpt>
      <trkpt lat="37.33237" lon="-118.45378">
        <ele>1424.33</ele>
      </trkpt>
      <trkpt lat="37.33217" lon="-118.45434">
        <ele>1429.94</ele>
      </trkpt>
      <trkpt lat="37.33186" lon="-118.45495">
        <ele>1433.91</ele>
      </trkpt>
      <trkpt lat="37.33146" lon="-118.45544">
        <ele>1437.17</ele>
      </trkpt>
      <trkpt lat="37.33125" lon="-118.45583">
        <ele>1439.98</ele>
      </trkpt>
      <trkpt lat="37.33117" lon="-118.45618">
        <ele>1441.84</ele>
      </trkpt>
      <trkpt lat="37.33117" lon="-118.45618">
        <ele>1441.84</ele>
      </trkpt>
      <trkpt lat="37.33112" lon="-118.45642">
        <ele>1442.94</ele>
      </trkpt>
      <trkpt lat="37.33102" lon="-118.45662">
        <ele>1443.99</ele>
      </trkpt>
      <trkpt lat="37.33085" lon="-118.45681">
        <ele>1445.92</ele>
      </trkpt>
      <trkpt lat="37.33043" lon="-118.45715">
        <ele>1450.36</ele>
      </trkpt>
      <trkpt lat="37.33015" lon="-118.45749">
        <ele>1453.0</ele>
      </trkpt>
      <trkpt lat="37.33" lon="-118.45776">
        <ele>1455.0</ele>
      </trkpt>
      <trkpt lat="37.32989" lon="-118.45797">
        <ele>1456.01</ele>
      </trkpt>
      <trkpt lat="37.32967" lon="-118.45844">
        <ele>1459.09</ele>
      </trkpt>
      <trkpt lat="37.32944" lon="-118.45877">
        <ele>1461.73</ele>
      </trkpt>
      <trkpt lat="37.32919" lon="-118.45898">
        <ele>1464.0</ele>
      </trkpt>
      <trkpt lat="37.32867" lon="-118.45943">
        <ele>1468.9</ele>
      </trkpt>
      <trkpt lat="37.32803" lon="-118.46008">
        <ele>1475.24</ele>
      </trkpt>
      <trkpt lat="37.32751" lon="-118.46103">
        <ele>1482.0</ele>
      </trkpt>
      <trkpt lat="37.32699" lon="-118.46172">
        <ele>1488.0</ele>
      </trkpt>
      <trkpt lat="37.32667" lon="-118.46243">
        <ele>1492.24</ele>
      </trkpt>
      <trkpt lat="37.3266" lon="-118.46255">
        <ele>1493.39</ele>
      </trkpt>
      <trkpt lat="37.32647" lon="-118.46267">
        <ele>1494.96</ele>
      </trkpt>
      <trkpt lat="37.32631" lon="-118.46274">
        <ele>1496.5</ele>
      </trkpt>
      <trkpt lat="37.32586" lon="-118.46282">
        <ele>1499.71</ele>
      </trkpt>
      <trkpt lat="37.32564" lon="-118.46292">
        <ele>1501.09</ele>
      </trkpt>
      <trkpt lat="37.32545" lon="-118.46311">
        <ele>1503.14</ele>
      </trkpt>
      <trkpt lat="37.32513" lon="-118.46369">
        <ele>1507.51</ele>
      </trkpt>
      <trkpt lat="37.32503" lon="-118.46378">
        <ele>1508.0</ele>
      </trkpt>
      <trkpt lat="37.32475" lon="-118.46394">
        <ele>1510.0</ele>
      </trkpt>
      <trkpt lat="37.32401" lon="-118.4645">
        <ele>1517.88</ele>
      </trkpt>
      <trkpt lat="37.32361" lon="-118.46495">
        <ele>1522.01</ele>
      </trkpt>
      <trkpt lat="37.32316" lon="-118.46534">
        <ele>1526.87</ele>
      </trkpt>
      <trkpt lat="37.32292" lon="-118.46564">
        <ele>1530.46</ele>
      </trkpt>
      <trkpt lat="37.32273" lon="-118.46587">
        <ele>1532.0</ele>
      </trkpt>
      <trkpt lat="37.32254" lon="-118.46602">
        <ele>1533.57</ele>
      </trkpt>
      <trkpt lat="37.32232" lon="-118.46612">
        <ele>1535.0</ele>
      </trkpt>
      <trkpt lat="37.32166" lon="-118.46651">
        <ele>1541.07</ele>
      </trkpt>
      <trkpt lat="37.32136" lon="-118.46673">
        <ele>1545.31</ele>
      </trkpt>
      <trkpt lat="37.32115" lon="-118.46696">
        <ele>1549.16</ele>
      </trkpt>
      <trkpt lat="37.32096" lon="-118.4672">
        <ele>1551.63</ele>
      </trkpt>
      <trkpt lat="37.32079" lon="-118.46754">
        <ele>1553.47</ele>
      </trkpt>
      <trkpt lat="37.32055" lon="-118.46882">
        <ele>1560.0</ele>
      </trkpt>
      <trkpt lat="37.32044" lon="-118.46922">
        <ele>1562.68</ele>
      </trkpt>
      <trkpt lat="37.3204" lon="-118.46944">
        <ele>1563.98</ele>
      </trkpt>
      <trkpt lat="37.3204" lon="-118.46995">
        <ele>1568.15</ele>
      </trkpt>
      <trkpt lat="37.32035" lon="-118.47034">
        <ele>1570.89</ele>
      </trkpt>
      <trkpt lat="37.32024" lon="-118.47127">
        <ele>1578.0</ele>
      </trkpt>
      <trkpt lat="37.32006" lon="-118.47223">
        <ele>1585.44</ele>
      </trkpt>
      <trkpt lat="37.31988" lon="-118.47278">
        <ele>1591.01</ele>
      </trkpt>
      <trkpt lat="37.3197" lon="-118.4735">
        <ele>1597.04</ele>
      </trkpt>
      <trkpt lat="37.31967" lon="-118.47391">
        <ele>1599.13</ele>
      </trkpt>
      <trkpt lat="37.31964" lon="-118.47457">
        <ele>1605.24</ele>
      </trkpt>
      <trkpt lat="37.31953" lon="-118.475">
        <ele>1609.08</ele>
      </trkpt>
      <trkpt lat="37.31955" lon="-118.47551">
        <ele>1612.93</ele>
      </trkpt>
      <trkpt lat="37.31951" lon="-118.47615">
        <ele>1617.59</ele>
      </trkpt>
      <trkpt lat="37.31936" lon="-118.4769">
        <ele>1623.96</ele>
      </trkpt>
      <trkpt lat="37.31931" lon="-118.47733">
        <ele>1627.25</ele>
      </trkpt>
      <trkpt lat="37.31925" lon="-118.47809">
        <ele>1637.27</ele>
      </trkpt>
      <trkpt lat="37.31905" lon="-118.47937">
        <ele>1656.34</ele>
      </trkpt>
      <trkpt lat="37.31897" lon="-118.47977">
        <ele>1660.52</ele>
      </trkpt>
      <trkpt lat="37.31847" lon="-118.48129">
        <ele>1672.46</ele>
      </trkpt>
      <trkpt lat="37.3184" lon="-118.48155">
        <ele>1676.27</ele>
      </trkpt>
      <trkpt lat="37.31837" lon="-118.48181">
        <ele>1678.0</ele>
      </trkpt>
      <trkpt lat="37.31836" lon="-118.48218">
        <ele>1680.0</ele>
      </trkpt>
      <trkpt lat="37.3183" lon="-118.4825">
        <ele>1683.64</ele>
      </trkpt>
      <trkpt lat="37.31819" lon="-118.48274">
        <ele>1686.59</ele>
      </trkpt>
      <trkpt lat="37.31753" lon="-118.48423">
        <ele>1700.46</ele>
      </trkpt>
      <trkpt lat="37.31733" lon="-118.48455">
        <ele>1705.0</ele>
      </trkpt>
      <trkpt lat="37.31625" lon="-118.48596">
        <ele>1721.87</ele>
      </trkpt>
      <trkpt lat="37.31564" lon="-118.48712">
        <ele>1735.9</ele>
      </trkpt>
      <trkpt lat="37.31551" lon="-118.48737">
        <ele>1738.3</ele>
      </trkpt>
      <trkpt lat="37.31533" lon="-118.4876">
        <ele>1739.48</ele>
      </trkpt>
      <trkpt lat="37.31456" lon="-118.48835">
        <ele>1748.8</ele>
      </trkpt>
      <trkpt lat="37.31437" lon="-118.48868">
        <ele>1751.74</ele>
      </trkpt>
      <trkpt lat="37.31418" lon="-118.48886">
        <ele>1753.69</ele>
      </trkpt>
      <trkpt lat="37.3137" lon="-118.48919">
        <ele>1757.07</ele>
      </trkpt>
      <trkpt lat="37.31364" lon="-118.48922">
        <ele>1757.98</ele>
      </trkpt>
      <trkpt lat="37.31348" lon="-118.48928">
        <ele>1760.74</ele>
      </trkpt>
      <trkpt lat="37.31333" lon="-118.48931">
        <ele>1764.52</ele>
      </trkpt>
      <trkpt lat="37.31308" lon="-118.48933">
        <ele>1768.24</ele>
      </trkpt>
      <trkpt lat="37.313" lon="-118.48933">
        <ele>1769.29</ele>
      </trkpt>
      <trkpt lat="37.31291" lon="-118.48932">
        <ele>1771.14</ele>
      </trkpt>
      <trkpt lat="37.31282" lon="-118.48929">
        <ele>1772.54</ele>
      </trkpt>
      <trkpt lat="37.31274" lon="-118.48922">
        <ele>1774.07</ele>
      </trkpt>
      <trkpt lat="37.31261" lon="-118.48907">
        <ele>1776.86</ele>
      </trkpt>
      <trkpt lat="37.31253" lon="-118.48901">
        <ele>1777.9</ele>
      </trkpt>
      <trkpt lat="37.31245" lon="-118.48897">
        <ele>1778.6</ele>
      </trkpt>
      <trkpt lat="37.31235" lon="-118.48896">
        <ele>1779.14</ele>
      </trkpt>
      <trkpt lat="37.31224" lon="-118.48897">
        <ele>1779.83</ele>
      </trkpt>
      <trkpt lat="37.31215" lon="-118.489">
        <ele>1780.78</ele>
      </trkpt>
      <trkpt lat="37.31198" lon="-118.48909">
        <ele>1784.91</ele>
      </trkpt>
      <trkpt lat="37.31181" lon="-118.4892">
        <ele>1788.9</ele>
      </trkpt>
      <trkpt lat="37.31172" lon="-118.48923">
        <ele>1790.85</ele>
      </trkpt>
      <trkpt lat="37.31134" lon="-118.4893">
        <ele>1798.32</ele>
      </trkpt>
      <trkpt lat="37.31114" lon="-118.48935">
        <ele>1801.38</ele>
      </trkpt>
      <trkpt lat="37.31104" lon="-118.48936">
        <ele>1803.56</ele>
      </trkpt>
      <trkpt lat="37.31098" lon="-118.48933">
        <ele>1804.83</ele>
      </trkpt>
      <trkpt lat="37.31095" lon="-118.48928">
        <ele>1805.48</ele>
      </trkpt>
      <trkpt lat="37.31095" lon="-118.48928">
        <ele>1805.48</ele>
      </trkpt>
      <trkpt lat="37.31094" lon="-118.48914">
        <ele>1806.98</ele>
      </trkpt>
      <trkpt lat="37.31095" lon="-118.48906">
        <ele>1807.63</ele>
      </trkpt>
      <trkpt lat="37.31099" lon="-118.48894">
        <ele>1808.06</ele>
      </trkpt>
      <trkpt lat="37.31114" lon="-118.48861">
        <ele>1808.08</ele>
      </trkpt>
      <trkpt lat="37.31118" lon="-118.48853">
        <ele>1807.64</ele>
      </trkpt>
      <trkpt lat="37.31124" lon="-118.48832">
        <ele>1808.36</ele>
      </trkpt>
      <trkpt lat="37.31125" lon="-118.48823">
        <ele>1809.17</ele>
      </trkpt>
      <trkpt lat="37.31126" lon="-118.48816">
        <ele>1810.0</ele>
      </trkpt>
      <trkpt lat="37.31128" lon="-118.48778">
        <ele>1813.5</ele>
      </trkpt>
      <trkpt lat="37.31126" lon="-118.48741">
        <ele>1816.76</ele>
      </trkpt>
      <trkpt lat="37.31123" lon="-118.48714">
        <ele>1820.67</ele>
      </trkpt>
      <trkpt lat="37.31119" lon="-118.48692">
        <ele>1824.59</ele>
      </trkpt>
      <trkpt lat="37.31114" lon="-118.48667">
        <ele>1827.75</ele>
      </trkpt>
      <trkpt lat="37.31113" lon="-118.48658">
        <ele>1829.12</ele>
      </trkpt>
      <trkpt lat="37.31114" lon="-118.48649">
        <ele>1829.94</ele>
      </trkpt>
      <trkpt lat="37.31115" lon="-118.48643">
        <ele>1831.17</ele>
      </trkpt>
      <trkpt lat="37.3112" lon="-118.48631">
        <ele>1831.9</ele>
      </trkpt>
      <trkpt lat="37.31123" lon="-118.48623">
        <ele>1832.3</ele>
      </trkpt>
      <trkpt lat="37.31124" lon="-118.48614">
        <ele>1834.23</ele>
      </trkpt>
      <trkpt lat="37.31123" lon="-118.48593">
        <ele>1838.54</ele>
      </trkpt>
      <trkpt lat="37.31124" lon="-118.48577">
        <ele>1838.92</ele>
      </trkpt>
      <trkpt lat="37.31122" lon="-118.48571">
        <ele>1840.12</ele>
      </trkpt>
      <trkpt lat="37.31116" lon="-118.4857">
        <ele>1842.62</ele>
      </trkpt>
      <trkpt lat="37.31112" lon="-118.48576">
        <ele>1843.71</ele>
      </trkpt>
      <trkpt lat="37.31105" lon="-118.48592">
        <ele>1845.04</ele>
      </trkpt>
      <trkpt lat="37.311" lon="-118.48601">
        <ele>1845.49</ele>
      </trkpt>
      <trkpt lat="37.31091" lon="-118.48612">
        <ele>1846.26</ele>
      </trkpt>
      <trkpt lat="37.31088" lon="-118.48616">
        <ele>1846.73</ele>
      </trkpt>
      <trkpt lat="37.31085" lon="-118.48623">
        <ele>1847.18</ele>
      </trkpt>
      <trkpt lat="37.31078" lon="-118.48644">
        <ele>1847.41</ele>
      </trkpt>
      <trkpt lat="37.31074" lon="-118.48658">
        <ele>1847.96</ele>
      </trkpt>
      <trkpt lat="37.3107" lon="-118.48673">
        <ele>1847.64</ele>
      </trkpt>
      <trkpt lat="37.31067" lon="-118.48682">
        <ele>1847.13</ele>
      </trkpt>
      <trkpt lat="37.31063" lon="-118.4869">
        <ele>1847.07</ele>
      </trkpt>
      <trkpt lat="37.31059" lon="-118.48697">
        <ele>1847.61</ele>
      </trkpt>
      <trkpt lat="37.31054" lon="-118.48705">
        <ele>1848.36</ele>
      </trkpt>
      <trkpt lat="37.31036" lon="-118.48725">
        <ele>1853.37</ele>
      </trkpt>
      <trkpt lat="37.31013" lon="-118.48757">
        <ele>1861.77</ele>
      </trkpt>
      <trkpt lat="37.30999" lon="-118.48776">
        <ele>1866.64</ele>
      </trkpt>
      <trkpt lat="37.30989" lon="-118.4879">
        <ele>1869.24</ele>
      </trkpt>
      <trkpt lat="37.30975" lon="-118.48815">
        <ele>1871.07</ele>
      </trkpt>
      <trkpt lat="37.30971" lon="-118.48818">
        <ele>1872.27</ele>
      </trkpt>
      <trkpt lat="37.30967" lon="-118.4882">
        <ele>1873.94</ele>
      </trkpt>
      <trkpt lat="37.30962" lon="-118.48816">
        <ele>1877.16</ele>
      </trkpt>
      <trkpt lat="37.30962" lon="-118.48809">
        <ele>1878.11</ele>
      </trkpt>
      <trkpt lat="37.30966" lon="-118.48776">
        <ele>1881.81</ele>
      </trkpt>
      <trkpt lat="37.30976" lon="-118.48709">
        <ele>1889.54</ele>
      </trkpt>
      <trkpt lat="37.30981" lon="-118.48669">
        <ele>1890.01</ele>
      </trkpt>
      <trkpt lat="37.30984" lon="-118.48633">
        <ele>1897.82</ele>
      </trkpt>
      <trkpt lat="37.30985" lon="-118.48615">
        <ele>1899.04</ele>
      </trkpt>
      <trkpt lat="37.30988" lon="-118.48585">
        <ele>1906.4</ele>
      </trkpt>
      <trkpt lat="37.3099" lon="-118.48549">
        <ele>1907.89</ele>
      </trkpt>
      <trkpt lat="37.30991" lon="-118.48536">
        <ele>1911.14</ele>
      </trkpt>
      <trkpt lat="37.30989" lon="-118.48527">
        <ele>1913.73</ele>
      </trkpt>
      <trkpt lat="37.30987" lon="-118.48518">
        <ele>1916.27</ele>
      </trkpt>
      <trkpt lat="37.30985" lon="-118.48501">
        <ele>1917.86</ele>
      </trkpt>
      <trkpt lat="37.30986" lon="-118.48487">
        <ele>1918.94</ele>
      </trkpt>
      <trkpt lat="37.3099" lon="-118.48458">
        <ele>1920.36</ele>
      </trkpt>
      <trkpt lat="37.30991" lon="-118.48451">
        <ele>1920.53</ele>
      </trkpt>
      <trkpt lat="37.30996" lon="-118.48439">
        <ele>1922.63</ele>
      </trkpt>
      <trkpt lat="37.30996" lon="-118.48432">
        <ele>1924.36</ele>
      </trkpt>
      <trkpt lat="37.30988" lon="-118.48405">
        <ele>1928.85</ele>
      </trkpt>
      <trkpt lat="37.30986" lon="-118.48399">
        <ele>1929.93</ele>
      </trkpt>
      <trkpt lat="37.30982" lon="-118.48391">
        <ele>1932.39</ele>
      </trkpt>
      <trkpt lat="37.30975" lon="-118.48378">
        <ele>1936.1</ele>
      </trkpt>
      <trkpt lat="37.30966" lon="-118.4836">
        <ele>1939.02</ele>
      </trkpt>
      <trkpt lat="37.30959" lon="-118.48343">
        <ele>1942.67</ele>
      </trkpt>
      <trkpt lat="37.30955" lon="-118.48332">
        <ele>1944.32</ele>
      </trkpt>
      <trkpt lat="37.30947" lon="-118.48317">
        <ele>1946.13</ele>
      </trkpt>
      <trkpt lat="37.30944" lon="-118.48312">
        <ele>1946.97</ele>
      </trkpt>
      <trkpt lat="37.30929" lon="-118.4831">
        <ele>1953.96</ele>
      </trkpt>
      <trkpt lat="37.30921" lon="-118.48308">
        <ele>1956.66</ele>
      </trkpt>
      <trkpt lat="37.3091" lon="-118.48297">
        <ele>1960.68</ele>
      </trkpt>
      <trkpt lat="37.30901" lon="-118.48285">
        <ele>1963.31</ele>
      </trkpt>
      <trkpt lat="37.30896" lon="-118.48276">
        <ele>1964.78</ele>
      </trkpt>
      <trkpt lat="37.30894" lon="-118.48268">
        <ele>1965.28</ele>
      </trkpt>
      <trkpt lat="37.3089" lon="-118.48251">
        <ele>1967.76</ele>
      </trkpt>
      <trkpt lat="37.30888" lon="-118.48246">
        <ele>1968.73</ele>
      </trkpt>
      <trkpt lat="37.30886" lon="-118.48242">
        <ele>1969.57</ele>
      </trkpt>
      <trkpt lat="37.3088" lon="-118.48233">
        <ele>1971.79</ele>
      </trkpt>
      <trkpt lat="37.30876" lon="-118.48227">
        <ele>1973.76</ele>
      </trkpt>
      <trkpt lat="37.30862" lon="-118.48198">
        <ele>1980.2</ele>
      </trkpt>
      <trkpt lat="37.30858" lon="-118.48192">
        <ele>1981.86</ele>
      </trkpt>
      <trkpt lat="37.30853" lon="-118.48189">
        <ele>1983.05</ele>
      </trkpt>
      <trkpt lat="37.30842" lon="-118.48187">
        <ele>1984.7</ele>
      </trkpt>
      <trkpt lat="37.30838" lon="-118.48183">
        <ele>1985.73</ele>
      </trkpt>
      <trkpt lat="37.30836" lon="-118.48176">
        <ele>1986.7</ele>
      </trkpt>
      <trkpt lat="37.30837" lon="-118.48169">
        <ele>1987.35</ele>
      </trkpt>
      <trkpt lat="37.30842" lon="-118.48164">
        <ele>1987.35</ele>
      </trkpt>
      <trkpt lat="37.30848" lon="-118.48161">
        <ele>1987.61</ele>
      </trkpt>
      <trkpt lat="37.30865" lon="-118.48154">
        <ele>1988.74</ele>
      </trkpt>
      <trkpt lat="37.30872" lon="-118.48151">
        <ele>1989.68</ele>
      </trkpt>
      <trkpt lat="37.30876" lon="-118.48151">
        <ele>1990.41</ele>
      </trkpt>
      <trkpt lat="37.30886" lon="-118.48149">
        <ele>1993.79</ele>
      </trkpt>
      <trkpt lat="37.30892" lon="-118.48149">
        <ele>1995.73</ele>
      </trkpt>
      <trkpt lat="37.30896" lon="-118.48152">
        <ele>1996.06</ele>
      </trkpt>
      <trkpt lat="37.30906" lon="-118.4816">
        <ele>1996.98</ele>
      </trkpt>
      <trkpt lat="37.3091" lon="-118.48164">
        <ele>1997.14</ele>
      </trkpt>
      <trkpt lat="37.3092" lon="-118.48171">
        <ele>1997.62</ele>
      </trkpt>
      <trkpt lat="37.30924" lon="-118.48173">
        <ele>1997.67</ele>
      </trkpt>
      <trkpt lat="37.30928" lon="-118.48173">
        <ele>1998.17</ele>
      </trkpt>
      <trkpt lat="37.30932" lon="-118.48171">
        <ele>1999.25</ele>
      </trkpt>
      <trkpt lat="37.30933" lon="-118.48158">
        <ele>2001.92</ele>
      </trkpt>
      <trkpt lat="37.30931" lon="-118.48153">
        <ele>2002.48</ele>
      </trkpt>
      <trkpt lat="37.30924" lon="-118.4814">
        <ele>2003.86</ele>
      </trkpt>
      <trkpt lat="37.30919" lon="-118.48127">
        <ele>2005.28</ele>
      </trkpt>
      <trkpt lat="37.30911" lon="-118.48104">
        <ele>2007.77</ele>
      </trkpt>
      <trkpt lat="37.30908" lon="-118.48092">
        <ele>2009.06</ele>
      </trkpt>
      <trkpt lat="37.30906" lon="-118.48081">
        <ele>2010.25</ele>
      </trkpt>
      <trkpt lat="37.30902" lon="-118.48022">
        <ele>2015.36</ele>
      </trkpt>
      <trkpt lat="37.309" lon="-118.48008">
        <ele>2016.94</ele>
      </trkpt>
      <trkpt lat="37.30897" lon="-118.47996">
        <ele>2018.05</ele>
      </trkpt>
      <trkpt lat="37.30892" lon="-118.47983">
        <ele>2019.5</ele>
      </trkpt>
      <trkpt lat="37.30888" lon="-118.47976">
        <ele>2020.59</ele>
      </trkpt>
      <trkpt lat="37.30882" lon="-118.47972">
        <ele>2021.02</ele>
      </trkpt>
      <trkpt lat="37.3086" lon="-118.47966">
        <ele>2023.08</ele>
      </trkpt>
      <trkpt lat="37.3085" lon="-118.47959">
        <ele>2024.63</ele>
      </trkpt>
      <trkpt lat="37.30841" lon="-118.47949">
        <ele>2026.17</ele>
      </trkpt>
      <trkpt lat="37.30831" lon="-118.47945">
        <ele>2027.25</ele>
      </trkpt>
      <trkpt lat="37.30821" lon="-118.47943">
        <ele>2028.44</ele>
      </trkpt>
      <trkpt lat="37.30811" lon="-118.47944">
        <ele>2029.43</ele>
      </trkpt>
      <trkpt lat="37.30801" lon="-118.47948">
        <ele>2030.8</ele>
      </trkpt>
      <trkpt lat="37.30782" lon="-118.47962">
        <ele>2032.54</ele>
      </trkpt>
      <trkpt lat="37.30765" lon="-118.47977">
        <ele>2033.86</ele>
      </trkpt>
      <trkpt lat="37.30751" lon="-118.47986">
        <ele>2034.89</ele>
      </trkpt>
      <trkpt lat="37.30735" lon="-118.47999">
        <ele>2036.07</ele>
      </trkpt>
      <trkpt lat="37.30718" lon="-118.4801">
        <ele>2037.46</ele>
      </trkpt>
      <trkpt lat="37.30709" lon="-118.48017">
        <ele>2038.79</ele>
      </trkpt>
      <trkpt lat="37.30692" lon="-118.48029">
        <ele>2041.26</ele>
      </trkpt>
      <trkpt lat="37.30668" lon="-118.48052">
        <ele>2043.86</ele>
      </trkpt>
      <trkpt lat="37.30652" lon="-118.48064">
        <ele>2045.05</ele>
      </trkpt>
      <trkpt lat="37.30639" lon="-118.48077">
        <ele>2045.99</ele>
      </trkpt>
      <trkpt lat="37.30618" lon="-118.48096">
        <ele>2047.89</ele>
      </trkpt>
      <trkpt lat="37.3061" lon="-118.48102">
        <ele>2048.12</ele>
      </trkpt>
      <trkpt lat="37.30594" lon="-118.48115">
        <ele>2050.7</ele>
      </trkpt>
      <trkpt lat="37.30543" lon="-118.48163">
        <ele>2057.36</ele>
      </trkpt>
      <trkpt lat="37.30521" lon="-118.48185">
        <ele>2059.73</ele>
      </trkpt>
      <trkpt lat="37.30505" lon="-118.48198">
        <ele>2062.46</ele>
      </trkpt>
      <trkpt lat="37.30491" lon="-118.48212">
        <ele>2064.84</ele>
      </trkpt>
      <trkpt lat="37.30453" lon="-118.48245">
        <ele>2070.11</ele>
      </trkpt>
      <trkpt lat="37.30435" lon="-118.48261">
        <ele>2073.22</ele>
      </trkpt>
      <trkpt lat="37.30435" lon="-118.48261">
        <ele>2073.22</ele>
      </trkpt>
      <trkpt lat="37.30428" lon="-118.48267">
        <ele>2074.74</ele>
      </trkpt>
      <trkpt lat="37.30421" lon="-118.48272">
        <ele>2076.24</ele>
      </trkpt>
      <trkpt lat="37.30406" lon="-118.4828">
        <ele>2078.51</ele>
      </trkpt>
      <trkpt lat="37.30369" lon="-118.483">
        <ele>2085.15</ele>
      </trkpt>
      <trkpt lat="37.3035" lon="-118.48308">
        <ele>2087.46</ele>
      </trkpt>
      <trkpt lat="37.30344" lon="-118.48313">
        <ele>2088.65</ele>
      </trkpt>
      <trkpt lat="37.30337" lon="-118.4832">
        <ele>2089.6</ele>
      </trkpt>
      <trkpt lat="37.30331" lon="-118.48328">
        <ele>2090.82</ele>
      </trkpt>
      <trkpt lat="37.30325" lon="-118.48336">
        <ele>2092.16</ele>
      </trkpt>
      <trkpt lat="37.30319" lon="-118.48347">
        <ele>2093.81</ele>
      </trkpt>
      <trkpt lat="37.30315" lon="-118.48358">
        <ele>2094.97</ele>
      </trkpt>
      <trkpt lat="37.30312" lon="-118.4837">
        <ele>2096.57</ele>
      </trkpt>
      <trkpt lat="37.30309" lon="-118.48396">
        <ele>2098.54</ele>
      </trkpt>
      <trkpt lat="37.30307" lon="-118.4841">
        <ele>2098.84</ele>
      </trkpt>
      <trkpt lat="37.30304" lon="-118.48422">
        <ele>2099.17</ele>
      </trkpt>
      <trkpt lat="37.30299" lon="-118.48434">
        <ele>2099.71</ele>
      </trkpt>
      <trkpt lat="37.30288" lon="-118.4846">
        <ele>2101.9</ele>
      </trkpt>
      <trkpt lat="37.30282" lon="-118.48471">
        <ele>2102.54</ele>
      </trkpt>
      <trkpt lat="37.3027" lon="-118.48492">
        <ele>2104.84</ele>
      </trkpt>
      <trkpt lat="37.30264" lon="-118.48502">
        <ele>2105.7</ele>
      </trkpt>
      <trkpt lat="37.30257" lon="-118.48513">
        <ele>2107.24</ele>
      </trkpt>
      <trkpt lat="37.3024" lon="-118.48533">
        <ele>2110.08</ele>
      </trkpt>
      <trkpt lat="37.30233" lon="-118.48545">
        <ele>2110.84</ele>
      </trkpt>
      <trkpt lat="37.30227" lon="-118.48559">
        <ele>2113.16</ele>
      </trkpt>
      <trkpt lat="37.30223" lon="-118.48575">
        <ele>2114.93</ele>
      </trkpt>
      <trkpt lat="37.30221" lon="-118.4859">
        <ele>2116.23</ele>
      </trkpt>
      <trkpt lat="37.30221" lon="-118.48601">
        <ele>2117.17</ele>
      </trkpt>
      <trkpt lat="37.30224" lon="-118.48628">
        <ele>2117.77</ele>
      </trkpt>
      <trkpt lat="37.30225" lon="-118.48649">
        <ele>2118.76</ele>
      </trkpt>
      <trkpt lat="37.30226" lon="-118.48688">
        <ele>2120.9</ele>
      </trkpt>
      <trkpt lat="37.30225" lon="-118.48726">
        <ele>2123.99</ele>
      </trkpt>
      <trkpt lat="37.30223" lon="-118.48754">
        <ele>2125.87</ele>
      </trkpt>
      <trkpt lat="37.3022" lon="-118.48789">
        <ele>2127.24</ele>
      </trkpt>
      <trkpt lat="37.30216" lon="-118.4881">
        <ele>2128.67</ele>
      </trkpt>
      <trkpt lat="37.30212" lon="-118.4882">
        <ele>2129.1</ele>
      </trkpt>
      <trkpt lat="37.30207" lon="-118.48829">
        <ele>2130.18</ele>
      </trkpt>
      <trkpt lat="37.30199" lon="-118.48836">
        <ele>2131.65</ele>
      </trkpt>
      <trkpt lat="37.3019" lon="-118.48841">
        <ele>2133.79</ele>
      </trkpt>
      <trkpt lat="37.3018" lon="-118.48841">
        <ele>2135.95</ele>
      </trkpt>
      <trkpt lat="37.30173" lon="-118.48838">
        <ele>2137.14</ele>
      </trkpt>
      <trkpt lat="37.30161" lon="-118.48827">
        <ele>2139.22</ele>
      </trkpt>
      <trkpt lat="37.30152" lon="-118.48823">
        <ele>2141.05</ele>
      </trkpt>
      <trkpt lat="37.30143" lon="-118.48824">
        <ele>2143.11</ele>
      </trkpt>
      <trkpt lat="37.30134" lon="-118.4883">
        <ele>2145.89</ele>
      </trkpt>
      <trkpt lat="37.30127" lon="-118.48837">
        <ele>2148.14</ele>
      </trkpt>
      <trkpt lat="37.30124" lon="-118.48842">
        <ele>2149.19</ele>
      </trkpt>
      <trkpt lat="37.30122" lon="-118.48847">
        <ele>2149.65</ele>
      </trkpt>
      <trkpt lat="37.30118" lon="-118.48852">
        <ele>2150.53</ele>
      </trkpt>
      <trkpt lat="37.30113" lon="-118.48853">
        <ele>2151.72</ele>
      </trkpt>
      <trkpt lat="37.30108" lon="-118.48847">
        <ele>2152.67</ele>
      </trkpt>
      <trkpt lat="37.30103" lon="-118.4884">
        <ele>2153.75</ele>
      </trkpt>
      <trkpt lat="37.30064" lon="-118.48797">
        <ele>2161.18</ele>
      </trkpt>
      <trkpt lat="37.30059" lon="-118.48788">
        <ele>2162.26</ele>
      </trkpt>
      <trkpt lat="37.30055" lon="-118.48777">
        <ele>2163.12</ele>
      </trkpt>
      <trkpt lat="37.30038" lon="-118.48738">
        <ele>2167.69</ele>
      </trkpt>
      <trkpt lat="37.30023" lon="-118.48708">
        <ele>2172.03</ele>
      </trkpt>
      <trkpt lat="37.30018" lon="-118.48701">
        <ele>2173.17</ele>
      </trkpt>
      <trkpt lat="37.30012" lon="-118.48696">
        <ele>2175.11</ele>
      </trkpt>
      <trkpt lat="37.30007" lon="-118.48695">
        <ele>2176.49</ele>
      </trkpt>
      <trkpt lat="37.30005" lon="-118.48695">
        <ele>2176.92</ele>
      </trkpt>
      <trkpt lat="37.30001" lon="-118.48696">
        <ele>2177.78</ele>
      </trkpt>
      <trkpt lat="37.29997" lon="-118.487">
        <ele>2178.65</ele>
      </trkpt>
      <trkpt lat="37.29989" lon="-118.48715">
        <ele>2180.38</ele>
      </trkpt>
      <trkpt lat="37.29983" lon="-118.48718">
        <ele>2181.67</ele>
      </trkpt>
      <trkpt lat="37.29969" lon="-118.48718">
        <ele>2184.35</ele>
      </trkpt>
      <trkpt lat="37.29962" lon="-118.48719">
        <ele>2185.21</ele>
      </trkpt>
      <trkpt lat="37.29955" lon="-118.48722">
        <ele>2186.72</ele>
      </trkpt>
      <trkpt lat="37.29941" lon="-118.48731">
        <ele>2188.37</ele>
      </trkpt>
      <trkpt lat="37.29933" lon="-118.48734">
        <ele>2189.47</ele>
      </trkpt>
      <trkpt lat="37.29925" lon="-118.48736">
        <ele>2191.1</ele>
      </trkpt>
      <trkpt lat="37.29916" lon="-118.48736">
        <ele>2192.14</ele>
      </trkpt>
      <trkpt lat="37.29906" lon="-118.48735">
        <ele>2194.25</ele>
      </trkpt>
      <trkpt lat="37.29898" lon="-118.48732">
        <ele>2195.96</ele>
      </trkpt>
      <trkpt lat="37.2989" lon="-118.48727">
        <ele>2197.36</ele>
      </trkpt>
      <trkpt lat="37.29884" lon="-118.48721">
        <ele>2199.19</ele>
      </trkpt>
      <trkpt lat="37.29878" lon="-118.48713">
        <ele>2201.17</ele>
      </trkpt>
      <trkpt lat="37.29874" lon="-118.48703">
        <ele>2202.61</ele>
      </trkpt>
      <trkpt lat="37.29872" lon="-118.48691">
        <ele>2203.2</ele>
      </trkpt>
      <trkpt lat="37.29869" lon="-118.4868">
        <ele>2204.15</ele>
      </trkpt>
      <trkpt lat="37.29864" lon="-118.4867">
        <ele>2204.69</ele>
      </trkpt>
      <trkpt lat="37.29858" lon="-118.48659">
        <ele>2206.22</ele>
      </trkpt>
      <trkpt lat="37.29848" lon="-118.4864">
        <ele>2208.35</ele>
      </trkpt>
      <trkpt lat="37.29842" lon="-118.48633">
        <ele>2209.72</ele>
      </trkpt>
      <trkpt lat="37.29834" lon="-118.48626">
        <ele>2211.29</ele>
      </trkpt>
      <trkpt lat="37.29828" lon="-118.48617">
        <ele>2212.58</ele>
      </trkpt>
      <trkpt lat="37.29823" lon="-118.48599">
        <ele>2213.2</ele>
      </trkpt>
      <trkpt lat="37.29819" lon="-118.4859">
        <ele>2213.42</ele>
      </trkpt>
      <trkpt lat="37.29812" lon="-118.48583">
        <ele>2214.57</ele>
      </trkpt>
      <trkpt lat="37.29803" lon="-118.48578">
        <ele>2215.98</ele>
      </trkpt>
      <trkpt lat="37.29777" lon="-118.48556">
        <ele>2219.22</ele>
      </trkpt>
      <trkpt lat="37.29747" lon="-118.48535">
        <ele>2222.58</ele>
      </trkpt>
      <trkpt lat="37.29736" lon="-118.4853">
        <ele>2223.63</ele>
      </trkpt>
      <trkpt lat="37.29723" lon="-118.48527">
        <ele>2224.83</ele>
      </trkpt>
      <trkpt lat="37.29713" lon="-118.48522">
        <ele>2225.0</ele>
      </trkpt>
      <trkpt lat="37.29707" lon="-118.48518">
        <ele>2225.64</ele>
      </trkpt>
      <trkpt lat="37.29699" lon="-118.48511">
        <ele>2226.0</ele>
      </trkpt>
      <trkpt lat="37.29688" lon="-118.48498">
        <ele>2227.03</ele>
      </trkpt>
      <trkpt lat="37.29674" lon="-118.48485">
        <ele>2226.18</ele>
      </trkpt>
      <trkpt lat="37.29668" lon="-118.4848">
        <ele>2226.21</ele>
      </trkpt>
      <trkpt lat="37.29654" lon="-118.48471">
        <ele>2226.52</ele>
      </trkpt>
      <trkpt lat="37.29645" lon="-118.48463">
        <ele>2227.68</ele>
      </trkpt>
      <trkpt lat="37.29637" lon="-118.48454">
        <ele>2227.47</ele>
      </trkpt>
      <trkpt lat="37.29633" lon="-118.48448">
        <ele>2227.66</ele>
      </trkpt>
      <trkpt lat="37.29622" lon="-118.4843">
        <ele>2227.26</ele>
      </trkpt>
      <trkpt lat="37.2961" lon="-118.48409">
        <ele>2227.41</ele>
      </trkpt>
      <trkpt lat="37.29598" lon="-118.48387">
        <ele>2227.04</ele>
      </trkpt>
      <trkpt lat="37.29587" lon="-118.48365">
        <ele>2228.23</ele>
      </trkpt>
      <trkpt lat="37.29582" lon="-118.48354">
        <ele>2228.52</ele>
      </trkpt>
      <trkpt lat="37.29576" lon="-118.4833">
        <ele>2226.22</ele>
      </trkpt>
      <trkpt lat="37.29572" lon="-118.4832">
        <ele>2226.01</ele>
      </trkpt>
      <trkpt lat="37.29568" lon="-118.4831">
        <ele>2225.79</ele>
      </trkpt>
      <trkpt lat="37.29559" lon="-118.48291">
        <ele>2225.06</ele>
      </trkpt>
      <trkpt lat="37.29536" lon="-118.48252">
        <ele>2224.33</ele>
      </trkpt>
      <trkpt lat="37.29524" lon="-118.48232">
        <ele>2223.46</ele>
      </trkpt>
      <trkpt lat="37.29518" lon="-118.48225">
        <ele>2223.36</ele>
      </trkpt>
      <trkpt lat="37.29513" lon="-118.48219">
        <ele>2223.8</ele>
      </trkpt>
      <trkpt lat="37.29501" lon="-118.48206">
        <ele>2226.64</ele>
      </trkpt>
      <trkpt lat="37.29495" lon="-118.48203">
        <ele>2227.65</ele>
      </trkpt>
      <trkpt lat="37.29478" lon="-118.48199">
        <ele>2229.39</ele>
      </trkpt>
      <trkpt lat="37.2947" lon="-118.48195">
        <ele>2231.12</ele>
      </trkpt>
      <trkpt lat="37.29439" lon="-118.48177">
        <ele>2237.77</ele>
      </trkpt>
      <trkpt lat="37.29408" lon="-118.48156">
        <ele>2245.61</ele>
      </trkpt>
      <trkpt lat="37.29408" lon="-118.48156">
        <ele>2245.61</ele>
      </trkpt>
      <trkpt lat="37.29401" lon="-118.48148">
        <ele>2249.06</ele>
      </trkpt>
      <trkpt lat="37.29395" lon="-118.48139">
        <ele>2252.96</ele>
      </trkpt>
      <trkpt lat="37.29386" lon="-118.4813">
        <ele>2254.92</ele>
      </trkpt>
      <trkpt lat="37.29372" lon="-118.48119">
        <ele>2256.32</ele>
      </trkpt>
      <trkpt lat="37.29366" lon="-118.48113">
        <ele>2257.12</ele>
      </trkpt>
      <trkpt lat="37.29358" lon="-118.48105">
        <ele>2257.98</ele>
      </trkpt>
      <trkpt lat="37.29351" lon="-118.48095">
        <ele>2259.39</ele>
      </trkpt>
      <trkpt lat="37.29344" lon="-118.48084">
        <ele>2261.01</ele>
      </trkpt>
      <trkpt lat="37.29328" lon="-118.48053">
        <ele>2266.56</ele>
      </trkpt>
      <trkpt lat="37.29322" lon="-118.48045">
        <ele>2268.2</ele>
      </trkpt>
      <trkpt lat="37.29302" lon="-118.48021">
        <ele>2272.08</ele>
      </trkpt>
      <trkpt lat="37.29295" lon="-118.48011">
        <ele>2272.81</ele>
      </trkpt>
      <trkpt lat="37.29288" lon="-118.48003">
        <ele>2273.68</ele>
      </trkpt>
      <trkpt lat="37.29278" lon="-118.47997">
        <ele>2274.0</ele>
      </trkpt>
      <trkpt lat="37.29254" lon="-118.47986">
        <ele>2277.37</ele>
      </trkpt>
      <trkpt lat="37.29242" lon="-118.47983">
        <ele>2278.81</ele>
      </trkpt>
      <trkpt lat="37.29235" lon="-118.47982">
        <ele>2278.94</ele>
      </trkpt>
      <trkpt lat="37.29227" lon="-118.47981">
        <ele>2279.59</ele>
      </trkpt>
      <trkpt lat="37.29211" lon="-118.47981">
        <ele>2281.53</ele>
      </trkpt>
      <trkpt lat="37.29194" lon="-118.47984">
        <ele>2285.14</ele>
      </trkpt>
      <trkpt lat="37.29189" lon="-118.47981">
        <ele>2286.84</ele>
      </trkpt>
      <trkpt lat="37.29187" lon="-118.47973">
        <ele>2288.51</ele>
      </trkpt>
      <trkpt lat="37.29188" lon="-118.47964">
        <ele>2289.55</ele>
      </trkpt>
      <trkpt lat="37.29194" lon="-118.47947">
        <ele>2293.48</ele>
      </trkpt>
      <trkpt lat="37.29194" lon="-118.47937">
        <ele>2294.05</ele>
      </trkpt>
      <trkpt lat="37.29188" lon="-118.47932">
        <ele>2294.59</ele>
      </trkpt>
      <trkpt lat="37.2918" lon="-118.47932">
        <ele>2296.12</ele>
      </trkpt>
      <trkpt lat="37.29171" lon="-118.47932">
        <ele>2298.25</ele>
      </trkpt>
      <trkpt lat="37.29162" lon="-118.47933">
        <ele>2300.75</ele>
      </trkpt>
      <trkpt lat="37.29154" lon="-118.47935">
        <ele>2303.12</ele>
      </trkpt>
      <trkpt lat="37.29146" lon="-118.47934">
        <ele>2305.67</ele>
      </trkpt>
      <trkpt lat="37.29141" lon="-118.47927">
        <ele>2306.63</ele>
      </trkpt>
      <trkpt lat="37.29137" lon="-118.47919">
        <ele>2306.81</ele>
      </trkpt>
      <trkpt lat="37.29132" lon="-118.47911">
        <ele>2307.78</ele>
      </trkpt>
      <trkpt lat="37.29126" lon="-118.47904">
        <ele>2308.56</ele>
      </trkpt>
      <trkpt lat="37.2912" lon="-118.47897">
        <ele>2310.12</ele>
      </trkpt>
      <trkpt lat="37.29113" lon="-118.47891">
        <ele>2312.39</ele>
      </trkpt>
      <trkpt lat="37.29104" lon="-118.47886">
        <ele>2313.98</ele>
      </trkpt>
      <trkpt lat="37.29094" lon="-118.47885">
        <ele>2315.01</ele>
      </trkpt>
      <trkpt lat="37.29085" lon="-118.47886">
        <ele>2316.2</ele>
      </trkpt>
      <trkpt lat="37.29075" lon="-118.47887">
        <ele>2317.31</ele>
      </trkpt>
      <trkpt lat="37.29065" lon="-118.47891">
        <ele>2318.68</ele>
      </trkpt>
      <trkpt lat="37.29046" lon="-118.47904">
        <ele>2325.54</ele>
      </trkpt>
      <trkpt lat="37.29036" lon="-118.47908">
        <ele>2327.37</ele>
      </trkpt>
      <trkpt lat="37.29025" lon="-118.47909">
        <ele>2329.24</ele>
      </trkpt>
      <trkpt lat="37.29016" lon="-118.47909">
        <ele>2331.01</ele>
      </trkpt>
      <trkpt lat="37.29008" lon="-118.4791">
        <ele>2332.6</ele>
      </trkpt>
      <trkpt lat="37.28993" lon="-118.47914">
        <ele>2335.33</ele>
      </trkpt>
      <trkpt lat="37.28984" lon="-118.47919">
        <ele>2337.59</ele>
      </trkpt>
      <trkpt lat="37.28966" lon="-118.4793">
        <ele>2339.38</ele>
      </trkpt>
      <trkpt lat="37.28949" lon="-118.4794">
        <ele>2342.52</ele>
      </trkpt>
      <trkpt lat="37.28938" lon="-118.47943">
        <ele>2346.78</ele>
      </trkpt>
      <trkpt lat="37.28917" lon="-118.47943">
        <ele>2351.93</ele>
      </trkpt>
      <trkpt lat="37.28909" lon="-118.47945">
        <ele>2353.72</ele>
      </trkpt>
      <trkpt lat="37.28902" lon="-118.47942">
        <ele>2355.86</ele>
      </trkpt>
      <trkpt lat="37.28902" lon="-118.47934">
        <ele>2356.35</ele>
      </trkpt>
      <trkpt lat="37.28907" lon="-118.47927">
        <ele>2356.82</ele>
      </trkpt>
      <trkpt lat="37.28914" lon="-118.47922">
        <ele>2355.59</ele>
      </trkpt>
      <trkpt lat="37.28922" lon="-118.47914">
        <ele>2355.42</ele>
      </trkpt>
      <trkpt lat="37.28929" lon="-118.47905">
        <ele>2356.1</ele>
      </trkpt>
      <trkpt lat="37.28934" lon="-118.47897">
        <ele>2356.27</ele>
      </trkpt>
      <trkpt lat="37.28935" lon="-118.47887">
        <ele>2356.06</ele>
      </trkpt>
      <trkpt lat="37.28929" lon="-118.47881">
        <ele>2358.0</ele>
      </trkpt>
      <trkpt lat="37.2892" lon="-118.47881">
        <ele>2360.83</ele>
      </trkpt>
      <trkpt lat="37.28909" lon="-118.47881">
        <ele>2363.51</ele>
      </trkpt>
      <trkpt lat="37.28899" lon="-118.4788">
        <ele>2365.78</ele>
      </trkpt>
      <trkpt lat="37.28879" lon="-118.47879">
        <ele>2370.2</ele>
      </trkpt>
      <trkpt lat="37.28836" lon="-118.4788">
        <ele>2381.37</ele>
      </trkpt>
      <trkpt lat="37.28826" lon="-118.47879">
        <ele>2383.65</ele>
      </trkpt>
      <trkpt lat="37.28817" lon="-118.47876">
        <ele>2386.38</ele>
      </trkpt>
      <trkpt lat="37.28809" lon="-118.47872">
        <ele>2388.26</ele>
      </trkpt>
      <trkpt lat="37.28802" lon="-118.47865">
        <ele>2388.8</ele>
      </trkpt>
      <trkpt lat="37.28798" lon="-118.47857">
        <ele>2387.93</ele>
      </trkpt>
      <trkpt lat="37.28789" lon="-118.47851">
        <ele>2386.03</ele>
      </trkpt>
      <trkpt lat="37.2878" lon="-118.47848">
        <ele>2384.09</ele>
      </trkpt>
      <trkpt lat="37.28767" lon="-118.47846">
        <ele>2381.47</ele>
      </trkpt>
      <trkpt lat="37.2876" lon="-118.47843">
        <ele>2379.29</ele>
      </trkpt>
      <trkpt lat="37.28753" lon="-118.47838">
        <ele>2377.33</ele>
      </trkpt>
      <trkpt lat="37.28747" lon="-118.47833">
        <ele>2375.9</ele>
      </trkpt>
      <trkpt lat="37.28734" lon="-118.47825">
        <ele>2374.2</ele>
      </trkpt>
      <trkpt lat="37.28728" lon="-118.47817">
        <ele>2372.47</ele>
      </trkpt>
      <trkpt lat="37.28725" lon="-118.47808">
        <ele>2371.04</ele>
      </trkpt>
      <trkpt lat="37.28726" lon="-118.47798">
        <ele>2369.78</ele>
      </trkpt>
      <trkpt lat="37.2873" lon="-118.47788">
        <ele>2369.16</ele>
      </trkpt>
      <trkpt lat="37.28742" lon="-118.47766">
        <ele>2367.1</ele>
      </trkpt>
      <trkpt lat="37.28748" lon="-118.47753">
        <ele>2367.25</ele>
      </trkpt>
      <trkpt lat="37.28753" lon="-118.47739">
        <ele>2367.28</ele>
      </trkpt>
      <trkpt lat="37.28757" lon="-118.47726">
        <ele>2368.22</ele>
      </trkpt>
      <trkpt lat="37.28766" lon="-118.47707">
        <ele>2368.46</ele>
      </trkpt>
      <trkpt lat="37.28766" lon="-118.47695">
        <ele>2369.07</ele>
      </trkpt>
      <trkpt lat="37.28757" lon="-118.47673">
        <ele>2374.98</ele>
      </trkpt>
      <trkpt lat="37.28753" lon="-118.47653">
        <ele>2376.86</ele>
      </trkpt>
      <trkpt lat="37.28753" lon="-118.47643">
        <ele>2377.58</ele>
      </trkpt>
      <trkpt lat="37.28754" lon="-118.47637">
        <ele>2377.88</ele>
      </trkpt>
      <trkpt lat="37.28754" lon="-118.47631">
        <ele>2378.44</ele>
      </trkpt>
      <trkpt lat="37.28753" lon="-118.47623">
        <ele>2378.91</ele>
      </trkpt>
      <trkpt lat="37.28741" lon="-118.47605">
        <ele>2382.62</ele>
      </trkpt>
      <trkpt lat="37.28736" lon="-118.47592">
        <ele>2385.63</ele>
      </trkpt>
      <trkpt lat="37.28734" lon="-118.47579">
        <ele>2387.71</ele>
      </trkpt>
      <trkpt lat="37.28734" lon="-118.47564">
        <ele>2388.45</ele>
      </trkpt>
      <trkpt lat="37.28733" lon="-118.47552">
        <ele>2390.93</ele>
      </trkpt>
      <trkpt lat="37.28729" lon="-118.47544">
        <ele>2392.48</ele>
      </trkpt>
      <trkpt lat="37.28723" lon="-118.47539">
        <ele>2393.45</ele>
      </trkpt>
      <trkpt lat="37.28708" lon="-118.47534">
        <ele>2395.91</ele>
      </trkpt>
      <trkpt lat="37.28702" lon="-118.47528">
        <ele>2397.55</ele>
      </trkpt>
      <trkpt lat="37.287" lon="-118.47518">
        <ele>2398.46</ele>
      </trkpt>
      <trkpt lat="37.28699" lon="-118.47508">
        <ele>2399.57</ele>
      </trkpt>
      <trkpt lat="37.28696" lon="-118.47496">
        <ele>2400.43</ele>
      </trkpt>
      <trkpt lat="37.28691" lon="-118.47484">
        <ele>2402.1</ele>
      </trkpt>
      <trkpt lat="37.28672" lon="-118.47449">
        <ele>2406.72</ele>
      </trkpt>
      <trkpt lat="37.28667" lon="-118.47435">
        <ele>2407.96</ele>
      </trkpt>
      <trkpt lat="37.28664" lon="-118.4742">
        <ele>2408.93</ele>
      </trkpt>
      <trkpt lat="37.28659" lon="-118.47406">
        <ele>2410.68</ele>
      </trkpt>
      <trkpt lat="37.28651" lon="-118.47394">
        <ele>2412.52</ele>
      </trkpt>
      <trkpt lat="37.28634" lon="-118.47374">
        <ele>2417.66</ele>
      </trkpt>
      <trkpt lat="37.28625" lon="-118.47361">
        <ele>2420.51</ele>
      </trkpt>
      <trkpt lat="37.28614" lon="-118.47341">
        <ele>2423.38</ele>
      </trkpt>
      <trkpt lat="37.28609" lon="-118.47331">
        <ele>2424.23</ele>
      </trkpt>
      <trkpt lat="37.28606" lon="-118.47321">
        <ele>2424.55</ele>
      </trkpt>
      <trkpt lat="37.28604" lon="-118.47312">
        <ele>2424.77</ele>
      </trkpt>
      <trkpt lat="37.28602" lon="-118.47301">
        <ele>2425.47</ele>
      </trkpt>
      <trkpt lat="37.286" lon="-118.47289">
        <ele>2426.36</ele>
      </trkpt>
      <trkpt lat="37.28599" lon="-118.47275">
        <ele>2426.62</ele>
      </trkpt>
      <trkpt lat="37.286" lon="-118.47261">
        <ele>2427.21</ele>
      </trkpt>
      <trkpt lat="37.28602" lon="-118.47233">
        <ele>2427.8</ele>
      </trkpt>
      <trkpt lat="37.28603" lon="-118.47221">
        <ele>2427.75</ele>
      </trkpt>
      <trkpt lat="37.28602" lon="-118.4721">
        <ele>2427.97</ele>
      </trkpt>
      <trkpt lat="37.286" lon="-118.47198">
        <ele>2428.28</ele>
      </trkpt>
      <trkpt lat="37.28596" lon="-118.47186">
        <ele>2428.3</ele>
      </trkpt>
      <trkpt lat="37.28591" lon="-118.47177">
        <ele>2428.44</ele>
      </trkpt>
      <trkpt lat="37.28587" lon="-118.47171">
        <ele>2428.89</ele>
      </trkpt>
      <trkpt lat="37.28577" lon="-118.47162">
        <ele>2428.34</ele>
      </trkpt>
      <trkpt lat="37.2857" lon="-118.47158">
        <ele>2428.09</ele>
      </trkpt>
      <trkpt lat="37.28548" lon="-118.47148">
        <ele>2427.78</ele>
      </trkpt>
      <trkpt lat="37.28542" lon="-118.47144">
        <ele>2427.57</ele>
      </trkpt>
      <trkpt lat="37.28536" lon="-118.4714">
        <ele>2427.35</ele>
      </trkpt>
      <trkpt lat="37.2853" lon="-118.47134">
        <ele>2426.7</ele>
      </trkpt>
      <trkpt lat="37.28525" lon="-118.47129">
        <ele>2425.86</ele>
      </trkpt>
      <trkpt lat="37.28519" lon="-118.47127">
        <ele>2425.43</ele>
      </trkpt>
      <trkpt lat="37.28504" lon="-118.47126">
        <ele>2425.22</ele>
      </trkpt>
      <trkpt lat="37.28496" lon="-118.47124">
        <ele>2424.95</ele>
      </trkpt>
      <trkpt lat="37.28485" lon="-118.4711">
        <ele>2421.38</ele>
      </trkpt>
      <trkpt lat="37.28483" lon="-118.47099">
        <ele>2419.48</ele>
      </trkpt>
      <trkpt lat="37.28482" lon="-118.47087">
        <ele>2417.71</ele>
      </trkpt>
      <trkpt lat="37.28483" lon="-118.47074">
        <ele>2415.66</ele>
      </trkpt>
      <trkpt lat="37.28483" lon="-118.4706">
        <ele>2413.32</ele>
      </trkpt>
      <trkpt lat="37.28487" lon="-118.47027">
        <ele>2409.32</ele>
      </trkpt>
      <trkpt lat="37.28484" lon="-118.47008">
        <ele>2407.22</ele>
      </trkpt>
      <trkpt lat="37.28477" lon="-118.46992">
        <ele>2405.62</ele>
      </trkpt>
      <trkpt lat="37.28466" lon="-118.46982">
        <ele>2405.09</ele>
      </trkpt>
      <trkpt lat="37.28456" lon="-118.4698">
        <ele>2405.47</ele>
      </trkpt>
      <trkpt lat="37.28425" lon="-118.46981">
        <ele>2406.9</ele>
      </trkpt>
      <trkpt lat="37.28414" lon="-118.46979">
        <ele>2407.1</ele>
      </trkpt>
      <trkpt lat="37.28406" lon="-118.46973">
        <ele>2408.15</ele>
      </trkpt>
      <trkpt lat="37.28401" lon="-118.46964">
        <ele>2407.8</ele>
      </trkpt>
      <trkpt lat="37.28389" lon="-118.46924">
        <ele>2407.97</ele>
      </trkpt>
      <trkpt lat="37.28378" lon="-118.46899">
        <ele>2410.54</ele>
      </trkpt>
      <trkpt lat="37.28374" lon="-118.46888">
        <ele>2411.37</ele>
      </trkpt>
      <trkpt lat="37.28368" lon="-118.46867">
        <ele>2412.66</ele>
      </trkpt>
      <trkpt lat="37.28357" lon="-118.4685">
        <ele>2415.58</ele>
      </trkpt>
      <trkpt lat="37.28352" lon="-118.46832">
        <ele>2414.81</ele>
      </trkpt>
      <trkpt lat="37.28344" lon="-118.46816">
        <ele>2417.39</ele>
      </trkpt>
      <trkpt lat="37.28339" lon="-118.46808">
        <ele>2418.33</ele>
      </trkpt>
      <trkpt lat="37.28337" lon="-118.46799">
        <ele>2419.09</ele>
      </trkpt>
      <trkpt lat="37.28341" lon="-118.46791">
        <ele>2418.82</ele>
      </trkpt>
      <trkpt lat="37.28348" lon="-118.46787">
        <ele>2417.84</ele>
      </trkpt>
      <trkpt lat="37.28356" lon="-118.46785">
        <ele>2416.54</ele>
      </trkpt>
      <trkpt lat="37.28361" lon="-118.46782">
        <ele>2416.11</ele>
      </trkpt>
      <trkpt lat="37.28368" lon="-118.46776">
        <ele>2415.75</ele>
      </trkpt>
      <trkpt lat="37.28375" lon="-118.46768">
        <ele>2415.53</ele>
      </trkpt>
      <trkpt lat="37.28377" lon="-118.46761">
        <ele>2415.51</ele>
      </trkpt>
      <trkpt lat="37.28377" lon="-118.46755">
        <ele>2415.57</ele>
      </trkpt>
      <trkpt lat="37.28373" lon="-118.46747">
        <ele>2416.11</ele>
      </trkpt>
      <trkpt lat="37.2837" lon="-118.46737">
        <ele>2415.68</ele>
      </trkpt>
      <trkpt lat="37.28363" lon="-118.46713">
        <ele>2413.8</ele>
      </trkpt>
      <trkpt lat="37.28359" lon="-118.46702">
        <ele>2413.6</ele>
      </trkpt>
      <trkpt lat="37.28353" lon="-118.46692">
        <ele>2414.17</ele>
      </trkpt>
      <trkpt lat="37.28345" lon="-118.46682">
        <ele>2415.83</ele>
      </trkpt>
      <trkpt lat="37.28335" lon="-118.46675">
        <ele>2416.94</ele>
      </trkpt>
      <trkpt lat="37.28295" lon="-118.4667">
        <ele>2420.19</ele>
      </trkpt>
      <trkpt lat="37.28282" lon="-118.46665">
        <ele>2422.35</ele>
      </trkpt>
      <trkpt lat="37.2827" lon="-118.46659">
        <ele>2424.81</ele>
      </trkpt>
      <trkpt lat="37.28259" lon="-118.46654">
        <ele>2426.05</ele>
      </trkpt>
      <trkpt lat="37.28248" lon="-118.4665">
        <ele>2427.63</ele>
      </trkpt>
      <trkpt lat="37.28236" lon="-118.46648">
        <ele>2429.51</ele>
      </trkpt>
      <trkpt lat="37.2821" lon="-118.46645">
        <ele>2433.53</ele>
      </trkpt>
      <trkpt lat="37.28191" lon="-118.46642">
        <ele>2436.37</ele>
      </trkpt>
      <trkpt lat="37.28182" lon="-118.46641">
        <ele>2437.69</ele>
      </trkpt>
      <trkpt lat="37.28175" lon="-118.46643">
        <ele>2439.16</ele>
      </trkpt>
      <trkpt lat="37.28166" lon="-118.46649">
        <ele>2440.23</ele>
      </trkpt>
      <trkpt lat="37.28154" lon="-118.46659">
        <ele>2442.84</ele>
      </trkpt>
      <trkpt lat="37.28143" lon="-118.4667">
        <ele>2444.56</ele>
      </trkpt>
      <trkpt lat="37.28132" lon="-118.46679">
        <ele>2446.08</ele>
      </trkpt>
      <trkpt lat="37.2812" lon="-118.46684">
        <ele>2448.04</ele>
      </trkpt>
      <trkpt lat="37.28107" lon="-118.46687">
        <ele>2449.44</ele>
      </trkpt>
      <trkpt lat="37.28093" lon="-118.46688">
        <ele>2451.25</ele>
      </trkpt>
      <trkpt lat="37.28079" lon="-118.46688">
        <ele>2453.47</ele>
      </trkpt>
      <trkpt lat="37.28068" lon="-118.46688">
        <ele>2454.66</ele>
      </trkpt>
      <trkpt lat="37.28058" lon="-118.46688">
        <ele>2455.74</ele>
      </trkpt>
      <trkpt lat="37.28048" lon="-118.46693">
        <ele>2456.94</ele>
      </trkpt>
      <trkpt lat="37.28038" lon="-118.46699">
        <ele>2458.35</ele>
      </trkpt>
      <trkpt lat="37.28027" lon="-118.46704">
        <ele>2460.08</ele>
      </trkpt>
      <trkpt lat="37.28005" lon="-118.4671">
        <ele>2462.78</ele>
      </trkpt>
      <trkpt lat="37.27993" lon="-118.46714">
        <ele>2464.54</ele>
      </trkpt>
      <trkpt lat="37.27959" lon="-118.46733">
        <ele>2469.43</ele>
      </trkpt>
      <trkpt lat="37.27947" lon="-118.4674">
        <ele>2471.45</ele>
      </trkpt>
      <trkpt lat="37.27926" lon="-118.46756">
        <ele>2475.98</ele>
      </trkpt>
      <trkpt lat="37.27918" lon="-118.4676">
        <ele>2477.72</ele>
      </trkpt>
      <trkpt lat="37.27918" lon="-118.4676">
        <ele>2477.72</ele>
      </trkpt>
      <trkpt lat="37.2791" lon="-118.46761">
        <ele>2478.86</ele>
      </trkpt>
      <trkpt lat="37.27893" lon="-118.46758">
        <ele>2482.19</ele>
      </trkpt>
      <trkpt lat="37.27882" lon="-118.46758">
        <ele>2484.73</ele>
      </trkpt>
      <trkpt lat="37.27872" lon="-118.46761">
        <ele>2487.32</ele>
      </trkpt>
      <trkpt lat="37.27863" lon="-118.46767">
        <ele>2488.76</ele>
      </trkpt>
      <trkpt lat="37.27847" lon="-118.46785">
        <ele>2493.16</ele>
      </trkpt>
      <trkpt lat="37.27839" lon="-118.46792">
        <ele>2495.49</ele>
      </trkpt>
      <trkpt lat="37.27831" lon="-118.46796">
        <ele>2497.75</ele>
      </trkpt>
      <trkpt lat="37.27824" lon="-118.46796">
        <ele>2499.98</ele>
      </trkpt>
      <trkpt lat="37.27816" lon="-118.46795">
        <ele>2501.73</ele>
      </trkpt>
      <trkpt lat="37.27807" lon="-118.46798">
        <ele>2503.53</ele>
      </trkpt>
      <trkpt lat="37.27798" lon="-118.46804">
        <ele>2504.8</ele>
      </trkpt>
      <trkpt lat="37.27782" lon="-118.46824">
        <ele>2507.54</ele>
      </trkpt>
      <trkpt lat="37.27772" lon="-118.4683">
        <ele>2509.49</ele>
      </trkpt>
      <trkpt lat="37.27754" lon="-118.46832">
        <ele>2513.14</ele>
      </trkpt>
      <trkpt lat="37.27745" lon="-118.46835">
        <ele>2515.52</ele>
      </trkpt>
      <trkpt lat="37.27736" lon="-118.46838">
        <ele>2517.78</ele>
      </trkpt>
      <trkpt lat="37.27726" lon="-118.46844">
        <ele>2520.18</ele>
      </trkpt>
      <trkpt lat="37.27716" lon="-118.4685">
        <ele>2522.34</ele>
      </trkpt>
      <trkpt lat="37.27695" lon="-118.46855">
        <ele>2525.92</ele>
      </trkpt>
      <trkpt lat="37.27686" lon="-118.46858">
        <ele>2527.22</ele>
      </trkpt>
      <trkpt lat="37.27678" lon="-118.46862">
        <ele>2528.48</ele>
      </trkpt>
      <trkpt lat="37.27671" lon="-118.46867">
        <ele>2528.9</ele>
      </trkpt>
      <trkpt lat="37.27668" lon="-118.46871">
        <ele>2528.92</ele>
      </trkpt>
      <trkpt lat="37.27661" lon="-118.46879">
        <ele>2530.59</ele>
      </trkpt>
      <trkpt lat="37.27656" lon="-118.46883">
        <ele>2531.98</ele>
      </trkpt>
      <trkpt lat="37.27644" lon="-118.46891">
        <ele>2535.35</ele>
      </trkpt>
      <trkpt lat="37.27639" lon="-118.46895">
        <ele>2537.3</ele>
      </trkpt>
      <trkpt lat="37.27634" lon="-118.46901">
        <ele>2539.0</ele>
      </trkpt>
      <trkpt lat="37.27628" lon="-118.46909">
        <ele>2541.84</ele>
      </trkpt>
      <trkpt lat="37.27623" lon="-118.46919">
        <ele>2545.01</ele>
      </trkpt>
      <trkpt lat="37.27618" lon="-118.4693">
        <ele>2548.54</ele>
      </trkpt>
      <trkpt lat="37.27609" lon="-118.4695">
        <ele>2553.52</ele>
      </trkpt>
      <trkpt lat="37.27603" lon="-118.46971">
        <ele>2560.59</ele>
      </trkpt>
      <trkpt lat="37.276" lon="-118.46982">
        <ele>2564.01</ele>
      </trkpt>
      <trkpt lat="37.27596" lon="-118.46987">
        <ele>2565.38</ele>
      </trkpt>
      <trkpt lat="37.2759" lon="-118.46998">
        <ele>2568.35</ele>
      </trkpt>
      <trkpt lat="37.27575" lon="-118.47014">
        <ele>2574.88</ele>
      </trkpt>
      <trkpt lat="37.2757" lon="-118.47019">
        <ele>2576.57</ele>
      </trkpt>
      <trkpt lat="37.27565" lon="-118.47022">
        <ele>2577.74</ele>
      </trkpt>
      <trkpt lat="37.27551" lon="-118.4702">
        <ele>2578.89</ele>
      </trkpt>
      <trkpt lat="37.27545" lon="-118.47019">
        <ele>2579.16</ele>
      </trkpt>
      <trkpt lat="37.2752" lon="-118.47007">
        <ele>2582.32</ele>
      </trkpt>
      <trkpt lat="37.27515" lon="-118.47003">
        <ele>2583.84</ele>
      </trkpt>
      <trkpt lat="37.27511" lon="-118.46997">
        <ele>2584.98</ele>
      </trkpt>
      <trkpt lat="37.27506" lon="-118.46984">
        <ele>2585.8</ele>
      </trkpt>
      <trkpt lat="37.27503" lon="-118.46978">
        <ele>2586.23</ele>
      </trkpt>
      <trkpt lat="37.27495" lon="-118.4697">
        <ele>2588.08</ele>
      </trkpt>
      <trkpt lat="37.27493" lon="-118.46967">
        <ele>2588.51</ele>
      </trkpt>
      <trkpt lat="37.27488" lon="-118.46956">
        <ele>2589.89</ele>
      </trkpt>
      <trkpt lat="37.27484" lon="-118.46952">
        <ele>2591.23</ele>
      </trkpt>
      <trkpt lat="37.27479" lon="-118.46952">
        <ele>2593.61</ele>
      </trkpt>
      <trkpt lat="37.27475" lon="-118.46957">
        <ele>2595.95</ele>
      </trkpt>
      <trkpt lat="37.27469" lon="-118.46969">
        <ele>2599.09</ele>
      </trkpt>
      <trkpt lat="37.27465" lon="-118.46974">
        <ele>2601.68</ele>
      </trkpt>
      <trkpt lat="37.27461" lon="-118.46977">
        <ele>2603.64</ele>
      </trkpt>
      <trkpt lat="37.27456" lon="-118.46974">
        <ele>2605.26</ele>
      </trkpt>
      <trkpt lat="37.27453" lon="-118.46968">
        <ele>2606.23</ele>
      </trkpt>
      <trkpt lat="37.27453" lon="-118.46954">
        <ele>2606.23</ele>
      </trkpt>
      <trkpt lat="37.2745" lon="-118.46949">
        <ele>2607.2</ele>
      </trkpt>
      <trkpt lat="37.27445" lon="-118.46948">
        <ele>2608.82</ele>
      </trkpt>
      <trkpt lat="37.27441" lon="-118.46952">
        <ele>2610.12</ele>
      </trkpt>
      <trkpt lat="37.27437" lon="-118.46957">
        <ele>2611.41</ele>
      </trkpt>
      <trkpt lat="37.27431" lon="-118.46968">
        <ele>2613.56</ele>
      </trkpt>
      <trkpt lat="37.27426" lon="-118.46972">
        <ele>2615.0</ele>
      </trkpt>
      <trkpt lat="37.27415" lon="-118.46978">
        <ele>2619.61</ele>
      </trkpt>
      <trkpt lat="37.2741" lon="-118.46982">
        <ele>2621.22</ele>
      </trkpt>
      <trkpt lat="37.27404" lon="-118.46983">
        <ele>2623.27</ele>
      </trkpt>
      <trkpt lat="37.27399" lon="-118.4698">
        <ele>2624.74</ele>
      </trkpt>
      <trkpt lat="37.27397" lon="-118.46972">
        <ele>2625.52</ele>
      </trkpt>
      <trkpt lat="37.27397" lon="-118.46965">
        <ele>2626.18</ele>
      </trkpt>
      <trkpt lat="37.27399" lon="-118.46943">
        <ele>2627.04</ele>
      </trkpt>
      <trkpt lat="37.27397" lon="-118.46936">
        <ele>2629.2</ele>
      </trkpt>
      <trkpt lat="37.2739" lon="-118.46935">
        <ele>2631.72</ele>
      </trkpt>
      <trkpt lat="37.27384" lon="-118.46938">
        <ele>2633.5</ele>
      </trkpt>
      <trkpt lat="37.27379" lon="-118.46942">
        <ele>2634.73</ele>
      </trkpt>
      <trkpt lat="37.27372" lon="-118.46948">
        <ele>2635.77</ele>
      </trkpt>
      <trkpt lat="37.27367" lon="-118.46953">
        <ele>2636.22</ele>
      </trkpt>
      <trkpt lat="37.27365" lon="-118.46958">
        <ele>2636.47</ele>
      </trkpt>
      <trkpt lat="37.27355" lon="-118.46983">
        <ele>2638.98</ele>
      </trkpt>
      <trkpt lat="37.27353" lon="-118.46991">
        <ele>2639.66</ele>
      </trkpt>
      <trkpt lat="37.27352" lon="-118.46999">
        <ele>2640.84</ele>
      </trkpt>
      <trkpt lat="37.27353" lon="-118.47008">
        <ele>2642.46</ele>
      </trkpt>
      <trkpt lat="37.27351" lon="-118.47016">
        <ele>2644.64</ele>
      </trkpt>
      <trkpt lat="37.27347" lon="-118.47023">
        <ele>2647.25</ele>
      </trkpt>
      <trkpt lat="37.27339" lon="-118.47033">
        <ele>2650.86</ele>
      </trkpt>
      <trkpt lat="37.27334" lon="-118.4704">
        <ele>2652.64</ele>
      </trkpt>
      <trkpt lat="37.27329" lon="-118.47057">
        <ele>2655.39</ele>
      </trkpt>
      <trkpt lat="37.27325" lon="-118.47062">
        <ele>2655.27</ele>
      </trkpt>
      <trkpt lat="37.27319" lon="-118.47065">
        <ele>2655.54</ele>
      </trkpt>
      <trkpt lat="37.27313" lon="-118.47063">
        <ele>2656.23</ele>
      </trkpt>
      <trkpt lat="37.27308" lon="-118.47056">
        <ele>2657.65</ele>
      </trkpt>
      <trkpt lat="37.27307" lon="-118.47052">
        <ele>2658.17</ele>
      </trkpt>
      <trkpt lat="37.27306" lon="-118.47041">
        <ele>2658.9</ele>
      </trkpt>
      <trkpt lat="37.27304" lon="-118.47033">
        <ele>2659.34</ele>
      </trkpt>
      <trkpt lat="37.273" lon="-118.47026">
        <ele>2660.39</ele>
      </trkpt>
      <trkpt lat="37.27294" lon="-118.47021">
        <ele>2662.05</ele>
      </trkpt>
      <trkpt lat="37.2729" lon="-118.47019">
        <ele>2662.66</ele>
      </trkpt>
      <trkpt lat="37.27286" lon="-118.47017">
        <ele>2663.0</ele>
      </trkpt>
      <trkpt lat="37.27284" lon="-118.47012">
        <ele>2663.0</ele>
      </trkpt>
      <trkpt lat="37.27285" lon="-118.47007">
        <ele>2662.95</ele>
      </trkpt>
      <trkpt lat="37.27288" lon="-118.47003">
        <ele>2663.0</ele>
      </trkpt>
      <trkpt lat="37.27295" lon="-118.46996">
        <ele>2663.0</ele>
      </trkpt>
      <trkpt lat="37.27298" lon="-118.4699">
        <ele>2662.83</ele>
      </trkpt>
      <trkpt lat="37.273" lon="-118.4698">
        <ele>2663.1</ele>
      </trkpt>
      <trkpt lat="37.27301" lon="-118.4697">
        <ele>2663.61</ele>
      </trkpt>
      <trkpt lat="37.273" lon="-118.46959">
        <ele>2664.2</ele>
      </trkpt>
      <trkpt lat="37.27296" lon="-118.46949">
        <ele>2665.05</ele>
      </trkpt>
      <trkpt lat="37.27289" lon="-118.46942">
        <ele>2666.84</ele>
      </trkpt>
      <trkpt lat="37.27274" lon="-118.46934">
        <ele>2669.13</ele>
      </trkpt>
      <trkpt lat="37.27267" lon="-118.46931">
        <ele>2669.69</ele>
      </trkpt>
      <trkpt lat="37.27259" lon="-118.4693">
        <ele>2671.18</ele>
      </trkpt>
      <trkpt lat="37.27244" lon="-118.46929">
        <ele>2673.98</ele>
      </trkpt>
      <trkpt lat="37.27206" lon="-118.46913">
        <ele>2682.39</ele>
      </trkpt>
      <trkpt lat="37.27199" lon="-118.46908">
        <ele>2684.38</ele>
      </trkpt>
      <trkpt lat="37.27195" lon="-118.469">
        <ele>2685.79</ele>
      </trkpt>
      <trkpt lat="37.27194" lon="-118.46892">
        <ele>2687.42</ele>
      </trkpt>
      <trkpt lat="37.27197" lon="-118.46883">
        <ele>2688.54</ele>
      </trkpt>
      <trkpt lat="37.27203" lon="-118.46874">
        <ele>2689.65</ele>
      </trkpt>
      <trkpt lat="37.27208" lon="-118.46864">
        <ele>2691.84</ele>
      </trkpt>
      <trkpt lat="37.27209" lon="-118.46853">
        <ele>2693.82</ele>
      </trkpt>
      <trkpt lat="37.27204" lon="-118.46833">
        <ele>2697.07</ele>
      </trkpt>
      <trkpt lat="37.27204" lon="-118.46824">
        <ele>2698.03</ele>
      </trkpt>
      <trkpt lat="37.27204" lon="-118.46815">
        <ele>2698.03</ele>
      </trkpt>
      <trkpt lat="37.27203" lon="-118.46807">
        <ele>2697.94</ele>
      </trkpt>
      <trkpt lat="37.272" lon="-118.468">
        <ele>2697.36</ele>
      </trkpt>
      <trkpt lat="37.27197" lon="-118.46794">
        <ele>2696.55</ele>
      </trkpt>
      <trkpt lat="37.27192" lon="-118.46789">
        <ele>2695.53</ele>
      </trkpt>
      <trkpt lat="37.27186" lon="-118.46785">
        <ele>2693.98</ele>
      </trkpt>
      <trkpt lat="37.27178" lon="-118.46783">
        <ele>2692.35</ele>
      </trkpt>
      <trkpt lat="37.27169" lon="-118.46784">
        <ele>2690.26</ele>
      </trkpt>
      <trkpt lat="37.27161" lon="-118.46788">
        <ele>2688.88</ele>
      </trkpt>
      <trkpt lat="37.27154" lon="-118.46793">
        <ele>2687.91</ele>
      </trkpt>
      <trkpt lat="37.27139" lon="-118.46805">
        <ele>2687.89</ele>
      </trkpt>
      <trkpt lat="37.27131" lon="-118.46811">
        <ele>2688.68</ele>
      </trkpt>
      <trkpt lat="37.27114" lon="-118.46821">
        <ele>2692.9</ele>
      </trkpt>
      <trkpt lat="37.27106" lon="-118.46825">
        <ele>2694.19</ele>
      </trkpt>
      <trkpt lat="37.27094" lon="-118.4683">
        <ele>2693.79</ele>
      </trkpt>
      <trkpt lat="37.27077" lon="-118.46839">
        <ele>2694.0</ele>
      </trkpt>
      <trkpt lat="37.27072" lon="-118.46841">
        <ele>2694.0</ele>
      </trkpt>
      <trkpt lat="37.27065" lon="-118.46843">
        <ele>2694.0</ele>
      </trkpt>
      <trkpt lat="37.27057" lon="-118.46844">
        <ele>2694.0</ele>
      </trkpt>
      <trkpt lat="37.27049" lon="-118.46844">
        <ele>2694.71</ele>
      </trkpt>
      <trkpt lat="37.27039" lon="-118.46842">
        <ele>2694.99</ele>
      </trkpt>
      <trkpt lat="37.27" lon="-118.46835">
        <ele>2695.0</ele>
      </trkpt>
      <trkpt lat="37.26991" lon="-118.46833">
        <ele>2695.0</ele>
      </trkpt>
      <trkpt lat="37.26983" lon="-118.46829">
        <ele>2695.0</ele>
      </trkpt>
      <trkpt lat="37.26957" lon="-118.46816">
        <ele>2694.0</ele>
      </trkpt>
      <trkpt lat="37.2693" lon="-118.46804">
        <ele>2693.91</ele>
      </trkpt>
      <trkpt lat="37.26922" lon="-118.46799">
        <ele>2693.17</ele>
      </trkpt>
      <trkpt lat="37.2691" lon="-118.46786">
        <ele>2692.25</ele>
      </trkpt>
      <trkpt lat="37.26904" lon="-118.4678">
        <ele>2691.72</ele>
      </trkpt>
      <trkpt lat="37.26882" lon="-118.46767">
        <ele>2689.21</ele>
      </trkpt>
      <trkpt lat="37.26873" lon="-118.46763">
        <ele>2688.57</ele>
      </trkpt>
      <trkpt lat="37.26864" lon="-118.4676">
        <ele>2687.39</ele>
      </trkpt>
      <trkpt lat="37.26856" lon="-118.46758">
        <ele>2686.92</ele>
      </trkpt>
      <trkpt lat="37.26847" lon="-118.46756">
        <ele>2686.31</ele>
      </trkpt>
      <trkpt lat="37.26819" lon="-118.46756">
        <ele>2684.81</ele>
      </trkpt>
      <trkpt lat="37.26812" lon="-118.46755">
        <ele>2684.38</ele>
      </trkpt>
      <trkpt lat="37.26785" lon="-118.46749">
        <ele>2681.98</ele>
      </trkpt>
      <trkpt lat="37.26754" lon="-118.46752">
        <ele>2679.43</ele>
      </trkpt>
      <trkpt lat="37.26744" lon="-118.46753">
        <ele>2679.0</ele>
      </trkpt>
      <trkpt lat="37.26734" lon="-118.46752">
        <ele>2679.0</ele>
      </trkpt>
      <trkpt lat="37.26724" lon="-118.46751">
        <ele>2679.09</ele>
      </trkpt>
      <trkpt lat="37.26687" lon="-118.4674">
        <ele>2678.92</ele>
      </trkpt>
      <trkpt lat="37.26661" lon="-118.46731">
        <ele>2677.95</ele>
      </trkpt>
      <trkpt lat="37.26644" lon="-118.46727">
        <ele>2678.75</ele>
      </trkpt>
      <trkpt lat="37.26636" lon="-118.46724">
        <ele>2678.95</ele>
      </trkpt>
      <trkpt lat="37.26629" lon="-118.46719">
        <ele>2679.37</ele>
      </trkpt>
      <trkpt lat="37.26614" lon="-118.46707">
        <ele>2679.29</ele>
      </trkpt>
      <trkpt lat="37.26605" lon="-118.46702">
        <ele>2679.29</ele>
      </trkpt>
      <trkpt lat="37.26596" lon="-118.46698">
        <ele>2679.4</ele>
      </trkpt>
      <trkpt lat="37.26586" lon="-118.46695">
        <ele>2679.79</ele>
      </trkpt>
      <trkpt lat="37.26576" lon="-118.46695">
        <ele>2680.11</ele>
      </trkpt>
      <trkpt lat="37.26557" lon="-118.46696">
        <ele>2681.04</ele>
      </trkpt>
      <trkpt lat="37.26539" lon="-118.46697">
        <ele>2682.12</ele>
      </trkpt>
      <trkpt lat="37.26505" lon="-118.46702">
        <ele>2684.72</ele>
      </trkpt>
      <trkpt lat="37.26497" lon="-118.46704">
        <ele>2685.38</ele>
      </trkpt>
      <trkpt lat="37.26489" lon="-118.46708">
        <ele>2686.55</ele>
      </trkpt>
      <trkpt lat="37.26481" lon="-118.46714">
        <ele>2688.11</ele>
      </trkpt>
      <trkpt lat="37.26464" lon="-118.46729">
        <ele>2689.73</ele>
      </trkpt>
      <trkpt lat="37.26447" lon="-118.46746">
        <ele>2692.57</ele>
      </trkpt>
      <trkpt lat="37.26425" lon="-118.4677">
        <ele>2696.32</ele>
      </trkpt>
      <trkpt lat="37.26409" lon="-118.46784">
        <ele>2698.67</ele>
      </trkpt>
      <trkpt lat="37.26402" lon="-118.46791">
        <ele>2698.84</ele>
      </trkpt>
      <trkpt lat="37.26374" lon="-118.46829">
        <ele>2698.92</ele>
      </trkpt>
      <trkpt lat="37.26368" lon="-118.46837">
        <ele>2699.04</ele>
      </trkpt>
      <trkpt lat="37.26356" lon="-118.46857">
        <ele>2698.7</ele>
      </trkpt>
      <trkpt lat="37.2635" lon="-118.46866">
        <ele>2697.6</ele>
      </trkpt>
      <trkpt lat="37.26344" lon="-118.46875">
        <ele>2696.3</ele>
      </trkpt>
      <trkpt lat="37.26337" lon="-118.46883">
        <ele>2695.4</ele>
      </trkpt>
      <trkpt lat="37.26329" lon="-118.4689">
        <ele>2694.53</ele>
      </trkpt>
      <trkpt lat="37.2632" lon="-118.46895">
        <ele>2694.0</ele>
      </trkpt>
      <trkpt lat="37.26311" lon="-118.469">
        <ele>2694.0</ele>
      </trkpt>
      <trkpt lat="37.26269" lon="-118.46922">
        <ele>2695.0</ele>
      </trkpt>
      <trkpt lat="37.26242" lon="-118.46937">
        <ele>2696.69</ele>
      </trkpt>
      <trkpt lat="37.26217" lon="-118.46956">
        <ele>2697.32</ele>
      </trkpt>
      <trkpt lat="37.26202" lon="-118.46966">
        <ele>2697.86</ele>
      </trkpt>
      <trkpt lat="37.26179" lon="-118.46987">
        <ele>2698.07</ele>
      </trkpt>
      <trkpt lat="37.26162" lon="-118.47005">
        <ele>2697.42</ele>
      </trkpt>
      <trkpt lat="37.26156" lon="-118.4701">
        <ele>2696.99</ele>
      </trkpt>
      <trkpt lat="37.26134" lon="-118.47028">
        <ele>2696.47</ele>
      </trkpt>
      <trkpt lat="37.26122" lon="-118.47039">
        <ele>2695.19</ele>
      </trkpt>
      <trkpt lat="37.26117" lon="-118.47046">
        <ele>2693.46</ele>
      </trkpt>
      <trkpt lat="37.26113" lon="-118.47053">
        <ele>2691.05</ele>
      </trkpt>
      <trkpt lat="37.26107" lon="-118.4706">
        <ele>2689.0</ele>
      </trkpt>
      <trkpt lat="37.26086" lon="-118.47078">
        <ele>2687.27</ele>
      </trkpt>
      <trkpt lat="37.26073" lon="-118.4709">
        <ele>2686.71</ele>
      </trkpt>
      <trkpt lat="37.26058" lon="-118.47107">
        <ele>2685.36</ele>
      </trkpt>
      <trkpt lat="37.26032" lon="-118.47134">
        <ele>2679.3</ele>
      </trkpt>
      <trkpt lat="37.26013" lon="-118.47155">
        <ele>2676.71</ele>
      </trkpt>
      <trkpt lat="37.25999" lon="-118.47173">
        <ele>2676.57</ele>
      </trkpt>
      <trkpt lat="37.25993" lon="-118.47179">
        <ele>2676.85</ele>
      </trkpt>
      <trkpt lat="37.25988" lon="-118.47185">
        <ele>2676.63</ele>
      </trkpt>
      <trkpt lat="37.25985" lon="-118.47193">
        <ele>2676.08</ele>
      </trkpt>
      <trkpt lat="37.2598" lon="-118.47217">
        <ele>2675.41</ele>
      </trkpt>
      <trkpt lat="37.25978" lon="-118.47226">
        <ele>2675.34</ele>
      </trkpt>
      <trkpt lat="37.25974" lon="-118.47238">
        <ele>2674.78</ele>
      </trkpt>
      <trkpt lat="37.25964" lon="-118.47263">
        <ele>2673.37</ele>
      </trkpt>
      <trkpt lat="37.25958" lon="-118.47276">
        <ele>2672.46</ele>
      </trkpt>
      <trkpt lat="37.25952" lon="-118.47286">
        <ele>2672.48</ele>
      </trkpt>
      <trkpt lat="37.25944" lon="-118.47296">
        <ele>2672.16</ele>
      </trkpt>
      <trkpt lat="37.25936" lon="-118.47304">
        <ele>2672.99</ele>
      </trkpt>
      <trkpt lat="37.25921" lon="-118.47316">
        <ele>2675.53</ele>
      </trkpt>
      <trkpt lat="37.25916" lon="-118.47325">
        <ele>2676.04</ele>
      </trkpt>
      <trkpt lat="37.25912" lon="-118.47336">
        <ele>2675.72</ele>
      </trkpt>
      <trkpt lat="37.25906" lon="-118.47349">
        <ele>2676.35</ele>
      </trkpt>
      <trkpt lat="37.259" lon="-118.47363">
        <ele>2676.44</ele>
      </trkpt>
      <trkpt lat="37.25887" lon="-118.47391">
        <ele>2677.36</ele>
      </trkpt>
      <trkpt lat="37.25885" lon="-118.47403">
        <ele>2677.42</ele>
      </trkpt>
      <trkpt lat="37.25885" lon="-118.47403">
        <ele>2677.42</ele>
      </trkpt>
      <trkpt lat="37.25885" lon="-118.47408">
        <ele>2677.39</ele>
      </trkpt>
      <trkpt lat="37.25889" lon="-118.47416">
        <ele>2677.0</ele>
      </trkpt>
      <trkpt lat="37.25895" lon="-118.47431">
        <ele>2678.55</ele>
      </trkpt>
      <trkpt lat="37.25896" lon="-118.47438">
        <ele>2679.3</ele>
      </trkpt>
      <trkpt lat="37.25894" lon="-118.47447">
        <ele>2680.28</ele>
      </trkpt>
      <trkpt lat="37.25887" lon="-118.4746">
        <ele>2681.61</ele>
      </trkpt>
      <trkpt lat="37.25882" lon="-118.47468">
        <ele>2682.68</ele>
      </trkpt>
      <trkpt lat="37.25876" lon="-118.47474">
        <ele>2683.31</ele>
      </trkpt>
      <trkpt lat="37.25871" lon="-118.4748">
        <ele>2683.9</ele>
      </trkpt>
      <trkpt lat="37.25837" lon="-118.47507">
        <ele>2686.15</ele>
      </trkpt>
      <trkpt lat="37.25813" lon="-118.47529">
        <ele>2687.13</ele>
      </trkpt>
      <trkpt lat="37.25781" lon="-118.47557">
        <ele>2690.0</ele>
      </trkpt>
      <trkpt lat="37.25765" lon="-118.47572">
        <ele>2690.78</ele>
      </trkpt>
      <trkpt lat="37.25738" lon="-118.476">
        <ele>2694.6</ele>
      </trkpt>
      <trkpt lat="37.25729" lon="-118.4761">
        <ele>2696.76</ele>
      </trkpt>
      <trkpt lat="37.25719" lon="-118.47616">
        <ele>2697.36</ele>
      </trkpt>
      <trkpt lat="37.25708" lon="-118.47621">
        <ele>2698.07</ele>
      </trkpt>
      <trkpt lat="37.25674" lon="-118.47632">
        <ele>2701.26</ele>
      </trkpt>
      <trkpt lat="37.25662" lon="-118.47637">
        <ele>2702.3</ele>
      </trkpt>
      <trkpt lat="37.25653" lon="-118.47644">
        <ele>2703.55</ele>
      </trkpt>
      <trkpt lat="37.25645" lon="-118.47653">
        <ele>2704.35</ele>
      </trkpt>
      <trkpt lat="37.25638" lon="-118.47666">
        <ele>2704.93</ele>
      </trkpt>
      <trkpt lat="37.25624" lon="-118.47691">
        <ele>2707.02</ele>
      </trkpt>
      <trkpt lat="37.25602" lon="-118.47734">
        <ele>2709.29</ele>
      </trkpt>
      <trkpt lat="37.25581" lon="-118.47769">
        <ele>2713.14</ele>
      </trkpt>
      <trkpt lat="37.25565" lon="-118.47793">
        <ele>2717.31</ele>
      </trkpt>
      <trkpt lat="37.25539" lon="-118.47825">
        <ele>2719.29</ele>
      </trkpt>
      <trkpt lat="37.25532" lon="-118.47831">
        <ele>2719.75</ele>
      </trkpt>
      <trkpt lat="37.25524" lon="-118.47837">
        <ele>2720.4</ele>
      </trkpt>
      <trkpt lat="37.25486" lon="-118.47861">
        <ele>2723.99</ele>
      </trkpt>
      <trkpt lat="37.25468" lon="-118.47874">
        <ele>2725.61</ele>
      </trkpt>
      <trkpt lat="37.25459" lon="-118.47879">
        <ele>2725.9</ele>
      </trkpt>
      <trkpt lat="37.2544" lon="-118.47888">
        <ele>2726.37</ele>
      </trkpt>
      <trkpt lat="37.25429" lon="-118.47893">
        <ele>2726.44</ele>
      </trkpt>
      <trkpt lat="37.25419" lon="-118.47903">
        <ele>2726.78</ele>
      </trkpt>
      <trkpt lat="37.25412" lon="-118.47915">
        <ele>2727.82</ele>
      </trkpt>
      <trkpt lat="37.25405" lon="-118.47921">
        <ele>2728.47</ele>
      </trkpt>
      <trkpt lat="37.25383" lon="-118.47938">
        <ele>2731.61</ele>
      </trkpt>
      <trkpt lat="37.2537" lon="-118.47948">
        <ele>2733.38</ele>
      </trkpt>
      <trkpt lat="37.25366" lon="-118.47955">
        <ele>2734.14</ele>
      </trkpt>
      <trkpt lat="37.25364" lon="-118.47963">
        <ele>2735.0</ele>
      </trkpt>
      <trkpt lat="37.25364" lon="-118.47967">
        <ele>2735.44</ele>
      </trkpt>
      <trkpt lat="37.25366" lon="-118.47971">
        <ele>2735.87</ele>
      </trkpt>
      <trkpt lat="37.2537" lon="-118.47978">
        <ele>2737.22</ele>
      </trkpt>
      <trkpt lat="37.25377" lon="-118.47983">
        <ele>2738.88</ele>
      </trkpt>
      <trkpt lat="37.25385" lon="-118.47986">
        <ele>2740.35</ele>
      </trkpt>
      <trkpt lat="37.25401" lon="-118.4799">
        <ele>2742.84</ele>
      </trkpt>
      <trkpt lat="37.25407" lon="-118.47994">
        <ele>2743.7</ele>
      </trkpt>
      <trkpt lat="37.25414" lon="-118.48">
        <ele>2745.71</ele>
      </trkpt>
      <trkpt lat="37.25419" lon="-118.48008">
        <ele>2747.98</ele>
      </trkpt>
      <trkpt lat="37.25419" lon="-118.48018">
        <ele>2749.9</ele>
      </trkpt>
      <trkpt lat="37.25416" lon="-118.48027">
        <ele>2751.83</ele>
      </trkpt>
      <trkpt lat="37.254" lon="-118.48049">
        <ele>2754.35</ele>
      </trkpt>
      <trkpt lat="37.25394" lon="-118.48058">
        <ele>2754.82</ele>
      </trkpt>
      <trkpt lat="37.2539" lon="-118.48066">
        <ele>2755.38</ele>
      </trkpt>
      <trkpt lat="37.25389" lon="-118.48074">
        <ele>2757.0</ele>
      </trkpt>
      <trkpt lat="37.2539" lon="-118.48085">
        <ele>2758.32</ele>
      </trkpt>
      <trkpt lat="37.25395" lon="-118.48094">
        <ele>2760.52</ele>
      </trkpt>
      <trkpt lat="37.25408" lon="-118.48104">
        <ele>2763.53</ele>
      </trkpt>
      <trkpt lat="37.25412" lon="-118.48113">
        <ele>2765.7</ele>
      </trkpt>
      <trkpt lat="37.25411" lon="-118.48123">
        <ele>2766.78</ele>
      </trkpt>
      <trkpt lat="37.25409" lon="-118.48132">
        <ele>2767.81</ele>
      </trkpt>
      <trkpt lat="37.25409" lon="-118.48142">
        <ele>2769.57</ele>
      </trkpt>
      <trkpt lat="37.25409" lon="-118.48154">
        <ele>2771.5</ele>
      </trkpt>
      <trkpt lat="37.25411" lon="-118.48177">
        <ele>2774.89</ele>
      </trkpt>
      <trkpt lat="37.2541" lon="-118.482">
        <ele>2776.88</ele>
      </trkpt>
      <trkpt lat="37.2541" lon="-118.48212">
        <ele>2778.18</ele>
      </trkpt>
      <trkpt lat="37.25415" lon="-118.4822">
        <ele>2779.58</ele>
      </trkpt>
      <trkpt lat="37.25416" lon="-118.48227">
        <ele>2780.44</ele>
      </trkpt>
      <trkpt lat="37.25415" lon="-118.48235">
        <ele>2781.51</ele>
      </trkpt>
      <trkpt lat="37.25411" lon="-118.48244">
        <ele>2782.56</ele>
      </trkpt>
      <trkpt lat="37.25399" lon="-118.4826">
        <ele>2786.16</ele>
      </trkpt>
      <trkpt lat="37.25388" lon="-118.48273">
        <ele>2788.97</ele>
      </trkpt>
      <trkpt lat="37.25384" lon="-118.48279">
        <ele>2790.19</ele>
      </trkpt>
      <trkpt lat="37.25383" lon="-118.48286">
        <ele>2791.21</ele>
      </trkpt>
      <trkpt lat="37.25386" lon="-118.48294">
        <ele>2793.19</ele>
      </trkpt>
      <trkpt lat="37.2539" lon="-118.48302">
        <ele>2794.69</ele>
      </trkpt>
      <trkpt lat="37.25392" lon="-118.4831">
        <ele>2796.3</ele>
      </trkpt>
      <trkpt lat="37.25389" lon="-118.48318">
        <ele>2797.36</ele>
      </trkpt>
      <trkpt lat="37.25379" lon="-118.48332">
        <ele>2799.65</ele>
      </trkpt>
      <trkpt lat="37.25377" lon="-118.48341">
        <ele>2800.78</ele>
      </trkpt>
      <trkpt lat="37.25379" lon="-118.4836">
        <ele>2803.87</ele>
      </trkpt>
      <trkpt lat="37.2538" lon="-118.4837">
        <ele>2805.92</ele>
      </trkpt>
      <trkpt lat="37.25379" lon="-118.48379">
        <ele>2806.86</ele>
      </trkpt>
      <trkpt lat="37.25377" lon="-118.48389">
        <ele>2808.01</ele>
      </trkpt>
      <trkpt lat="37.25375" lon="-118.48399">
        <ele>2809.14</ele>
      </trkpt>
      <trkpt lat="37.25378" lon="-118.48408">
        <ele>2810.89</ele>
      </trkpt>
      <trkpt lat="37.25387" lon="-118.48415">
        <ele>2813.27</ele>
      </trkpt>
      <trkpt lat="37.25391" lon="-118.4842">
        <ele>2814.67</ele>
      </trkpt>
      <trkpt lat="37.25391" lon="-118.48427">
        <ele>2815.69</ele>
      </trkpt>
      <trkpt lat="37.25388" lon="-118.48434">
        <ele>2816.65</ele>
      </trkpt>
      <trkpt lat="37.25383" lon="-118.48441">
        <ele>2817.22</ele>
      </trkpt>
      <trkpt lat="37.25378" lon="-118.48448">
        <ele>2817.59</ele>
      </trkpt>
      <trkpt lat="37.25371" lon="-118.48454">
        <ele>2818.13</ele>
      </trkpt>
      <trkpt lat="37.25364" lon="-118.4846">
        <ele>2818.67</ele>
      </trkpt>
      <trkpt lat="37.25356" lon="-118.48465">
        <ele>2819.44</ele>
      </trkpt>
      <trkpt lat="37.25349" lon="-118.48468">
        <ele>2819.78</ele>
      </trkpt>
      <trkpt lat="37.25339" lon="-118.48471">
        <ele>2819.79</ele>
      </trkpt>
      <trkpt lat="37.25334" lon="-118.4847">
        <ele>2819.74</ele>
      </trkpt>
      <trkpt lat="37.2533" lon="-118.48469">
        <ele>2820.37</ele>
      </trkpt>
      <trkpt lat="37.25311" lon="-118.48458">
        <ele>2823.75</ele>
      </trkpt>
      <trkpt lat="37.25301" lon="-118.48454">
        <ele>2824.56</ele>
      </trkpt>
      <trkpt lat="37.25287" lon="-118.48448">
        <ele>2825.77</ele>
      </trkpt>
      <trkpt lat="37.25272" lon="-118.48442">
        <ele>2827.26</ele>
      </trkpt>
      <trkpt lat="37.25265" lon="-118.48442">
        <ele>2828.5</ele>
      </trkpt>
      <trkpt lat="37.25253" lon="-118.48442">
        <ele>2830.41</ele>
      </trkpt>
      <trkpt lat="37.25246" lon="-118.48445">
        <ele>2831.49</ele>
      </trkpt>
      <trkpt lat="37.25242" lon="-118.48448">
        <ele>2832.25</ele>
      </trkpt>
      <trkpt lat="37.25237" lon="-118.48452">
        <ele>2832.74</ele>
      </trkpt>
      <trkpt lat="37.25231" lon="-118.48458">
        <ele>2833.41</ele>
      </trkpt>
      <trkpt lat="37.25217" lon="-118.48481">
        <ele>2834.38</ele>
      </trkpt>
      <trkpt lat="37.25199" lon="-118.48514">
        <ele>2838.26</ele>
      </trkpt>
      <trkpt lat="37.25174" lon="-118.48565">
        <ele>2843.04</ele>
      </trkpt>
      <trkpt lat="37.25168" lon="-118.48576">
        <ele>2844.56</ele>
      </trkpt>
      <trkpt lat="37.25156" lon="-118.48597">
        <ele>2848.03</ele>
      </trkpt>
      <trkpt lat="37.25152" lon="-118.48606">
        <ele>2849.63</ele>
      </trkpt>
      <trkpt lat="37.25148" lon="-118.48616">
        <ele>2851.06</ele>
      </trkpt>
      <trkpt lat="37.25146" lon="-118.48626">
        <ele>2853.07</ele>
      </trkpt>
      <trkpt lat="37.25144" lon="-118.48635">
        <ele>2854.71</ele>
      </trkpt>
      <trkpt lat="37.2514" lon="-118.48645">
        <ele>2856.52</ele>
      </trkpt>
      <trkpt lat="37.25134" lon="-118.48655">
        <ele>2858.3</ele>
      </trkpt>
      <trkpt lat="37.25128" lon="-118.48664">
        <ele>2859.25</ele>
      </trkpt>
      <trkpt lat="37.25121" lon="-118.48673">
        <ele>2860.44</ele>
      </trkpt>
      <trkpt lat="37.25097" lon="-118.48697">
        <ele>2863.41</ele>
      </trkpt>
      <trkpt lat="37.25073" lon="-118.48726">
        <ele>2868.48</ele>
      </trkpt>
      <trkpt lat="37.25066" lon="-118.48734">
        <ele>2869.27</ele>
      </trkpt>
      <trkpt lat="37.25059" lon="-118.48742">
        <ele>2870.14</ele>
      </trkpt>
      <trkpt lat="37.25054" lon="-118.4875">
        <ele>2871.0</ele>
      </trkpt>
      <trkpt lat="37.25049" lon="-118.48759">
        <ele>2871.97</ele>
      </trkpt>
      <trkpt lat="37.25042" lon="-118.48767">
        <ele>2872.84</ele>
      </trkpt>
      <trkpt lat="37.25034" lon="-118.48774">
        <ele>2873.92</ele>
      </trkpt>
      <trkpt lat="37.25023" lon="-118.48776">
        <ele>2875.32</ele>
      </trkpt>
      <trkpt lat="37.25013" lon="-118.48776">
        <ele>2876.4</ele>
      </trkpt>
      <trkpt lat="37.25008" lon="-118.48778">
        <ele>2877.0</ele>
      </trkpt>
      <trkpt lat="37.25005" lon="-118.48779">
        <ele>2877.06</ele>
      </trkpt>
      <trkpt lat="37.24997" lon="-118.48789">
        <ele>2878.47</ele>
      </trkpt>
      <trkpt lat="37.24991" lon="-118.48799">
        <ele>2879.0</ele>
      </trkpt>
      <trkpt lat="37.24968" lon="-118.48833">
        <ele>2881.96</ele>
      </trkpt>
      <trkpt lat="37.24949" lon="-118.48868">
        <ele>2889.25</ele>
      </trkpt>
      <trkpt lat="37.24943" lon="-118.48879">
        <ele>2891.87</ele>
      </trkpt>
      <trkpt lat="37.24936" lon="-118.48889">
        <ele>2893.93</ele>
      </trkpt>
      <trkpt lat="37.24927" lon="-118.48898">
        <ele>2894.98</ele>
      </trkpt>
      <trkpt lat="37.24919" lon="-118.48906">
        <ele>2896.6</ele>
      </trkpt>
      <trkpt lat="37.2489" lon="-118.48928">
        <ele>2898.22</ele>
      </trkpt>
      <trkpt lat="37.24881" lon="-118.48935">
        <ele>2898.98</ele>
      </trkpt>
      <trkpt lat="37.24838" lon="-118.48973">
        <ele>2903.66</ele>
      </trkpt>
      <trkpt lat="37.24834" lon="-118.4898">
        <ele>2905.61</ele>
      </trkpt>
      <trkpt lat="37.2483" lon="-118.48994">
        <ele>2908.06</ele>
      </trkpt>
      <trkpt lat="37.24826" lon="-118.49006">
        <ele>2911.09</ele>
      </trkpt>
      <trkpt lat="37.24819" lon="-118.49013">
        <ele>2912.4</ele>
      </trkpt>
      <trkpt lat="37.24804" lon="-118.4902">
        <ele>2914.16</ele>
      </trkpt>
      <trkpt lat="37.24779" lon="-118.49025">
        <ele>2915.57</ele>
      </trkpt>
      <trkpt lat="37.24757" lon="-118.49027">
        <ele>2915.92</ele>
      </trkpt>
      <trkpt lat="37.24693" lon="-118.49024">
        <ele>2915.59</ele>
      </trkpt>
      <trkpt lat="37.2468" lon="-118.49024">
        <ele>2915.59</ele>
      </trkpt>
      <trkpt lat="37.24658" lon="-118.49029">
        <ele>2914.2</ele>
      </trkpt>
      <trkpt lat="37.24633" lon="-118.49038">
        <ele>2913.47</ele>
      </trkpt>
      <trkpt lat="37.24614" lon="-118.49051">
        <ele>2913.51</ele>
      </trkpt>
      <trkpt lat="37.2457" lon="-118.49086">
        <ele>2913.85</ele>
      </trkpt>
      <trkpt lat="37.2455" lon="-118.49099">
        <ele>2913.51</ele>
      </trkpt>
      <trkpt lat="37.24521" lon="-118.49122">
        <ele>2913.57</ele>
      </trkpt>
      <trkpt lat="37.24496" lon="-118.49144">
        <ele>2914.12</ele>
      </trkpt>
      <trkpt lat="37.24482" lon="-118.49165">
        <ele>2914.88</ele>
      </trkpt>
      <trkpt lat="37.2445" lon="-118.4922">
        <ele>2916.36</ele>
      </trkpt>
      <trkpt lat="37.2445" lon="-118.4922">
        <ele>2916.36</ele>
      </trkpt>
      <trkpt lat="37.2443" lon="-118.49253">
        <ele>2916.44</ele>
      </trkpt>
      <trkpt lat="37.2441" lon="-118.49295">
        <ele>2917.14</ele>
      </trkpt>
      <trkpt lat="37.24393" lon="-118.49333">
        <ele>2917.44</ele>
      </trkpt>
      <trkpt lat="37.24389" lon="-118.49339">
        <ele>2917.62</ele>
      </trkpt>
      <trkpt lat="37.24381" lon="-118.49339">
        <ele>2917.09</ele>
      </trkpt>
      <trkpt lat="37.24369" lon="-118.49335">
        <ele>2915.88</ele>
      </trkpt>
      <trkpt lat="37.24332" lon="-118.4933">
        <ele>2912.55</ele>
      </trkpt>
      <trkpt lat="37.24318" lon="-118.49326">
        <ele>2911.34</ele>
      </trkpt>
      <trkpt lat="37.24274" lon="-118.49279">
        <ele>2903.72</ele>
      </trkpt>
      <trkpt lat="37.24244" lon="-118.49252">
        <ele>2900.08</ele>
      </trkpt>
      <trkpt lat="37.2424" lon="-118.49244">
        <ele>2900.0</ele>
      </trkpt>
      <trkpt lat="37.24238" lon="-118.49233">
        <ele>2899.75</ele>
      </trkpt>
      <trkpt lat="37.24239" lon="-118.49225">
        <ele>2899.24</ele>
      </trkpt>
      <trkpt lat="37.24243" lon="-118.49215">
        <ele>2899.05</ele>
      </trkpt>
      <trkpt lat="37.24251" lon="-118.49201">
        <ele>2898.71</ele>
      </trkpt>
      <trkpt lat="37.24293" lon="-118.49137">
        <ele>2895.8</ele>
      </trkpt>
      <trkpt lat="37.24312" lon="-118.49108">
        <ele>2893.36</ele>
      </trkpt>
      <trkpt lat="37.24328" lon="-118.49089">
        <ele>2892.39</ele>
      </trkpt>
      <trkpt lat="37.24342" lon="-118.49076">
        <ele>2890.42</ele>
      </trkpt>
      <trkpt lat="37.24351" lon="-118.4907">
        <ele>2889.12</ele>
      </trkpt>
      <trkpt lat="37.24357" lon="-118.49065">
        <ele>2889.15</ele>
      </trkpt>
      <trkpt lat="37.24359" lon="-118.49055">
        <ele>2887.73</ele>
      </trkpt>
      <trkpt lat="37.24358" lon="-118.4905">
        <ele>2887.27</ele>
      </trkpt>
      <trkpt lat="37.24356" lon="-118.49046">
        <ele>2887.0</ele>
      </trkpt>
      <trkpt lat="37.24352" lon="-118.49041">
        <ele>2887.0</ele>
      </trkpt>
      <trkpt lat="37.24348" lon="-118.49038">
        <ele>2887.42</ele>
      </trkpt>
      <trkpt lat="37.24341" lon="-118.49037">
        <ele>2888.0</ele>
      </trkpt>
      <trkpt lat="37.24334" lon="-118.49037">
        <ele>2888.0</ele>
      </trkpt>
      <trkpt lat="37.24319" lon="-118.49045">
        <ele>2889.0</ele>
      </trkpt>
      <trkpt lat="37.24309" lon="-118.49048">
        <ele>2889.63</ele>
      </trkpt>
      <trkpt lat="37.24299" lon="-118.49057">
        <ele>2890.0</ele>
      </trkpt>
      <trkpt lat="37.2429" lon="-118.4906">
        <ele>2890.68</ele>
      </trkpt>
      <trkpt lat="37.24256" lon="-118.49063">
        <ele>2893.35</ele>
      </trkpt>
      <trkpt lat="37.24244" lon="-118.49062">
        <ele>2894.0</ele>
      </trkpt>
      <trkpt lat="37.2422" lon="-118.49067">
        <ele>2895.82</ele>
      </trkpt>
      <trkpt lat="37.24207" lon="-118.49066">
        <ele>2896.64</ele>
      </trkpt>
      <trkpt lat="37.24198" lon="-118.49063">
        <ele>2897.0</ele>
      </trkpt>
      <trkpt lat="37.24185" lon="-118.49055">
        <ele>2898.02</ele>
      </trkpt>
      <trkpt lat="37.24176" lon="-118.49047">
        <ele>2898.99</ele>
      </trkpt>
      <trkpt lat="37.24168" lon="-118.49034">
        <ele>2899.86</ele>
      </trkpt>
      <trkpt lat="37.24157" lon="-118.49009">
        <ele>2901.03</ele>
      </trkpt>
      <trkpt lat="37.24151" lon="-118.49001">
        <ele>2901.89</ele>
      </trkpt>
      <trkpt lat="37.24143" lon="-118.48995">
        <ele>2902.3</ele>
      </trkpt>
      <trkpt lat="37.2413" lon="-118.48987">
        <ele>2903.0</ele>
      </trkpt>
      <trkpt lat="37.24117" lon="-118.48977">
        <ele>2904.0</ele>
      </trkpt>
      <trkpt lat="37.24101" lon="-118.48962">
        <ele>2905.01</ele>
      </trkpt>
      <trkpt lat="37.24088" lon="-118.48958">
        <ele>2905.77</ele>
      </trkpt>
      <trkpt lat="37.24046" lon="-118.48919">
        <ele>2908.76</ele>
      </trkpt>
      <trkpt lat="37.24032" lon="-118.48907">
        <ele>2909.54</ele>
      </trkpt>
      <trkpt lat="37.24017" lon="-118.48897">
        <ele>2910.0</ele>
      </trkpt>
      <trkpt lat="37.23998" lon="-118.48886">
        <ele>2911.0</ele>
      </trkpt>
      <trkpt lat="37.23979" lon="-118.48878">
        <ele>2911.27</ele>
      </trkpt>
      <trkpt lat="37.23901" lon="-118.48856">
        <ele>2914.69</ele>
      </trkpt>
      <trkpt lat="37.23879" lon="-118.48852">
        <ele>2915.08</ele>
      </trkpt>
      <trkpt lat="37.23865" lon="-118.48852">
        <ele>2916.0</ele>
      </trkpt>
      <trkpt lat="37.23853" lon="-118.48848">
        <ele>2916.0</ele>
      </trkpt>
      <trkpt lat="37.23841" lon="-118.48838">
        <ele>2916.0</ele>
      </trkpt>
      <trkpt lat="37.23825" lon="-118.48829">
        <ele>2916.0</ele>
      </trkpt>
      <trkpt lat="37.23798" lon="-118.48818">
        <ele>2916.28</ele>
      </trkpt>
      <trkpt lat="37.2378" lon="-118.48813">
        <ele>2916.95</ele>
      </trkpt>
      <trkpt lat="37.23762" lon="-118.4881">
        <ele>2917.0</ele>
      </trkpt>
      <trkpt lat="37.23732" lon="-118.48809">
        <ele>2917.0</ele>
      </trkpt>
      <trkpt lat="37.23711" lon="-118.48811">
        <ele>2917.21</ele>
      </trkpt>
      <trkpt lat="37.23686" lon="-118.48818">
        <ele>2918.0</ele>
      </trkpt>
      <trkpt lat="37.23667" lon="-118.48824">
        <ele>2918.0</ele>
      </trkpt>
      <trkpt lat="37.23632" lon="-118.48838">
        <ele>2919.0</ele>
      </trkpt>
      <trkpt lat="37.23618" lon="-118.48844">
        <ele>2920.0</ele>
      </trkpt>
      <trkpt lat="37.23606" lon="-118.48851">
        <ele>2920.0</ele>
      </trkpt>
      <trkpt lat="37.23599" lon="-118.48854">
        <ele>2920.0</ele>
      </trkpt>
      <trkpt lat="37.23577" lon="-118.4886">
        <ele>2921.0</ele>
      </trkpt>
      <trkpt lat="37.23566" lon="-118.48864">
        <ele>2921.0</ele>
      </trkpt>
      <trkpt lat="37.23544" lon="-118.48876">
        <ele>2922.61</ele>
      </trkpt>
      <trkpt lat="37.23534" lon="-118.48879">
        <ele>2922.93</ele>
      </trkpt>
      <trkpt lat="37.23524" lon="-118.4888">
        <ele>2923.43</ele>
      </trkpt>
      <trkpt lat="37.23483" lon="-118.4887">
        <ele>2925.8</ele>
      </trkpt>
      <trkpt lat="37.23462" lon="-118.48865">
        <ele>2926.52</ele>
      </trkpt>
      <trkpt lat="37.23462" lon="-118.48865">
        <ele>2926.52</ele>
      </trkpt>
      <trkpt lat="37.23453" lon="-118.48863">
        <ele>2927.26</ele>
      </trkpt>
      <trkpt lat="37.23376" lon="-118.48857">
        <ele>2929.73</ele>
      </trkpt>
      <trkpt lat="37.23331" lon="-118.48856">
        <ele>2931.11</ele>
      </trkpt>
      <trkpt lat="37.23276" lon="-118.48853">
        <ele>2933.02</ele>
      </trkpt>
      <trkpt lat="37.23265" lon="-118.4885">
        <ele>2933.0</ele>
      </trkpt>
      <trkpt lat="37.23254" lon="-118.4885">
        <ele>2933.45</ele>
      </trkpt>
      <trkpt lat="37.23239" lon="-118.48861">
        <ele>2934.99</ele>
      </trkpt>
      <trkpt lat="37.23231" lon="-118.48864">
        <ele>2935.35</ele>
      </trkpt>
      <trkpt lat="37.23217" lon="-118.48866">
        <ele>2936.0</ele>
      </trkpt>
      <trkpt lat="37.23203" lon="-118.48863">
        <ele>2936.26</ele>
      </trkpt>
      <trkpt lat="37.23187" lon="-118.48854">
        <ele>2936.85</ele>
      </trkpt>
      <trkpt lat="37.23168" lon="-118.48843">
        <ele>2937.04</ele>
      </trkpt>
      <trkpt lat="37.23154" lon="-118.48838">
        <ele>2937.19</ele>
      </trkpt>
      <trkpt lat="37.23118" lon="-118.48832">
        <ele>2937.86</ele>
      </trkpt>
      <trkpt lat="37.23102" lon="-118.48827">
        <ele>2937.32</ele>
      </trkpt>
      <trkpt lat="37.23084" lon="-118.48824">
        <ele>2937.99</ele>
      </trkpt>
      <trkpt lat="37.23051" lon="-118.48804">
        <ele>2937.91</ele>
      </trkpt>
      <trkpt lat="37.23035" lon="-118.4879">
        <ele>2938.07</ele>
      </trkpt>
      <trkpt lat="37.23018" lon="-118.48776">
        <ele>2937.82</ele>
      </trkpt>
      <trkpt lat="37.23009" lon="-118.48772">
        <ele>2938.01</ele>
      </trkpt>
      <trkpt lat="37.22941" lon="-118.48748">
        <ele>2938.86</ele>
      </trkpt>
      <trkpt lat="37.22921" lon="-118.48745">
        <ele>2939.46</ele>
      </trkpt>
      <trkpt lat="37.22912" lon="-118.48741">
        <ele>2939.52</ele>
      </trkpt>
      <trkpt lat="37.22899" lon="-118.48729">
        <ele>2939.0</ele>
      </trkpt>
      <trkpt lat="37.22883" lon="-118.48724">
        <ele>2939.71</ele>
      </trkpt>
      <trkpt lat="37.22839" lon="-118.48712">
        <ele>2941.39</ele>
      </trkpt>
      <trkpt lat="37.22818" lon="-118.48702">
        <ele>2942.66</ele>
      </trkpt>
      <trkpt lat="37.22815" lon="-118.48701">
        <ele>2942.98</ele>
      </trkpt>
      <trkpt lat="37.22811" lon="-118.48699">
        <ele>2943.41</ele>
      </trkpt>
      <trkpt lat="37.22794" lon="-118.48689">
        <ele>2944.1</ele>
      </trkpt>
      <trkpt lat="37.22783" lon="-118.48686">
        <ele>2944.09</ele>
      </trkpt>
      <trkpt lat="37.22765" lon="-118.48685">
        <ele>2944.98</ele>
      </trkpt>
      <trkpt lat="37.22759" lon="-118.48685">
        <ele>2944.98</ele>
      </trkpt>
      <trkpt lat="37.22747" lon="-118.48683">
        <ele>2945.09</ele>
      </trkpt>
      <trkpt lat="37.22736" lon="-118.48679">
        <ele>2945.67</ele>
      </trkpt>
      <trkpt lat="37.22723" lon="-118.48676">
        <ele>2946.01</ele>
      </trkpt>
      <trkpt lat="37.22713" lon="-118.48669">
        <ele>2947.0</ele>
      </trkpt>
      <trkpt lat="37.22692" lon="-118.48653">
        <ele>2948.26</ele>
      </trkpt>
      <trkpt lat="37.22686" lon="-118.48647">
        <ele>2948.9</ele>
      </trkpt>
      <trkpt lat="37.22678" lon="-118.48633">
        <ele>2949.14</ele>
      </trkpt>
      <trkpt lat="37.22663" lon="-118.48617">
        <ele>2950.4</ele>
      </trkpt>
      <trkpt lat="37.22658" lon="-118.48608">
        <ele>2950.6</ele>
      </trkpt>
      <trkpt lat="37.22651" lon="-118.48591">
        <ele>2950.69</ele>
      </trkpt>
      <trkpt lat="37.22642" lon="-118.48574">
        <ele>2951.0</ele>
      </trkpt>
      <trkpt lat="37.22638" lon="-118.48555">
        <ele>2951.09</ele>
      </trkpt>
      <trkpt lat="37.22631" lon="-118.48541">
        <ele>2950.92</ele>
      </trkpt>
      <trkpt lat="37.22625" lon="-118.48525">
        <ele>2951.35</ele>
      </trkpt>
      <trkpt lat="37.22573" lon="-118.48432">
        <ele>2952.08</ele>
      </trkpt>
      <trkpt lat="37.2257" lon="-118.48421">
        <ele>2951.7</ele>
      </trkpt>
      <trkpt lat="37.22563" lon="-118.48381">
        <ele>2950.31</ele>
      </trkpt>
      <trkpt lat="37.22561" lon="-118.48354">
        <ele>2949.55</ele>
      </trkpt>
      <trkpt lat="37.22554" lon="-118.48336">
        <ele>2949.17</ele>
      </trkpt>
      <trkpt lat="37.22554" lon="-118.48336">
        <ele>2949.17</ele>
      </trkpt>
      <trkpt lat="37.22554" lon="-118.48336">
        <ele>2949.17</ele>
      </trkpt>
      <trkpt lat="37.22538" lon="-118.48324">
        <ele>2949.89</ele>
      </trkpt>
      <trkpt lat="37.2253" lon="-118.48311">
        <ele>2949.45</ele>
      </trkpt>
      <trkpt lat="37.22524" lon="-118.48305">
        <ele>2949.41</ele>
      </trkpt>
      <trkpt lat="37.22515" lon="-118.48297">
        <ele>2950.03</ele>
      </trkpt>
      <trkpt lat="37.22506" lon="-118.48297">
        <ele>2950.43</ele>
      </trkpt>
      <trkpt lat="37.22496" lon="-118.48298">
        <ele>2951.62</ele>
      </trkpt>
      <trkpt lat="37.22486" lon="-118.48298">
        <ele>2952.7</ele>
      </trkpt>
      <trkpt lat="37.22479" lon="-118.48296">
        <ele>2953.27</ele>
      </trkpt>
      <trkpt lat="37.22464" lon="-118.48289">
        <ele>2954.19</ele>
      </trkpt>
      <trkpt lat="37.22451" lon="-118.48286">
        <ele>2955.29</ele>
      </trkpt>
      <trkpt lat="37.22446" lon="-118.48287">
        <ele>2955.83</ele>
      </trkpt>
      <trkpt lat="37.22439" lon="-118.4829">
        <ele>2956.91</ele>
      </trkpt>
      <trkpt lat="37.22428" lon="-118.48297">
        <ele>2958.78</ele>
      </trkpt>
      <trkpt lat="37.22395" lon="-118.48321">
        <ele>2962.34</ele>
      </trkpt>
      <trkpt lat="37.22382" lon="-118.48327">
        <ele>2964.06</ele>
      </trkpt>
      <trkpt lat="37.22349" lon="-118.48355">
        <ele>2968.65</ele>
      </trkpt>
      <trkpt lat="37.22343" lon="-118.48363">
        <ele>2969.96</ele>
      </trkpt>
      <trkpt lat="37.22319" lon="-118.48372">
        <ele>2973.18</ele>
      </trkpt>
      <trkpt lat="37.22278" lon="-118.48398">
        <ele>2980.94</ele>
      </trkpt>
      <trkpt lat="37.22267" lon="-118.484">
        <ele>2982.16</ele>
      </trkpt>
      <trkpt lat="37.22257" lon="-118.48412">
        <ele>2983.12</ele>
      </trkpt>
      <trkpt lat="37.22248" lon="-118.48417">
        <ele>2984.01</ele>
      </trkpt>
      <trkpt lat="37.22234" lon="-118.48419">
        <ele>2984.8</ele>
      </trkpt>
      <trkpt lat="37.22225" lon="-118.48418">
        <ele>2985.1</ele>
      </trkpt>
      <trkpt lat="37.2221" lon="-118.48415">
        <ele>2986.0</ele>
      </trkpt>
      <trkpt lat="37.222" lon="-118.48416">
        <ele>2986.37</ele>
      </trkpt>
      <trkpt lat="37.22174" lon="-118.48424">
        <ele>2988.16</ele>
      </trkpt>
      <trkpt lat="37.2216" lon="-118.48426">
        <ele>2989.01</ele>
      </trkpt>
      <trkpt lat="37.22146" lon="-118.48429">
        <ele>2990.08</ele>
      </trkpt>
      <trkpt lat="37.22125" lon="-118.48434">
        <ele>2991.44</ele>
      </trkpt>
      <trkpt lat="37.22099" lon="-118.48441">
        <ele>2993.74</ele>
      </trkpt>
      <trkpt lat="37.22072" lon="-118.48443">
        <ele>2996.19</ele>
      </trkpt>
      <trkpt lat="37.22035" lon="-118.48451">
        <ele>2999.77</ele>
      </trkpt>
      <trkpt lat="37.22013" lon="-118.48457">
        <ele>3001.95</ele>
      </trkpt>
      <trkpt lat="37.21987" lon="-118.48464">
        <ele>3004.52</ele>
      </trkpt>
      <trkpt lat="37.21975" lon="-118.48462">
        <ele>3005.63</ele>
      </trkpt>
      <trkpt lat="37.21965" lon="-118.48466">
        <ele>3006.78</ele>
      </trkpt>
      <trkpt lat="37.21926" lon="-118.48489">
        <ele>3010.81</ele>
      </trkpt>
      <trkpt lat="37.21915" lon="-118.48489">
        <ele>3011.85</ele>
      </trkpt>
      <trkpt lat="37.2191" lon="-118.48494">
        <ele>3012.35</ele>
      </trkpt>
      <trkpt lat="37.21906" lon="-118.48504">
        <ele>3013.58</ele>
      </trkpt>
      <trkpt lat="37.21902" lon="-118.48505">
        <ele>3014.12</ele>
      </trkpt>
      <trkpt lat="37.21902" lon="-118.48505">
        <ele>3014.12</ele>
      </trkpt>
      <trkpt lat="37.21898" lon="-118.48506">
        <ele>3014.65</ele>
      </trkpt>
      <trkpt lat="37.21888" lon="-118.48501">
        <ele>3014.2</ele>
      </trkpt>
      <trkpt lat="37.21881" lon="-118.48503">
        <ele>3015.18</ele>
      </trkpt>
      <trkpt lat="37.21873" lon="-118.4851">
        <ele>3016.08</ele>
      </trkpt>
      <trkpt lat="37.21854" lon="-118.48514">
        <ele>3017.39</ele>
      </trkpt>
      <trkpt lat="37.21838" lon="-118.4852">
        <ele>3018.16</ele>
      </trkpt>
      <trkpt lat="37.2182" lon="-118.48523">
        <ele>3019.48</ele>
      </trkpt>
      <trkpt lat="37.21808" lon="-118.48528">
        <ele>3020.04</ele>
      </trkpt>
      <trkpt lat="37.21801" lon="-118.48533">
        <ele>3021.34</ele>
      </trkpt>
      <trkpt lat="37.21782" lon="-118.48538">
        <ele>3022.7</ele>
      </trkpt>
      <trkpt lat="37.21766" lon="-118.48544">
        <ele>3024.02</ele>
      </trkpt>
      <trkpt lat="37.21753" lon="-118.48546">
        <ele>3024.97</ele>
      </trkpt>
      <trkpt lat="37.21729" lon="-118.48558">
        <ele>3026.73</ele>
      </trkpt>
      <trkpt lat="37.21722" lon="-118.48557">
        <ele>3027.16</ele>
      </trkpt>
      <trkpt lat="37.21716" lon="-118.48552">
        <ele>3026.62</ele>
      </trkpt>
      <trkpt lat="37.21714" lon="-118.48541">
        <ele>3024.86</ele>
      </trkpt>
      <trkpt lat="37.21706" lon="-118.48501">
        <ele>3019.22</ele>
      </trkpt>
      <trkpt lat="37.21706" lon="-118.48485">
        <ele>3015.76</ele>
      </trkpt>
      <trkpt lat="37.21707" lon="-118.48457">
        <ele>3009.94</ele>
      </trkpt>
      <trkpt lat="37.21705" lon="-118.48441">
        <ele>3007.95</ele>
      </trkpt>
      <trkpt lat="37.21703" lon="-118.4843">
        <ele>3007.52</ele>
      </trkpt>
      <trkpt lat="37.21694" lon="-118.48421">
        <ele>3008.05</ele>
      </trkpt>
      <trkpt lat="37.2169" lon="-118.4841">
        <ele>3007.76</ele>
      </trkpt>
      <trkpt lat="37.21685" lon="-118.48404">
        <ele>3008.03</ele>
      </trkpt>
      <trkpt lat="37.21667" lon="-118.4841">
        <ele>3010.96</ele>
      </trkpt>
      <trkpt lat="37.21654" lon="-118.4841">
        <ele>3013.74</ele>
      </trkpt>
      <trkpt lat="37.21639" lon="-118.48417">
        <ele>3016.98</ele>
      </trkpt>
      <trkpt lat="37.21627" lon="-118.48416">
        <ele>3020.28</ele>
      </trkpt>
      <trkpt lat="37.21606" lon="-118.484">
        <ele>3022.55</ele>
      </trkpt>
      <trkpt lat="37.21588" lon="-118.48394">
        <ele>3023.0</ele>
      </trkpt>
      <trkpt lat="37.21544" lon="-118.48392">
        <ele>3023.25</ele>
      </trkpt>
      <trkpt lat="37.21533" lon="-118.48392">
        <ele>3023.0</ele>
      </trkpt>
      <trkpt lat="37.21521" lon="-118.48396">
        <ele>3023.0</ele>
      </trkpt>
      <trkpt lat="37.21504" lon="-118.48395">
        <ele>3022.81</ele>
      </trkpt>
      <trkpt lat="37.21492" lon="-118.48392">
        <ele>3022.05</ele>
      </trkpt>
      <trkpt lat="37.21478" lon="-118.48393">
        <ele>3022.0</ele>
      </trkpt>
      <trkpt lat="37.21462" lon="-118.48397">
        <ele>3022.88</ele>
      </trkpt>
      <trkpt lat="37.21419" lon="-118.48388">
        <ele>3022.68</ele>
      </trkpt>
      <trkpt lat="37.21407" lon="-118.48381">
        <ele>3022.19</ele>
      </trkpt>
      <trkpt lat="37.21396" lon="-118.4837">
        <ele>3021.96</ele>
      </trkpt>
      <trkpt lat="37.21381" lon="-118.48357">
        <ele>3020.49</ele>
      </trkpt>
      <trkpt lat="37.21371" lon="-118.48352">
        <ele>3019.1</ele>
      </trkpt>
      <trkpt lat="37.21358" lon="-118.48347">
        <ele>3017.95</ele>
      </trkpt>
      <trkpt lat="37.21349" lon="-118.4834">
        <ele>3017.5</ele>
      </trkpt>
      <trkpt lat="37.21344" lon="-118.48336">
        <ele>3017.96</ele>
      </trkpt>
      <trkpt lat="37.21336" lon="-118.4833">
        <ele>3019.43</ele>
      </trkpt>
      <trkpt lat="37.21332" lon="-118.48324">
        <ele>3021.15</ele>
      </trkpt>
      <trkpt lat="37.21332" lon="-118.48307">
        <ele>3022.12</ele>
      </trkpt>
      <trkpt lat="37.21328" lon="-118.483">
        <ele>3022.58</ele>
      </trkpt>
      <trkpt lat="37.2132" lon="-118.48297">
        <ele>3023.0</ele>
      </trkpt>
      <trkpt lat="37.21302" lon="-118.48298">
        <ele>3024.0</ele>
      </trkpt>
      <trkpt lat="37.2127" lon="-118.48305">
        <ele>3025.9</ele>
      </trkpt>
      <trkpt lat="37.21256" lon="-118.48306">
        <ele>3027.35</ele>
      </trkpt>
      <trkpt lat="37.21247" lon="-118.48302">
        <ele>3028.32</ele>
      </trkpt>
      <trkpt lat="37.21237" lon="-118.48294">
        <ele>3029.65</ele>
      </trkpt>
      <trkpt lat="37.21226" lon="-118.48278">
        <ele>3031.59</ele>
      </trkpt>
      <trkpt lat="37.21214" lon="-118.48262">
        <ele>3033.59</ele>
      </trkpt>
      <trkpt lat="37.21207" lon="-118.48246">
        <ele>3034.64</ele>
      </trkpt>
      <trkpt lat="37.212" lon="-118.48212">
        <ele>3036.46</ele>
      </trkpt>
      <trkpt lat="37.21192" lon="-118.48184">
        <ele>3038.26</ele>
      </trkpt>
      <trkpt lat="37.21186" lon="-118.48167">
        <ele>3038.91</ele>
      </trkpt>
      <trkpt lat="37.21176" lon="-118.48134">
        <ele>3039.99</ele>
      </trkpt>
      <trkpt lat="37.21165" lon="-118.48104">
        <ele>3040.0</ele>
      </trkpt>
      <trkpt lat="37.21143" lon="-118.48053">
        <ele>3039.0</ele>
      </trkpt>
      <trkpt lat="37.21125" lon="-118.48013">
        <ele>3039.0</ele>
      </trkpt>
      <trkpt lat="37.21116" lon="-118.4799">
        <ele>3039.0</ele>
      </trkpt>
      <trkpt lat="37.21108" lon="-118.47964">
        <ele>3039.0</ele>
      </trkpt>
      <trkpt lat="37.21106" lon="-118.47944">
        <ele>3039.0</ele>
      </trkpt>
      <trkpt lat="37.21106" lon="-118.47944">
        <ele>3039.0</ele>
      </trkpt>
      <trkpt lat="37.21101" lon="-118.47929">
        <ele>3039.0</ele>
      </trkpt>
      <trkpt lat="37.21099" lon="-118.47925">
        <ele>3039.03</ele>
      </trkpt>
      <trkpt lat="37.21095" lon="-118.47913">
        <ele>3039.84</ele>
      </trkpt>
      <trkpt lat="37.2109" lon="-118.47903">
        <ele>3040.0</ele>
      </trkpt>
      <trkpt lat="37.21083" lon="-118.47895">
        <ele>3040.0</ele>
      </trkpt>
      <trkpt lat="37.21065" lon="-118.47882">
        <ele>3040.99</ele>
      </trkpt>
      <trkpt lat="37.21059" lon="-118.47874">
        <ele>3041.0</ele>
      </trkpt>
      <trkpt lat="37.21055" lon="-118.47857">
        <ele>3042.44</ele>
      </trkpt>
      <trkpt lat="37.21051" lon="-118.47848">
        <ele>3043.2</ele>
      </trkpt>
      <trkpt lat="37.2104" lon="-118.47836">
        <ele>3044.0</ele>
      </trkpt>
      <trkpt lat="37.2103" lon="-118.47819">
        <ele>3045.55</ele>
      </trkpt>
      <trkpt lat="37.21019" lon="-118.47805">
        <ele>3047.0</ele>
      </trkpt>
      <trkpt lat="37.20979" lon="-118.47834">
        <ele>3045.93</ele>
      </trkpt>
      <trkpt lat="37.20957" lon="-118.47852">
        <ele>3045.63</ele>
      </trkpt>
      <trkpt lat="37.20934" lon="-118.47878">
        <ele>3045.02</ele>
      </trkpt>
      <trkpt lat="37.20924" lon="-118.4789">
        <ele>3045.0</ele>
      </trkpt>
      <trkpt lat="37.20906" lon="-118.47919">
        <ele>3044.15</ele>
      </trkpt>
      <trkpt lat="37.20887" lon="-118.47946">
        <ele>3045.0</ele>
      </trkpt>
      <trkpt lat="37.2088" lon="-118.47959">
        <ele>3045.0</ele>
      </trkpt>
      <trkpt lat="37.20876" lon="-118.47972">
        <ele>3045.0</ele>
      </trkpt>
      <trkpt lat="37.20872" lon="-118.47979">
        <ele>3045.0</ele>
      </trkpt>
      <trkpt lat="37.20849" lon="-118.47998">
        <ele>3046.0</ele>
      </trkpt>
      <trkpt lat="37.20836" lon="-118.48012">
        <ele>3047.0</ele>
      </trkpt>
      <trkpt lat="37.20805" lon="-118.48059">
        <ele>3049.41</ele>
      </trkpt>
      <trkpt lat="37.20791" lon="-118.48071">
        <ele>3050.38</ele>
      </trkpt>
      <trkpt lat="37.20772" lon="-118.4808">
        <ele>3051.86</ele>
      </trkpt>
      <trkpt lat="37.2076" lon="-118.48084">
        <ele>3052.07</ele>
      </trkpt>
      <trkpt lat="37.20731" lon="-118.48087">
        <ele>3053.43</ele>
      </trkpt>
      <trkpt lat="37.20702" lon="-118.48086">
        <ele>3054.29</ele>
      </trkpt>
      <trkpt lat="37.20677" lon="-118.48086">
        <ele>3055.0</ele>
      </trkpt>
      <trkpt lat="37.20663" lon="-118.48087">
        <ele>3055.16</ele>
      </trkpt>
      <trkpt lat="37.20652" lon="-118.4809">
        <ele>3055.72</ele>
      </trkpt>
      <trkpt lat="37.20637" lon="-118.48103">
        <ele>3056.3</ele>
      </trkpt>
      <trkpt lat="37.20615" lon="-118.48117">
        <ele>3057.0</ele>
      </trkpt>
      <trkpt lat="37.20615" lon="-118.48117">
        <ele>3057.0</ele>
      </trkpt>
      <trkpt lat="37.20606" lon="-118.48124">
        <ele>3057.39</ele>
      </trkpt>
      <trkpt lat="37.20573" lon="-118.48152">
        <ele>3058.0</ele>
      </trkpt>
      <trkpt lat="37.20563" lon="-118.48164">
        <ele>3058.71</ele>
      </trkpt>
      <trkpt lat="37.20535" lon="-118.48197">
        <ele>3059.44</ele>
      </trkpt>
      <trkpt lat="37.20528" lon="-118.48202">
        <ele>3060.0</ele>
      </trkpt>
      <trkpt lat="37.20519" lon="-118.48206">
        <ele>3060.0</ele>
      </trkpt>
      <trkpt lat="37.20511" lon="-118.48212">
        <ele>3060.0</ele>
      </trkpt>
      <trkpt lat="37.20503" lon="-118.48218">
        <ele>3060.0</ele>
      </trkpt>
      <trkpt lat="37.20491" lon="-118.48232">
        <ele>3060.0</ele>
      </trkpt>
      <trkpt lat="37.20483" lon="-118.4825">
        <ele>3060.84</ele>
      </trkpt>
      <trkpt lat="37.20476" lon="-118.4826">
        <ele>3061.0</ele>
      </trkpt>
      <trkpt lat="37.20465" lon="-118.48269">
        <ele>3061.05</ele>
      </trkpt>
      <trkpt lat="37.20461" lon="-118.48274">
        <ele>3061.68</ele>
      </trkpt>
      <trkpt lat="37.20441" lon="-118.48304">
        <ele>3063.83</ele>
      </trkpt>
      <trkpt lat="37.20438" lon="-118.48314">
        <ele>3064.0</ele>
      </trkpt>
      <trkpt lat="37.20437" lon="-118.48336">
        <ele>3065.86</ele>
      </trkpt>
      <trkpt lat="37.20437" lon="-118.48366">
        <ele>3068.53</ele>
      </trkpt>
      <trkpt lat="37.2044" lon="-118.48379">
        <ele>3069.0</ele>
      </trkpt>
      <trkpt lat="37.2044" lon="-118.4839">
        <ele>3070.12</ele>
      </trkpt>
      <trkpt lat="37.20436" lon="-118.48398">
        <ele>3070.98</ele>
      </trkpt>
      <trkpt lat="37.20431" lon="-118.48403">
        <ele>3071.52</ele>
      </trkpt>
      <trkpt lat="37.20422" lon="-118.48409">
        <ele>3072.17</ele>
      </trkpt>
      <trkpt lat="37.20375" lon="-118.48456">
        <ele>3076.25</ele>
      </trkpt>
      <trkpt lat="37.20367" lon="-118.48466">
        <ele>3077.21</ele>
      </trkpt>
      <trkpt lat="37.20364" lon="-118.48476">
        <ele>3077.72</ele>
      </trkpt>
      <trkpt lat="37.2036" lon="-118.48481">
        <ele>3077.95</ele>
      </trkpt>
      <trkpt lat="37.20353" lon="-118.48486">
        <ele>3078.49</ele>
      </trkpt>
      <trkpt lat="37.20344" lon="-118.48499">
        <ele>3079.0</ele>
      </trkpt>
      <trkpt lat="37.20337" lon="-118.4851">
        <ele>3080.0</ele>
      </trkpt>
      <trkpt lat="37.20334" lon="-118.48519">
        <ele>3080.05</ele>
      </trkpt>
      <trkpt lat="37.20331" lon="-118.48536">
        <ele>3081.0</ele>
      </trkpt>
      <trkpt lat="37.20327" lon="-118.48545">
        <ele>3081.59</ele>
      </trkpt>
      <trkpt lat="37.20321" lon="-118.4855">
        <ele>3082.13</ele>
      </trkpt>
      <trkpt lat="37.20313" lon="-118.48553">
        <ele>3082.72</ele>
      </trkpt>
      <trkpt lat="37.20307" lon="-118.48561">
        <ele>3083.5</ele>
      </trkpt>
      <trkpt lat="37.20293" lon="-118.48592">
        <ele>3085.94</ele>
      </trkpt>
      <trkpt lat="37.20285" lon="-118.48607">
        <ele>3087.56</ele>
      </trkpt>
      <trkpt lat="37.20274" lon="-118.4862">
        <ele>3088.96</ele>
      </trkpt>
      <trkpt lat="37.20268" lon="-118.4863">
        <ele>3090.04</ele>
      </trkpt>
      <trkpt lat="37.20263" lon="-118.48645">
        <ele>3091.39</ele>
      </trkpt>
      <trkpt lat="37.20258" lon="-118.48655">
        <ele>3092.1</ele>
      </trkpt>
      <trkpt lat="37.20249" lon="-118.48667">
        <ele>3093.04</ele>
      </trkpt>
      <trkpt lat="37.20242" lon="-118.4868">
        <ele>3094.44</ele>
      </trkpt>
      <trkpt lat="37.20234" lon="-118.4869">
        <ele>3095.0</ele>
      </trkpt>
      <trkpt lat="37.20221" lon="-118.48719">
        <ele>3097.0</ele>
      </trkpt>
      <trkpt lat="37.20219" lon="-118.48723">
        <ele>3097.08</ele>
      </trkpt>
      <trkpt lat="37.20212" lon="-118.4874">
        <ele>3098.0</ele>
      </trkpt>
      <trkpt lat="37.20202" lon="-118.48762">
        <ele>3099.3</ele>
      </trkpt>
      <trkpt lat="37.20199" lon="-118.48777">
        <ele>3100.45</ele>
      </trkpt>
      <trkpt lat="37.20194" lon="-118.4879">
        <ele>3100.97</ele>
      </trkpt>
      <trkpt lat="37.20185" lon="-118.48802">
        <ele>3101.0</ele>
      </trkpt>
      <trkpt lat="37.20181" lon="-118.48817">
        <ele>3101.65</ele>
      </trkpt>
      <trkpt lat="37.20179" lon="-118.48828">
        <ele>3102.42</ele>
      </trkpt>
      <trkpt lat="37.20172" lon="-118.48851">
        <ele>3103.91</ele>
      </trkpt>
      <trkpt lat="37.20166" lon="-118.48864">
        <ele>3105.29</ele>
      </trkpt>
      <trkpt lat="37.20163" lon="-118.4887">
        <ele>3105.58</ele>
      </trkpt>
      <trkpt lat="37.20158" lon="-118.48876">
        <ele>3105.63</ele>
      </trkpt>
      <trkpt lat="37.20149" lon="-118.48894">
        <ele>3107.55</ele>
      </trkpt>
      <trkpt lat="37.20145" lon="-118.48904">
        <ele>3108.63</ele>
      </trkpt>
      <trkpt lat="37.20136" lon="-118.48915">
        <ele>3109.26</ele>
      </trkpt>
      <trkpt lat="37.20131" lon="-118.48926">
        <ele>3110.01</ele>
      </trkpt>
      <trkpt lat="37.20131" lon="-118.48934">
        <ele>3110.87</ele>
      </trkpt>
      <trkpt lat="37.20132" lon="-118.48945">
        <ele>3112.0</ele>
      </trkpt>
      <trkpt lat="37.20134" lon="-118.48962">
        <ele>3112.9</ele>
      </trkpt>
      <trkpt lat="37.20131" lon="-118.48976">
        <ele>3113.91</ele>
      </trkpt>
      <trkpt lat="37.20127" lon="-118.48985">
        <ele>3114.38</ele>
      </trkpt>
      <trkpt lat="37.2012" lon="-118.48993">
        <ele>3115.24</ele>
      </trkpt>
      <trkpt lat="37.20114" lon="-118.49002">
        <ele>3116.0</ele>
      </trkpt>
      <trkpt lat="37.20114" lon="-118.49009">
        <ele>3116.0</ele>
      </trkpt>
      <trkpt lat="37.20114" lon="-118.49014">
        <ele>3116.51</ele>
      </trkpt>
      <trkpt lat="37.20116" lon="-118.49019">
        <ele>3117.02</ele>
      </trkpt>
      <trkpt lat="37.20122" lon="-118.49028">
        <ele>3117.02</ele>
      </trkpt>
      <trkpt lat="37.20126" lon="-118.49032">
        <ele>3117.18</ele>
      </trkpt>
      <trkpt lat="37.20128" lon="-118.49039">
        <ele>3117.35</ele>
      </trkpt>
      <trkpt lat="37.20122" lon="-118.49086">
        <ele>3120.29</ele>
      </trkpt>
      <trkpt lat="37.20121" lon="-118.49091">
        <ele>3120.83</ele>
      </trkpt>
      <trkpt lat="37.20119" lon="-118.49105">
        <ele>3122.05</ele>
      </trkpt>
      <trkpt lat="37.20111" lon="-118.49123">
        <ele>3124.28</ele>
      </trkpt>
      <trkpt lat="37.20107" lon="-118.49134">
        <ele>3125.21</ele>
      </trkpt>
      <trkpt lat="37.20106" lon="-118.49143">
        <ele>3126.19</ele>
      </trkpt>
      <trkpt lat="37.20107" lon="-118.49151">
        <ele>3127.31</ele>
      </trkpt>
      <trkpt lat="37.2011" lon="-118.49158">
        <ele>3128.06</ele>
      </trkpt>
      <trkpt lat="37.20119" lon="-118.49172">
        <ele>3128.72</ele>
      </trkpt>
      <trkpt lat="37.20132" lon="-118.492">
        <ele>3131.6</ele>
      </trkpt>
      <trkpt lat="37.2014" lon="-118.49208">
        <ele>3132.4</ele>
      </trkpt>
      <trkpt lat="37.20146" lon="-118.49212">
        <ele>3132.82</ele>
      </trkpt>
      <trkpt lat="37.20156" lon="-118.49214">
        <ele>3132.36</ele>
      </trkpt>
      <trkpt lat="37.20169" lon="-118.49212">
        <ele>3131.57</ele>
      </trkpt>
      <trkpt lat="37.20186" lon="-118.49212">
        <ele>3130.89</ele>
      </trkpt>
      <trkpt lat="37.20204" lon="-118.49213">
        <ele>3130.01</ele>
      </trkpt>
      <trkpt lat="37.20221" lon="-118.49216">
        <ele>3130.33</ele>
      </trkpt>
      <trkpt lat="37.20237" lon="-118.49222">
        <ele>3129.98</ele>
      </trkpt>
      <trkpt lat="37.20242" lon="-118.49226">
        <ele>3130.27</ele>
      </trkpt>
      <trkpt lat="37.20256" lon="-118.49238">
        <ele>3130.7</ele>
      </trkpt>
      <trkpt lat="37.20263" lon="-118.49259">
        <ele>3132.57</ele>
      </trkpt>
      <trkpt lat="37.20269" lon="-118.49274">
        <ele>3133.54</ele>
      </trkpt>
      <trkpt lat="37.20281" lon="-118.49294">
        <ele>3134.4</ele>
      </trkpt>
      <trkpt lat="37.20286" lon="-118.49307">
        <ele>3135.27</ele>
      </trkpt>
      <trkpt lat="37.2029" lon="-118.49314">
        <ele>3135.59</ele>
      </trkpt>
      <trkpt lat="37.203" lon="-118.49321">
        <ele>3135.27</ele>
      </trkpt>
      <trkpt lat="37.20304" lon="-118.49327">
        <ele>3135.48</ele>
      </trkpt>
      <trkpt lat="37.20311" lon="-118.49346">
        <ele>3136.41</ele>
      </trkpt>
      <trkpt lat="37.20321" lon="-118.49359">
        <ele>3136.1</ele>
      </trkpt>
      <trkpt lat="37.20322" lon="-118.49361">
        <ele>3136.21</ele>
      </trkpt>
      <trkpt lat="37.20338" lon="-118.49387">
        <ele>3136.29</ele>
      </trkpt>
      <trkpt lat="37.20339" lon="-118.49425">
        <ele>3137.94</ele>
      </trkpt>
      <trkpt lat="37.20337" lon="-118.49457">
        <ele>3138.74</ele>
      </trkpt>
      <trkpt lat="37.20337" lon="-118.49471">
        <ele>3139.0</ele>
      </trkpt>
      <trkpt lat="37.20342" lon="-118.49484">
        <ele>3139.02</ele>
      </trkpt>
      <trkpt lat="37.20348" lon="-118.49488">
        <ele>3139.0</ele>
      </trkpt>
      <trkpt lat="37.20369" lon="-118.4949">
        <ele>3138.14</ele>
      </trkpt>
      <trkpt lat="37.20388" lon="-118.49504">
        <ele>3138.49</ele>
      </trkpt>
      <trkpt lat="37.20398" lon="-118.49507">
        <ele>3138.76</ele>
      </trkpt>
      <trkpt lat="37.20408" lon="-118.4951">
        <ele>3139.08</ele>
      </trkpt>
      <trkpt lat="37.20417" lon="-118.49514">
        <ele>3139.51</ele>
      </trkpt>
      <trkpt lat="37.20422" lon="-118.49519">
        <ele>3140.0</ele>
      </trkpt>
      <trkpt lat="37.20431" lon="-118.49537">
        <ele>3141.0</ele>
      </trkpt>
      <trkpt lat="37.20434" lon="-118.49545">
        <ele>3141.86</ele>
      </trkpt>
      <trkpt lat="37.20444" lon="-118.49559">
        <ele>3142.02</ele>
      </trkpt>
      <trkpt lat="37.20459" lon="-118.49575">
        <ele>3143.1</ele>
      </trkpt>
      <trkpt lat="37.20462" lon="-118.49582">
        <ele>3143.86</ele>
      </trkpt>
      <trkpt lat="37.20461" lon="-118.49589">
        <ele>3144.0</ele>
      </trkpt>
      <trkpt lat="37.20455" lon="-118.49596">
        <ele>3144.32</ele>
      </trkpt>
      <trkpt lat="37.20454" lon="-118.49602">
        <ele>3144.97</ele>
      </trkpt>
      <trkpt lat="37.20455" lon="-118.49615">
        <ele>3145.0</ele>
      </trkpt>
      <trkpt lat="37.20447" lon="-118.49628">
        <ele>3145.82</ele>
      </trkpt>
      <trkpt lat="37.20445" lon="-118.49647">
        <ele>3146.0</ele>
      </trkpt>
      <trkpt lat="37.20438" lon="-118.49668">
        <ele>3147.74</ele>
      </trkpt>
      <trkpt lat="37.20435" lon="-118.49678">
        <ele>3148.0</ele>
      </trkpt>
      <trkpt lat="37.20422" lon="-118.497">
        <ele>3149.25</ele>
      </trkpt>
      <trkpt lat="37.2042" lon="-118.49709">
        <ele>3149.85</ele>
      </trkpt>
      <trkpt lat="37.20418" lon="-118.49737">
        <ele>3150.94</ele>
      </trkpt>
      <trkpt lat="37.20398" lon="-118.49793">
        <ele>3153.65</ele>
      </trkpt>
      <trkpt lat="37.2038" lon="-118.4982">
        <ele>3155.98</ele>
      </trkpt>
      <trkpt lat="37.20372" lon="-118.4983">
        <ele>3156.53</ele>
      </trkpt>
      <trkpt lat="37.20368" lon="-118.49844">
        <ele>3157.37</ele>
      </trkpt>
      <trkpt lat="37.20358" lon="-118.49867">
        <ele>3159.21</ele>
      </trkpt>
      <trkpt lat="37.20348" lon="-118.4989">
        <ele>3160.42</ele>
      </trkpt>
      <trkpt lat="37.20345" lon="-118.49897">
        <ele>3160.74</ele>
      </trkpt>
      <trkpt lat="37.20342" lon="-118.49906">
        <ele>3161.0</ele>
      </trkpt>
      <trkpt lat="37.20344" lon="-118.49917">
        <ele>3160.85</ele>
      </trkpt>
      <trkpt lat="37.20348" lon="-118.49922">
        <ele>3160.42</ele>
      </trkpt>
      <trkpt lat="37.20353" lon="-118.49932">
        <ele>3160.0</ele>
      </trkpt>
      <trkpt lat="37.20355" lon="-118.49945">
        <ele>3160.0</ele>
      </trkpt>
      <trkpt lat="37.20357" lon="-118.49962">
        <ele>3160.0</ele>
      </trkpt>
      <trkpt lat="37.20355" lon="-118.4998">
        <ele>3159.71</ele>
      </trkpt>
      <trkpt lat="37.20355" lon="-118.50008">
        <ele>3159.0</ele>
      </trkpt>
      <trkpt lat="37.20355" lon="-118.50009">
        <ele>3159.0</ele>
      </trkpt>
      <trkpt lat="37.20358" lon="-118.50017">
        <ele>3158.44</ele>
      </trkpt>
      <trkpt lat="37.20361" lon="-118.5003">
        <ele>3157.76</ele>
      </trkpt>
      <trkpt lat="37.20364" lon="-118.50037">
        <ele>3157.0</ele>
      </trkpt>
      <trkpt lat="37.20363" lon="-118.50055">
        <ele>3157.0</ele>
      </trkpt>
      <trkpt lat="37.20359" lon="-118.50085">
        <ele>3157.37</ele>
      </trkpt>
      <trkpt lat="37.20362" lon="-118.50098">
        <ele>3157.9</ele>
      </trkpt>
      <trkpt lat="37.20372" lon="-118.50112">
        <ele>3157.0</ele>
      </trkpt>
      <trkpt lat="37.20373" lon="-118.50128">
        <ele>3157.59</ele>
      </trkpt>
      <trkpt lat="37.2038" lon="-118.50136">
        <ele>3157.0</ele>
      </trkpt>
      <trkpt lat="37.20385" lon="-118.50161">
        <ele>3157.65</ele>
      </trkpt>
      <trkpt lat="37.20386" lon="-118.50182">
        <ele>3158.0</ele>
      </trkpt>
      <trkpt lat="37.20384" lon="-118.50201">
        <ele>3158.0</ele>
      </trkpt>
      <trkpt lat="37.20388" lon="-118.50208">
        <ele>3158.0</ele>
      </trkpt>
      <trkpt lat="37.20393" lon="-118.50223">
        <ele>3158.0</ele>
      </trkpt>
      <trkpt lat="37.20395" lon="-118.50239">
        <ele>3158.0</ele>
      </trkpt>
      <trkpt lat="37.20394" lon="-118.50252">
        <ele>3158.22</ele>
      </trkpt>
      <trkpt lat="37.20379" lon="-118.50284">
        <ele>3159.0</ele>
      </trkpt>
      <trkpt lat="37.20364" lon="-118.50307">
        <ele>3159.0</ele>
      </trkpt>
      <trkpt lat="37.20354" lon="-118.50345">
        <ele>3159.0</ele>
      </trkpt>
      <trkpt lat="37.20331" lon="-118.50372">
        <ele>3160.0</ele>
      </trkpt>
      <trkpt lat="37.20323" lon="-118.50384">
        <ele>3160.05</ele>
      </trkpt>
      <trkpt lat="37.20301" lon="-118.50411">
        <ele>3162.69</ele>
      </trkpt>
      <trkpt lat="37.2028" lon="-118.50437">
        <ele>3165.0</ele>
      </trkpt>
      <trkpt lat="37.20267" lon="-118.50458">
        <ele>3166.55</ele>
      </trkpt>
      <trkpt lat="37.20263" lon="-118.50469">
        <ele>3167.0</ele>
      </trkpt>
      <trkpt lat="37.20262" lon="-118.50475">
        <ele>3167.21</ele>
      </trkpt>
      <trkpt lat="37.20262" lon="-118.50475">
        <ele>3167.21</ele>
      </trkpt>
      <trkpt lat="37.20264" lon="-118.50484">
        <ele>3167.63</ele>
      </trkpt>
      <trkpt lat="37.2027" lon="-118.50495">
        <ele>3167.84</ele>
      </trkpt>
      <trkpt lat="37.20283" lon="-118.50523">
        <ele>3168.0</ele>
      </trkpt>
      <trkpt lat="37.20294" lon="-118.50554">
        <ele>3169.0</ele>
      </trkpt>
      <trkpt lat="37.20294" lon="-118.50555">
        <ele>3169.0</ele>
      </trkpt>
      <trkpt lat="37.20298" lon="-118.5057">
        <ele>3169.1</ele>
      </trkpt>
      <trkpt lat="37.20299" lon="-118.50581">
        <ele>3169.82</ele>
      </trkpt>
      <trkpt lat="37.20294" lon="-118.50588">
        <ele>3170.0</ele>
      </trkpt>
      <trkpt lat="37.20283" lon="-118.5059">
        <ele>3169.88</ele>
      </trkpt>
      <trkpt lat="37.20267" lon="-118.50601">
        <ele>3170.0</ele>
      </trkpt>
      <trkpt lat="37.20255" lon="-118.5061">
        <ele>3170.0</ele>
      </trkpt>
      <trkpt lat="37.20242" lon="-118.50622">
        <ele>3170.0</ele>
      </trkpt>
      <trkpt lat="37.20245" lon="-118.50633">
        <ele>3170.0</ele>
      </trkpt>
      <trkpt lat="37.20247" lon="-118.50642">
        <ele>3170.23</ele>
      </trkpt>
      <trkpt lat="37.20246" lon="-118.50655">
        <ele>3170.89</ele>
      </trkpt>
      <trkpt lat="37.2024" lon="-118.50673">
        <ele>3170.97</ele>
      </trkpt>
      <trkpt lat="37.20238" lon="-118.50686">
        <ele>3171.0</ele>
      </trkpt>
      <trkpt lat="37.20239" lon="-118.50688">
        <ele>3171.0</ele>
      </trkpt>
      <trkpt lat="37.20247" lon="-118.50701">
        <ele>3171.0</ele>
      </trkpt>
      <trkpt lat="37.20248" lon="-118.50711">
        <ele>3171.0</ele>
      </trkpt>
      <trkpt lat="37.20244" lon="-118.50716">
        <ele>3171.0</ele>
      </trkpt>
      <trkpt lat="37.20232" lon="-118.5072">
        <ele>3171.0</ele>
      </trkpt>
      <trkpt lat="37.20226" lon="-118.50728">
        <ele>3171.0</ele>
      </trkpt>
      <trkpt lat="37.20221" lon="-118.50741">
        <ele>3171.0</ele>
      </trkpt>
      <trkpt lat="37.20216" lon="-118.50753">
        <ele>3171.0</ele>
      </trkpt>
      <trkpt lat="37.20215" lon="-118.5077">
        <ele>3171.0</ele>
      </trkpt>
      <trkpt lat="37.20213" lon="-118.5078">
        <ele>3171.0</ele>
      </trkpt>
      <trkpt lat="37.20204" lon="-118.50802">
        <ele>3171.0</ele>
      </trkpt>
      <trkpt lat="37.20198" lon="-118.50811">
        <ele>3171.0</ele>
      </trkpt>
      <trkpt lat="37.20184" lon="-118.50833">
        <ele>3171.0</ele>
      </trkpt>
      <trkpt lat="37.20182" lon="-118.50836">
        <ele>3171.0</ele>
      </trkpt>
      <trkpt lat="37.20177" lon="-118.50842">
        <ele>3171.0</ele>
      </trkpt>
      <trkpt lat="37.20162" lon="-118.50846">
        <ele>3171.0</ele>
      </trkpt>
      <trkpt lat="37.2014" lon="-118.50861">
        <ele>3170.13</ele>
      </trkpt>
      <trkpt lat="37.20128" lon="-118.50884">
        <ele>3170.0</ele>
      </trkpt>
      <trkpt lat="37.20121" lon="-118.50893">
        <ele>3170.0</ele>
      </trkpt>
      <trkpt lat="37.20115" lon="-118.50904">
        <ele>3170.0</ele>
      </trkpt>
      <trkpt lat="37.20105" lon="-118.50917">
        <ele>3169.34</ele>
      </trkpt>
      <trkpt lat="37.20092" lon="-118.50948">
        <ele>3169.0</ele>
      </trkpt>
      <trkpt lat="37.20087" lon="-118.50957">
        <ele>3169.0</ele>
      </trkpt>
      <trkpt lat="37.2008" lon="-118.50959">
        <ele>3168.79</ele>
      </trkpt>
      <trkpt lat="37.20073" lon="-118.50957">
        <ele>3168.64</ele>
      </trkpt>
      <trkpt lat="37.20062" lon="-118.50949">
        <ele>3169.0</ele>
      </trkpt>
      <trkpt lat="37.20055" lon="-118.50948">
        <ele>3169.0</ele>
      </trkpt>
      <trkpt lat="37.20049" lon="-118.50951">
        <ele>3169.0</ele>
      </trkpt>
      <trkpt lat="37.2004" lon="-118.50957">
        <ele>3169.44</ele>
      </trkpt>
      <trkpt lat="37.20031" lon="-118.50974">
        <ele>3168.93</ele>
      </trkpt>
      <trkpt lat="37.20018" lon="-118.50997">
        <ele>3168.36</ele>
      </trkpt>
      <trkpt lat="37.20005" lon="-118.51014">
        <ele>3167.21</ele>
      </trkpt>
      <trkpt lat="37.19986" lon="-118.51027">
        <ele>3167.6</ele>
      </trkpt>
      <trkpt lat="37.19972" lon="-118.51045">
        <ele>3166.32</ele>
      </trkpt>
      <trkpt lat="37.19917" lon="-118.51088">
        <ele>3167.9</ele>
      </trkpt>
      <trkpt lat="37.19972" lon="-118.51045">
        <ele>3166.32</ele>
      </trkpt>
      <trkpt lat="37.19986" lon="-118.51027">
        <ele>3167.6</ele>
      </trkpt>
      <trkpt lat="37.20005" lon="-118.51014">
        <ele>3167.21</ele>
      </trkpt>
      <trkpt lat="37.20018" lon="-118.50997">
        <ele>3168.36</ele>
      </trkpt>
      <trkpt lat="37.20031" lon="-118.50974">
        <ele>3168.93</ele>
      </trkpt>
      <trkpt lat="37.2004" lon="-118.50957">
        <ele>3169.44</ele>
      </trkpt>
      <trkpt lat="37.20049" lon="-118.50951">
        <ele>3169.0</ele>
      </trkpt>
      <trkpt lat="37.20055" lon="-118.50948">
        <ele>3169.0</ele>
      </trkpt>
      <trkpt lat="37.20062" lon="-118.50949">
        <ele>3169.0</ele>
      </trkpt>
      <trkpt lat="37.20073" lon="-118.50957">
        <ele>3168.64</ele>
      </trkpt>
      <trkpt lat="37.2008" lon="-118.50959">
        <ele>3168.79</ele>
      </trkpt>
      <trkpt lat="37.20087" lon="-118.50957">
        <ele>3169.0</ele>
      </trkpt>
      <trkpt lat="37.20092" lon="-118.50948">
        <ele>3169.0</ele>
      </trkpt>
      <trkpt lat="37.20105" lon="-118.50917">
        <ele>3169.34</ele>
      </trkpt>
      <trkpt lat="37.20115" lon="-118.50904">
        <ele>3170.0</ele>
      </trkpt>
      <trkpt lat="37.20121" lon="-118.50893">
        <ele>3170.0</ele>
      </trkpt>
      <trkpt lat="37.20128" lon="-118.50884">
        <ele>3170.0</ele>
      </trkpt>
      <trkpt lat="37.2014" lon="-118.50861">
        <ele>3170.13</ele>
      </trkpt>
      <trkpt lat="37.20162" lon="-118.50846">
        <ele>3171.0</ele>
      </trkpt>
      <trkpt lat="37.20177" lon="-118.50842">
        <ele>3171.0</ele>
      </trkpt>
      <trkpt lat="37.20182" lon="-118.50836">
        <ele>3171.0</ele>
      </trkpt>
      <trkpt lat="37.20184" lon="-118.50833">
        <ele>3171.0</ele>
      </trkpt>
      <trkpt lat="37.20198" lon="-118.50811">
        <ele>3171.0</ele>
      </trkpt>
      <trkpt lat="37.20204" lon="-118.50802">
        <ele>3171.0</ele>
      </trkpt>
      <trkpt lat="37.20213" lon="-118.5078">
        <ele>3171.0</ele>
      </trkpt>
      <trkpt lat="37.20215" lon="-118.5077">
        <ele>3171.0</ele>
      </trkpt>
      <trkpt lat="37.20216" lon="-118.50753">
        <ele>3171.0</ele>
      </trkpt>
      <trkpt lat="37.20221" lon="-118.50741">
        <ele>3171.0</ele>
      </trkpt>
      <trkpt lat="37.20226" lon="-118.50728">
        <ele>3171.0</ele>
      </trkpt>
      <trkpt lat="37.20232" lon="-118.5072">
        <ele>3171.0</ele>
      </trkpt>
      <trkpt lat="37.20244" lon="-118.50716">
        <ele>3171.0</ele>
      </trkpt>
      <trkpt lat="37.20248" lon="-118.50711">
        <ele>3171.0</ele>
      </trkpt>
      <trkpt lat="37.20247" lon="-118.50701">
        <ele>3171.0</ele>
      </trkpt>
      <trkpt lat="37.20239" lon="-118.50688">
        <ele>3171.0</ele>
      </trkpt>
      <trkpt lat="37.20238" lon="-118.50686">
        <ele>3171.0</ele>
      </trkpt>
      <trkpt lat="37.2024" lon="-118.50673">
        <ele>3170.97</ele>
      </trkpt>
      <trkpt lat="37.20246" lon="-118.50655">
        <ele>3170.89</ele>
      </trkpt>
      <trkpt lat="37.20247" lon="-118.50642">
        <ele>3170.23</ele>
      </trkpt>
      <trkpt lat="37.20245" lon="-118.50633">
        <ele>3170.0</ele>
      </trkpt>
      <trkpt lat="37.20242" lon="-118.50622">
        <ele>3170.0</ele>
      </trkpt>
      <trkpt lat="37.20255" lon="-118.5061">
        <ele>3170.0</ele>
      </trkpt>
      <trkpt lat="37.20267" lon="-118.50601">
        <ele>3170.0</ele>
      </trkpt>
      <trkpt lat="37.20283" lon="-118.5059">
        <ele>3169.88</ele>
      </trkpt>
      <trkpt lat="37.20294" lon="-118.50588">
        <ele>3170.0</ele>
      </trkpt>
      <trkpt lat="37.20299" lon="-118.50581">
        <ele>3169.82</ele>
      </trkpt>
      <trkpt lat="37.20298" lon="-118.5057">
        <ele>3169.1</ele>
      </trkpt>
      <trkpt lat="37.20294" lon="-118.50555">
        <ele>3169.0</ele>
      </trkpt>
      <trkpt lat="37.20294" lon="-118.50554">
        <ele>3169.0</ele>
      </trkpt>
      <trkpt lat="37.20283" lon="-118.50523">
        <ele>3168.0</ele>
      </trkpt>
      <trkpt lat="37.2027" lon="-118.50495">
        <ele>3167.84</ele>
      </trkpt>
      <trkpt lat="37.20264" lon="-118.50484">
        <ele>3167.63</ele>
      </trkpt>
      <trkpt lat="37.20262" lon="-118.50475">
        <ele>3167.21</ele>
      </trkpt>
      <trkpt lat="37.20262" lon="-118.50475">
        <ele>3167.21</ele>
      </trkpt>
      <trkpt lat="37.20263" lon="-118.50469">
        <ele>3167.0</ele>
      </trkpt>
      <trkpt lat="37.20267" lon="-118.50458">
        <ele>3166.55</ele>
      </trkpt>
      <trkpt lat="37.2028" lon="-118.50437">
        <ele>3165.0</ele>
      </trkpt>
      <trkpt lat="37.20301" lon="-118.50411">
        <ele>3162.69</ele>
      </trkpt>
      <trkpt lat="37.20323" lon="-118.50384">
        <ele>3160.05</ele>
      </trkpt>
      <trkpt lat="37.20331" lon="-118.50372">
        <ele>3160.0</ele>
      </trkpt>
      <trkpt lat="37.20354" lon="-118.50345">
        <ele>3159.0</ele>
      </trkpt>
      <trkpt lat="37.20364" lon="-118.50307">
        <ele>3159.0</ele>
      </trkpt>
      <trkpt lat="37.20379" lon="-118.50284">
        <ele>3159.0</ele>
      </trkpt>
      <trkpt lat="37.20394" lon="-118.50252">
        <ele>3158.22</ele>
      </trkpt>
      <trkpt lat="37.20395" lon="-118.50239">
        <ele>3158.0</ele>
      </trkpt>
      <trkpt lat="37.20393" lon="-118.50223">
        <ele>3158.0</ele>
      </trkpt>
      <trkpt lat="37.20388" lon="-118.50208">
        <ele>3158.0</ele>
      </trkpt>
      <trkpt lat="37.20384" lon="-118.50201">
        <ele>3158.0</ele>
      </trkpt>
      <trkpt lat="37.20386" lon="-118.50182">
        <ele>3158.0</ele>
      </trkpt>
      <trkpt lat="37.20385" lon="-118.50161">
        <ele>3157.65</ele>
      </trkpt>
      <trkpt lat="37.2038" lon="-118.50136">
        <ele>3157.0</ele>
      </trkpt>
      <trkpt lat="37.20373" lon="-118.50128">
        <ele>3157.59</ele>
      </trkpt>
      <trkpt lat="37.20372" lon="-118.50112">
        <ele>3157.0</ele>
      </trkpt>
      <trkpt lat="37.20362" lon="-118.50098">
        <ele>3157.9</ele>
      </trkpt>
      <trkpt lat="37.20359" lon="-118.50085">
        <ele>3157.37</ele>
      </trkpt>
      <trkpt lat="37.20363" lon="-118.50055">
        <ele>3157.0</ele>
      </trkpt>
      <trkpt lat="37.20364" lon="-118.50037">
        <ele>3157.0</ele>
      </trkpt>
      <trkpt lat="37.20361" lon="-118.5003">
        <ele>3157.76</ele>
      </trkpt>
      <trkpt lat="37.20358" lon="-118.50017">
        <ele>3158.44</ele>
      </trkpt>
      <trkpt lat="37.20355" lon="-118.50009">
        <ele>3159.0</ele>
      </trkpt>
      <trkpt lat="37.20355" lon="-118.50008">
        <ele>3159.0</ele>
      </trkpt>
      <trkpt lat="37.20355" lon="-118.4998">
        <ele>3159.71</ele>
      </trkpt>
      <trkpt lat="37.20357" lon="-118.49962">
        <ele>3160.0</ele>
      </trkpt>
      <trkpt lat="37.20355" lon="-118.49945">
        <ele>3160.0</ele>
      </trkpt>
      <trkpt lat="37.20353" lon="-118.49932">
        <ele>3160.0</ele>
      </trkpt>
      <trkpt lat="37.20348" lon="-118.49922">
        <ele>3160.42</ele>
      </trkpt>
      <trkpt lat="37.20344" lon="-118.49917">
        <ele>3160.85</ele>
      </trkpt>
      <trkpt lat="37.20342" lon="-118.49906">
        <ele>3161.0</ele>
      </trkpt>
      <trkpt lat="37.20345" lon="-118.49897">
        <ele>3160.74</ele>
      </trkpt>
      <trkpt lat="37.20348" lon="-118.4989">
        <ele>3160.42</ele>
      </trkpt>
      <trkpt lat="37.20358" lon="-118.49867">
        <ele>3159.21</ele>
      </trkpt>
      <trkpt lat="37.20368" lon="-118.49844">
        <ele>3157.37</ele>
      </trkpt>
      <trkpt lat="37.20372" lon="-118.4983">
        <ele>3156.53</ele>
      </trkpt>
      <trkpt lat="37.2038" lon="-118.4982">
        <ele>3155.98</ele>
      </trkpt>
      <trkpt lat="37.20398" lon="-118.49793">
        <ele>3153.65</ele>
      </trkpt>
      <trkpt lat="37.20418" lon="-118.49737">
        <ele>3150.94</ele>
      </trkpt>
      <trkpt lat="37.2042" lon="-118.49709">
        <ele>3149.85</ele>
      </trkpt>
      <trkpt lat="37.20422" lon="-118.497">
        <ele>3149.25</ele>
      </trkpt>
      <trkpt lat="37.20435" lon="-118.49678">
        <ele>3148.0</ele>
      </trkpt>
      <trkpt lat="37.20438" lon="-118.49668">
        <ele>3147.74</ele>
      </trkpt>
      <trkpt lat="37.20445" lon="-118.49647">
        <ele>3146.0</ele>
      </trkpt>
      <trkpt lat="37.20447" lon="-118.49628">
        <ele>3145.82</ele>
      </trkpt>
      <trkpt lat="37.20455" lon="-118.49615">
        <ele>3145.0</ele>
      </trkpt>
      <trkpt lat="37.20454" lon="-118.49602">
        <ele>3144.97</ele>
      </trkpt>
      <trkpt lat="37.20455" lon="-118.49596">
        <ele>3144.32</ele>
      </trkpt>
      <trkpt lat="37.20461" lon="-118.49589">
        <ele>3144.0</ele>
      </trkpt>
      <trkpt lat="37.20462" lon="-118.49582">
        <ele>3143.86</ele>
      </trkpt>
      <trkpt lat="37.20459" lon="-118.49575">
        <ele>3143.1</ele>
      </trkpt>
      <trkpt lat="37.20444" lon="-118.49559">
        <ele>3142.02</ele>
      </trkpt>
      <trkpt lat="37.20434" lon="-118.49545">
        <ele>3141.86</ele>
      </trkpt>
      <trkpt lat="37.20431" lon="-118.49537">
        <ele>3141.0</ele>
      </trkpt>
      <trkpt lat="37.20422" lon="-118.49519">
        <ele>3140.0</ele>
      </trkpt>
      <trkpt lat="37.20417" lon="-118.49514">
        <ele>3139.51</ele>
      </trkpt>
      <trkpt lat="37.20408" lon="-118.4951">
        <ele>3139.08</ele>
      </trkpt>
      <trkpt lat="37.20398" lon="-118.49507">
        <ele>3138.76</ele>
      </trkpt>
      <trkpt lat="37.20388" lon="-118.49504">
        <ele>3138.49</ele>
      </trkpt>
      <trkpt lat="37.20369" lon="-118.4949">
        <ele>3138.14</ele>
      </trkpt>
      <trkpt lat="37.20348" lon="-118.49488">
        <ele>3139.0</ele>
      </trkpt>
      <trkpt lat="37.20342" lon="-118.49484">
        <ele>3139.02</ele>
      </trkpt>
      <trkpt lat="37.20337" lon="-118.49471">
        <ele>3139.0</ele>
      </trkpt>
      <trkpt lat="37.20337" lon="-118.49457">
        <ele>3138.74</ele>
      </trkpt>
      <trkpt lat="37.20339" lon="-118.49425">
        <ele>3137.94</ele>
      </trkpt>
      <trkpt lat="37.20338" lon="-118.49387">
        <ele>3136.29</ele>
      </trkpt>
      <trkpt lat="37.20322" lon="-118.49361">
        <ele>3136.21</ele>
      </trkpt>
      <trkpt lat="37.20321" lon="-118.49359">
        <ele>3136.1</ele>
      </trkpt>
      <trkpt lat="37.20311" lon="-118.49346">
        <ele>3136.41</ele>
      </trkpt>
      <trkpt lat="37.20304" lon="-118.49327">
        <ele>3135.48</ele>
      </trkpt>
      <trkpt lat="37.203" lon="-118.49321">
        <ele>3135.27</ele>
      </trkpt>
      <trkpt lat="37.2029" lon="-118.49314">
        <ele>3135.59</ele>
      </trkpt>
      <trkpt lat="37.20286" lon="-118.49307">
        <ele>3135.27</ele>
      </trkpt>
      <trkpt lat="37.20281" lon="-118.49294">
        <ele>3134.4</ele>
      </trkpt>
      <trkpt lat="37.20269" lon="-118.49274">
        <ele>3133.54</ele>
      </trkpt>
      <trkpt lat="37.20263" lon="-118.49259">
        <ele>3132.57</ele>
      </trkpt>
      <trkpt lat="37.20256" lon="-118.49238">
        <ele>3130.7</ele>
      </trkpt>
      <trkpt lat="37.20242" lon="-118.49226">
        <ele>3130.27</ele>
      </trkpt>
      <trkpt lat="37.20237" lon="-118.49222">
        <ele>3129.98</ele>
      </trkpt>
      <trkpt lat="37.20221" lon="-118.49216">
        <ele>3130.33</ele>
      </trkpt>
      <trkpt lat="37.20204" lon="-118.49213">
        <ele>3130.01</ele>
      </trkpt>
      <trkpt lat="37.20186" lon="-118.49212">
        <ele>3130.89</ele>
      </trkpt>
      <trkpt lat="37.20169" lon="-118.49212">
        <ele>3131.57</ele>
      </trkpt>
      <trkpt lat="37.20156" lon="-118.49214">
        <ele>3132.36</ele>
      </trkpt>
      <trkpt lat="37.20146" lon="-118.49212">
        <ele>3132.82</ele>
      </trkpt>
      <trkpt lat="37.2014" lon="-118.49208">
        <ele>3132.4</ele>
      </trkpt>
      <trkpt lat="37.20132" lon="-118.492">
        <ele>3131.6</ele>
      </trkpt>
      <trkpt lat="37.20119" lon="-118.49172">
        <ele>3128.72</ele>
      </trkpt>
      <trkpt lat="37.2011" lon="-118.49158">
        <ele>3128.06</ele>
      </trkpt>
      <trkpt lat="37.20107" lon="-118.49151">
        <ele>3127.31</ele>
      </trkpt>
      <trkpt lat="37.20106" lon="-118.49143">
        <ele>3126.19</ele>
      </trkpt>
      <trkpt lat="37.20107" lon="-118.49134">
        <ele>3125.21</ele>
      </trkpt>
      <trkpt lat="37.20111" lon="-118.49123">
        <ele>3124.28</ele>
      </trkpt>
      <trkpt lat="37.20119" lon="-118.49105">
        <ele>3122.05</ele>
      </trkpt>
      <trkpt lat="37.20121" lon="-118.49091">
        <ele>3120.83</ele>
      </trkpt>
      <trkpt lat="37.20122" lon="-118.49086">
        <ele>3120.29</ele>
      </trkpt>
      <trkpt lat="37.20128" lon="-118.49039">
        <ele>3117.35</ele>
      </trkpt>
      <trkpt lat="37.20126" lon="-118.49032">
        <ele>3117.18</ele>
      </trkpt>
      <trkpt lat="37.20122" lon="-118.49028">
        <ele>3117.02</ele>
      </trkpt>
      <trkpt lat="37.20116" lon="-118.49019">
        <ele>3117.02</ele>
      </trkpt>
      <trkpt lat="37.20114" lon="-118.49014">
        <ele>3116.51</ele>
      </trkpt>
      <trkpt lat="37.20114" lon="-118.49009">
        <ele>3116.0</ele>
      </trkpt>
      <trkpt lat="37.20114" lon="-118.49002">
        <ele>3116.0</ele>
      </trkpt>
      <trkpt lat="37.2012" lon="-118.48993">
        <ele>3115.24</ele>
      </trkpt>
      <trkpt lat="37.20127" lon="-118.48985">
        <ele>3114.38</ele>
      </trkpt>
      <trkpt lat="37.20131" lon="-118.48976">
        <ele>3113.91</ele>
      </trkpt>
      <trkpt lat="37.20134" lon="-118.48962">
        <ele>3112.9</ele>
      </trkpt>
      <trkpt lat="37.20132" lon="-118.48945">
        <ele>3112.0</ele>
      </trkpt>
      <trkpt lat="37.20131" lon="-118.48934">
        <ele>3110.87</ele>
      </trkpt>
      <trkpt lat="37.20131" lon="-118.48926">
        <ele>3110.01</ele>
      </trkpt>
      <trkpt lat="37.20136" lon="-118.48915">
        <ele>3109.26</ele>
      </trkpt>
      <trkpt lat="37.20145" lon="-118.48904">
        <ele>3108.63</ele>
      </trkpt>
      <trkpt lat="37.20149" lon="-118.48894">
        <ele>3107.55</ele>
      </trkpt>
      <trkpt lat="37.20158" lon="-118.48876">
        <ele>3105.63</ele>
      </trkpt>
      <trkpt lat="37.20163" lon="-118.4887">
        <ele>3105.58</ele>
      </trkpt>
      <trkpt lat="37.20166" lon="-118.48864">
        <ele>3105.29</ele>
      </trkpt>
      <trkpt lat="37.20172" lon="-118.48851">
        <ele>3103.91</ele>
      </trkpt>
      <trkpt lat="37.20179" lon="-118.48828">
        <ele>3102.42</ele>
      </trkpt>
      <trkpt lat="37.20181" lon="-118.48817">
        <ele>3101.65</ele>
      </trkpt>
      <trkpt lat="37.20185" lon="-118.48802">
        <ele>3101.0</ele>
      </trkpt>
      <trkpt lat="37.20194" lon="-118.4879">
        <ele>3100.97</ele>
      </trkpt>
      <trkpt lat="37.20199" lon="-118.48777">
        <ele>3100.45</ele>
      </trkpt>
      <trkpt lat="37.20202" lon="-118.48762">
        <ele>3099.3</ele>
      </trkpt>
      <trkpt lat="37.20212" lon="-118.4874">
        <ele>3098.0</ele>
      </trkpt>
      <trkpt lat="37.20219" lon="-118.48723">
        <ele>3097.08</ele>
      </trkpt>
      <trkpt lat="37.20221" lon="-118.48719">
        <ele>3097.0</ele>
      </trkpt>
      <trkpt lat="37.20234" lon="-118.4869">
        <ele>3095.0</ele>
      </trkpt>
      <trkpt lat="37.20242" lon="-118.4868">
        <ele>3094.44</ele>
      </trkpt>
      <trkpt lat="37.20249" lon="-118.48667">
        <ele>3093.04</ele>
      </trkpt>
      <trkpt lat="37.20258" lon="-118.48655">
        <ele>3092.1</ele>
      </trkpt>
      <trkpt lat="37.20263" lon="-118.48645">
        <ele>3091.39</ele>
      </trkpt>
      <trkpt lat="37.20268" lon="-118.4863">
        <ele>3090.04</ele>
      </trkpt>
      <trkpt lat="37.20274" lon="-118.4862">
        <ele>3088.96</ele>
      </trkpt>
      <trkpt lat="37.20285" lon="-118.48607">
        <ele>3087.56</ele>
      </trkpt>
      <trkpt lat="37.20293" lon="-118.48592">
        <ele>3085.94</ele>
      </trkpt>
      <trkpt lat="37.20307" lon="-118.48561">
        <ele>3083.5</ele>
      </trkpt>
      <trkpt lat="37.20313" lon="-118.48553">
        <ele>3082.72</ele>
      </trkpt>
      <trkpt lat="37.20321" lon="-118.4855">
        <ele>3082.13</ele>
      </trkpt>
      <trkpt lat="37.20327" lon="-118.48545">
        <ele>3081.59</ele>
      </trkpt>
      <trkpt lat="37.20331" lon="-118.48536">
        <ele>3081.0</ele>
      </trkpt>
      <trkpt lat="37.20334" lon="-118.48519">
        <ele>3080.05</ele>
      </trkpt>
      <trkpt lat="37.20337" lon="-118.4851">
        <ele>3080.0</ele>
      </trkpt>
      <trkpt lat="37.20344" lon="-118.48499">
        <ele>3079.0</ele>
      </trkpt>
      <trkpt lat="37.20353" lon="-118.48486">
        <ele>3078.49</ele>
      </trkpt>
      <trkpt lat="37.2036" lon="-118.48481">
        <ele>3077.95</ele>
      </trkpt>
      <trkpt lat="37.20364" lon="-118.48476">
        <ele>3077.72</ele>
      </trkpt>
      <trkpt lat="37.20367" lon="-118.48466">
        <ele>3077.21</ele>
      </trkpt>
      <trkpt lat="37.20375" lon="-118.48456">
        <ele>3076.25</ele>
      </trkpt>
      <trkpt lat="37.20422" lon="-118.48409">
        <ele>3072.17</ele>
      </trkpt>
      <trkpt lat="37.20431" lon="-118.48403">
        <ele>3071.52</ele>
      </trkpt>
      <trkpt lat="37.20436" lon="-118.48398">
        <ele>3070.98</ele>
      </trkpt>
      <trkpt lat="37.2044" lon="-118.4839">
        <ele>3070.12</ele>
      </trkpt>
      <trkpt lat="37.2044" lon="-118.48379">
        <ele>3069.0</ele>
      </trkpt>
      <trkpt lat="37.20437" lon="-118.48366">
        <ele>3068.53</ele>
      </trkpt>
      <trkpt lat="37.20437" lon="-118.48336">
        <ele>3065.86</ele>
      </trkpt>
      <trkpt lat="37.20438" lon="-118.48314">
        <ele>3064.0</ele>
      </trkpt>
      <trkpt lat="37.20441" lon="-118.48304">
        <ele>3063.83</ele>
      </trkpt>
      <trkpt lat="37.20461" lon="-118.48274">
        <ele>3061.68</ele>
      </trkpt>
      <trkpt lat="37.20465" lon="-118.48269">
        <ele>3061.05</ele>
      </trkpt>
      <trkpt lat="37.20476" lon="-118.4826">
        <ele>3061.0</ele>
      </trkpt>
      <trkpt lat="37.20483" lon="-118.4825">
        <ele>3060.84</ele>
      </trkpt>
      <trkpt lat="37.20491" lon="-118.48232">
        <ele>3060.0</ele>
      </trkpt>
      <trkpt lat="37.20503" lon="-118.48218">
        <ele>3060.0</ele>
      </trkpt>
      <trkpt lat="37.20511" lon="-118.48212">
        <ele>3060.0</ele>
      </trkpt>
      <trkpt lat="37.20519" lon="-118.48206">
        <ele>3060.0</ele>
      </trkpt>
      <trkpt lat="37.20528" lon="-118.48202">
        <ele>3060.0</ele>
      </trkpt>
      <trkpt lat="37.20535" lon="-118.48197">
        <ele>3059.44</ele>
      </trkpt>
      <trkpt lat="37.20563" lon="-118.48164">
        <ele>3058.71</ele>
      </trkpt>
      <trkpt lat="37.20573" lon="-118.48152">
        <ele>3058.0</ele>
      </trkpt>
      <trkpt lat="37.20606" lon="-118.48124">
        <ele>3057.39</ele>
      </trkpt>
      <trkpt lat="37.20615" lon="-118.48117">
        <ele>3057.0</ele>
      </trkpt>
      <trkpt lat="37.20615" lon="-118.48117">
        <ele>3057.0</ele>
      </trkpt>
      <trkpt lat="37.20637" lon="-118.48103">
        <ele>3056.3</ele>
      </trkpt>
      <trkpt lat="37.20652" lon="-118.4809">
        <ele>3055.72</ele>
      </trkpt>
      <trkpt lat="37.20663" lon="-118.48087">
        <ele>3055.16</ele>
      </trkpt>
      <trkpt lat="37.20677" lon="-118.48086">
        <ele>3055.0</ele>
      </trkpt>
      <trkpt lat="37.20702" lon="-118.48086">
        <ele>3054.29</ele>
      </trkpt>
      <trkpt lat="37.20731" lon="-118.48087">
        <ele>3053.43</ele>
      </trkpt>
      <trkpt lat="37.2076" lon="-118.48084">
        <ele>3052.07</ele>
      </trkpt>
      <trkpt lat="37.20772" lon="-118.4808">
        <ele>3051.86</ele>
      </trkpt>
      <trkpt lat="37.20791" lon="-118.48071">
        <ele>3050.38</ele>
      </trkpt>
      <trkpt lat="37.20805" lon="-118.48059">
        <ele>3049.41</ele>
      </trkpt>
      <trkpt lat="37.20836" lon="-118.48012">
        <ele>3047.0</ele>
      </trkpt>
      <trkpt lat="37.20849" lon="-118.47998">
        <ele>3046.0</ele>
      </trkpt>
      <trkpt lat="37.20872" lon="-118.47979">
        <ele>3045.0</ele>
      </trkpt>
      <trkpt lat="37.20876" lon="-118.47972">
        <ele>3045.0</ele>
      </trkpt>
      <trkpt lat="37.2088" lon="-118.47959">
        <ele>3045.0</ele>
      </trkpt>
      <trkpt lat="37.20887" lon="-118.47946">
        <ele>3045.0</ele>
      </trkpt>
      <trkpt lat="37.20906" lon="-118.47919">
        <ele>3044.15</ele>
      </trkpt>
      <trkpt lat="37.20924" lon="-118.4789">
        <ele>3045.0</ele>
      </trkpt>
      <trkpt lat="37.20934" lon="-118.47878">
        <ele>3045.02</ele>
      </trkpt>
      <trkpt lat="37.20957" lon="-118.47852">
        <ele>3045.63</ele>
      </trkpt>
      <trkpt lat="37.20979" lon="-118.47834">
        <ele>3045.93</ele>
      </trkpt>
      <trkpt lat="37.21019" lon="-118.47805">
        <ele>3047.0</ele>
      </trkpt>
      <trkpt lat="37.2103" lon="-118.47819">
        <ele>3045.55</ele>
      </trkpt>
      <trkpt lat="37.2104" lon="-118.47836">
        <ele>3044.0</ele>
      </trkpt>
      <trkpt lat="37.21051" lon="-118.47848">
        <ele>3043.2</ele>
      </trkpt>
      <trkpt lat="37.21055" lon="-118.47857">
        <ele>3042.44</ele>
      </trkpt>
      <trkpt lat="37.21059" lon="-118.47874">
        <ele>3041.0</ele>
      </trkpt>
      <trkpt lat="37.21065" lon="-118.47882">
        <ele>3040.99</ele>
      </trkpt>
      <trkpt lat="37.21083" lon="-118.47895">
        <ele>3040.0</ele>
      </trkpt>
      <trkpt lat="37.2109" lon="-118.47903">
        <ele>3040.0</ele>
      </trkpt>
      <trkpt lat="37.21095" lon="-118.47913">
        <ele>3039.84</ele>
      </trkpt>
      <trkpt lat="37.21099" lon="-118.47925">
        <ele>3039.03</ele>
      </trkpt>
      <trkpt lat="37.21101" lon="-118.47929">
        <ele>3039.0</ele>
      </trkpt>
      <trkpt lat="37.21106" lon="-118.47944">
        <ele>3039.0</ele>
      </trkpt>
      <trkpt lat="37.21106" lon="-118.47944">
        <ele>3039.0</ele>
      </trkpt>
      <trkpt lat="37.21108" lon="-118.47964">
        <ele>3039.0</ele>
      </trkpt>
      <trkpt lat="37.21116" lon="-118.4799">
        <ele>3039.0</ele>
      </trkpt>
      <trkpt lat="37.21125" lon="-118.48013">
        <ele>3039.0</ele>
      </trkpt>
      <trkpt lat="37.21143" lon="-118.48053">
        <ele>3039.0</ele>
      </trkpt>
      <trkpt lat="37.21165" lon="-118.48104">
        <ele>3040.0</ele>
      </trkpt>
      <trkpt lat="37.21176" lon="-118.48134">
        <ele>3039.99</ele>
      </trkpt>
      <trkpt lat="37.21186" lon="-118.48167">
        <ele>3038.91</ele>
      </trkpt>
      <trkpt lat="37.21192" lon="-118.48184">
        <ele>3038.26</ele>
      </trkpt>
      <trkpt lat="37.212" lon="-118.48212">
        <ele>3036.46</ele>
      </trkpt>
      <trkpt lat="37.21207" lon="-118.48246">
        <ele>3034.64</ele>
      </trkpt>
      <trkpt lat="37.21214" lon="-118.48262">
        <ele>3033.59</ele>
      </trkpt>
      <trkpt lat="37.21226" lon="-118.48278">
        <ele>3031.59</ele>
      </trkpt>
      <trkpt lat="37.21237" lon="-118.48294">
        <ele>3029.65</ele>
      </trkpt>
      <trkpt lat="37.21247" lon="-118.48302">
        <ele>3028.32</ele>
      </trkpt>
      <trkpt lat="37.21256" lon="-118.48306">
        <ele>3027.35</ele>
      </trkpt>
      <trkpt lat="37.2127" lon="-118.48305">
        <ele>3025.9</ele>
      </trkpt>
      <trkpt lat="37.21302" lon="-118.48298">
        <ele>3024.0</ele>
      </trkpt>
      <trkpt lat="37.2132" lon="-118.48297">
        <ele>3023.0</ele>
      </trkpt>
      <trkpt lat="37.21328" lon="-118.483">
        <ele>3022.58</ele>
      </trkpt>
      <trkpt lat="37.21332" lon="-118.48307">
        <ele>3022.12</ele>
      </trkpt>
      <trkpt lat="37.21332" lon="-118.48324">
        <ele>3021.15</ele>
      </trkpt>
      <trkpt lat="37.21336" lon="-118.4833">
        <ele>3019.43</ele>
      </trkpt>
      <trkpt lat="37.21344" lon="-118.48336">
        <ele>3017.96</ele>
      </trkpt>
      <trkpt lat="37.21349" lon="-118.4834">
        <ele>3017.5</ele>
      </trkpt>
      <trkpt lat="37.21358" lon="-118.48347">
        <ele>3017.95</ele>
      </trkpt>
      <trkpt lat="37.21371" lon="-118.48352">
        <ele>3019.1</ele>
      </trkpt>
      <trkpt lat="37.21381" lon="-118.48357">
        <ele>3020.49</ele>
      </trkpt>
      <trkpt lat="37.21396" lon="-118.4837">
        <ele>3021.96</ele>
      </trkpt>
      <trkpt lat="37.21407" lon="-118.48381">
        <ele>3022.19</ele>
      </trkpt>
      <trkpt lat="37.21419" lon="-118.48388">
        <ele>3022.68</ele>
      </trkpt>
      <trkpt lat="37.21462" lon="-118.48397">
        <ele>3022.88</ele>
      </trkpt>
      <trkpt lat="37.21478" lon="-118.48393">
        <ele>3022.0</ele>
      </trkpt>
      <trkpt lat="37.21492" lon="-118.48392">
        <ele>3022.05</ele>
      </trkpt>
      <trkpt lat="37.21504" lon="-118.48395">
        <ele>3022.81</ele>
      </trkpt>
      <trkpt lat="37.21521" lon="-118.48396">
        <ele>3023.0</ele>
      </trkpt>
      <trkpt lat="37.21533" lon="-118.48392">
        <ele>3023.0</ele>
      </trkpt>
      <trkpt lat="37.21544" lon="-118.48392">
        <ele>3023.25</ele>
      </trkpt>
      <trkpt lat="37.21588" lon="-118.48394">
        <ele>3023.0</ele>
      </trkpt>
      <trkpt lat="37.21606" lon="-118.484">
        <ele>3022.55</ele>
      </trkpt>
      <trkpt lat="37.21627" lon="-118.48416">
        <ele>3020.28</ele>
      </trkpt>
      <trkpt lat="37.21639" lon="-118.48417">
        <ele>3016.98</ele>
      </trkpt>
      <trkpt lat="37.21654" lon="-118.4841">
        <ele>3013.74</ele>
      </trkpt>
      <trkpt lat="37.21667" lon="-118.4841">
        <ele>3010.96</ele>
      </trkpt>
      <trkpt lat="37.21685" lon="-118.48404">
        <ele>3008.03</ele>
      </trkpt>
      <trkpt lat="37.2169" lon="-118.4841">
        <ele>3007.76</ele>
      </trkpt>
      <trkpt lat="37.21694" lon="-118.48421">
        <ele>3008.05</ele>
      </trkpt>
      <trkpt lat="37.21703" lon="-118.4843">
        <ele>3007.52</ele>
      </trkpt>
      <trkpt lat="37.21705" lon="-118.48441">
        <ele>3007.95</ele>
      </trkpt>
      <trkpt lat="37.21707" lon="-118.48457">
        <ele>3009.94</ele>
      </trkpt>
      <trkpt lat="37.21706" lon="-118.48485">
        <ele>3015.76</ele>
      </trkpt>
      <trkpt lat="37.21706" lon="-118.48501">
        <ele>3019.22</ele>
      </trkpt>
      <trkpt lat="37.21714" lon="-118.48541">
        <ele>3024.86</ele>
      </trkpt>
      <trkpt lat="37.21716" lon="-118.48552">
        <ele>3026.62</ele>
      </trkpt>
      <trkpt lat="37.21722" lon="-118.48557">
        <ele>3027.16</ele>
      </trkpt>
      <trkpt lat="37.21729" lon="-118.48558">
        <ele>3026.73</ele>
      </trkpt>
      <trkpt lat="37.21753" lon="-118.48546">
        <ele>3024.97</ele>
      </trkpt>
      <trkpt lat="37.21766" lon="-118.48544">
        <ele>3024.02</ele>
      </trkpt>
      <trkpt lat="37.21782" lon="-118.48538">
        <ele>3022.7</ele>
      </trkpt>
      <trkpt lat="37.21801" lon="-118.48533">
        <ele>3021.34</ele>
      </trkpt>
      <trkpt lat="37.21808" lon="-118.48528">
        <ele>3020.04</ele>
      </trkpt>
      <trkpt lat="37.2182" lon="-118.48523">
        <ele>3019.48</ele>
      </trkpt>
      <trkpt lat="37.21838" lon="-118.4852">
        <ele>3018.16</ele>
      </trkpt>
      <trkpt lat="37.21854" lon="-118.48514">
        <ele>3017.39</ele>
      </trkpt>
      <trkpt lat="37.21873" lon="-118.4851">
        <ele>3016.08</ele>
      </trkpt>
      <trkpt lat="37.21881" lon="-118.48503">
        <ele>3015.18</ele>
      </trkpt>
      <trkpt lat="37.21888" lon="-118.48501">
        <ele>3014.2</ele>
      </trkpt>
      <trkpt lat="37.21898" lon="-118.48506">
        <ele>3014.65</ele>
      </trkpt>
      <trkpt lat="37.21902" lon="-118.48505">
        <ele>3014.12</ele>
      </trkpt>
      <trkpt lat="37.21902" lon="-118.48505">
        <ele>3014.12</ele>
      </trkpt>
      <trkpt lat="37.21906" lon="-118.48504">
        <ele>3013.58</ele>
      </trkpt>
      <trkpt lat="37.2191" lon="-118.48494">
        <ele>3012.35</ele>
      </trkpt>
      <trkpt lat="37.21915" lon="-118.48489">
        <ele>3011.85</ele>
      </trkpt>
      <trkpt lat="37.21926" lon="-118.48489">
        <ele>3010.81</ele>
      </trkpt>
      <trkpt lat="37.21965" lon="-118.48466">
        <ele>3006.78</ele>
      </trkpt>
      <trkpt lat="37.21975" lon="-118.48462">
        <ele>3005.63</ele>
      </trkpt>
      <trkpt lat="37.21987" lon="-118.48464">
        <ele>3004.52</ele>
      </trkpt>
      <trkpt lat="37.22013" lon="-118.48457">
        <ele>3001.95</ele>
      </trkpt>
      <trkpt lat="37.22035" lon="-118.48451">
        <ele>2999.77</ele>
      </trkpt>
      <trkpt lat="37.22072" lon="-118.48443">
        <ele>2996.19</ele>
      </trkpt>
      <trkpt lat="37.22099" lon="-118.48441">
        <ele>2993.74</ele>
      </trkpt>
      <trkpt lat="37.22125" lon="-118.48434">
        <ele>2991.44</ele>
      </trkpt>
      <trkpt lat="37.22146" lon="-118.48429">
        <ele>2990.08</ele>
      </trkpt>
      <trkpt lat="37.2216" lon="-118.48426">
        <ele>2989.01</ele>
      </trkpt>
      <trkpt lat="37.22174" lon="-118.48424">
        <ele>2988.16</ele>
      </trkpt>
      <trkpt lat="37.222" lon="-118.48416">
        <ele>2986.37</ele>
      </trkpt>
      <trkpt lat="37.2221" lon="-118.48415">
        <ele>2986.0</ele>
      </trkpt>
      <trkpt lat="37.22225" lon="-118.48418">
        <ele>2985.1</ele>
      </trkpt>
      <trkpt lat="37.22234" lon="-118.48419">
        <ele>2984.8</ele>
      </trkpt>
      <trkpt lat="37.22248" lon="-118.48417">
        <ele>2984.01</ele>
      </trkpt>
      <trkpt lat="37.22257" lon="-118.48412">
        <ele>2983.12</ele>
      </trkpt>
      <trkpt lat="37.22267" lon="-118.484">
        <ele>2982.16</ele>
      </trkpt>
      <trkpt lat="37.22278" lon="-118.48398">
        <ele>2980.94</ele>
      </trkpt>
      <trkpt lat="37.22319" lon="-118.48372">
        <ele>2973.18</ele>
      </trkpt>
      <trkpt lat="37.22343" lon="-118.48363">
        <ele>2969.96</ele>
      </trkpt>
      <trkpt lat="37.22349" lon="-118.48355">
        <ele>2968.65</ele>
      </trkpt>
      <trkpt lat="37.22382" lon="-118.48327">
        <ele>2964.06</ele>
      </trkpt>
      <trkpt lat="37.22395" lon="-118.48321">
        <ele>2962.34</ele>
      </trkpt>
      <trkpt lat="37.22428" lon="-118.48297">
        <ele>2958.78</ele>
      </trkpt>
      <trkpt lat="37.22439" lon="-118.4829">
        <ele>2956.91</ele>
      </trkpt>
      <trkpt lat="37.22446" lon="-118.48287">
        <ele>2955.83</ele>
      </trkpt>
      <trkpt lat="37.22451" lon="-118.48286">
        <ele>2955.29</ele>
      </trkpt>
      <trkpt lat="37.22464" lon="-118.48289">
        <ele>2954.19</ele>
      </trkpt>
      <trkpt lat="37.22479" lon="-118.48296">
        <ele>2953.27</ele>
      </trkpt>
      <trkpt lat="37.22486" lon="-118.48298">
        <ele>2952.7</ele>
      </trkpt>
      <trkpt lat="37.22496" lon="-118.48298">
        <ele>2951.62</ele>
      </trkpt>
      <trkpt lat="37.22506" lon="-118.48297">
        <ele>2950.43</ele>
      </trkpt>
      <trkpt lat="37.22515" lon="-118.48297">
        <ele>2950.03</ele>
      </trkpt>
      <trkpt lat="37.22524" lon="-118.48305">
        <ele>2949.41</ele>
      </trkpt>
      <trkpt lat="37.2253" lon="-118.48311">
        <ele>2949.45</ele>
      </trkpt>
      <trkpt lat="37.22538" lon="-118.48324">
        <ele>2949.89</ele>
      </trkpt>
      <trkpt lat="37.22554" lon="-118.48336">
        <ele>2949.17</ele>
      </trkpt>
      <trkpt lat="37.22554" lon="-118.48336">
        <ele>2949.17</ele>
      </trkpt>
      <trkpt lat="37.22554" lon="-118.48336">
        <ele>2949.17</ele>
      </trkpt>
      <trkpt lat="37.22561" lon="-118.48354">
        <ele>2949.55</ele>
      </trkpt>
      <trkpt lat="37.22563" lon="-118.48381">
        <ele>2950.31</ele>
      </trkpt>
      <trkpt lat="37.2257" lon="-118.48421">
        <ele>2951.7</ele>
      </trkpt>
      <trkpt lat="37.22573" lon="-118.48432">
        <ele>2952.08</ele>
      </trkpt>
      <trkpt lat="37.22625" lon="-118.48525">
        <ele>2951.35</ele>
      </trkpt>
      <trkpt lat="37.22631" lon="-118.48541">
        <ele>2950.92</ele>
      </trkpt>
      <trkpt lat="37.22638" lon="-118.48555">
        <ele>2951.09</ele>
      </trkpt>
      <trkpt lat="37.22642" lon="-118.48574">
        <ele>2951.0</ele>
      </trkpt>
      <trkpt lat="37.22651" lon="-118.48591">
        <ele>2950.69</ele>
      </trkpt>
      <trkpt lat="37.22658" lon="-118.48608">
        <ele>2950.6</ele>
      </trkpt>
      <trkpt lat="37.22663" lon="-118.48617">
        <ele>2950.4</ele>
      </trkpt>
      <trkpt lat="37.22678" lon="-118.48633">
        <ele>2949.14</ele>
      </trkpt>
      <trkpt lat="37.22686" lon="-118.48647">
        <ele>2948.9</ele>
      </trkpt>
      <trkpt lat="37.22692" lon="-118.48653">
        <ele>2948.26</ele>
      </trkpt>
      <trkpt lat="37.22713" lon="-118.48669">
        <ele>2947.0</ele>
      </trkpt>
      <trkpt lat="37.22723" lon="-118.48676">
        <ele>2946.01</ele>
      </trkpt>
      <trkpt lat="37.22736" lon="-118.48679">
        <ele>2945.67</ele>
      </trkpt>
      <trkpt lat="37.22747" lon="-118.48683">
        <ele>2945.09</ele>
      </trkpt>
      <trkpt lat="37.22759" lon="-118.48685">
        <ele>2944.98</ele>
      </trkpt>
      <trkpt lat="37.22765" lon="-118.48685">
        <ele>2944.98</ele>
      </trkpt>
      <trkpt lat="37.22783" lon="-118.48686">
        <ele>2944.09</ele>
      </trkpt>
      <trkpt lat="37.22794" lon="-118.48689">
        <ele>2944.1</ele>
      </trkpt>
      <trkpt lat="37.22811" lon="-118.48699">
        <ele>2943.41</ele>
      </trkpt>
      <trkpt lat="37.22815" lon="-118.48701">
        <ele>2942.98</ele>
      </trkpt>
      <trkpt lat="37.22818" lon="-118.48702">
        <ele>2942.66</ele>
      </trkpt>
      <trkpt lat="37.22839" lon="-118.48712">
        <ele>2941.39</ele>
      </trkpt>
      <trkpt lat="37.22883" lon="-118.48724">
        <ele>2939.71</ele>
      </trkpt>
      <trkpt lat="37.22899" lon="-118.48729">
        <ele>2939.0</ele>
      </trkpt>
      <trkpt lat="37.22912" lon="-118.48741">
        <ele>2939.52</ele>
      </trkpt>
      <trkpt lat="37.22921" lon="-118.48745">
        <ele>2939.46</ele>
      </trkpt>
      <trkpt lat="37.22941" lon="-118.48748">
        <ele>2938.86</ele>
      </trkpt>
      <trkpt lat="37.23009" lon="-118.48772">
        <ele>2938.01</ele>
      </trkpt>
      <trkpt lat="37.23018" lon="-118.48776">
        <ele>2937.82</ele>
      </trkpt>
      <trkpt lat="37.23035" lon="-118.4879">
        <ele>2938.07</ele>
      </trkpt>
      <trkpt lat="37.23051" lon="-118.48804">
        <ele>2937.91</ele>
      </trkpt>
      <trkpt lat="37.23084" lon="-118.48824">
        <ele>2937.99</ele>
      </trkpt>
      <trkpt lat="37.23102" lon="-118.48827">
        <ele>2937.32</ele>
      </trkpt>
      <trkpt lat="37.23118" lon="-118.48832">
        <ele>2937.86</ele>
      </trkpt>
      <trkpt lat="37.23154" lon="-118.48838">
        <ele>2937.19</ele>
      </trkpt>
      <trkpt lat="37.23168" lon="-118.48843">
        <ele>2937.04</ele>
      </trkpt>
      <trkpt lat="37.23187" lon="-118.48854">
        <ele>2936.85</ele>
      </trkpt>
      <trkpt lat="37.23203" lon="-118.48863">
        <ele>2936.26</ele>
      </trkpt>
      <trkpt lat="37.23217" lon="-118.48866">
        <ele>2936.0</ele>
      </trkpt>
      <trkpt lat="37.23231" lon="-118.48864">
        <ele>2935.35</ele>
      </trkpt>
      <trkpt lat="37.23239" lon="-118.48861">
        <ele>2934.99</ele>
      </trkpt>
      <trkpt lat="37.23254" lon="-118.4885">
        <ele>2933.45</ele>
      </trkpt>
      <trkpt lat="37.23265" lon="-118.4885">
        <ele>2933.0</ele>
      </trkpt>
      <trkpt lat="37.23276" lon="-118.48853">
        <ele>2933.02</ele>
      </trkpt>
      <trkpt lat="37.23331" lon="-118.48856">
        <ele>2931.11</ele>
      </trkpt>
      <trkpt lat="37.23376" lon="-118.48857">
        <ele>2929.73</ele>
      </trkpt>
      <trkpt lat="37.23453" lon="-118.48863">
        <ele>2927.26</ele>
      </trkpt>
      <trkpt lat="37.23462" lon="-118.48865">
        <ele>2926.52</ele>
      </trkpt>
      <trkpt lat="37.23462" lon="-118.48865">
        <ele>2926.52</ele>
      </trkpt>
      <trkpt lat="37.23483" lon="-118.4887">
        <ele>2925.8</ele>
      </trkpt>
      <trkpt lat="37.23524" lon="-118.4888">
        <ele>2923.43</ele>
      </trkpt>
      <trkpt lat="37.23534" lon="-118.48879">
        <ele>2922.93</ele>
      </trkpt>
      <trkpt lat="37.23544" lon="-118.48876">
        <ele>2922.61</ele>
      </trkpt>
      <trkpt lat="37.23566" lon="-118.48864">
        <ele>2921.0</ele>
      </trkpt>
      <trkpt lat="37.23577" lon="-118.4886">
        <ele>2921.0</ele>
      </trkpt>
      <trkpt lat="37.23599" lon="-118.48854">
        <ele>2920.0</ele>
      </trkpt>
      <trkpt lat="37.23606" lon="-118.48851">
        <ele>2920.0</ele>
      </trkpt>
      <trkpt lat="37.23618" lon="-118.48844">
        <ele>2920.0</ele>
      </trkpt>
      <trkpt lat="37.23632" lon="-118.48838">
        <ele>2919.0</ele>
      </trkpt>
      <trkpt lat="37.23667" lon="-118.48824">
        <ele>2918.0</ele>
      </trkpt>
      <trkpt lat="37.23686" lon="-118.48818">
        <ele>2918.0</ele>
      </trkpt>
      <trkpt lat="37.23711" lon="-118.48811">
        <ele>2917.21</ele>
      </trkpt>
      <trkpt lat="37.23732" lon="-118.48809">
        <ele>2917.0</ele>
      </trkpt>
      <trkpt lat="37.23762" lon="-118.4881">
        <ele>2917.0</ele>
      </trkpt>
      <trkpt lat="37.2378" lon="-118.48813">
        <ele>2916.95</ele>
      </trkpt>
      <trkpt lat="37.23798" lon="-118.48818">
        <ele>2916.28</ele>
      </trkpt>
      <trkpt lat="37.23825" lon="-118.48829">
        <ele>2916.0</ele>
      </trkpt>
      <trkpt lat="37.23841" lon="-118.48838">
        <ele>2916.0</ele>
      </trkpt>
      <trkpt lat="37.23853" lon="-118.48848">
        <ele>2916.0</ele>
      </trkpt>
      <trkpt lat="37.23865" lon="-118.48852">
        <ele>2916.0</ele>
      </trkpt>
      <trkpt lat="37.23879" lon="-118.48852">
        <ele>2915.08</ele>
      </trkpt>
      <trkpt lat="37.23901" lon="-118.48856">
        <ele>2914.69</ele>
      </trkpt>
      <trkpt lat="37.23979" lon="-118.48878">
        <ele>2911.27</ele>
      </trkpt>
      <trkpt lat="37.23998" lon="-118.48886">
        <ele>2911.0</ele>
      </trkpt>
      <trkpt lat="37.24017" lon="-118.48897">
        <ele>2910.0</ele>
      </trkpt>
      <trkpt lat="37.24032" lon="-118.48907">
        <ele>2909.54</ele>
      </trkpt>
      <trkpt lat="37.24046" lon="-118.48919">
        <ele>2908.76</ele>
      </trkpt>
      <trkpt lat="37.24088" lon="-118.48958">
        <ele>2905.77</ele>
      </trkpt>
      <trkpt lat="37.24101" lon="-118.48962">
        <ele>2905.01</ele>
      </trkpt>
      <trkpt lat="37.24117" lon="-118.48977">
        <ele>2904.0</ele>
      </trkpt>
      <trkpt lat="37.2413" lon="-118.48987">
        <ele>2903.0</ele>
      </trkpt>
      <trkpt lat="37.24143" lon="-118.48995">
        <ele>2902.3</ele>
      </trkpt>
      <trkpt lat="37.24151" lon="-118.49001">
        <ele>2901.89</ele>
      </trkpt>
      <trkpt lat="37.24157" lon="-118.49009">
        <ele>2901.03</ele>
      </trkpt>
      <trkpt lat="37.24168" lon="-118.49034">
        <ele>2899.86</ele>
      </trkpt>
      <trkpt lat="37.24176" lon="-118.49047">
        <ele>2898.99</ele>
      </trkpt>
      <trkpt lat="37.24185" lon="-118.49055">
        <ele>2898.02</ele>
      </trkpt>
      <trkpt lat="37.24198" lon="-118.49063">
        <ele>2897.0</ele>
      </trkpt>
      <trkpt lat="37.24207" lon="-118.49066">
        <ele>2896.64</ele>
      </trkpt>
      <trkpt lat="37.2422" lon="-118.49067">
        <ele>2895.82</ele>
      </trkpt>
      <trkpt lat="37.24244" lon="-118.49062">
        <ele>2894.0</ele>
      </trkpt>
      <trkpt lat="37.24256" lon="-118.49063">
        <ele>2893.35</ele>
      </trkpt>
      <trkpt lat="37.2429" lon="-118.4906">
        <ele>2890.68</ele>
      </trkpt>
      <trkpt lat="37.24299" lon="-118.49057">
        <ele>2890.0</ele>
      </trkpt>
      <trkpt lat="37.24309" lon="-118.49048">
        <ele>2889.63</ele>
      </trkpt>
      <trkpt lat="37.24319" lon="-118.49045">
        <ele>2889.0</ele>
      </trkpt>
      <trkpt lat="37.24334" lon="-118.49037">
        <ele>2888.0</ele>
      </trkpt>
      <trkpt lat="37.24341" lon="-118.49037">
        <ele>2888.0</ele>
      </trkpt>
      <trkpt lat="37.24348" lon="-118.49038">
        <ele>2887.42</ele>
      </trkpt>
      <trkpt lat="37.24352" lon="-118.49041">
        <ele>2887.0</ele>
      </trkpt>
      <trkpt lat="37.24356" lon="-118.49046">
        <ele>2887.0</ele>
      </trkpt>
      <trkpt lat="37.24358" lon="-118.4905">
        <ele>2887.27</ele>
      </trkpt>
      <trkpt lat="37.24359" lon="-118.49055">
        <ele>2887.73</ele>
      </trkpt>
      <trkpt lat="37.24357" lon="-118.49065">
        <ele>2889.15</ele>
      </trkpt>
      <trkpt lat="37.24351" lon="-118.4907">
        <ele>2889.12</ele>
      </trkpt>
      <trkpt lat="37.24342" lon="-118.49076">
        <ele>2890.42</ele>
      </trkpt>
      <trkpt lat="37.24328" lon="-118.49089">
        <ele>2892.39</ele>
      </trkpt>
      <trkpt lat="37.24312" lon="-118.49108">
        <ele>2893.36</ele>
      </trkpt>
      <trkpt lat="37.24293" lon="-118.49137">
        <ele>2895.8</ele>
      </trkpt>
      <trkpt lat="37.24251" lon="-118.49201">
        <ele>2898.71</ele>
      </trkpt>
      <trkpt lat="37.24243" lon="-118.49215">
        <ele>2899.05</ele>
      </trkpt>
      <trkpt lat="37.24239" lon="-118.49225">
        <ele>2899.24</ele>
      </trkpt>
      <trkpt lat="37.24238" lon="-118.49233">
        <ele>2899.75</ele>
      </trkpt>
      <trkpt lat="37.2424" lon="-118.49244">
        <ele>2900.0</ele>
      </trkpt>
      <trkpt lat="37.24244" lon="-118.49252">
        <ele>2900.08</ele>
      </trkpt>
      <trkpt lat="37.24274" lon="-118.49279">
        <ele>2903.72</ele>
      </trkpt>
      <trkpt lat="37.24318" lon="-118.49326">
        <ele>2911.34</ele>
      </trkpt>
      <trkpt lat="37.24332" lon="-118.4933">
        <ele>2912.55</ele>
      </trkpt>
      <trkpt lat="37.24369" lon="-118.49335">
        <ele>2915.88</ele>
      </trkpt>
      <trkpt lat="37.24381" lon="-118.49339">
        <ele>2917.09</ele>
      </trkpt>
      <trkpt lat="37.24389" lon="-118.49339">
        <ele>2917.62</ele>
      </trkpt>
      <trkpt lat="37.24393" lon="-118.49333">
        <ele>2917.44</ele>
      </trkpt>
      <trkpt lat="37.2441" lon="-118.49295">
        <ele>2917.14</ele>
      </trkpt>
      <trkpt lat="37.2443" lon="-118.49253">
        <ele>2916.44</ele>
      </trkpt>
      <trkpt lat="37.2445" lon="-118.4922">
        <ele>2916.36</ele>
      </trkpt>
      <trkpt lat="37.2445" lon="-118.4922">
        <ele>2916.36</ele>
      </trkpt>
      <trkpt lat="37.24482" lon="-118.49165">
        <ele>2914.88</ele>
      </trkpt>
      <trkpt lat="37.24496" lon="-118.49144">
        <ele>2914.12</ele>
      </trkpt>
      <trkpt lat="37.24521" lon="-118.49122">
        <ele>2913.57</ele>
      </trkpt>
      <trkpt lat="37.2455" lon="-118.49099">
        <ele>2913.51</ele>
      </trkpt>
      <trkpt lat="37.2457" lon="-118.49086">
        <ele>2913.85</ele>
      </trkpt>
      <trkpt lat="37.24614" lon="-118.49051">
        <ele>2913.51</ele>
      </trkpt>
      <trkpt lat="37.24633" lon="-118.49038">
        <ele>2913.47</ele>
      </trkpt>
      <trkpt lat="37.24658" lon="-118.49029">
        <ele>2914.2</ele>
      </trkpt>
      <trkpt lat="37.2468" lon="-118.49024">
        <ele>2915.59</ele>
      </trkpt>
      <trkpt lat="37.24693" lon="-118.49024">
        <ele>2915.59</ele>
      </trkpt>
      <trkpt lat="37.24757" lon="-118.49027">
        <ele>2915.92</ele>
      </trkpt>
      <trkpt lat="37.24779" lon="-118.49025">
        <ele>2915.57</ele>
      </trkpt>
      <trkpt lat="37.24804" lon="-118.4902">
        <ele>2914.16</ele>
      </trkpt>
      <trkpt lat="37.24819" lon="-118.49013">
        <ele>2912.4</ele>
      </trkpt>
      <trkpt lat="37.24826" lon="-118.49006">
        <ele>2911.09</ele>
      </trkpt>
      <trkpt lat="37.2483" lon="-118.48994">
        <ele>2908.06</ele>
      </trkpt>
      <trkpt lat="37.24834" lon="-118.4898">
        <ele>2905.61</ele>
      </trkpt>
      <trkpt lat="37.24838" lon="-118.48973">
        <ele>2903.66</ele>
      </trkpt>
      <trkpt lat="37.24881" lon="-118.48935">
        <ele>2898.98</ele>
      </trkpt>
      <trkpt lat="37.2489" lon="-118.48928">
        <ele>2898.22</ele>
      </trkpt>
      <trkpt lat="37.24919" lon="-118.48906">
        <ele>2896.6</ele>
      </trkpt>
      <trkpt lat="37.24927" lon="-118.48898">
        <ele>2894.98</ele>
      </trkpt>
      <trkpt lat="37.24936" lon="-118.48889">
        <ele>2893.93</ele>
      </trkpt>
      <trkpt lat="37.24943" lon="-118.48879">
        <ele>2891.87</ele>
      </trkpt>
      <trkpt lat="37.24949" lon="-118.48868">
        <ele>2889.25</ele>
      </trkpt>
      <trkpt lat="37.24968" lon="-118.48833">
        <ele>2881.96</ele>
      </trkpt>
      <trkpt lat="37.24991" lon="-118.48799">
        <ele>2879.0</ele>
      </trkpt>
      <trkpt lat="37.24997" lon="-118.48789">
        <ele>2878.47</ele>
      </trkpt>
      <trkpt lat="37.25005" lon="-118.48779">
        <ele>2877.06</ele>
      </trkpt>
      <trkpt lat="37.25008" lon="-118.48778">
        <ele>2877.0</ele>
      </trkpt>
      <trkpt lat="37.25013" lon="-118.48776">
        <ele>2876.4</ele>
      </trkpt>
      <trkpt lat="37.25023" lon="-118.48776">
        <ele>2875.32</ele>
      </trkpt>
      <trkpt lat="37.25034" lon="-118.48774">
        <ele>2873.92</ele>
      </trkpt>
      <trkpt lat="37.25042" lon="-118.48767">
        <ele>2872.84</ele>
      </trkpt>
      <trkpt lat="37.25049" lon="-118.48759">
        <ele>2871.97</ele>
      </trkpt>
      <trkpt lat="37.25054" lon="-118.4875">
        <ele>2871.0</ele>
      </trkpt>
      <trkpt lat="37.25059" lon="-118.48742">
        <ele>2870.14</ele>
      </trkpt>
      <trkpt lat="37.25066" lon="-118.48734">
        <ele>2869.27</ele>
      </trkpt>
      <trkpt lat="37.25073" lon="-118.48726">
        <ele>2868.48</ele>
      </trkpt>
      <trkpt lat="37.25097" lon="-118.48697">
        <ele>2863.41</ele>
      </trkpt>
      <trkpt lat="37.25121" lon="-118.48673">
        <ele>2860.44</ele>
      </trkpt>
      <trkpt lat="37.25128" lon="-118.48664">
        <ele>2859.25</ele>
      </trkpt>
      <trkpt lat="37.25134" lon="-118.48655">
        <ele>2858.3</ele>
      </trkpt>
      <trkpt lat="37.2514" lon="-118.48645">
        <ele>2856.52</ele>
      </trkpt>
      <trkpt lat="37.25144" lon="-118.48635">
        <ele>2854.71</ele>
      </trkpt>
      <trkpt lat="37.25146" lon="-118.48626">
        <ele>2853.07</ele>
      </trkpt>
      <trkpt lat="37.25148" lon="-118.48616">
        <ele>2851.06</ele>
      </trkpt>
      <trkpt lat="37.25152" lon="-118.48606">
        <ele>2849.63</ele>
      </trkpt>
      <trkpt lat="37.25156" lon="-118.48597">
        <ele>2848.03</ele>
      </trkpt>
      <trkpt lat="37.25168" lon="-118.48576">
        <ele>2844.56</ele>
      </trkpt>
      <trkpt lat="37.25174" lon="-118.48565">
        <ele>2843.04</ele>
      </trkpt>
      <trkpt lat="37.25199" lon="-118.48514">
        <ele>2838.26</ele>
      </trkpt>
      <trkpt lat="37.25217" lon="-118.48481">
        <ele>2834.38</ele>
      </trkpt>
      <trkpt lat="37.25231" lon="-118.48458">
        <ele>2833.41</ele>
      </trkpt>
      <trkpt lat="37.25237" lon="-118.48452">
        <ele>2832.74</ele>
      </trkpt>
      <trkpt lat="37.25242" lon="-118.48448">
        <ele>2832.25</ele>
      </trkpt>
      <trkpt lat="37.25246" lon="-118.48445">
        <ele>2831.49</ele>
      </trkpt>
      <trkpt lat="37.25253" lon="-118.48442">
        <ele>2830.41</ele>
      </trkpt>
      <trkpt lat="37.25265" lon="-118.48442">
        <ele>2828.5</ele>
      </trkpt>
      <trkpt lat="37.25272" lon="-118.48442">
        <ele>2827.26</ele>
      </trkpt>
      <trkpt lat="37.25287" lon="-118.48448">
        <ele>2825.77</ele>
      </trkpt>
      <trkpt lat="37.25301" lon="-118.48454">
        <ele>2824.56</ele>
      </trkpt>
      <trkpt lat="37.25311" lon="-118.48458">
        <ele>2823.75</ele>
      </trkpt>
      <trkpt lat="37.2533" lon="-118.48469">
        <ele>2820.37</ele>
      </trkpt>
      <trkpt lat="37.25334" lon="-118.4847">
        <ele>2819.74</ele>
      </trkpt>
      <trkpt lat="37.25339" lon="-118.48471">
        <ele>2819.79</ele>
      </trkpt>
      <trkpt lat="37.25349" lon="-118.48468">
        <ele>2819.78</ele>
      </trkpt>
      <trkpt lat="37.25356" lon="-118.48465">
        <ele>2819.44</ele>
      </trkpt>
      <trkpt lat="37.25364" lon="-118.4846">
        <ele>2818.67</ele>
      </trkpt>
      <trkpt lat="37.25371" lon="-118.48454">
        <ele>2818.13</ele>
      </trkpt>
      <trkpt lat="37.25378" lon="-118.48448">
        <ele>2817.59</ele>
      </trkpt>
      <trkpt lat="37.25383" lon="-118.48441">
        <ele>2817.22</ele>
      </trkpt>
      <trkpt lat="37.25388" lon="-118.48434">
        <ele>2816.65</ele>
      </trkpt>
      <trkpt lat="37.25391" lon="-118.48427">
        <ele>2815.69</ele>
      </trkpt>
      <trkpt lat="37.25391" lon="-118.4842">
        <ele>2814.67</ele>
      </trkpt>
      <trkpt lat="37.25387" lon="-118.48415">
        <ele>2813.27</ele>
      </trkpt>
      <trkpt lat="37.25378" lon="-118.48408">
        <ele>2810.89</ele>
      </trkpt>
      <trkpt lat="37.25375" lon="-118.48399">
        <ele>2809.14</ele>
      </trkpt>
      <trkpt lat="37.25377" lon="-118.48389">
        <ele>2808.01</ele>
      </trkpt>
      <trkpt lat="37.25379" lon="-118.48379">
        <ele>2806.86</ele>
      </trkpt>
      <trkpt lat="37.2538" lon="-118.4837">
        <ele>2805.92</ele>
      </trkpt>
      <trkpt lat="37.25379" lon="-118.4836">
        <ele>2803.87</ele>
      </trkpt>
      <trkpt lat="37.25377" lon="-118.48341">
        <ele>2800.78</ele>
      </trkpt>
      <trkpt lat="37.25379" lon="-118.48332">
        <ele>2799.65</ele>
      </trkpt>
      <trkpt lat="37.25389" lon="-118.48318">
        <ele>2797.36</ele>
      </trkpt>
      <trkpt lat="37.25392" lon="-118.4831">
        <ele>2796.3</ele>
      </trkpt>
      <trkpt lat="37.2539" lon="-118.48302">
        <ele>2794.69</ele>
      </trkpt>
      <trkpt lat="37.25386" lon="-118.48294">
        <ele>2793.19</ele>
      </trkpt>
      <trkpt lat="37.25383" lon="-118.48286">
        <ele>2791.21</ele>
      </trkpt>
      <trkpt lat="37.25384" lon="-118.48279">
        <ele>2790.19</ele>
      </trkpt>
      <trkpt lat="37.25388" lon="-118.48273">
        <ele>2788.97</ele>
      </trkpt>
      <trkpt lat="37.25399" lon="-118.4826">
        <ele>2786.16</ele>
      </trkpt>
      <trkpt lat="37.25411" lon="-118.48244">
        <ele>2782.56</ele>
      </trkpt>
      <trkpt lat="37.25415" lon="-118.48235">
        <ele>2781.51</ele>
      </trkpt>
      <trkpt lat="37.25416" lon="-118.48227">
        <ele>2780.44</ele>
      </trkpt>
      <trkpt lat="37.25415" lon="-118.4822">
        <ele>2779.58</ele>
      </trkpt>
      <trkpt lat="37.2541" lon="-118.48212">
        <ele>2778.18</ele>
      </trkpt>
      <trkpt lat="37.2541" lon="-118.482">
        <ele>2776.88</ele>
      </trkpt>
      <trkpt lat="37.25411" lon="-118.48177">
        <ele>2774.89</ele>
      </trkpt>
      <trkpt lat="37.25409" lon="-118.48154">
        <ele>2771.5</ele>
      </trkpt>
      <trkpt lat="37.25409" lon="-118.48142">
        <ele>2769.57</ele>
      </trkpt>
      <trkpt lat="37.25409" lon="-118.48132">
        <ele>2767.81</ele>
      </trkpt>
      <trkpt lat="37.25411" lon="-118.48123">
        <ele>2766.78</ele>
      </trkpt>
      <trkpt lat="37.25412" lon="-118.48113">
        <ele>2765.7</ele>
      </trkpt>
      <trkpt lat="37.25408" lon="-118.48104">
        <ele>2763.53</ele>
      </trkpt>
      <trkpt lat="37.25395" lon="-118.48094">
        <ele>2760.52</ele>
      </trkpt>
      <trkpt lat="37.2539" lon="-118.48085">
        <ele>2758.32</ele>
      </trkpt>
      <trkpt lat="37.25389" lon="-118.48074">
        <ele>2757.0</ele>
      </trkpt>
      <trkpt lat="37.2539" lon="-118.48066">
        <ele>2755.38</ele>
      </trkpt>
      <trkpt lat="37.25394" lon="-118.48058">
        <ele>2754.82</ele>
      </trkpt>
      <trkpt lat="37.254" lon="-118.48049">
        <ele>2754.35</ele>
      </trkpt>
      <trkpt lat="37.25416" lon="-118.48027">
        <ele>2751.83</ele>
      </trkpt>
      <trkpt lat="37.25419" lon="-118.48018">
        <ele>2749.9</ele>
      </trkpt>
      <trkpt lat="37.25419" lon="-118.48008">
        <ele>2747.98</ele>
      </trkpt>
      <trkpt lat="37.25414" lon="-118.48">
        <ele>2745.71</ele>
      </trkpt>
      <trkpt lat="37.25407" lon="-118.47994">
        <ele>2743.7</ele>
      </trkpt>
      <trkpt lat="37.25401" lon="-118.4799">
        <ele>2742.84</ele>
      </trkpt>
      <trkpt lat="37.25385" lon="-118.47986">
        <ele>2740.35</ele>
      </trkpt>
      <trkpt lat="37.25377" lon="-118.47983">
        <ele>2738.88</ele>
      </trkpt>
      <trkpt lat="37.2537" lon="-118.47978">
        <ele>2737.22</ele>
      </trkpt>
      <trkpt lat="37.25366" lon="-118.47971">
        <ele>2735.87</ele>
      </trkpt>
      <trkpt lat="37.25364" lon="-118.47967">
        <ele>2735.44</ele>
      </trkpt>
      <trkpt lat="37.25364" lon="-118.47963">
        <ele>2735.0</ele>
      </trkpt>
      <trkpt lat="37.25366" lon="-118.47955">
        <ele>2734.14</ele>
      </trkpt>
      <trkpt lat="37.2537" lon="-118.47948">
        <ele>2733.38</ele>
      </trkpt>
      <trkpt lat="37.25383" lon="-118.47938">
        <ele>2731.61</ele>
      </trkpt>
      <trkpt lat="37.25405" lon="-118.47921">
        <ele>2728.47</ele>
      </trkpt>
      <trkpt lat="37.25412" lon="-118.47915">
        <ele>2727.82</ele>
      </trkpt>
      <trkpt lat="37.25419" lon="-118.47903">
        <ele>2726.78</ele>
      </trkpt>
      <trkpt lat="37.25429" lon="-118.47893">
        <ele>2726.44</ele>
      </trkpt>
      <trkpt lat="37.2544" lon="-118.47888">
        <ele>2726.37</ele>
      </trkpt>
      <trkpt lat="37.25459" lon="-118.47879">
        <ele>2725.9</ele>
      </trkpt>
      <trkpt lat="37.25468" lon="-118.47874">
        <ele>2725.61</ele>
      </trkpt>
      <trkpt lat="37.25486" lon="-118.47861">
        <ele>2723.99</ele>
      </trkpt>
      <trkpt lat="37.25524" lon="-118.47837">
        <ele>2720.4</ele>
      </trkpt>
      <trkpt lat="37.25532" lon="-118.47831">
        <ele>2719.75</ele>
      </trkpt>
      <trkpt lat="37.25539" lon="-118.47825">
        <ele>2719.29</ele>
      </trkpt>
      <trkpt lat="37.25565" lon="-118.47793">
        <ele>2717.31</ele>
      </trkpt>
      <trkpt lat="37.25581" lon="-118.47769">
        <ele>2713.14</ele>
      </trkpt>
      <trkpt lat="37.25602" lon="-118.47734">
        <ele>2709.29</ele>
      </trkpt>
      <trkpt lat="37.25624" lon="-118.47691">
        <ele>2707.02</ele>
      </trkpt>
      <trkpt lat="37.25638" lon="-118.47666">
        <ele>2704.93</ele>
      </trkpt>
      <trkpt lat="37.25645" lon="-118.47653">
        <ele>2704.35</ele>
      </trkpt>
      <trkpt lat="37.25653" lon="-118.47644">
        <ele>2703.55</ele>
      </trkpt>
      <trkpt lat="37.25662" lon="-118.47637">
        <ele>2702.3</ele>
      </trkpt>
      <trkpt lat="37.25674" lon="-118.47632">
        <ele>2701.26</ele>
      </trkpt>
      <trkpt lat="37.25708" lon="-118.47621">
        <ele>2698.07</ele>
      </trkpt>
      <trkpt lat="37.25719" lon="-118.47616">
        <ele>2697.36</ele>
      </trkpt>
      <trkpt lat="37.25729" lon="-118.4761">
        <ele>2696.76</ele>
      </trkpt>
      <trkpt lat="37.25738" lon="-118.476">
        <ele>2694.6</ele>
      </trkpt>
      <trkpt lat="37.25765" lon="-118.47572">
        <ele>2690.78</ele>
      </trkpt>
      <trkpt lat="37.25781" lon="-118.47557">
        <ele>2690.0</ele>
      </trkpt>
      <trkpt lat="37.25813" lon="-118.47529">
        <ele>2687.13</ele>
      </trkpt>
      <trkpt lat="37.25837" lon="-118.47507">
        <ele>2686.15</ele>
      </trkpt>
      <trkpt lat="37.25871" lon="-118.4748">
        <ele>2683.9</ele>
      </trkpt>
      <trkpt lat="37.25876" lon="-118.47474">
        <ele>2683.31</ele>
      </trkpt>
      <trkpt lat="37.25882" lon="-118.47468">
        <ele>2682.68</ele>
      </trkpt>
      <trkpt lat="37.25887" lon="-118.4746">
        <ele>2681.61</ele>
      </trkpt>
      <trkpt lat="37.25894" lon="-118.47447">
        <ele>2680.28</ele>
      </trkpt>
      <trkpt lat="37.25896" lon="-118.47438">
        <ele>2679.3</ele>
      </trkpt>
      <trkpt lat="37.25895" lon="-118.47431">
        <ele>2678.55</ele>
      </trkpt>
      <trkpt lat="37.25889" lon="-118.47416">
        <ele>2677.0</ele>
      </trkpt>
      <trkpt lat="37.25885" lon="-118.47408">
        <ele>2677.39</ele>
      </trkpt>
      <trkpt lat="37.25885" lon="-118.47403">
        <ele>2677.42</ele>
      </trkpt>
      <trkpt lat="37.25885" lon="-118.47403">
        <ele>2677.42</ele>
      </trkpt>
      <trkpt lat="37.25887" lon="-118.47391">
        <ele>2677.36</ele>
      </trkpt>
      <trkpt lat="37.259" lon="-118.47363">
        <ele>2676.44</ele>
      </trkpt>
      <trkpt lat="37.25906" lon="-118.47349">
        <ele>2676.35</ele>
      </trkpt>
      <trkpt lat="37.25912" lon="-118.47336">
        <ele>2675.72</ele>
      </trkpt>
      <trkpt lat="37.25916" lon="-118.47325">
        <ele>2676.04</ele>
      </trkpt>
      <trkpt lat="37.25921" lon="-118.47316">
        <ele>2675.53</ele>
      </trkpt>
      <trkpt lat="37.25936" lon="-118.47304">
        <ele>2672.99</ele>
      </trkpt>
      <trkpt lat="37.25944" lon="-118.47296">
        <ele>2672.16</ele>
      </trkpt>
      <trkpt lat="37.25952" lon="-118.47286">
        <ele>2672.48</ele>
      </trkpt>
      <trkpt lat="37.25958" lon="-118.47276">
        <ele>2672.46</ele>
      </trkpt>
      <trkpt lat="37.25964" lon="-118.47263">
        <ele>2673.37</ele>
      </trkpt>
      <trkpt lat="37.25974" lon="-118.47238">
        <ele>2674.78</ele>
      </trkpt>
      <trkpt lat="37.25978" lon="-118.47226">
        <ele>2675.34</ele>
      </trkpt>
      <trkpt lat="37.2598" lon="-118.47217">
        <ele>2675.41</ele>
      </trkpt>
      <trkpt lat="37.25985" lon="-118.47193">
        <ele>2676.08</ele>
      </trkpt>
      <trkpt lat="37.25988" lon="-118.47185">
        <ele>2676.63</ele>
      </trkpt>
      <trkpt lat="37.25993" lon="-118.47179">
        <ele>2676.85</ele>
      </trkpt>
      <trkpt lat="37.25999" lon="-118.47173">
        <ele>2676.57</ele>
      </trkpt>
      <trkpt lat="37.26013" lon="-118.47155">
        <ele>2676.71</ele>
      </trkpt>
      <trkpt lat="37.26032" lon="-118.47134">
        <ele>2679.3</ele>
      </trkpt>
      <trkpt lat="37.26058" lon="-118.47107">
        <ele>2685.36</ele>
      </trkpt>
      <trkpt lat="37.26073" lon="-118.4709">
        <ele>2686.71</ele>
      </trkpt>
      <trkpt lat="37.26086" lon="-118.47078">
        <ele>2687.27</ele>
      </trkpt>
      <trkpt lat="37.26107" lon="-118.4706">
        <ele>2689.0</ele>
      </trkpt>
      <trkpt lat="37.26113" lon="-118.47053">
        <ele>2691.05</ele>
      </trkpt>
      <trkpt lat="37.26117" lon="-118.47046">
        <ele>2693.46</ele>
      </trkpt>
      <trkpt lat="37.26122" lon="-118.47039">
        <ele>2695.19</ele>
      </trkpt>
      <trkpt lat="37.26134" lon="-118.47028">
        <ele>2696.47</ele>
      </trkpt>
      <trkpt lat="37.26156" lon="-118.4701">
        <ele>2696.99</ele>
      </trkpt>
      <trkpt lat="37.26162" lon="-118.47005">
        <ele>2697.42</ele>
      </trkpt>
      <trkpt lat="37.26179" lon="-118.46987">
        <ele>2698.07</ele>
      </trkpt>
      <trkpt lat="37.26202" lon="-118.46966">
        <ele>2697.86</ele>
      </trkpt>
      <trkpt lat="37.26217" lon="-118.46956">
        <ele>2697.32</ele>
      </trkpt>
      <trkpt lat="37.26242" lon="-118.46937">
        <ele>2696.69</ele>
      </trkpt>
      <trkpt lat="37.26269" lon="-118.46922">
        <ele>2695.0</ele>
      </trkpt>
      <trkpt lat="37.26311" lon="-118.469">
        <ele>2694.0</ele>
      </trkpt>
      <trkpt lat="37.2632" lon="-118.46895">
        <ele>2694.0</ele>
      </trkpt>
      <trkpt lat="37.26329" lon="-118.4689">
        <ele>2694.53</ele>
      </trkpt>
      <trkpt lat="37.26337" lon="-118.46883">
        <ele>2695.4</ele>
      </trkpt>
      <trkpt lat="37.26344" lon="-118.46875">
        <ele>2696.3</ele>
      </trkpt>
      <trkpt lat="37.2635" lon="-118.46866">
        <ele>2697.6</ele>
      </trkpt>
      <trkpt lat="37.26356" lon="-118.46857">
        <ele>2698.7</ele>
      </trkpt>
      <trkpt lat="37.26368" lon="-118.46837">
        <ele>2699.04</ele>
      </trkpt>
      <trkpt lat="37.26374" lon="-118.46829">
        <ele>2698.92</ele>
      </trkpt>
      <trkpt lat="37.26402" lon="-118.46791">
        <ele>2698.84</ele>
      </trkpt>
      <trkpt lat="37.26409" lon="-118.46784">
        <ele>2698.67</ele>
      </trkpt>
      <trkpt lat="37.26425" lon="-118.4677">
        <ele>2696.32</ele>
      </trkpt>
      <trkpt lat="37.26447" lon="-118.46746">
        <ele>2692.57</ele>
      </trkpt>
      <trkpt lat="37.26464" lon="-118.46729">
        <ele>2689.73</ele>
      </trkpt>
      <trkpt lat="37.26481" lon="-118.46714">
        <ele>2688.11</ele>
      </trkpt>
      <trkpt lat="37.26489" lon="-118.46708">
        <ele>2686.55</ele>
      </trkpt>
      <trkpt lat="37.26497" lon="-118.46704">
        <ele>2685.38</ele>
      </trkpt>
      <trkpt lat="37.26505" lon="-118.46702">
        <ele>2684.72</ele>
      </trkpt>
      <trkpt lat="37.26539" lon="-118.46697">
        <ele>2682.12</ele>
      </trkpt>
      <trkpt lat="37.26557" lon="-118.46696">
        <ele>2681.04</ele>
      </trkpt>
      <trkpt lat="37.26576" lon="-118.46695">
        <ele>2680.11</ele>
      </trkpt>
      <trkpt lat="37.26586" lon="-118.46695">
        <ele>2679.79</ele>
      </trkpt>
      <trkpt lat="37.26596" lon="-118.46698">
        <ele>2679.4</ele>
      </trkpt>
      <trkpt lat="37.26605" lon="-118.46702">
        <ele>2679.29</ele>
      </trkpt>
      <trkpt lat="37.26614" lon="-118.46707">
        <ele>2679.29</ele>
      </trkpt>
      <trkpt lat="37.26629" lon="-118.46719">
        <ele>2679.37</ele>
      </trkpt>
      <trkpt lat="37.26636" lon="-118.46724">
        <ele>2678.95</ele>
      </trkpt>
      <trkpt lat="37.26644" lon="-118.46727">
        <ele>2678.75</ele>
      </trkpt>
      <trkpt lat="37.26661" lon="-118.46731">
        <ele>2677.95</ele>
      </trkpt>
      <trkpt lat="37.26687" lon="-118.4674">
        <ele>2678.92</ele>
      </trkpt>
      <trkpt lat="37.26724" lon="-118.46751">
        <ele>2679.09</ele>
      </trkpt>
      <trkpt lat="37.26734" lon="-118.46752">
        <ele>2679.0</ele>
      </trkpt>
      <trkpt lat="37.26744" lon="-118.46753">
        <ele>2679.0</ele>
      </trkpt>
      <trkpt lat="37.26754" lon="-118.46752">
        <ele>2679.43</ele>
      </trkpt>
      <trkpt lat="37.26785" lon="-118.46749">
        <ele>2681.98</ele>
      </trkpt>
      <trkpt lat="37.26812" lon="-118.46755">
        <ele>2684.38</ele>
      </trkpt>
      <trkpt lat="37.26819" lon="-118.46756">
        <ele>2684.81</ele>
      </trkpt>
      <trkpt lat="37.26847" lon="-118.46756">
        <ele>2686.31</ele>
      </trkpt>
      <trkpt lat="37.26856" lon="-118.46758">
        <ele>2686.92</ele>
      </trkpt>
      <trkpt lat="37.26864" lon="-118.4676">
        <ele>2687.39</ele>
      </trkpt>
      <trkpt lat="37.26873" lon="-118.46763">
        <ele>2688.57</ele>
      </trkpt>
      <trkpt lat="37.26882" lon="-118.46767">
        <ele>2689.21</ele>
      </trkpt>
      <trkpt lat="37.26904" lon="-118.4678">
        <ele>2691.72</ele>
      </trkpt>
      <trkpt lat="37.2691" lon="-118.46786">
        <ele>2692.25</ele>
      </trkpt>
      <trkpt lat="37.26922" lon="-118.46799">
        <ele>2693.17</ele>
      </trkpt>
      <trkpt lat="37.2693" lon="-118.46804">
        <ele>2693.91</ele>
      </trkpt>
      <trkpt lat="37.26957" lon="-118.46816">
        <ele>2694.0</ele>
      </trkpt>
      <trkpt lat="37.26983" lon="-118.46829">
        <ele>2695.0</ele>
      </trkpt>
      <trkpt lat="37.26991" lon="-118.46833">
        <ele>2695.0</ele>
      </trkpt>
      <trkpt lat="37.27" lon="-118.46835">
        <ele>2695.0</ele>
      </trkpt>
      <trkpt lat="37.27039" lon="-118.46842">
        <ele>2694.99</ele>
      </trkpt>
      <trkpt lat="37.27049" lon="-118.46844">
        <ele>2694.71</ele>
      </trkpt>
      <trkpt lat="37.27057" lon="-118.46844">
        <ele>2694.0</ele>
      </trkpt>
      <trkpt lat="37.27065" lon="-118.46843">
        <ele>2694.0</ele>
      </trkpt>
      <trkpt lat="37.27072" lon="-118.46841">
        <ele>2694.0</ele>
      </trkpt>
      <trkpt lat="37.27077" lon="-118.46839">
        <ele>2694.0</ele>
      </trkpt>
      <trkpt lat="37.27094" lon="-118.4683">
        <ele>2693.79</ele>
      </trkpt>
      <trkpt lat="37.27106" lon="-118.46825">
        <ele>2694.19</ele>
      </trkpt>
      <trkpt lat="37.27114" lon="-118.46821">
        <ele>2692.9</ele>
      </trkpt>
      <trkpt lat="37.27131" lon="-118.46811">
        <ele>2688.68</ele>
      </trkpt>
      <trkpt lat="37.27139" lon="-118.46805">
        <ele>2687.89</ele>
      </trkpt>
      <trkpt lat="37.27154" lon="-118.46793">
        <ele>2687.91</ele>
      </trkpt>
      <trkpt lat="37.27161" lon="-118.46788">
        <ele>2688.88</ele>
      </trkpt>
      <trkpt lat="37.27169" lon="-118.46784">
        <ele>2690.26</ele>
      </trkpt>
      <trkpt lat="37.27178" lon="-118.46783">
        <ele>2692.35</ele>
      </trkpt>
      <trkpt lat="37.27186" lon="-118.46785">
        <ele>2693.98</ele>
      </trkpt>
      <trkpt lat="37.27192" lon="-118.46789">
        <ele>2695.53</ele>
      </trkpt>
      <trkpt lat="37.27197" lon="-118.46794">
        <ele>2696.55</ele>
      </trkpt>
      <trkpt lat="37.272" lon="-118.468">
        <ele>2697.36</ele>
      </trkpt>
      <trkpt lat="37.27203" lon="-118.46807">
        <ele>2697.94</ele>
      </trkpt>
      <trkpt lat="37.27204" lon="-118.46815">
        <ele>2698.03</ele>
      </trkpt>
      <trkpt lat="37.27204" lon="-118.46824">
        <ele>2698.03</ele>
      </trkpt>
      <trkpt lat="37.27204" lon="-118.46833">
        <ele>2697.07</ele>
      </trkpt>
      <trkpt lat="37.27209" lon="-118.46853">
        <ele>2693.82</ele>
      </trkpt>
      <trkpt lat="37.27208" lon="-118.46864">
        <ele>2691.84</ele>
      </trkpt>
      <trkpt lat="37.27203" lon="-118.46874">
        <ele>2689.65</ele>
      </trkpt>
      <trkpt lat="37.27197" lon="-118.46883">
        <ele>2688.54</ele>
      </trkpt>
      <trkpt lat="37.27194" lon="-118.46892">
        <ele>2687.42</ele>
      </trkpt>
      <trkpt lat="37.27195" lon="-118.469">
        <ele>2685.79</ele>
      </trkpt>
      <trkpt lat="37.27199" lon="-118.46908">
        <ele>2684.38</ele>
      </trkpt>
      <trkpt lat="37.27206" lon="-118.46913">
        <ele>2682.39</ele>
      </trkpt>
      <trkpt lat="37.27244" lon="-118.46929">
        <ele>2673.98</ele>
      </trkpt>
      <trkpt lat="37.27259" lon="-118.4693">
        <ele>2671.18</ele>
      </trkpt>
      <trkpt lat="37.27267" lon="-118.46931">
        <ele>2669.69</ele>
      </trkpt>
      <trkpt lat="37.27274" lon="-118.46934">
        <ele>2669.13</ele>
      </trkpt>
      <trkpt lat="37.27289" lon="-118.46942">
        <ele>2666.84</ele>
      </trkpt>
      <trkpt lat="37.27296" lon="-118.46949">
        <ele>2665.05</ele>
      </trkpt>
      <trkpt lat="37.273" lon="-118.46959">
        <ele>2664.2</ele>
      </trkpt>
      <trkpt lat="37.27301" lon="-118.4697">
        <ele>2663.61</ele>
      </trkpt>
      <trkpt lat="37.273" lon="-118.4698">
        <ele>2663.1</ele>
      </trkpt>
      <trkpt lat="37.27298" lon="-118.4699">
        <ele>2662.83</ele>
      </trkpt>
      <trkpt lat="37.27295" lon="-118.46996">
        <ele>2663.0</ele>
      </trkpt>
      <trkpt lat="37.27288" lon="-118.47003">
        <ele>2663.0</ele>
      </trkpt>
      <trkpt lat="37.27285" lon="-118.47007">
        <ele>2662.95</ele>
      </trkpt>
      <trkpt lat="37.27284" lon="-118.47012">
        <ele>2663.0</ele>
      </trkpt>
      <trkpt lat="37.27286" lon="-118.47017">
        <ele>2663.0</ele>
      </trkpt>
      <trkpt lat="37.2729" lon="-118.47019">
        <ele>2662.66</ele>
      </trkpt>
      <trkpt lat="37.27294" lon="-118.47021">
        <ele>2662.05</ele>
      </trkpt>
      <trkpt lat="37.273" lon="-118.47026">
        <ele>2660.39</ele>
      </trkpt>
      <trkpt lat="37.27304" lon="-118.47033">
        <ele>2659.34</ele>
      </trkpt>
      <trkpt lat="37.27306" lon="-118.47041">
        <ele>2658.9</ele>
      </trkpt>
      <trkpt lat="37.27307" lon="-118.47052">
        <ele>2658.17</ele>
      </trkpt>
      <trkpt lat="37.27308" lon="-118.47056">
        <ele>2657.65</ele>
      </trkpt>
      <trkpt lat="37.27313" lon="-118.47063">
        <ele>2656.23</ele>
      </trkpt>
      <trkpt lat="37.27319" lon="-118.47065">
        <ele>2655.54</ele>
      </trkpt>
      <trkpt lat="37.27325" lon="-118.47062">
        <ele>2655.27</ele>
      </trkpt>
      <trkpt lat="37.27329" lon="-118.47057">
        <ele>2655.39</ele>
      </trkpt>
      <trkpt lat="37.27334" lon="-118.4704">
        <ele>2652.64</ele>
      </trkpt>
      <trkpt lat="37.27339" lon="-118.47033">
        <ele>2650.86</ele>
      </trkpt>
      <trkpt lat="37.27347" lon="-118.47023">
        <ele>2647.25</ele>
      </trkpt>
      <trkpt lat="37.27351" lon="-118.47016">
        <ele>2644.64</ele>
      </trkpt>
      <trkpt lat="37.27353" lon="-118.47008">
        <ele>2642.46</ele>
      </trkpt>
      <trkpt lat="37.27352" lon="-118.46999">
        <ele>2640.84</ele>
      </trkpt>
      <trkpt lat="37.27353" lon="-118.46991">
        <ele>2639.66</ele>
      </trkpt>
      <trkpt lat="37.27355" lon="-118.46983">
        <ele>2638.98</ele>
      </trkpt>
      <trkpt lat="37.27365" lon="-118.46958">
        <ele>2636.47</ele>
      </trkpt>
      <trkpt lat="37.27367" lon="-118.46953">
        <ele>2636.22</ele>
      </trkpt>
      <trkpt lat="37.27372" lon="-118.46948">
        <ele>2635.77</ele>
      </trkpt>
      <trkpt lat="37.27379" lon="-118.46942">
        <ele>2634.73</ele>
      </trkpt>
      <trkpt lat="37.27384" lon="-118.46938">
        <ele>2633.5</ele>
      </trkpt>
      <trkpt lat="37.2739" lon="-118.46935">
        <ele>2631.72</ele>
      </trkpt>
      <trkpt lat="37.27397" lon="-118.46936">
        <ele>2629.2</ele>
      </trkpt>
      <trkpt lat="37.27399" lon="-118.46943">
        <ele>2627.04</ele>
      </trkpt>
      <trkpt lat="37.27397" lon="-118.46965">
        <ele>2626.18</ele>
      </trkpt>
      <trkpt lat="37.27397" lon="-118.46972">
        <ele>2625.52</ele>
      </trkpt>
      <trkpt lat="37.27399" lon="-118.4698">
        <ele>2624.74</ele>
      </trkpt>
      <trkpt lat="37.27404" lon="-118.46983">
        <ele>2623.27</ele>
      </trkpt>
      <trkpt lat="37.2741" lon="-118.46982">
        <ele>2621.22</ele>
      </trkpt>
      <trkpt lat="37.27415" lon="-118.46978">
        <ele>2619.61</ele>
      </trkpt>
      <trkpt lat="37.27426" lon="-118.46972">
        <ele>2615.0</ele>
      </trkpt>
      <trkpt lat="37.27431" lon="-118.46968">
        <ele>2613.56</ele>
      </trkpt>
      <trkpt lat="37.27437" lon="-118.46957">
        <ele>2611.41</ele>
      </trkpt>
      <trkpt lat="37.27441" lon="-118.46952">
        <ele>2610.12</ele>
      </trkpt>
      <trkpt lat="37.27445" lon="-118.46948">
        <ele>2608.82</ele>
      </trkpt>
      <trkpt lat="37.2745" lon="-118.46949">
        <ele>2607.2</ele>
      </trkpt>
      <trkpt lat="37.27453" lon="-118.46954">
        <ele>2606.23</ele>
      </trkpt>
      <trkpt lat="37.27453" lon="-118.46968">
        <ele>2606.23</ele>
      </trkpt>
      <trkpt lat="37.27456" lon="-118.46974">
        <ele>2605.26</ele>
      </trkpt>
      <trkpt lat="37.27461" lon="-118.46977">
        <ele>2603.64</ele>
      </trkpt>
      <trkpt lat="37.27465" lon="-118.46974">
        <ele>2601.68</ele>
      </trkpt>
      <trkpt lat="37.27469" lon="-118.46969">
        <ele>2599.09</ele>
      </trkpt>
      <trkpt lat="37.27475" lon="-118.46957">
        <ele>2595.95</ele>
      </trkpt>
      <trkpt lat="37.27479" lon="-118.46952">
        <ele>2593.61</ele>
      </trkpt>
      <trkpt lat="37.27484" lon="-118.46952">
        <ele>2591.23</ele>
      </trkpt>
      <trkpt lat="37.27488" lon="-118.46956">
        <ele>2589.89</ele>
      </trkpt>
      <trkpt lat="37.27493" lon="-118.46967">
        <ele>2588.51</ele>
      </trkpt>
      <trkpt lat="37.27495" lon="-118.4697">
        <ele>2588.08</ele>
      </trkpt>
      <trkpt lat="37.27503" lon="-118.46978">
        <ele>2586.23</ele>
      </trkpt>
      <trkpt lat="37.27506" lon="-118.46984">
        <ele>2585.8</ele>
      </trkpt>
      <trkpt lat="37.27511" lon="-118.46997">
        <ele>2584.98</ele>
      </trkpt>
      <trkpt lat="37.27515" lon="-118.47003">
        <ele>2583.84</ele>
      </trkpt>
      <trkpt lat="37.2752" lon="-118.47007">
        <ele>2582.32</ele>
      </trkpt>
      <trkpt lat="37.27545" lon="-118.47019">
        <ele>2579.16</ele>
      </trkpt>
      <trkpt lat="37.27551" lon="-118.4702">
        <ele>2578.89</ele>
      </trkpt>
      <trkpt lat="37.27565" lon="-118.47022">
        <ele>2577.74</ele>
      </trkpt>
      <trkpt lat="37.2757" lon="-118.47019">
        <ele>2576.57</ele>
      </trkpt>
      <trkpt lat="37.27575" lon="-118.47014">
        <ele>2574.88</ele>
      </trkpt>
      <trkpt lat="37.2759" lon="-118.46998">
        <ele>2568.35</ele>
      </trkpt>
      <trkpt lat="37.27596" lon="-118.46987">
        <ele>2565.38</ele>
      </trkpt>
      <trkpt lat="37.276" lon="-118.46982">
        <ele>2564.01</ele>
      </trkpt>
      <trkpt lat="37.27603" lon="-118.46971">
        <ele>2560.59</ele>
      </trkpt>
      <trkpt lat="37.27609" lon="-118.4695">
        <ele>2553.52</ele>
      </trkpt>
      <trkpt lat="37.27618" lon="-118.4693">
        <ele>2548.54</ele>
      </trkpt>
      <trkpt lat="37.27623" lon="-118.46919">
        <ele>2545.01</ele>
      </trkpt>
      <trkpt lat="37.27628" lon="-118.46909">
        <ele>2541.84</ele>
      </trkpt>
      <trkpt lat="37.27634" lon="-118.46901">
        <ele>2539.0</ele>
      </trkpt>
      <trkpt lat="37.27639" lon="-118.46895">
        <ele>2537.3</ele>
      </trkpt>
      <trkpt lat="37.27644" lon="-118.46891">
        <ele>2535.35</ele>
      </trkpt>
      <trkpt lat="37.27656" lon="-118.46883">
        <ele>2531.98</ele>
      </trkpt>
      <trkpt lat="37.27661" lon="-118.46879">
        <ele>2530.59</ele>
      </trkpt>
      <trkpt lat="37.27668" lon="-118.46871">
        <ele>2528.92</ele>
      </trkpt>
      <trkpt lat="37.27671" lon="-118.46867">
        <ele>2528.9</ele>
      </trkpt>
      <trkpt lat="37.27678" lon="-118.46862">
        <ele>2528.48</ele>
      </trkpt>
      <trkpt lat="37.27686" lon="-118.46858">
        <ele>2527.22</ele>
      </trkpt>
      <trkpt lat="37.27695" lon="-118.46855">
        <ele>2525.92</ele>
      </trkpt>
      <trkpt lat="37.27716" lon="-118.4685">
        <ele>2522.34</ele>
      </trkpt>
      <trkpt lat="37.27726" lon="-118.46844">
        <ele>2520.18</ele>
      </trkpt>
      <trkpt lat="37.27736" lon="-118.46838">
        <ele>2517.78</ele>
      </trkpt>
      <trkpt lat="37.27745" lon="-118.46835">
        <ele>2515.52</ele>
      </trkpt>
      <trkpt lat="37.27754" lon="-118.46832">
        <ele>2513.14</ele>
      </trkpt>
      <trkpt lat="37.27772" lon="-118.4683">
        <ele>2509.49</ele>
      </trkpt>
      <trkpt lat="37.27782" lon="-118.46824">
        <ele>2507.54</ele>
      </trkpt>
      <trkpt lat="37.27798" lon="-118.46804">
        <ele>2504.8</ele>
      </trkpt>
      <trkpt lat="37.27807" lon="-118.46798">
        <ele>2503.53</ele>
      </trkpt>
      <trkpt lat="37.27816" lon="-118.46795">
        <ele>2501.73</ele>
      </trkpt>
      <trkpt lat="37.27824" lon="-118.46796">
        <ele>2499.98</ele>
      </trkpt>
      <trkpt lat="37.27831" lon="-118.46796">
        <ele>2497.75</ele>
      </trkpt>
      <trkpt lat="37.27839" lon="-118.46792">
        <ele>2495.49</ele>
      </trkpt>
      <trkpt lat="37.27847" lon="-118.46785">
        <ele>2493.16</ele>
      </trkpt>
      <trkpt lat="37.27863" lon="-118.46767">
        <ele>2488.76</ele>
      </trkpt>
      <trkpt lat="37.27872" lon="-118.46761">
        <ele>2487.32</ele>
      </trkpt>
      <trkpt lat="37.27882" lon="-118.46758">
        <ele>2484.73</ele>
      </trkpt>
      <trkpt lat="37.27893" lon="-118.46758">
        <ele>2482.19</ele>
      </trkpt>
      <trkpt lat="37.2791" lon="-118.46761">
        <ele>2478.86</ele>
      </trkpt>
      <trkpt lat="37.27918" lon="-118.4676">
        <ele>2477.72</ele>
      </trkpt>
      <trkpt lat="37.27918" lon="-118.4676">
        <ele>2477.72</ele>
      </trkpt>
      <trkpt lat="37.27926" lon="-118.46756">
        <ele>2475.98</ele>
      </trkpt>
      <trkpt lat="37.27947" lon="-118.4674">
        <ele>2471.45</ele>
      </trkpt>
      <trkpt lat="37.27959" lon="-118.46733">
        <ele>2469.43</ele>
      </trkpt>
      <trkpt lat="37.27993" lon="-118.46714">
        <ele>2464.54</ele>
      </trkpt>
      <trkpt lat="37.28005" lon="-118.4671">
        <ele>2462.78</ele>
      </trkpt>
      <trkpt lat="37.28027" lon="-118.46704">
        <ele>2460.08</ele>
      </trkpt>
      <trkpt lat="37.28038" lon="-118.46699">
        <ele>2458.35</ele>
      </trkpt>
      <trkpt lat="37.28048" lon="-118.46693">
        <ele>2456.94</ele>
      </trkpt>
      <trkpt lat="37.28058" lon="-118.46688">
        <ele>2455.74</ele>
      </trkpt>
      <trkpt lat="37.28068" lon="-118.46688">
        <ele>2454.66</ele>
      </trkpt>
      <trkpt lat="37.28079" lon="-118.46688">
        <ele>2453.47</ele>
      </trkpt>
      <trkpt lat="37.28093" lon="-118.46688">
        <ele>2451.25</ele>
      </trkpt>
      <trkpt lat="37.28107" lon="-118.46687">
        <ele>2449.44</ele>
      </trkpt>
      <trkpt lat="37.2812" lon="-118.46684">
        <ele>2448.04</ele>
      </trkpt>
      <trkpt lat="37.28132" lon="-118.46679">
        <ele>2446.08</ele>
      </trkpt>
      <trkpt lat="37.28143" lon="-118.4667">
        <ele>2444.56</ele>
      </trkpt>
      <trkpt lat="37.28154" lon="-118.46659">
        <ele>2442.84</ele>
      </trkpt>
      <trkpt lat="37.28166" lon="-118.46649">
        <ele>2440.23</ele>
      </trkpt>
      <trkpt lat="37.28175" lon="-118.46643">
        <ele>2439.16</ele>
      </trkpt>
      <trkpt lat="37.28182" lon="-118.46641">
        <ele>2437.69</ele>
      </trkpt>
      <trkpt lat="37.28191" lon="-118.46642">
        <ele>2436.37</ele>
      </trkpt>
      <trkpt lat="37.2821" lon="-118.46645">
        <ele>2433.53</ele>
      </trkpt>
      <trkpt lat="37.28236" lon="-118.46648">
        <ele>2429.51</ele>
      </trkpt>
      <trkpt lat="37.28248" lon="-118.4665">
        <ele>2427.63</ele>
      </trkpt>
      <trkpt lat="37.28259" lon="-118.46654">
        <ele>2426.05</ele>
      </trkpt>
      <trkpt lat="37.2827" lon="-118.46659">
        <ele>2424.81</ele>
      </trkpt>
      <trkpt lat="37.28282" lon="-118.46665">
        <ele>2422.35</ele>
      </trkpt>
      <trkpt lat="37.28295" lon="-118.4667">
        <ele>2420.19</ele>
      </trkpt>
      <trkpt lat="37.28335" lon="-118.46675">
        <ele>2416.94</ele>
      </trkpt>
      <trkpt lat="37.28345" lon="-118.46682">
        <ele>2415.83</ele>
      </trkpt>
      <trkpt lat="37.28353" lon="-118.46692">
        <ele>2414.17</ele>
      </trkpt>
      <trkpt lat="37.28359" lon="-118.46702">
        <ele>2413.6</ele>
      </trkpt>
      <trkpt lat="37.28363" lon="-118.46713">
        <ele>2413.8</ele>
      </trkpt>
      <trkpt lat="37.2837" lon="-118.46737">
        <ele>2415.68</ele>
      </trkpt>
      <trkpt lat="37.28373" lon="-118.46747">
        <ele>2416.11</ele>
      </trkpt>
      <trkpt lat="37.28377" lon="-118.46755">
        <ele>2415.57</ele>
      </trkpt>
      <trkpt lat="37.28377" lon="-118.46761">
        <ele>2415.51</ele>
      </trkpt>
      <trkpt lat="37.28375" lon="-118.46768">
        <ele>2415.53</ele>
      </trkpt>
      <trkpt lat="37.28368" lon="-118.46776">
        <ele>2415.75</ele>
      </trkpt>
      <trkpt lat="37.28361" lon="-118.46782">
        <ele>2416.11</ele>
      </trkpt>
      <trkpt lat="37.28356" lon="-118.46785">
        <ele>2416.54</ele>
      </trkpt>
      <trkpt lat="37.28348" lon="-118.46787">
        <ele>2417.84</ele>
      </trkpt>
      <trkpt lat="37.28341" lon="-118.46791">
        <ele>2418.82</ele>
      </trkpt>
      <trkpt lat="37.28337" lon="-118.46799">
        <ele>2419.09</ele>
      </trkpt>
      <trkpt lat="37.28339" lon="-118.46808">
        <ele>2418.33</ele>
      </trkpt>
      <trkpt lat="37.28344" lon="-118.46816">
        <ele>2417.39</ele>
      </trkpt>
      <trkpt lat="37.28352" lon="-118.46832">
        <ele>2414.81</ele>
      </trkpt>
      <trkpt lat="37.28357" lon="-118.4685">
        <ele>2415.58</ele>
      </trkpt>
      <trkpt lat="37.28368" lon="-118.46867">
        <ele>2412.66</ele>
      </trkpt>
      <trkpt lat="37.28374" lon="-118.46888">
        <ele>2411.37</ele>
      </trkpt>
      <trkpt lat="37.28378" lon="-118.46899">
        <ele>2410.54</ele>
      </trkpt>
      <trkpt lat="37.28389" lon="-118.46924">
        <ele>2407.97</ele>
      </trkpt>
      <trkpt lat="37.28401" lon="-118.46964">
        <ele>2407.8</ele>
      </trkpt>
      <trkpt lat="37.28406" lon="-118.46973">
        <ele>2408.15</ele>
      </trkpt>
      <trkpt lat="37.28414" lon="-118.46979">
        <ele>2407.1</ele>
      </trkpt>
      <trkpt lat="37.28425" lon="-118.46981">
        <ele>2406.9</ele>
      </trkpt>
      <trkpt lat="37.28456" lon="-118.4698">
        <ele>2405.47</ele>
      </trkpt>
      <trkpt lat="37.28466" lon="-118.46982">
        <ele>2405.09</ele>
      </trkpt>
      <trkpt lat="37.28477" lon="-118.46992">
        <ele>2405.62</ele>
      </trkpt>
      <trkpt lat="37.28484" lon="-118.47008">
        <ele>2407.22</ele>
      </trkpt>
      <trkpt lat="37.28487" lon="-118.47027">
        <ele>2409.32</ele>
      </trkpt>
      <trkpt lat="37.28483" lon="-118.4706">
        <ele>2413.32</ele>
      </trkpt>
      <trkpt lat="37.28483" lon="-118.47074">
        <ele>2415.66</ele>
      </trkpt>
      <trkpt lat="37.28482" lon="-118.47087">
        <ele>2417.71</ele>
      </trkpt>
      <trkpt lat="37.28483" lon="-118.47099">
        <ele>2419.48</ele>
      </trkpt>
      <trkpt lat="37.28485" lon="-118.4711">
        <ele>2421.38</ele>
      </trkpt>
      <trkpt lat="37.28496" lon="-118.47124">
        <ele>2424.95</ele>
      </trkpt>
      <trkpt lat="37.28504" lon="-118.47126">
        <ele>2425.22</ele>
      </trkpt>
      <trkpt lat="37.28519" lon="-118.47127">
        <ele>2425.43</ele>
      </trkpt>
      <trkpt lat="37.28525" lon="-118.47129">
        <ele>2425.86</ele>
      </trkpt>
      <trkpt lat="37.2853" lon="-118.47134">
        <ele>2426.7</ele>
      </trkpt>
      <trkpt lat="37.28536" lon="-118.4714">
        <ele>2427.35</ele>
      </trkpt>
      <trkpt lat="37.28542" lon="-118.47144">
        <ele>2427.57</ele>
      </trkpt>
      <trkpt lat="37.28548" lon="-118.47148">
        <ele>2427.78</ele>
      </trkpt>
      <trkpt lat="37.2857" lon="-118.47158">
        <ele>2428.09</ele>
      </trkpt>
      <trkpt lat="37.28577" lon="-118.47162">
        <ele>2428.34</ele>
      </trkpt>
      <trkpt lat="37.28587" lon="-118.47171">
        <ele>2428.89</ele>
      </trkpt>
      <trkpt lat="37.28591" lon="-118.47177">
        <ele>2428.44</ele>
      </trkpt>
      <trkpt lat="37.28596" lon="-118.47186">
        <ele>2428.3</ele>
      </trkpt>
      <trkpt lat="37.286" lon="-118.47198">
        <ele>2428.28</ele>
      </trkpt>
      <trkpt lat="37.28602" lon="-118.4721">
        <ele>2427.97</ele>
      </trkpt>
      <trkpt lat="37.28603" lon="-118.47221">
        <ele>2427.75</ele>
      </trkpt>
      <trkpt lat="37.28602" lon="-118.47233">
        <ele>2427.8</ele>
      </trkpt>
      <trkpt lat="37.286" lon="-118.47261">
        <ele>2427.21</ele>
      </trkpt>
      <trkpt lat="37.28599" lon="-118.47275">
        <ele>2426.62</ele>
      </trkpt>
      <trkpt lat="37.286" lon="-118.47289">
        <ele>2426.36</ele>
      </trkpt>
      <trkpt lat="37.28602" lon="-118.47301">
        <ele>2425.47</ele>
      </trkpt>
      <trkpt lat="37.28604" lon="-118.47312">
        <ele>2424.77</ele>
      </trkpt>
      <trkpt lat="37.28606" lon="-118.47321">
        <ele>2424.55</ele>
      </trkpt>
      <trkpt lat="37.28609" lon="-118.47331">
        <ele>2424.23</ele>
      </trkpt>
      <trkpt lat="37.28614" lon="-118.47341">
        <ele>2423.38</ele>
      </trkpt>
      <trkpt lat="37.28625" lon="-118.47361">
        <ele>2420.51</ele>
      </trkpt>
      <trkpt lat="37.28634" lon="-118.47374">
        <ele>2417.66</ele>
      </trkpt>
      <trkpt lat="37.28651" lon="-118.47394">
        <ele>2412.52</ele>
      </trkpt>
      <trkpt lat="37.28659" lon="-118.47406">
        <ele>2410.68</ele>
      </trkpt>
      <trkpt lat="37.28664" lon="-118.4742">
        <ele>2408.93</ele>
      </trkpt>
      <trkpt lat="37.28667" lon="-118.47435">
        <ele>2407.96</ele>
      </trkpt>
      <trkpt lat="37.28672" lon="-118.47449">
        <ele>2406.72</ele>
      </trkpt>
      <trkpt lat="37.28691" lon="-118.47484">
        <ele>2402.1</ele>
      </trkpt>
      <trkpt lat="37.28696" lon="-118.47496">
        <ele>2400.43</ele>
      </trkpt>
      <trkpt lat="37.28699" lon="-118.47508">
        <ele>2399.57</ele>
      </trkpt>
      <trkpt lat="37.287" lon="-118.47518">
        <ele>2398.46</ele>
      </trkpt>
      <trkpt lat="37.28702" lon="-118.47528">
        <ele>2397.55</ele>
      </trkpt>
      <trkpt lat="37.28708" lon="-118.47534">
        <ele>2395.91</ele>
      </trkpt>
      <trkpt lat="37.28723" lon="-118.47539">
        <ele>2393.45</ele>
      </trkpt>
      <trkpt lat="37.28729" lon="-118.47544">
        <ele>2392.48</ele>
      </trkpt>
      <trkpt lat="37.28733" lon="-118.47552">
        <ele>2390.93</ele>
      </trkpt>
      <trkpt lat="37.28734" lon="-118.47564">
        <ele>2388.45</ele>
      </trkpt>
      <trkpt lat="37.28734" lon="-118.47579">
        <ele>2387.71</ele>
      </trkpt>
      <trkpt lat="37.28736" lon="-118.47592">
        <ele>2385.63</ele>
      </trkpt>
      <trkpt lat="37.28741" lon="-118.47605">
        <ele>2382.62</ele>
      </trkpt>
      <trkpt lat="37.28753" lon="-118.47623">
        <ele>2378.91</ele>
      </trkpt>
      <trkpt lat="37.28754" lon="-118.47631">
        <ele>2378.44</ele>
      </trkpt>
      <trkpt lat="37.28754" lon="-118.47637">
        <ele>2377.88</ele>
      </trkpt>
      <trkpt lat="37.28753" lon="-118.47643">
        <ele>2377.58</ele>
      </trkpt>
      <trkpt lat="37.28753" lon="-118.47653">
        <ele>2376.86</ele>
      </trkpt>
      <trkpt lat="37.28757" lon="-118.47673">
        <ele>2374.98</ele>
      </trkpt>
      <trkpt lat="37.28766" lon="-118.47695">
        <ele>2369.07</ele>
      </trkpt>
      <trkpt lat="37.28766" lon="-118.47707">
        <ele>2368.46</ele>
      </trkpt>
      <trkpt lat="37.28757" lon="-118.47726">
        <ele>2368.22</ele>
      </trkpt>
      <trkpt lat="37.28753" lon="-118.47739">
        <ele>2367.28</ele>
      </trkpt>
      <trkpt lat="37.28748" lon="-118.47753">
        <ele>2367.25</ele>
      </trkpt>
      <trkpt lat="37.28742" lon="-118.47766">
        <ele>2367.1</ele>
      </trkpt>
      <trkpt lat="37.2873" lon="-118.47788">
        <ele>2369.16</ele>
      </trkpt>
      <trkpt lat="37.28726" lon="-118.47798">
        <ele>2369.78</ele>
      </trkpt>
      <trkpt lat="37.28725" lon="-118.47808">
        <ele>2371.04</ele>
      </trkpt>
      <trkpt lat="37.28728" lon="-118.47817">
        <ele>2372.47</ele>
      </trkpt>
      <trkpt lat="37.28734" lon="-118.47825">
        <ele>2374.2</ele>
      </trkpt>
      <trkpt lat="37.28747" lon="-118.47833">
        <ele>2375.9</ele>
      </trkpt>
      <trkpt lat="37.28753" lon="-118.47838">
        <ele>2377.33</ele>
      </trkpt>
      <trkpt lat="37.2876" lon="-118.47843">
        <ele>2379.29</ele>
      </trkpt>
      <trkpt lat="37.28767" lon="-118.47846">
        <ele>2381.47</ele>
      </trkpt>
      <trkpt lat="37.2878" lon="-118.47848">
        <ele>2384.09</ele>
      </trkpt>
      <trkpt lat="37.28789" lon="-118.47851">
        <ele>2386.03</ele>
      </trkpt>
      <trkpt lat="37.28798" lon="-118.47857">
        <ele>2387.93</ele>
      </trkpt>
      <trkpt lat="37.28802" lon="-118.47865">
        <ele>2388.8</ele>
      </trkpt>
      <trkpt lat="37.28809" lon="-118.47872">
        <ele>2388.26</ele>
      </trkpt>
      <trkpt lat="37.28817" lon="-118.47876">
        <ele>2386.38</ele>
      </trkpt>
      <trkpt lat="37.28826" lon="-118.47879">
        <ele>2383.65</ele>
      </trkpt>
      <trkpt lat="37.28836" lon="-118.4788">
        <ele>2381.37</ele>
      </trkpt>
      <trkpt lat="37.28879" lon="-118.47879">
        <ele>2370.2</ele>
      </trkpt>
      <trkpt lat="37.28899" lon="-118.4788">
        <ele>2365.78</ele>
      </trkpt>
      <trkpt lat="37.28909" lon="-118.47881">
        <ele>2363.51</ele>
      </trkpt>
      <trkpt lat="37.2892" lon="-118.47881">
        <ele>2360.83</ele>
      </trkpt>
      <trkpt lat="37.28929" lon="-118.47881">
        <ele>2358.0</ele>
      </trkpt>
      <trkpt lat="37.28935" lon="-118.47887">
        <ele>2356.06</ele>
      </trkpt>
      <trkpt lat="37.28934" lon="-118.47897">
        <ele>2356.27</ele>
      </trkpt>
      <trkpt lat="37.28929" lon="-118.47905">
        <ele>2356.1</ele>
      </trkpt>
      <trkpt lat="37.28922" lon="-118.47914">
        <ele>2355.42</ele>
      </trkpt>
      <trkpt lat="37.28914" lon="-118.47922">
        <ele>2355.59</ele>
      </trkpt>
      <trkpt lat="37.28907" lon="-118.47927">
        <ele>2356.82</ele>
      </trkpt>
      <trkpt lat="37.28902" lon="-118.47934">
        <ele>2356.35</ele>
      </trkpt>
      <trkpt lat="37.28902" lon="-118.47942">
        <ele>2355.86</ele>
      </trkpt>
      <trkpt lat="37.28909" lon="-118.47945">
        <ele>2353.72</ele>
      </trkpt>
      <trkpt lat="37.28917" lon="-118.47943">
        <ele>2351.93</ele>
      </trkpt>
      <trkpt lat="37.28938" lon="-118.47943">
        <ele>2346.78</ele>
      </trkpt>
      <trkpt lat="37.28949" lon="-118.4794">
        <ele>2342.52</ele>
      </trkpt>
      <trkpt lat="37.28966" lon="-118.4793">
        <ele>2339.38</ele>
      </trkpt>
      <trkpt lat="37.28984" lon="-118.47919">
        <ele>2337.59</ele>
      </trkpt>
      <trkpt lat="37.28993" lon="-118.47914">
        <ele>2335.33</ele>
      </trkpt>
      <trkpt lat="37.29008" lon="-118.4791">
        <ele>2332.6</ele>
      </trkpt>
      <trkpt lat="37.29016" lon="-118.47909">
        <ele>2331.01</ele>
      </trkpt>
      <trkpt lat="37.29025" lon="-118.47909">
        <ele>2329.24</ele>
      </trkpt>
      <trkpt lat="37.29036" lon="-118.47908">
        <ele>2327.37</ele>
      </trkpt>
      <trkpt lat="37.29046" lon="-118.47904">
        <ele>2325.54</ele>
      </trkpt>
      <trkpt lat="37.29065" lon="-118.47891">
        <ele>2318.68</ele>
      </trkpt>
      <trkpt lat="37.29075" lon="-118.47887">
        <ele>2317.31</ele>
      </trkpt>
      <trkpt lat="37.29085" lon="-118.47886">
        <ele>2316.2</ele>
      </trkpt>
      <trkpt lat="37.29094" lon="-118.47885">
        <ele>2315.01</ele>
      </trkpt>
      <trkpt lat="37.29104" lon="-118.47886">
        <ele>2313.98</ele>
      </trkpt>
      <trkpt lat="37.29113" lon="-118.47891">
        <ele>2312.39</ele>
      </trkpt>
      <trkpt lat="37.2912" lon="-118.47897">
        <ele>2310.12</ele>
      </trkpt>
      <trkpt lat="37.29126" lon="-118.47904">
        <ele>2308.56</ele>
      </trkpt>
      <trkpt lat="37.29132" lon="-118.47911">
        <ele>2307.78</ele>
      </trkpt>
      <trkpt lat="37.29137" lon="-118.47919">
        <ele>2306.81</ele>
      </trkpt>
      <trkpt lat="37.29141" lon="-118.47927">
        <ele>2306.63</ele>
      </trkpt>
      <trkpt lat="37.29146" lon="-118.47934">
        <ele>2305.67</ele>
      </trkpt>
      <trkpt lat="37.29154" lon="-118.47935">
        <ele>2303.12</ele>
      </trkpt>
      <trkpt lat="37.29162" lon="-118.47933">
        <ele>2300.75</ele>
      </trkpt>
      <trkpt lat="37.29171" lon="-118.47932">
        <ele>2298.25</ele>
      </trkpt>
      <trkpt lat="37.2918" lon="-118.47932">
        <ele>2296.12</ele>
      </trkpt>
      <trkpt lat="37.29188" lon="-118.47932">
        <ele>2294.59</ele>
      </trkpt>
      <trkpt lat="37.29194" lon="-118.47937">
        <ele>2294.05</ele>
      </trkpt>
      <trkpt lat="37.29194" lon="-118.47947">
        <ele>2293.48</ele>
      </trkpt>
      <trkpt lat="37.29188" lon="-118.47964">
        <ele>2289.55</ele>
      </trkpt>
      <trkpt lat="37.29187" lon="-118.47973">
        <ele>2288.51</ele>
      </trkpt>
      <trkpt lat="37.29189" lon="-118.47981">
        <ele>2286.84</ele>
      </trkpt>
      <trkpt lat="37.29194" lon="-118.47984">
        <ele>2285.14</ele>
      </trkpt>
      <trkpt lat="37.29211" lon="-118.47981">
        <ele>2281.53</ele>
      </trkpt>
      <trkpt lat="37.29227" lon="-118.47981">
        <ele>2279.59</ele>
      </trkpt>
      <trkpt lat="37.29235" lon="-118.47982">
        <ele>2278.94</ele>
      </trkpt>
      <trkpt lat="37.29242" lon="-118.47983">
        <ele>2278.81</ele>
      </trkpt>
      <trkpt lat="37.29254" lon="-118.47986">
        <ele>2277.37</ele>
      </trkpt>
      <trkpt lat="37.29278" lon="-118.47997">
        <ele>2274.0</ele>
      </trkpt>
      <trkpt lat="37.29288" lon="-118.48003">
        <ele>2273.68</ele>
      </trkpt>
      <trkpt lat="37.29295" lon="-118.48011">
        <ele>2272.81</ele>
      </trkpt>
      <trkpt lat="37.29302" lon="-118.48021">
        <ele>2272.08</ele>
      </trkpt>
      <trkpt lat="37.29322" lon="-118.48045">
        <ele>2268.2</ele>
      </trkpt>
      <trkpt lat="37.29328" lon="-118.48053">
        <ele>2266.56</ele>
      </trkpt>
      <trkpt lat="37.29344" lon="-118.48084">
        <ele>2261.01</ele>
      </trkpt>
      <trkpt lat="37.29351" lon="-118.48095">
        <ele>2259.39</ele>
      </trkpt>
      <trkpt lat="37.29358" lon="-118.48105">
        <ele>2257.98</ele>
      </trkpt>
      <trkpt lat="37.29366" lon="-118.48113">
        <ele>2257.12</ele>
      </trkpt>
      <trkpt lat="37.29372" lon="-118.48119">
        <ele>2256.32</ele>
      </trkpt>
      <trkpt lat="37.29386" lon="-118.4813">
        <ele>2254.92</ele>
      </trkpt>
      <trkpt lat="37.29395" lon="-118.48139">
        <ele>2252.96</ele>
      </trkpt>
      <trkpt lat="37.29401" lon="-118.48148">
        <ele>2249.06</ele>
      </trkpt>
      <trkpt lat="37.29408" lon="-118.48156">
        <ele>2245.61</ele>
      </trkpt>
      <trkpt lat="37.29408" lon="-118.48156">
        <ele>2245.61</ele>
      </trkpt>
      <trkpt lat="37.29439" lon="-118.48177">
        <ele>2237.77</ele>
      </trkpt>
      <trkpt lat="37.2947" lon="-118.48195">
        <ele>2231.12</ele>
      </trkpt>
      <trkpt lat="37.29478" lon="-118.48199">
        <ele>2229.39</ele>
      </trkpt>
      <trkpt lat="37.29495" lon="-118.48203">
        <ele>2227.65</ele>
      </trkpt>
      <trkpt lat="37.29501" lon="-118.48206">
        <ele>2226.64</ele>
      </trkpt>
      <trkpt lat="37.29513" lon="-118.48219">
        <ele>2223.8</ele>
      </trkpt>
      <trkpt lat="37.29518" lon="-118.48225">
        <ele>2223.36</ele>
      </trkpt>
      <trkpt lat="37.29524" lon="-118.48232">
        <ele>2223.46</ele>
      </trkpt>
      <trkpt lat="37.29536" lon="-118.48252">
        <ele>2224.33</ele>
      </trkpt>
      <trkpt lat="37.29559" lon="-118.48291">
        <ele>2225.06</ele>
      </trkpt>
      <trkpt lat="37.29568" lon="-118.4831">
        <ele>2225.79</ele>
      </trkpt>
      <trkpt lat="37.29572" lon="-118.4832">
        <ele>2226.01</ele>
      </trkpt>
      <trkpt lat="37.29576" lon="-118.4833">
        <ele>2226.22</ele>
      </trkpt>
      <trkpt lat="37.29582" lon="-118.48354">
        <ele>2228.52</ele>
      </trkpt>
      <trkpt lat="37.29587" lon="-118.48365">
        <ele>2228.23</ele>
      </trkpt>
      <trkpt lat="37.29598" lon="-118.48387">
        <ele>2227.04</ele>
      </trkpt>
      <trkpt lat="37.2961" lon="-118.48409">
        <ele>2227.41</ele>
      </trkpt>
      <trkpt lat="37.29622" lon="-118.4843">
        <ele>2227.26</ele>
      </trkpt>
      <trkpt lat="37.29633" lon="-118.48448">
        <ele>2227.66</ele>
      </trkpt>
      <trkpt lat="37.29637" lon="-118.48454">
        <ele>2227.47</ele>
      </trkpt>
      <trkpt lat="37.29645" lon="-118.48463">
        <ele>2227.68</ele>
      </trkpt>
      <trkpt lat="37.29654" lon="-118.48471">
        <ele>2226.52</ele>
      </trkpt>
      <trkpt lat="37.29668" lon="-118.4848">
        <ele>2226.21</ele>
      </trkpt>
      <trkpt lat="37.29674" lon="-118.48485">
        <ele>2226.18</ele>
      </trkpt>
      <trkpt lat="37.29688" lon="-118.48498">
        <ele>2227.03</ele>
      </trkpt>
      <trkpt lat="37.29699" lon="-118.48511">
        <ele>2226.0</ele>
      </trkpt>
      <trkpt lat="37.29707" lon="-118.48518">
        <ele>2225.64</ele>
      </trkpt>
      <trkpt lat="37.29713" lon="-118.48522">
        <ele>2225.0</ele>
      </trkpt>
      <trkpt lat="37.29723" lon="-118.48527">
        <ele>2224.83</ele>
      </trkpt>
      <trkpt lat="37.29736" lon="-118.4853">
        <ele>2223.63</ele>
      </trkpt>
      <trkpt lat="37.29747" lon="-118.48535">
        <ele>2222.58</ele>
      </trkpt>
      <trkpt lat="37.29777" lon="-118.48556">
        <ele>2219.22</ele>
      </trkpt>
      <trkpt lat="37.29803" lon="-118.48578">
        <ele>2215.98</ele>
      </trkpt>
      <trkpt lat="37.29812" lon="-118.48583">
        <ele>2214.57</ele>
      </trkpt>
      <trkpt lat="37.29819" lon="-118.4859">
        <ele>2213.42</ele>
      </trkpt>
      <trkpt lat="37.29823" lon="-118.48599">
        <ele>2213.2</ele>
      </trkpt>
      <trkpt lat="37.29828" lon="-118.48617">
        <ele>2212.58</ele>
      </trkpt>
      <trkpt lat="37.29834" lon="-118.48626">
        <ele>2211.29</ele>
      </trkpt>
      <trkpt lat="37.29842" lon="-118.48633">
        <ele>2209.72</ele>
      </trkpt>
      <trkpt lat="37.29848" lon="-118.4864">
        <ele>2208.35</ele>
      </trkpt>
      <trkpt lat="37.29858" lon="-118.48659">
        <ele>2206.22</ele>
      </trkpt>
      <trkpt lat="37.29864" lon="-118.4867">
        <ele>2204.69</ele>
      </trkpt>
      <trkpt lat="37.29869" lon="-118.4868">
        <ele>2204.15</ele>
      </trkpt>
      <trkpt lat="37.29872" lon="-118.48691">
        <ele>2203.2</ele>
      </trkpt>
      <trkpt lat="37.29874" lon="-118.48703">
        <ele>2202.61</ele>
      </trkpt>
      <trkpt lat="37.29878" lon="-118.48713">
        <ele>2201.17</ele>
      </trkpt>
      <trkpt lat="37.29884" lon="-118.48721">
        <ele>2199.19</ele>
      </trkpt>
      <trkpt lat="37.2989" lon="-118.48727">
        <ele>2197.36</ele>
      </trkpt>
      <trkpt lat="37.29898" lon="-118.48732">
        <ele>2195.96</ele>
      </trkpt>
      <trkpt lat="37.29906" lon="-118.48735">
        <ele>2194.25</ele>
      </trkpt>
      <trkpt lat="37.29916" lon="-118.48736">
        <ele>2192.14</ele>
      </trkpt>
      <trkpt lat="37.29925" lon="-118.48736">
        <ele>2191.1</ele>
      </trkpt>
      <trkpt lat="37.29933" lon="-118.48734">
        <ele>2189.47</ele>
      </trkpt>
      <trkpt lat="37.29941" lon="-118.48731">
        <ele>2188.37</ele>
      </trkpt>
      <trkpt lat="37.29955" lon="-118.48722">
        <ele>2186.72</ele>
      </trkpt>
      <trkpt lat="37.29962" lon="-118.48719">
        <ele>2185.21</ele>
      </trkpt>
      <trkpt lat="37.29969" lon="-118.48718">
        <ele>2184.35</ele>
      </trkpt>
      <trkpt lat="37.29983" lon="-118.48718">
        <ele>2181.67</ele>
      </trkpt>
      <trkpt lat="37.29989" lon="-118.48715">
        <ele>2180.38</ele>
      </trkpt>
      <trkpt lat="37.29997" lon="-118.487">
        <ele>2178.65</ele>
      </trkpt>
      <trkpt lat="37.30001" lon="-118.48696">
        <ele>2177.78</ele>
      </trkpt>
      <trkpt lat="37.30005" lon="-118.48695">
        <ele>2176.92</ele>
      </trkpt>
      <trkpt lat="37.30007" lon="-118.48695">
        <ele>2176.49</ele>
      </trkpt>
      <trkpt lat="37.30012" lon="-118.48696">
        <ele>2175.11</ele>
      </trkpt>
      <trkpt lat="37.30018" lon="-118.48701">
        <ele>2173.17</ele>
      </trkpt>
      <trkpt lat="37.30023" lon="-118.48708">
        <ele>2172.03</ele>
      </trkpt>
      <trkpt lat="37.30038" lon="-118.48738">
        <ele>2167.69</ele>
      </trkpt>
      <trkpt lat="37.30055" lon="-118.48777">
        <ele>2163.12</ele>
      </trkpt>
      <trkpt lat="37.30059" lon="-118.48788">
        <ele>2162.26</ele>
      </trkpt>
      <trkpt lat="37.30064" lon="-118.48797">
        <ele>2161.18</ele>
      </trkpt>
      <trkpt lat="37.30103" lon="-118.4884">
        <ele>2153.75</ele>
      </trkpt>
      <trkpt lat="37.30108" lon="-118.48847">
        <ele>2152.67</ele>
      </trkpt>
      <trkpt lat="37.30113" lon="-118.48853">
        <ele>2151.72</ele>
      </trkpt>
      <trkpt lat="37.30118" lon="-118.48852">
        <ele>2150.53</ele>
      </trkpt>
      <trkpt lat="37.30122" lon="-118.48847">
        <ele>2149.65</ele>
      </trkpt>
      <trkpt lat="37.30124" lon="-118.48842">
        <ele>2149.19</ele>
      </trkpt>
      <trkpt lat="37.30127" lon="-118.48837">
        <ele>2148.14</ele>
      </trkpt>
      <trkpt lat="37.30134" lon="-118.4883">
        <ele>2145.89</ele>
      </trkpt>
      <trkpt lat="37.30143" lon="-118.48824">
        <ele>2143.11</ele>
      </trkpt>
      <trkpt lat="37.30152" lon="-118.48823">
        <ele>2141.05</ele>
      </trkpt>
      <trkpt lat="37.30161" lon="-118.48827">
        <ele>2139.22</ele>
      </trkpt>
      <trkpt lat="37.30173" lon="-118.48838">
        <ele>2137.14</ele>
      </trkpt>
      <trkpt lat="37.3018" lon="-118.48841">
        <ele>2135.95</ele>
      </trkpt>
      <trkpt lat="37.3019" lon="-118.48841">
        <ele>2133.79</ele>
      </trkpt>
      <trkpt lat="37.30199" lon="-118.48836">
        <ele>2131.65</ele>
      </trkpt>
      <trkpt lat="37.30207" lon="-118.48829">
        <ele>2130.18</ele>
      </trkpt>
      <trkpt lat="37.30212" lon="-118.4882">
        <ele>2129.1</ele>
      </trkpt>
      <trkpt lat="37.30216" lon="-118.4881">
        <ele>2128.67</ele>
      </trkpt>
      <trkpt lat="37.3022" lon="-118.48789">
        <ele>2127.24</ele>
      </trkpt>
      <trkpt lat="37.30223" lon="-118.48754">
        <ele>2125.87</ele>
      </trkpt>
      <trkpt lat="37.30225" lon="-118.48726">
        <ele>2123.99</ele>
      </trkpt>
      <trkpt lat="37.30226" lon="-118.48688">
        <ele>2120.9</ele>
      </trkpt>
      <trkpt lat="37.30225" lon="-118.48649">
        <ele>2118.76</ele>
      </trkpt>
      <trkpt lat="37.30224" lon="-118.48628">
        <ele>2117.77</ele>
      </trkpt>
      <trkpt lat="37.30221" lon="-118.48601">
        <ele>2117.17</ele>
      </trkpt>
      <trkpt lat="37.30221" lon="-118.4859">
        <ele>2116.23</ele>
      </trkpt>
      <trkpt lat="37.30223" lon="-118.48575">
        <ele>2114.93</ele>
      </trkpt>
      <trkpt lat="37.30227" lon="-118.48559">
        <ele>2113.16</ele>
      </trkpt>
      <trkpt lat="37.30233" lon="-118.48545">
        <ele>2110.84</ele>
      </trkpt>
      <trkpt lat="37.3024" lon="-118.48533">
        <ele>2110.08</ele>
      </trkpt>
      <trkpt lat="37.30257" lon="-118.48513">
        <ele>2107.24</ele>
      </trkpt>
      <trkpt lat="37.30264" lon="-118.48502">
        <ele>2105.7</ele>
      </trkpt>
      <trkpt lat="37.3027" lon="-118.48492">
        <ele>2104.84</ele>
      </trkpt>
      <trkpt lat="37.30282" lon="-118.48471">
        <ele>2102.54</ele>
      </trkpt>
      <trkpt lat="37.30288" lon="-118.4846">
        <ele>2101.9</ele>
      </trkpt>
      <trkpt lat="37.30299" lon="-118.48434">
        <ele>2099.71</ele>
      </trkpt>
      <trkpt lat="37.30304" lon="-118.48422">
        <ele>2099.17</ele>
      </trkpt>
      <trkpt lat="37.30307" lon="-118.4841">
        <ele>2098.84</ele>
      </trkpt>
      <trkpt lat="37.30309" lon="-118.48396">
        <ele>2098.54</ele>
      </trkpt>
      <trkpt lat="37.30312" lon="-118.4837">
        <ele>2096.57</ele>
      </trkpt>
      <trkpt lat="37.30315" lon="-118.48358">
        <ele>2094.97</ele>
      </trkpt>
      <trkpt lat="37.30319" lon="-118.48347">
        <ele>2093.81</ele>
      </trkpt>
      <trkpt lat="37.30325" lon="-118.48336">
        <ele>2092.16</ele>
      </trkpt>
      <trkpt lat="37.30331" lon="-118.48328">
        <ele>2090.82</ele>
      </trkpt>
      <trkpt lat="37.30337" lon="-118.4832">
        <ele>2089.6</ele>
      </trkpt>
      <trkpt lat="37.30344" lon="-118.48313">
        <ele>2088.65</ele>
      </trkpt>
      <trkpt lat="37.3035" lon="-118.48308">
        <ele>2087.46</ele>
      </trkpt>
      <trkpt lat="37.30369" lon="-118.483">
        <ele>2085.15</ele>
      </trkpt>
      <trkpt lat="37.30406" lon="-118.4828">
        <ele>2078.51</ele>
      </trkpt>
      <trkpt lat="37.30421" lon="-118.48272">
        <ele>2076.24</ele>
      </trkpt>
      <trkpt lat="37.30428" lon="-118.48267">
        <ele>2074.74</ele>
      </trkpt>
      <trkpt lat="37.30435" lon="-118.48261">
        <ele>2073.22</ele>
      </trkpt>
      <trkpt lat="37.30435" lon="-118.48261">
        <ele>2073.22</ele>
      </trkpt>
      <trkpt lat="37.30453" lon="-118.48245">
        <ele>2070.11</ele>
      </trkpt>
      <trkpt lat="37.30491" lon="-118.48212">
        <ele>2064.84</ele>
      </trkpt>
      <trkpt lat="37.30505" lon="-118.48198">
        <ele>2062.46</ele>
      </trkpt>
      <trkpt lat="37.30521" lon="-118.48185">
        <ele>2059.73</ele>
      </trkpt>
      <trkpt lat="37.30543" lon="-118.48163">
        <ele>2057.36</ele>
      </trkpt>
      <trkpt lat="37.30594" lon="-118.48115">
        <ele>2050.7</ele>
      </trkpt>
      <trkpt lat="37.3061" lon="-118.48102">
        <ele>2048.12</ele>
      </trkpt>
      <trkpt lat="37.30618" lon="-118.48096">
        <ele>2047.89</ele>
      </trkpt>
      <trkpt lat="37.30639" lon="-118.48077">
        <ele>2045.99</ele>
      </trkpt>
      <trkpt lat="37.30652" lon="-118.48064">
        <ele>2045.05</ele>
      </trkpt>
      <trkpt lat="37.30668" lon="-118.48052">
        <ele>2043.86</ele>
      </trkpt>
      <trkpt lat="37.30692" lon="-118.48029">
        <ele>2041.26</ele>
      </trkpt>
      <trkpt lat="37.30709" lon="-118.48017">
        <ele>2038.79</ele>
      </trkpt>
      <trkpt lat="37.30718" lon="-118.4801">
        <ele>2037.46</ele>
      </trkpt>
      <trkpt lat="37.30735" lon="-118.47999">
        <ele>2036.07</ele>
      </trkpt>
      <trkpt lat="37.30751" lon="-118.47986">
        <ele>2034.89</ele>
      </trkpt>
      <trkpt lat="37.30765" lon="-118.47977">
        <ele>2033.86</ele>
      </trkpt>
      <trkpt lat="37.30782" lon="-118.47962">
        <ele>2032.54</ele>
      </trkpt>
      <trkpt lat="37.30801" lon="-118.47948">
        <ele>2030.8</ele>
      </trkpt>
      <trkpt lat="37.30811" lon="-118.47944">
        <ele>2029.43</ele>
      </trkpt>
      <trkpt lat="37.30821" lon="-118.47943">
        <ele>2028.44</ele>
      </trkpt>
      <trkpt lat="37.30831" lon="-118.47945">
        <ele>2027.25</ele>
      </trkpt>
      <trkpt lat="37.30841" lon="-118.47949">
        <ele>2026.17</ele>
      </trkpt>
      <trkpt lat="37.3085" lon="-118.47959">
        <ele>2024.63</ele>
      </trkpt>
      <trkpt lat="37.3086" lon="-118.47966">
        <ele>2023.08</ele>
      </trkpt>
      <trkpt lat="37.30882" lon="-118.47972">
        <ele>2021.02</ele>
      </trkpt>
      <trkpt lat="37.30888" lon="-118.47976">
        <ele>2020.59</ele>
      </trkpt>
      <trkpt lat="37.30892" lon="-118.47983">
        <ele>2019.5</ele>
      </trkpt>
      <trkpt lat="37.30897" lon="-118.47996">
        <ele>2018.05</ele>
      </trkpt>
      <trkpt lat="37.309" lon="-118.48008">
        <ele>2016.94</ele>
      </trkpt>
      <trkpt lat="37.30902" lon="-118.48022">
        <ele>2015.36</ele>
      </trkpt>
      <trkpt lat="37.30906" lon="-118.48081">
        <ele>2010.25</ele>
      </trkpt>
      <trkpt lat="37.30908" lon="-118.48092">
        <ele>2009.06</ele>
      </trkpt>
      <trkpt lat="37.30911" lon="-118.48104">
        <ele>2007.77</ele>
      </trkpt>
      <trkpt lat="37.30919" lon="-118.48127">
        <ele>2005.28</ele>
      </trkpt>
      <trkpt lat="37.30924" lon="-118.4814">
        <ele>2003.86</ele>
      </trkpt>
      <trkpt lat="37.30931" lon="-118.48153">
        <ele>2002.48</ele>
      </trkpt>
      <trkpt lat="37.30933" lon="-118.48158">
        <ele>2001.92</ele>
      </trkpt>
      <trkpt lat="37.30932" lon="-118.48171">
        <ele>1999.25</ele>
      </trkpt>
      <trkpt lat="37.30928" lon="-118.48173">
        <ele>1998.17</ele>
      </trkpt>
      <trkpt lat="37.30924" lon="-118.48173">
        <ele>1997.67</ele>
      </trkpt>
      <trkpt lat="37.3092" lon="-118.48171">
        <ele>1997.62</ele>
      </trkpt>
      <trkpt lat="37.3091" lon="-118.48164">
        <ele>1997.14</ele>
      </trkpt>
      <trkpt lat="37.30906" lon="-118.4816">
        <ele>1996.98</ele>
      </trkpt>
      <trkpt lat="37.30896" lon="-118.48152">
        <ele>1996.06</ele>
      </trkpt>
      <trkpt lat="37.30892" lon="-118.48149">
        <ele>1995.73</ele>
      </trkpt>
      <trkpt lat="37.30886" lon="-118.48149">
        <ele>1993.79</ele>
      </trkpt>
      <trkpt lat="37.30876" lon="-118.48151">
        <ele>1990.41</ele>
      </trkpt>
      <trkpt lat="37.30872" lon="-118.48151">
        <ele>1989.68</ele>
      </trkpt>
      <trkpt lat="37.30865" lon="-118.48154">
        <ele>1988.74</ele>
      </trkpt>
      <trkpt lat="37.30848" lon="-118.48161">
        <ele>1987.61</ele>
      </trkpt>
      <trkpt lat="37.30842" lon="-118.48164">
        <ele>1987.35</ele>
      </trkpt>
      <trkpt lat="37.30837" lon="-118.48169">
        <ele>1987.35</ele>
      </trkpt>
      <trkpt lat="37.30836" lon="-118.48176">
        <ele>1986.7</ele>
      </trkpt>
      <trkpt lat="37.30838" lon="-118.48183">
        <ele>1985.73</ele>
      </trkpt>
      <trkpt lat="37.30842" lon="-118.48187">
        <ele>1984.7</ele>
      </trkpt>
      <trkpt lat="37.30853" lon="-118.48189">
        <ele>1983.05</ele>
      </trkpt>
      <trkpt lat="37.30858" lon="-118.48192">
        <ele>1981.86</ele>
      </trkpt>
      <trkpt lat="37.30862" lon="-118.48198">
        <ele>1980.2</ele>
      </trkpt>
      <trkpt lat="37.30876" lon="-118.48227">
        <ele>1973.76</ele>
      </trkpt>
      <trkpt lat="37.3088" lon="-118.48233">
        <ele>1971.79</ele>
      </trkpt>
      <trkpt lat="37.30886" lon="-118.48242">
        <ele>1969.57</ele>
      </trkpt>
      <trkpt lat="37.30888" lon="-118.48246">
        <ele>1968.73</ele>
      </trkpt>
      <trkpt lat="37.3089" lon="-118.48251">
        <ele>1967.76</ele>
      </trkpt>
      <trkpt lat="37.30894" lon="-118.48268">
        <ele>1965.28</ele>
      </trkpt>
      <trkpt lat="37.30896" lon="-118.48276">
        <ele>1964.78</ele>
      </trkpt>
      <trkpt lat="37.30901" lon="-118.48285">
        <ele>1963.31</ele>
      </trkpt>
      <trkpt lat="37.3091" lon="-118.48297">
        <ele>1960.68</ele>
      </trkpt>
      <trkpt lat="37.30921" lon="-118.48308">
        <ele>1956.66</ele>
      </trkpt>
      <trkpt lat="37.30929" lon="-118.4831">
        <ele>1953.96</ele>
      </trkpt>
      <trkpt lat="37.30944" lon="-118.48312">
        <ele>1946.97</ele>
      </trkpt>
      <trkpt lat="37.30947" lon="-118.48317">
        <ele>1946.13</ele>
      </trkpt>
      <trkpt lat="37.30955" lon="-118.48332">
        <ele>1944.32</ele>
      </trkpt>
      <trkpt lat="37.30959" lon="-118.48343">
        <ele>1942.67</ele>
      </trkpt>
      <trkpt lat="37.30966" lon="-118.4836">
        <ele>1939.02</ele>
      </trkpt>
      <trkpt lat="37.30975" lon="-118.48378">
        <ele>1936.1</ele>
      </trkpt>
      <trkpt lat="37.30982" lon="-118.48391">
        <ele>1932.39</ele>
      </trkpt>
      <trkpt lat="37.30986" lon="-118.48399">
        <ele>1929.93</ele>
      </trkpt>
      <trkpt lat="37.30988" lon="-118.48405">
        <ele>1928.85</ele>
      </trkpt>
      <trkpt lat="37.30996" lon="-118.48432">
        <ele>1924.36</ele>
      </trkpt>
      <trkpt lat="37.30996" lon="-118.48439">
        <ele>1922.63</ele>
      </trkpt>
      <trkpt lat="37.30991" lon="-118.48451">
        <ele>1920.53</ele>
      </trkpt>
      <trkpt lat="37.3099" lon="-118.48458">
        <ele>1920.36</ele>
      </trkpt>
      <trkpt lat="37.30986" lon="-118.48487">
        <ele>1918.94</ele>
      </trkpt>
      <trkpt lat="37.30985" lon="-118.48501">
        <ele>1917.86</ele>
      </trkpt>
      <trkpt lat="37.30987" lon="-118.48518">
        <ele>1916.27</ele>
      </trkpt>
      <trkpt lat="37.30989" lon="-118.48527">
        <ele>1913.73</ele>
      </trkpt>
      <trkpt lat="37.30991" lon="-118.48536">
        <ele>1911.14</ele>
      </trkpt>
      <trkpt lat="37.3099" lon="-118.48549">
        <ele>1907.89</ele>
      </trkpt>
      <trkpt lat="37.30988" lon="-118.48585">
        <ele>1906.4</ele>
      </trkpt>
      <trkpt lat="37.30985" lon="-118.48615">
        <ele>1899.04</ele>
      </trkpt>
      <trkpt lat="37.30984" lon="-118.48633">
        <ele>1897.82</ele>
      </trkpt>
      <trkpt lat="37.30981" lon="-118.48669">
        <ele>1890.01</ele>
      </trkpt>
      <trkpt lat="37.30976" lon="-118.48709">
        <ele>1889.54</ele>
      </trkpt>
      <trkpt lat="37.30966" lon="-118.48776">
        <ele>1881.81</ele>
      </trkpt>
      <trkpt lat="37.30962" lon="-118.48809">
        <ele>1878.11</ele>
      </trkpt>
      <trkpt lat="37.30962" lon="-118.48816">
        <ele>1877.16</ele>
      </trkpt>
      <trkpt lat="37.30967" lon="-118.4882">
        <ele>1873.94</ele>
      </trkpt>
      <trkpt lat="37.30971" lon="-118.48818">
        <ele>1872.27</ele>
      </trkpt>
      <trkpt lat="37.30975" lon="-118.48815">
        <ele>1871.07</ele>
      </trkpt>
      <trkpt lat="37.30989" lon="-118.4879">
        <ele>1869.24</ele>
      </trkpt>
      <trkpt lat="37.30999" lon="-118.48776">
        <ele>1866.64</ele>
      </trkpt>
      <trkpt lat="37.31013" lon="-118.48757">
        <ele>1861.77</ele>
      </trkpt>
      <trkpt lat="37.31036" lon="-118.48725">
        <ele>1853.37</ele>
      </trkpt>
      <trkpt lat="37.31054" lon="-118.48705">
        <ele>1848.36</ele>
      </trkpt>
      <trkpt lat="37.31059" lon="-118.48697">
        <ele>1847.61</ele>
      </trkpt>
      <trkpt lat="37.31063" lon="-118.4869">
        <ele>1847.07</ele>
      </trkpt>
      <trkpt lat="37.31067" lon="-118.48682">
        <ele>1847.13</ele>
      </trkpt>
      <trkpt lat="37.3107" lon="-118.48673">
        <ele>1847.64</ele>
      </trkpt>
      <trkpt lat="37.31074" lon="-118.48658">
        <ele>1847.96</ele>
      </trkpt>
      <trkpt lat="37.31078" lon="-118.48644">
        <ele>1847.41</ele>
      </trkpt>
      <trkpt lat="37.31085" lon="-118.48623">
        <ele>1847.18</ele>
      </trkpt>
      <trkpt lat="37.31088" lon="-118.48616">
        <ele>1846.73</ele>
      </trkpt>
      <trkpt lat="37.31091" lon="-118.48612">
        <ele>1846.26</ele>
      </trkpt>
      <trkpt lat="37.311" lon="-118.48601">
        <ele>1845.49</ele>
      </trkpt>
      <trkpt lat="37.31105" lon="-118.48592">
        <ele>1845.04</ele>
      </trkpt>
      <trkpt lat="37.31112" lon="-118.48576">
        <ele>1843.71</ele>
      </trkpt>
      <trkpt lat="37.31116" lon="-118.4857">
        <ele>1842.62</ele>
      </trkpt>
      <trkpt lat="37.31122" lon="-118.48571">
        <ele>1840.12</ele>
      </trkpt>
      <trkpt lat="37.31124" lon="-118.48577">
        <ele>1838.92</ele>
      </trkpt>
      <trkpt lat="37.31123" lon="-118.48593">
        <ele>1838.54</ele>
      </trkpt>
      <trkpt lat="37.31124" lon="-118.48614">
        <ele>1834.23</ele>
      </trkpt>
      <trkpt lat="37.31123" lon="-118.48623">
        <ele>1832.3</ele>
      </trkpt>
      <trkpt lat="37.3112" lon="-118.48631">
        <ele>1831.9</ele>
      </trkpt>
      <trkpt lat="37.31115" lon="-118.48643">
        <ele>1831.17</ele>
      </trkpt>
      <trkpt lat="37.31114" lon="-118.48649">
        <ele>1829.94</ele>
      </trkpt>
      <trkpt lat="37.31113" lon="-118.48658">
        <ele>1829.12</ele>
      </trkpt>
      <trkpt lat="37.31114" lon="-118.48667">
        <ele>1827.75</ele>
      </trkpt>
      <trkpt lat="37.31119" lon="-118.48692">
        <ele>1824.59</ele>
      </trkpt>
      <trkpt lat="37.31123" lon="-118.48714">
        <ele>1820.67</ele>
      </trkpt>
      <trkpt lat="37.31126" lon="-118.48741">
        <ele>1816.76</ele>
      </trkpt>
      <trkpt lat="37.31128" lon="-118.48778">
        <ele>1813.5</ele>
      </trkpt>
      <trkpt lat="37.31126" lon="-118.48816">
        <ele>1810.0</ele>
      </trkpt>
      <trkpt lat="37.31125" lon="-118.48823">
        <ele>1809.17</ele>
      </trkpt>
      <trkpt lat="37.31124" lon="-118.48832">
        <ele>1808.36</ele>
      </trkpt>
      <trkpt lat="37.31118" lon="-118.48853">
        <ele>1807.64</ele>
      </trkpt>
      <trkpt lat="37.31114" lon="-118.48861">
        <ele>1808.08</ele>
      </trkpt>
      <trkpt lat="37.31099" lon="-118.48894">
        <ele>1808.06</ele>
      </trkpt>
      <trkpt lat="37.31095" lon="-118.48906">
        <ele>1807.63</ele>
      </trkpt>
      <trkpt lat="37.31094" lon="-118.48914">
        <ele>1806.98</ele>
      </trkpt>
      <trkpt lat="37.31095" lon="-118.48928">
        <ele>1805.48</ele>
      </trkpt>
      <trkpt lat="37.31095" lon="-118.48928">
        <ele>1805.48</ele>
      </trkpt>
      <trkpt lat="37.31098" lon="-118.48933">
        <ele>1804.83</ele>
      </trkpt>
      <trkpt lat="37.31104" lon="-118.48936">
        <ele>1803.56</ele>
      </trkpt>
      <trkpt lat="37.31114" lon="-118.48935">
        <ele>1801.38</ele>
      </trkpt>
      <trkpt lat="37.31134" lon="-118.4893">
        <ele>1798.32</ele>
      </trkpt>
      <trkpt lat="37.31172" lon="-118.48923">
        <ele>1790.85</ele>
      </trkpt>
      <trkpt lat="37.31181" lon="-118.4892">
        <ele>1788.9</ele>
      </trkpt>
      <trkpt lat="37.31198" lon="-118.48909">
        <ele>1784.91</ele>
      </trkpt>
      <trkpt lat="37.31215" lon="-118.489">
        <ele>1780.78</ele>
      </trkpt>
      <trkpt lat="37.31224" lon="-118.48897">
        <ele>1779.83</ele>
      </trkpt>
      <trkpt lat="37.31235" lon="-118.48896">
        <ele>1779.14</ele>
      </trkpt>
      <trkpt lat="37.31245" lon="-118.48897">
        <ele>1778.6</ele>
      </trkpt>
      <trkpt lat="37.31253" lon="-118.48901">
        <ele>1777.9</ele>
      </trkpt>
      <trkpt lat="37.31261" lon="-118.48907">
        <ele>1776.86</ele>
      </trkpt>
      <trkpt lat="37.31274" lon="-118.48922">
        <ele>1774.07</ele>
      </trkpt>
      <trkpt lat="37.31282" lon="-118.48929">
        <ele>1772.54</ele>
      </trkpt>
      <trkpt lat="37.31291" lon="-118.48932">
        <ele>1771.14</ele>
      </trkpt>
      <trkpt lat="37.313" lon="-118.48933">
        <ele>1769.29</ele>
      </trkpt>
      <trkpt lat="37.31308" lon="-118.48933">
        <ele>1768.24</ele>
      </trkpt>
      <trkpt lat="37.31333" lon="-118.48931">
        <ele>1764.52</ele>
      </trkpt>
      <trkpt lat="37.31348" lon="-118.48928">
        <ele>1760.74</ele>
      </trkpt>
      <trkpt lat="37.31364" lon="-118.48922">
        <ele>1757.98</ele>
      </trkpt>
      <trkpt lat="37.3137" lon="-118.48919">
        <ele>1757.07</ele>
      </trkpt>
      <trkpt lat="37.31418" lon="-118.48886">
        <ele>1753.69</ele>
      </trkpt>
      <trkpt lat="37.31437" lon="-118.48868">
        <ele>1751.74</ele>
      </trkpt>
      <trkpt lat="37.31456" lon="-118.48835">
        <ele>1748.8</ele>
      </trkpt>
      <trkpt lat="37.31533" lon="-118.4876">
        <ele>1739.48</ele>
      </trkpt>
      <trkpt lat="37.31551" lon="-118.48737">
        <ele>1738.3</ele>
      </trkpt>
      <trkpt lat="37.31564" lon="-118.48712">
        <ele>1735.9</ele>
      </trkpt>
      <trkpt lat="37.31625" lon="-118.48596">
        <ele>1721.87</ele>
      </trkpt>
      <trkpt lat="37.31733" lon="-118.48455">
        <ele>1705.0</ele>
      </trkpt>
      <trkpt lat="37.31753" lon="-118.48423">
        <ele>1700.46</ele>
      </trkpt>
      <trkpt lat="37.31819" lon="-118.48274">
        <ele>1686.59</ele>
      </trkpt>
      <trkpt lat="37.3183" lon="-118.4825">
        <ele>1683.64</ele>
      </trkpt>
      <trkpt lat="37.31836" lon="-118.48218">
        <ele>1680.0</ele>
      </trkpt>
      <trkpt lat="37.31837" lon="-118.48181">
        <ele>1678.0</ele>
      </trkpt>
      <trkpt lat="37.3184" lon="-118.48155">
        <ele>1676.27</ele>
      </trkpt>
      <trkpt lat="37.31847" lon="-118.48129">
        <ele>1672.46</ele>
      </trkpt>
      <trkpt lat="37.31897" lon="-118.47977">
        <ele>1660.52</ele>
      </trkpt>
      <trkpt lat="37.31905" lon="-118.47937">
        <ele>1656.34</ele>
      </trkpt>
      <trkpt lat="37.31925" lon="-118.47809">
        <ele>1637.27</ele>
      </trkpt>
      <trkpt lat="37.31931" lon="-118.47733">
        <ele>1627.25</ele>
      </trkpt>
      <trkpt lat="37.31936" lon="-118.4769">
        <ele>1623.96</ele>
      </trkpt>
      <trkpt lat="37.31951" lon="-118.47615">
        <ele>1617.59</ele>
      </trkpt>
      <trkpt lat="37.31955" lon="-118.47551">
        <ele>1612.93</ele>
      </trkpt>
      <trkpt lat="37.31953" lon="-118.475">
        <ele>1609.08</ele>
      </trkpt>
      <trkpt lat="37.31964" lon="-118.47457">
        <ele>1605.24</ele>
      </trkpt>
      <trkpt lat="37.31967" lon="-118.47391">
        <ele>1599.13</ele>
      </trkpt>
      <trkpt lat="37.3197" lon="-118.4735">
        <ele>1597.04</ele>
      </trkpt>
      <trkpt lat="37.31988" lon="-118.47278">
        <ele>1591.01</ele>
      </trkpt>
      <trkpt lat="37.32006" lon="-118.47223">
        <ele>1585.44</ele>
      </trkpt>
      <trkpt lat="37.32024" lon="-118.47127">
        <ele>1578.0</ele>
      </trkpt>
      <trkpt lat="37.32035" lon="-118.47034">
        <ele>1570.89</ele>
      </trkpt>
      <trkpt lat="37.3204" lon="-118.46995">
        <ele>1568.15</ele>
      </trkpt>
      <trkpt lat="37.3204" lon="-118.46944">
        <ele>1563.98</ele>
      </trkpt>
      <trkpt lat="37.32044" lon="-118.46922">
        <ele>1562.68</ele>
      </trkpt>
      <trkpt lat="37.32055" lon="-118.46882">
        <ele>1560.0</ele>
      </trkpt>
      <trkpt lat="37.32079" lon="-118.46754">
        <ele>1553.47</ele>
      </trkpt>
      <trkpt lat="37.32096" lon="-118.4672">
        <ele>1551.63</ele>
      </trkpt>
      <trkpt lat="37.32115" lon="-118.46696">
        <ele>1549.16</ele>
      </trkpt>
      <trkpt lat="37.32136" lon="-118.46673">
        <ele>1545.31</ele>
      </trkpt>
      <trkpt lat="37.32166" lon="-118.46651">
        <ele>1541.07</ele>
      </trkpt>
      <trkpt lat="37.32232" lon="-118.46612">
        <ele>1535.0</ele>
      </trkpt>
      <trkpt lat="37.32254" lon="-118.46602">
        <ele>1533.57</ele>
      </trkpt>
      <trkpt lat="37.32273" lon="-118.46587">
        <ele>1532.0</ele>
      </trkpt>
      <trkpt lat="37.32292" lon="-118.46564">
        <ele>1530.46</ele>
      </trkpt>
      <trkpt lat="37.32316" lon="-118.46534">
        <ele>1526.87</ele>
      </trkpt>
      <trkpt lat="37.32361" lon="-118.46495">
        <ele>1522.01</ele>
      </trkpt>
      <trkpt lat="37.32401" lon="-118.4645">
        <ele>1517.88</ele>
      </trkpt>
      <trkpt lat="37.32475" lon="-118.46394">
        <ele>1510.0</ele>
      </trkpt>
      <trkpt lat="37.32503" lon="-118.46378">
        <ele>1508.0</ele>
      </trkpt>
      <trkpt lat="37.32513" lon="-118.46369">
        <ele>1507.51</ele>
      </trkpt>
      <trkpt lat="37.32545" lon="-118.46311">
        <ele>1503.14</ele>
      </trkpt>
      <trkpt lat="37.32564" lon="-118.46292">
        <ele>1501.09</ele>
      </trkpt>
      <trkpt lat="37.32586" lon="-118.46282">
        <ele>1499.71</ele>
      </trkpt>
      <trkpt lat="37.32631" lon="-118.46274">
        <ele>1496.5</ele>
      </trkpt>
      <trkpt lat="37.32647" lon="-118.46267">
        <ele>1494.96</ele>
      </trkpt>
      <trkpt lat="37.3266" lon="-118.46255">
        <ele>1493.39</ele>
      </trkpt>
      <trkpt lat="37.32667" lon="-118.46243">
        <ele>1492.24</ele>
      </trkpt>
      <trkpt lat="37.32699" lon="-118.46172">
        <ele>1488.0</ele>
      </trkpt>
      <trkpt lat="37.32751" lon="-118.46103">
        <ele>1482.0</ele>
      </trkpt>
      <trkpt lat="37.32803" lon="-118.46008">
        <ele>1475.24</ele>
      </trkpt>
      <trkpt lat="37.32867" lon="-118.45943">
        <ele>1468.9</ele>
      </trkpt>
      <trkpt lat="37.32919" lon="-118.45898">
        <ele>1464.0</ele>
      </trkpt>
      <trkpt lat="37.32944" lon="-118.45877">
        <ele>1461.73</ele>
      </trkpt>
      <trkpt lat="37.32967" lon="-118.45844">
        <ele>1459.09</ele>
      </trkpt>
      <trkpt lat="37.32989" lon="-118.45797">
        <ele>1456.01</ele>
      </trkpt>
      <trkpt lat="37.33" lon="-118.45776">
        <ele>1455.0</ele>
      </trkpt>
      <trkpt lat="37.33015" lon="-118.45749">
        <ele>1453.0</ele>
      </trkpt>
      <trkpt lat="37.33043" lon="-118.45715">
        <ele>1450.36</ele>
      </trkpt>
      <trkpt lat="37.33085" lon="-118.45681">
        <ele>1445.92</ele>
      </trkpt>
      <trkpt lat="37.33102" lon="-118.45662">
        <ele>1443.99</ele>
      </trkpt>
      <trkpt lat="37.33112" lon="-118.45642">
        <ele>1442.94</ele>
      </trkpt>
      <trkpt lat="37.33117" lon="-118.45618">
        <ele>1441.84</ele>
      </trkpt>
      <trkpt lat="37.33117" lon="-118.45618">
        <ele>1441.84</ele>
      </trkpt>
      <trkpt lat="37.33125" lon="-118.45583">
        <ele>1439.98</ele>
      </trkpt>
      <trkpt lat="37.33146" lon="-118.45544">
        <ele>1437.17</ele>
      </trkpt>
      <trkpt lat="37.33186" lon="-118.45495">
        <ele>1433.91</ele>
      </trkpt>
      <trkpt lat="37.33217" lon="-118.45434">
        <ele>1429.94</ele>
      </trkpt>
      <trkpt lat="37.33237" lon="-118.45378">
        <ele>1424.33</ele>
      </trkpt>
      <trkpt lat="37.33247" lon="-118.45364">
        <ele>1423.1</ele>
      </trkpt>
      <trkpt lat="37.33259" lon="-118.45357">
        <ele>1422.02</ele>
      </trkpt>
      <trkpt lat="37.33276" lon="-118.45355">
        <ele>1422.34</ele>
      </trkpt>
      <trkpt lat="37.33296" lon="-118.4535">
        <ele>1421.8</ele>
      </trkpt>
      <trkpt lat="37.33318" lon="-118.45335">
        <ele>1420.18</ele>
      </trkpt>
      <trkpt lat="37.33381" lon="-118.45266">
        <ele>1411.73</ele>
      </trkpt>
      <trkpt lat="37.33411" lon="-118.45226">
        <ele>1410.0</ele>
      </trkpt>
      <trkpt lat="37.3343" lon="-118.45212">
        <ele>1409.5</ele>
      </trkpt>
      <trkpt lat="37.33452" lon="-118.45204">
        <ele>1408.01</ele>
      </trkpt>
      <trkpt lat="37.33505" lon="-118.45195">
        <ele>1402.52</ele>
      </trkpt>
      <trkpt lat="37.33534" lon="-118.45182">
        <ele>1400.22</ele>
      </trkpt>
      <trkpt lat="37.3358" lon="-118.45147">
        <ele>1397.32</ele>
      </trkpt>
      <trkpt lat="37.33687" lon="-118.45105">
        <ele>1387.14</ele>
      </trkpt>
      <trkpt lat="37.33779" lon="-118.45089">
        <ele>1381.53</ele>
      </trkpt>
      <trkpt lat="37.33856" lon="-118.45089">
        <ele>1378.34</ele>
      </trkpt>
      <trkpt lat="37.3389" lon="-118.45087">
        <ele>1377.35</ele>
      </trkpt>
      <trkpt lat="37.33925" lon="-118.4508">
        <ele>1376.0</ele>
      </trkpt>
      <trkpt lat="37.33944" lon="-118.45072">
        <ele>1375.0</ele>
      </trkpt>
      <trkpt lat="37.3396" lon="-118.45063">
        <ele>1374.0</ele>
      </trkpt>
      <trkpt lat="37.33987" lon="-118.45031">
        <ele>1371.61</ele>
      </trkpt>
      <trkpt lat="37.34009" lon="-118.44995">
        <ele>1370.0</ele>
      </trkpt>
      <trkpt lat="37.34026" lon="-118.44961">
        <ele>1369.0</ele>
      </trkpt>
      <trkpt lat="37.34061" lon="-118.44848">
        <ele>1364.58</ele>
      </trkpt>
      <trkpt lat="37.34084" lon="-118.44772">
        <ele>1361.38</ele>
      </trkpt>
      <trkpt lat="37.34084" lon="-118.44772">
        <ele>1361.38</ele>
      </trkpt>
      <trkpt lat="37.34095" lon="-118.44738">
        <ele>1360.52</ele>
      </trkpt>
      <trkpt lat="37.34115" lon="-118.44683">
        <ele>1358.9</ele>
      </trkpt>
      <trkpt lat="37.34135" lon="-118.44628">
        <ele>1356.9</ele>
      </trkpt>
      <trkpt lat="37.34154" lon="-118.44572">
        <ele>1355.0</ele>
      </trkpt>
      <trkpt lat="37.34174" lon="-118.44517">
        <ele>1353.0</ele>
      </trkpt>
      <trkpt lat="37.34194" lon="-118.44462">
        <ele>1351.0</ele>
      </trkpt>
      <trkpt lat="37.34219" lon="-118.44388">
        <ele>1349.0</ele>
      </trkpt>
      <trkpt lat="37.34244" lon="-118.44314">
        <ele>1347.0</ele>
      </trkpt>
      <trkpt lat="37.34255" lon="-118.44274">
        <ele>1346.0</ele>
      </trkpt>
      <trkpt lat="37.34257" lon="-118.44268">
        <ele>1346.0</ele>
      </trkpt>
      <trkpt lat="37.34275" lon="-118.44162">
        <ele>1343.0</ele>
      </trkpt>
      <trkpt lat="37.34304" lon="-118.44077">
        <ele>1341.0</ele>
      </trkpt>
      <trkpt lat="37.34322" lon="-118.44019">
        <ele>1339.0</ele>
      </trkpt>
      <trkpt lat="37.34339" lon="-118.4396">
        <ele>1337.0</ele>
      </trkpt>
      <trkpt lat="37.34348" lon="-118.43938">
        <ele>1336.59</ele>
      </trkpt>
      <trkpt lat="37.34375" lon="-118.43912">
        <ele>1335.5</ele>
      </trkpt>
      <trkpt lat="37.34421" lon="-118.43904">
        <ele>1335.0</ele>
      </trkpt>
      <trkpt lat="37.34466" lon="-118.43896">
        <ele>1334.77</ele>
      </trkpt>
      <trkpt lat="37.34515" lon="-118.4389">
        <ele>1334.0</ele>
      </trkpt>
      <trkpt lat="37.34564" lon="-118.43884">
        <ele>1334.0</ele>
      </trkpt>
      <trkpt lat="37.34613" lon="-118.43877">
        <ele>1333.0</ele>
      </trkpt>
      <trkpt lat="37.34662" lon="-118.43871">
        <ele>1333.0</ele>
      </trkpt>
    </trkseg>
  </trk>
</gpx>
