<?xml version="1.0"?>
<gpx xmlns="http://www.topografix.com/GPX/1/1" xmlns:xsi="http://www.w3.org/2001/XMLSchema-instance" version="1.1" creator="AllTrails.com" xsi:schemaLocation="http://www.topografix.com/GPX/1/1 http://www.topografix.com/GPX/1/1/gpx.xsd">
  <metadata>
    <name><![CDATA[Phillips OHV Loop Trail]]></name>
    <desc><![CDATA[]]></desc>
    <link href="http://www.alltrails.com">
      <text>AllTrails, LLC</text>
    </link>
    <bounds minlat="34.91346" minlon="-116.84811" maxlat="34.95766" maxlon="-116.67949"/>
  </metadata>
  <trk>
    <name><![CDATA[Phillips OHV Loop Trail]]></name>
    <src>AllTrails</src>
    <trkseg>
      <trkpt lat="34.9306" lon="-116.843">
        <ele>647.29</ele>
      </trkpt>
      <trkpt lat="34.93063" lon="-116.84299">
        <ele>647.57</ele>
      </trkpt>
      <trkpt lat="34.9306" lon="-116.84302">
        <ele>647.18</ele>
      </trkpt>
      <trkpt lat="34.93056" lon="-116.84307">
        <ele>646.85</ele>
      </trkpt>
      <trkpt lat="34.93051" lon="-116.84309">
        <ele>646.32</ele>
      </trkpt>
      <trkpt lat="34.93043" lon="-116.8431">
        <ele>646.0</ele>
      </trkpt>
      <trkpt lat="34.93036" lon="-116.84311">
        <ele>646.0</ele>
      </trkpt>
      <trkpt lat="34.9303" lon="-116.84313">
        <ele>646.0</ele>
      </trkpt>
      <trkpt lat="34.93022" lon="-116.84315">
        <ele>645.98</ele>
      </trkpt>
      <trkpt lat="34.93015" lon="-116.84316">
        <ele>645.87</ele>
      </trkpt>
      <trkpt lat="34.93007" lon="-116.84316">
        <ele>645.66</ele>
      </trkpt>
      <trkpt lat="34.93" lon="-116.84317">
        <ele>645.0</ele>
      </trkpt>
      <trkpt lat="34.92992" lon="-116.84317">
        <ele>644.8</ele>
      </trkpt>
      <trkpt lat="34.92983" lon="-116.84316">
        <ele>644.87</ele>
      </trkpt>
      <trkpt lat="34.92975" lon="-116.84316">
        <ele>644.17</ele>
      </trkpt>
      <trkpt lat="34.92967" lon="-116.84315">
        <ele>643.43</ele>
      </trkpt>
      <trkpt lat="34.92959" lon="-116.84313">
        <ele>642.85</ele>
      </trkpt>
      <trkpt lat="34.92953" lon="-116.84311">
        <ele>642.79</ele>
      </trkpt>
      <trkpt lat="34.92946" lon="-116.84307">
        <ele>642.99</ele>
      </trkpt>
      <trkpt lat="34.92939" lon="-116.84303">
        <ele>642.69</ele>
      </trkpt>
      <trkpt lat="34.92933" lon="-116.84297">
        <ele>642.91</ele>
      </trkpt>
      <trkpt lat="34.92925" lon="-116.84292">
        <ele>643.41</ele>
      </trkpt>
      <trkpt lat="34.92917" lon="-116.84286">
        <ele>644.12</ele>
      </trkpt>
      <trkpt lat="34.9291" lon="-116.84279">
        <ele>644.87</ele>
      </trkpt>
      <trkpt lat="34.92902" lon="-116.84272">
        <ele>645.62</ele>
      </trkpt>
      <trkpt lat="34.92895" lon="-116.84263">
        <ele>645.86</ele>
      </trkpt>
      <trkpt lat="34.92889" lon="-116.84254">
        <ele>646.01</ele>
      </trkpt>
      <trkpt lat="34.92883" lon="-116.84247">
        <ele>646.12</ele>
      </trkpt>
      <trkpt lat="34.92875" lon="-116.84241">
        <ele>646.0</ele>
      </trkpt>
      <trkpt lat="34.92869" lon="-116.84235">
        <ele>646.0</ele>
      </trkpt>
      <trkpt lat="34.92864" lon="-116.84229">
        <ele>646.08</ele>
      </trkpt>
      <trkpt lat="34.9286" lon="-116.84222">
        <ele>646.0</ele>
      </trkpt>
      <trkpt lat="34.92857" lon="-116.84216">
        <ele>646.0</ele>
      </trkpt>
      <trkpt lat="34.92855" lon="-116.84209">
        <ele>646.0</ele>
      </trkpt>
      <trkpt lat="34.92855" lon="-116.84203">
        <ele>646.0</ele>
      </trkpt>
      <trkpt lat="34.92855" lon="-116.84197">
        <ele>646.0</ele>
      </trkpt>
      <trkpt lat="34.92857" lon="-116.84193">
        <ele>646.0</ele>
      </trkpt>
      <trkpt lat="34.92862" lon="-116.84189">
        <ele>646.0</ele>
      </trkpt>
      <trkpt lat="34.92869" lon="-116.84186">
        <ele>646.0</ele>
      </trkpt>
      <trkpt lat="34.92876" lon="-116.84183">
        <ele>646.14</ele>
      </trkpt>
      <trkpt lat="34.92884" lon="-116.84179">
        <ele>646.82</ele>
      </trkpt>
      <trkpt lat="34.92892" lon="-116.84176">
        <ele>647.34</ele>
      </trkpt>
      <trkpt lat="34.929" lon="-116.84172">
        <ele>648.32</ele>
      </trkpt>
      <trkpt lat="34.92909" lon="-116.84167">
        <ele>649.38</ele>
      </trkpt>
      <trkpt lat="34.92917" lon="-116.84163">
        <ele>650.64</ele>
      </trkpt>
      <trkpt lat="34.92926" lon="-116.84159">
        <ele>651.18</ele>
      </trkpt>
      <trkpt lat="34.92935" lon="-116.84156">
        <ele>651.98</ele>
      </trkpt>
      <trkpt lat="34.92944" lon="-116.84152">
        <ele>650.65</ele>
      </trkpt>
      <trkpt lat="34.92955" lon="-116.84149">
        <ele>650.0</ele>
      </trkpt>
      <trkpt lat="34.92965" lon="-116.84145">
        <ele>651.05</ele>
      </trkpt>
      <trkpt lat="34.92974" lon="-116.84141">
        <ele>653.01</ele>
      </trkpt>
      <trkpt lat="34.92983" lon="-116.84134">
        <ele>654.61</ele>
      </trkpt>
      <trkpt lat="34.92989" lon="-116.84125">
        <ele>655.69</ele>
      </trkpt>
      <trkpt lat="34.92995" lon="-116.84115">
        <ele>655.85</ele>
      </trkpt>
      <trkpt lat="34.93002" lon="-116.84104">
        <ele>655.87</ele>
      </trkpt>
      <trkpt lat="34.93008" lon="-116.84092">
        <ele>656.26</ele>
      </trkpt>
      <trkpt lat="34.93014" lon="-116.84081">
        <ele>658.0</ele>
      </trkpt>
      <trkpt lat="34.93021" lon="-116.8407">
        <ele>658.0</ele>
      </trkpt>
      <trkpt lat="34.93027" lon="-116.84058">
        <ele>658.06</ele>
      </trkpt>
      <trkpt lat="34.93034" lon="-116.84047">
        <ele>658.98</ele>
      </trkpt>
      <trkpt lat="34.93041" lon="-116.84036">
        <ele>660.43</ele>
      </trkpt>
      <trkpt lat="34.93049" lon="-116.84028">
        <ele>661.3</ele>
      </trkpt>
      <trkpt lat="34.93058" lon="-116.8402">
        <ele>662.31</ele>
      </trkpt>
      <trkpt lat="34.93067" lon="-116.84018">
        <ele>663.0</ele>
      </trkpt>
      <trkpt lat="34.93077" lon="-116.84018">
        <ele>663.0</ele>
      </trkpt>
      <trkpt lat="34.93086" lon="-116.84019">
        <ele>663.09</ele>
      </trkpt>
      <trkpt lat="34.93093" lon="-116.84024">
        <ele>663.63</ele>
      </trkpt>
      <trkpt lat="34.931" lon="-116.84033">
        <ele>664.79</ele>
      </trkpt>
      <trkpt lat="34.93109" lon="-116.8404">
        <ele>665.47</ele>
      </trkpt>
      <trkpt lat="34.93118" lon="-116.84047">
        <ele>666.19</ele>
      </trkpt>
      <trkpt lat="34.93129" lon="-116.84053">
        <ele>668.38</ele>
      </trkpt>
      <trkpt lat="34.93139" lon="-116.84058">
        <ele>669.26</ele>
      </trkpt>
      <trkpt lat="34.9315" lon="-116.84062">
        <ele>669.7</ele>
      </trkpt>
      <trkpt lat="34.93162" lon="-116.84065">
        <ele>670.0</ele>
      </trkpt>
      <trkpt lat="34.93175" lon="-116.84067">
        <ele>670.0</ele>
      </trkpt>
      <trkpt lat="34.93187" lon="-116.84069">
        <ele>671.0</ele>
      </trkpt>
      <trkpt lat="34.932" lon="-116.84072">
        <ele>671.6</ele>
      </trkpt>
      <trkpt lat="34.93212" lon="-116.84075">
        <ele>672.8</ele>
      </trkpt>
      <trkpt lat="34.93225" lon="-116.84077">
        <ele>672.98</ele>
      </trkpt>
      <trkpt lat="34.93237" lon="-116.84078">
        <ele>673.58</ele>
      </trkpt>
      <trkpt lat="34.9325" lon="-116.84079">
        <ele>674.0</ele>
      </trkpt>
      <trkpt lat="34.93263" lon="-116.84078">
        <ele>674.75</ele>
      </trkpt>
      <trkpt lat="34.93277" lon="-116.84076">
        <ele>675.92</ele>
      </trkpt>
      <trkpt lat="34.93291" lon="-116.84073">
        <ele>676.43</ele>
      </trkpt>
      <trkpt lat="34.93305" lon="-116.84069">
        <ele>677.0</ele>
      </trkpt>
      <trkpt lat="34.9332" lon="-116.84066">
        <ele>677.0</ele>
      </trkpt>
      <trkpt lat="34.93336" lon="-116.84063">
        <ele>677.0</ele>
      </trkpt>
      <trkpt lat="34.93351" lon="-116.8406">
        <ele>677.91</ele>
      </trkpt>
      <trkpt lat="34.93368" lon="-116.84057">
        <ele>679.0</ele>
      </trkpt>
      <trkpt lat="34.93384" lon="-116.84054">
        <ele>679.73</ele>
      </trkpt>
      <trkpt lat="34.934" lon="-116.8405">
        <ele>680.68</ele>
      </trkpt>
      <trkpt lat="34.93418" lon="-116.84046">
        <ele>682.11</ele>
      </trkpt>
      <trkpt lat="34.93435" lon="-116.84042">
        <ele>683.52</ele>
      </trkpt>
      <trkpt lat="34.93451" lon="-116.84037">
        <ele>683.0</ele>
      </trkpt>
      <trkpt lat="34.93465" lon="-116.84031">
        <ele>683.57</ele>
      </trkpt>
      <trkpt lat="34.93479" lon="-116.84025">
        <ele>685.24</ele>
      </trkpt>
      <trkpt lat="34.93492" lon="-116.84019">
        <ele>686.18</ele>
      </trkpt>
      <trkpt lat="34.93503" lon="-116.84011">
        <ele>687.32</ele>
      </trkpt>
      <trkpt lat="34.93513" lon="-116.84003">
        <ele>687.73</ele>
      </trkpt>
      <trkpt lat="34.93522" lon="-116.83991">
        <ele>687.4</ele>
      </trkpt>
      <trkpt lat="34.93529" lon="-116.83979">
        <ele>687.77</ele>
      </trkpt>
      <trkpt lat="34.93538" lon="-116.83969">
        <ele>688.04</ele>
      </trkpt>
      <trkpt lat="34.93548" lon="-116.83958">
        <ele>689.18</ele>
      </trkpt>
      <trkpt lat="34.93559" lon="-116.83946">
        <ele>690.37</ele>
      </trkpt>
      <trkpt lat="34.93569" lon="-116.83934">
        <ele>691.45</ele>
      </trkpt>
      <trkpt lat="34.93581" lon="-116.83921">
        <ele>692.0</ele>
      </trkpt>
      <trkpt lat="34.93593" lon="-116.83909">
        <ele>693.05</ele>
      </trkpt>
      <trkpt lat="34.93606" lon="-116.83897">
        <ele>693.39</ele>
      </trkpt>
      <trkpt lat="34.93618" lon="-116.83886">
        <ele>693.74</ele>
      </trkpt>
      <trkpt lat="34.9363" lon="-116.83875">
        <ele>695.0</ele>
      </trkpt>
      <trkpt lat="34.93641" lon="-116.83864">
        <ele>695.0</ele>
      </trkpt>
      <trkpt lat="34.93653" lon="-116.83855">
        <ele>695.84</ele>
      </trkpt>
      <trkpt lat="34.93665" lon="-116.83845">
        <ele>697.77</ele>
      </trkpt>
      <trkpt lat="34.93676" lon="-116.83837">
        <ele>698.4</ele>
      </trkpt>
      <trkpt lat="34.93689" lon="-116.83831">
        <ele>699.16</ele>
      </trkpt>
      <trkpt lat="34.93704" lon="-116.83825">
        <ele>700.1</ele>
      </trkpt>
      <trkpt lat="34.9372" lon="-116.83821">
        <ele>699.16</ele>
      </trkpt>
      <trkpt lat="34.93736" lon="-116.83817">
        <ele>700.24</ele>
      </trkpt>
      <trkpt lat="34.93753" lon="-116.83814">
        <ele>700.0</ele>
      </trkpt>
      <trkpt lat="34.93769" lon="-116.83812">
        <ele>700.34</ele>
      </trkpt>
      <trkpt lat="34.93785" lon="-116.8381">
        <ele>701.0</ele>
      </trkpt>
      <trkpt lat="34.93801" lon="-116.8381">
        <ele>702.75</ele>
      </trkpt>
      <trkpt lat="34.93816" lon="-116.83809">
        <ele>704.5</ele>
      </trkpt>
      <trkpt lat="34.93832" lon="-116.8381">
        <ele>705.93</ele>
      </trkpt>
      <trkpt lat="34.93846" lon="-116.8381">
        <ele>706.46</ele>
      </trkpt>
      <trkpt lat="34.93858" lon="-116.83812">
        <ele>704.44</ele>
      </trkpt>
      <trkpt lat="34.9387" lon="-116.83814">
        <ele>704.0</ele>
      </trkpt>
      <trkpt lat="34.9388" lon="-116.83818">
        <ele>704.34</ele>
      </trkpt>
      <trkpt lat="34.93889" lon="-116.83822">
        <ele>704.78</ele>
      </trkpt>
      <trkpt lat="34.93897" lon="-116.83828">
        <ele>705.53</ele>
      </trkpt>
      <trkpt lat="34.93906" lon="-116.83837">
        <ele>706.0</ele>
      </trkpt>
      <trkpt lat="34.93914" lon="-116.83848">
        <ele>706.33</ele>
      </trkpt>
      <trkpt lat="34.93921" lon="-116.83861">
        <ele>707.57</ele>
      </trkpt>
      <trkpt lat="34.93928" lon="-116.83874">
        <ele>709.5</ele>
      </trkpt>
      <trkpt lat="34.93934" lon="-116.83887">
        <ele>711.98</ele>
      </trkpt>
      <trkpt lat="34.93939" lon="-116.83899">
        <ele>714.11</ele>
      </trkpt>
      <trkpt lat="34.93945" lon="-116.8391">
        <ele>714.95</ele>
      </trkpt>
      <trkpt lat="34.9395" lon="-116.83919">
        <ele>715.81</ele>
      </trkpt>
      <trkpt lat="34.93956" lon="-116.83926">
        <ele>714.28</ele>
      </trkpt>
      <trkpt lat="34.93962" lon="-116.83931">
        <ele>713.03</ele>
      </trkpt>
      <trkpt lat="34.93968" lon="-116.83936">
        <ele>712.58</ele>
      </trkpt>
      <trkpt lat="34.93975" lon="-116.8394">
        <ele>712.44</ele>
      </trkpt>
      <trkpt lat="34.93983" lon="-116.83945">
        <ele>713.15</ele>
      </trkpt>
      <trkpt lat="34.93993" lon="-116.83949">
        <ele>713.51</ele>
      </trkpt>
      <trkpt lat="34.94004" lon="-116.83952">
        <ele>713.18</ele>
      </trkpt>
      <trkpt lat="34.94015" lon="-116.83954">
        <ele>712.37</ele>
      </trkpt>
      <trkpt lat="34.94023" lon="-116.83954">
        <ele>712.0</ele>
      </trkpt>
      <trkpt lat="34.94031" lon="-116.83954">
        <ele>712.0</ele>
      </trkpt>
      <trkpt lat="34.94039" lon="-116.83954">
        <ele>712.21</ele>
      </trkpt>
      <trkpt lat="34.94047" lon="-116.83953">
        <ele>713.0</ele>
      </trkpt>
      <trkpt lat="34.94055" lon="-116.83952">
        <ele>713.76</ele>
      </trkpt>
      <trkpt lat="34.94064" lon="-116.8395">
        <ele>713.6</ele>
      </trkpt>
      <trkpt lat="34.94073" lon="-116.83949">
        <ele>713.93</ele>
      </trkpt>
      <trkpt lat="34.94083" lon="-116.83946">
        <ele>713.34</ele>
      </trkpt>
      <trkpt lat="34.94094" lon="-116.83944">
        <ele>713.1</ele>
      </trkpt>
      <trkpt lat="34.94105" lon="-116.83942">
        <ele>714.08</ele>
      </trkpt>
      <trkpt lat="34.94118" lon="-116.83939">
        <ele>715.16</ele>
      </trkpt>
      <trkpt lat="34.94131" lon="-116.83936">
        <ele>716.1</ele>
      </trkpt>
      <trkpt lat="34.94145" lon="-116.83934">
        <ele>716.66</ele>
      </trkpt>
      <trkpt lat="34.9416" lon="-116.83931">
        <ele>718.15</ele>
      </trkpt>
      <trkpt lat="34.94176" lon="-116.83927">
        <ele>719.0</ele>
      </trkpt>
      <trkpt lat="34.94191" lon="-116.83924">
        <ele>719.0</ele>
      </trkpt>
      <trkpt lat="34.94206" lon="-116.83921">
        <ele>719.12</ele>
      </trkpt>
      <trkpt lat="34.94219" lon="-116.83921">
        <ele>719.81</ele>
      </trkpt>
      <trkpt lat="34.9423" lon="-116.83921">
        <ele>720.0</ele>
      </trkpt>
      <trkpt lat="34.94241" lon="-116.83922">
        <ele>720.02</ele>
      </trkpt>
      <trkpt lat="34.94253" lon="-116.83927">
        <ele>721.52</ele>
      </trkpt>
      <trkpt lat="34.94263" lon="-116.83932">
        <ele>723.06</ele>
      </trkpt>
      <trkpt lat="34.94272" lon="-116.83936">
        <ele>724.09</ele>
      </trkpt>
      <trkpt lat="34.94281" lon="-116.83941">
        <ele>724.76</ele>
      </trkpt>
      <trkpt lat="34.94288" lon="-116.83944">
        <ele>725.1</ele>
      </trkpt>
      <trkpt lat="34.94294" lon="-116.83948">
        <ele>725.46</ele>
      </trkpt>
      <trkpt lat="34.943" lon="-116.83952">
        <ele>725.18</ele>
      </trkpt>
      <trkpt lat="34.94309" lon="-116.83956">
        <ele>724.44</ele>
      </trkpt>
      <trkpt lat="34.94318" lon="-116.83959">
        <ele>723.75</ele>
      </trkpt>
      <trkpt lat="34.94327" lon="-116.83962">
        <ele>722.97</ele>
      </trkpt>
      <trkpt lat="34.94338" lon="-116.83963">
        <ele>723.51</ele>
      </trkpt>
      <trkpt lat="34.94349" lon="-116.83964">
        <ele>724.03</ele>
      </trkpt>
      <trkpt lat="34.94361" lon="-116.83965">
        <ele>724.22</ele>
      </trkpt>
      <trkpt lat="34.94373" lon="-116.83967">
        <ele>726.12</ele>
      </trkpt>
      <trkpt lat="34.94386" lon="-116.83968">
        <ele>726.92</ele>
      </trkpt>
      <trkpt lat="34.94398" lon="-116.83972">
        <ele>727.02</ele>
      </trkpt>
      <trkpt lat="34.9441" lon="-116.83977">
        <ele>727.79</ele>
      </trkpt>
      <trkpt lat="34.94423" lon="-116.83984">
        <ele>729.18</ele>
      </trkpt>
      <trkpt lat="34.94436" lon="-116.83992">
        <ele>730.09</ele>
      </trkpt>
      <trkpt lat="34.9445" lon="-116.84">
        <ele>731.0</ele>
      </trkpt>
      <trkpt lat="34.94463" lon="-116.84011">
        <ele>731.0</ele>
      </trkpt>
      <trkpt lat="34.94475" lon="-116.84021">
        <ele>731.0</ele>
      </trkpt>
      <trkpt lat="34.94489" lon="-116.84032">
        <ele>731.44</ele>
      </trkpt>
      <trkpt lat="34.94501" lon="-116.84043">
        <ele>732.0</ele>
      </trkpt>
      <trkpt lat="34.94515" lon="-116.84051">
        <ele>732.62</ele>
      </trkpt>
      <trkpt lat="34.94529" lon="-116.84057">
        <ele>734.09</ele>
      </trkpt>
      <trkpt lat="34.94543" lon="-116.84062">
        <ele>735.25</ele>
      </trkpt>
      <trkpt lat="34.94558" lon="-116.84064">
        <ele>736.42</ele>
      </trkpt>
      <trkpt lat="34.94572" lon="-116.84065">
        <ele>736.96</ele>
      </trkpt>
      <trkpt lat="34.94586" lon="-116.84065">
        <ele>736.98</ele>
      </trkpt>
      <trkpt lat="34.94599" lon="-116.84065">
        <ele>736.99</ele>
      </trkpt>
      <trkpt lat="34.94612" lon="-116.84063">
        <ele>737.29</ele>
      </trkpt>
      <trkpt lat="34.94621" lon="-116.84059">
        <ele>738.63</ele>
      </trkpt>
      <trkpt lat="34.9463" lon="-116.84055">
        <ele>739.06</ele>
      </trkpt>
      <trkpt lat="34.94636" lon="-116.84051">
        <ele>739.15</ele>
      </trkpt>
      <trkpt lat="34.9464" lon="-116.84048">
        <ele>739.1</ele>
      </trkpt>
      <trkpt lat="34.94643" lon="-116.84046">
        <ele>739.46</ele>
      </trkpt>
      <trkpt lat="34.94646" lon="-116.84044">
        <ele>739.83</ele>
      </trkpt>
      <trkpt lat="34.94648" lon="-116.84042">
        <ele>739.99</ele>
      </trkpt>
      <trkpt lat="34.94652" lon="-116.84037">
        <ele>740.42</ele>
      </trkpt>
      <trkpt lat="34.94655" lon="-116.84035">
        <ele>740.74</ele>
      </trkpt>
      <trkpt lat="34.94658" lon="-116.84034">
        <ele>741.06</ele>
      </trkpt>
      <trkpt lat="34.94659" lon="-116.8404">
        <ele>741.23</ele>
      </trkpt>
      <trkpt lat="34.94657" lon="-116.84048">
        <ele>741.12</ele>
      </trkpt>
      <trkpt lat="34.94652" lon="-116.84055">
        <ele>740.26</ele>
      </trkpt>
      <trkpt lat="34.94646" lon="-116.84063">
        <ele>738.81</ele>
      </trkpt>
      <trkpt lat="34.94639" lon="-116.8407">
        <ele>738.03</ele>
      </trkpt>
      <trkpt lat="34.9463" lon="-116.84074">
        <ele>738.0</ele>
      </trkpt>
      <trkpt lat="34.9462" lon="-116.84076">
        <ele>737.41</ele>
      </trkpt>
      <trkpt lat="34.94605" lon="-116.84076">
        <ele>737.21</ele>
      </trkpt>
      <trkpt lat="34.94591" lon="-116.84076">
        <ele>736.21</ele>
      </trkpt>
      <trkpt lat="34.94575" lon="-116.84076">
        <ele>735.31</ele>
      </trkpt>
      <trkpt lat="34.94559" lon="-116.84073">
        <ele>735.16</ele>
      </trkpt>
      <trkpt lat="34.94544" lon="-116.84069">
        <ele>734.41</ele>
      </trkpt>
      <trkpt lat="34.94528" lon="-116.84067">
        <ele>733.02</ele>
      </trkpt>
      <trkpt lat="34.94514" lon="-116.84066">
        <ele>732.0</ele>
      </trkpt>
      <trkpt lat="34.945" lon="-116.84065">
        <ele>731.04</ele>
      </trkpt>
      <trkpt lat="34.94487" lon="-116.84062">
        <ele>731.56</ele>
      </trkpt>
      <trkpt lat="34.94474" lon="-116.84056">
        <ele>731.17</ele>
      </trkpt>
      <trkpt lat="34.94461" lon="-116.84048">
        <ele>731.45</ele>
      </trkpt>
      <trkpt lat="34.94449" lon="-116.84038">
        <ele>730.66</ele>
      </trkpt>
      <trkpt lat="34.94438" lon="-116.84026">
        <ele>729.56</ele>
      </trkpt>
      <trkpt lat="34.94427" lon="-116.84012">
        <ele>729.26</ele>
      </trkpt>
      <trkpt lat="34.94418" lon="-116.83997">
        <ele>728.63</ele>
      </trkpt>
      <trkpt lat="34.9441" lon="-116.83984">
        <ele>728.2</ele>
      </trkpt>
      <trkpt lat="34.94402" lon="-116.83974">
        <ele>727.19</ele>
      </trkpt>
      <trkpt lat="34.94393" lon="-116.8397">
        <ele>727.29</ele>
      </trkpt>
      <trkpt lat="34.94383" lon="-116.83969">
        <ele>726.89</ele>
      </trkpt>
      <trkpt lat="34.94372" lon="-116.83967">
        <ele>726.08</ele>
      </trkpt>
      <trkpt lat="34.9436" lon="-116.83965">
        <ele>724.19</ele>
      </trkpt>
      <trkpt lat="34.94347" lon="-116.83963">
        <ele>724.0</ele>
      </trkpt>
      <trkpt lat="34.94334" lon="-116.83962">
        <ele>722.97</ele>
      </trkpt>
      <trkpt lat="34.9432" lon="-116.83959">
        <ele>723.5</ele>
      </trkpt>
      <trkpt lat="34.94307" lon="-116.83955">
        <ele>724.73</ele>
      </trkpt>
      <trkpt lat="34.94295" lon="-116.83949">
        <ele>725.44</ele>
      </trkpt>
      <trkpt lat="34.94282" lon="-116.83943">
        <ele>724.92</ele>
      </trkpt>
      <trkpt lat="34.9427" lon="-116.83937">
        <ele>724.2</ele>
      </trkpt>
      <trkpt lat="34.94258" lon="-116.83931">
        <ele>722.49</ele>
      </trkpt>
      <trkpt lat="34.94247" lon="-116.83926">
        <ele>720.69</ele>
      </trkpt>
      <trkpt lat="34.94236" lon="-116.83923">
        <ele>720.0</ele>
      </trkpt>
      <trkpt lat="34.94225" lon="-116.83923">
        <ele>720.0</ele>
      </trkpt>
      <trkpt lat="34.94213" lon="-116.83923">
        <ele>719.69</ele>
      </trkpt>
      <trkpt lat="34.94201" lon="-116.83923">
        <ele>719.0</ele>
      </trkpt>
      <trkpt lat="34.94189" lon="-116.83925">
        <ele>719.0</ele>
      </trkpt>
      <trkpt lat="34.94175" lon="-116.83926">
        <ele>718.9</ele>
      </trkpt>
      <trkpt lat="34.94162" lon="-116.83928">
        <ele>718.11</ele>
      </trkpt>
      <trkpt lat="34.94148" lon="-116.8393">
        <ele>716.98</ele>
      </trkpt>
      <trkpt lat="34.94135" lon="-116.83932">
        <ele>715.86</ele>
      </trkpt>
      <trkpt lat="34.94122" lon="-116.83934">
        <ele>715.15</ele>
      </trkpt>
      <trkpt lat="34.9411" lon="-116.83936">
        <ele>713.97</ele>
      </trkpt>
      <trkpt lat="34.941" lon="-116.83939">
        <ele>713.21</ele>
      </trkpt>
      <trkpt lat="34.9409" lon="-116.83941">
        <ele>712.52</ele>
      </trkpt>
      <trkpt lat="34.94081" lon="-116.83943">
        <ele>712.69</ele>
      </trkpt>
      <trkpt lat="34.94073" lon="-116.83945">
        <ele>713.11</ele>
      </trkpt>
      <trkpt lat="34.94067" lon="-116.83946">
        <ele>713.21</ele>
      </trkpt>
      <trkpt lat="34.94062" lon="-116.83947">
        <ele>713.28</ele>
      </trkpt>
      <trkpt lat="34.94058" lon="-116.83947">
        <ele>713.28</ele>
      </trkpt>
      <trkpt lat="34.94054" lon="-116.83948">
        <ele>713.22</ele>
      </trkpt>
      <trkpt lat="34.94052" lon="-116.8395">
        <ele>713.22</ele>
      </trkpt>
      <trkpt lat="34.94047" lon="-116.83951">
        <ele>712.78</ele>
      </trkpt>
      <trkpt lat="34.94043" lon="-116.83952">
        <ele>712.53</ele>
      </trkpt>
      <trkpt lat="34.94039" lon="-116.83953">
        <ele>712.2</ele>
      </trkpt>
      <trkpt lat="34.94036" lon="-116.83955">
        <ele>712.0</ele>
      </trkpt>
      <trkpt lat="34.94035" lon="-116.8396">
        <ele>712.0</ele>
      </trkpt>
      <trkpt lat="34.94035" lon="-116.83965">
        <ele>712.22</ele>
      </trkpt>
      <trkpt lat="34.94035" lon="-116.8397">
        <ele>712.76</ele>
      </trkpt>
      <trkpt lat="34.94038" lon="-116.83974">
        <ele>713.19</ele>
      </trkpt>
      <trkpt lat="34.94044" lon="-116.83978">
        <ele>713.62</ele>
      </trkpt>
      <trkpt lat="34.94051" lon="-116.83982">
        <ele>714.03</ele>
      </trkpt>
      <trkpt lat="34.94058" lon="-116.83988">
        <ele>714.08</ele>
      </trkpt>
      <trkpt lat="34.94064" lon="-116.83993">
        <ele>714.02</ele>
      </trkpt>
      <trkpt lat="34.9407" lon="-116.84001">
        <ele>715.67</ele>
      </trkpt>
      <trkpt lat="34.94074" lon="-116.8401">
        <ele>716.07</ele>
      </trkpt>
      <trkpt lat="34.94076" lon="-116.84022">
        <ele>717.42</ele>
      </trkpt>
      <trkpt lat="34.94077" lon="-116.84036">
        <ele>717.96</ele>
      </trkpt>
      <trkpt lat="34.94077" lon="-116.8405">
        <ele>718.0</ele>
      </trkpt>
      <trkpt lat="34.94077" lon="-116.84067">
        <ele>718.68</ele>
      </trkpt>
      <trkpt lat="34.94077" lon="-116.84084">
        <ele>717.98</ele>
      </trkpt>
      <trkpt lat="34.94077" lon="-116.841">
        <ele>717.68</ele>
      </trkpt>
      <trkpt lat="34.94078" lon="-116.84115">
        <ele>718.18</ele>
      </trkpt>
      <trkpt lat="34.9408" lon="-116.8413">
        <ele>719.65</ele>
      </trkpt>
      <trkpt lat="34.94084" lon="-116.84144">
        <ele>720.55</ele>
      </trkpt>
      <trkpt lat="34.9409" lon="-116.84154">
        <ele>721.63</ele>
      </trkpt>
      <trkpt lat="34.94098" lon="-116.84162">
        <ele>722.5</ele>
      </trkpt>
      <trkpt lat="34.94109" lon="-116.84169">
        <ele>723.19</ele>
      </trkpt>
      <trkpt lat="34.94121" lon="-116.84175">
        <ele>724.17</ele>
      </trkpt>
      <trkpt lat="34.94135" lon="-116.84178">
        <ele>724.78</ele>
      </trkpt>
      <trkpt lat="34.94149" lon="-116.84181">
        <ele>724.49</ele>
      </trkpt>
      <trkpt lat="34.94163" lon="-116.84183">
        <ele>724.61</ele>
      </trkpt>
      <trkpt lat="34.94177" lon="-116.84185">
        <ele>725.08</ele>
      </trkpt>
      <trkpt lat="34.9419" lon="-116.84189">
        <ele>723.87</ele>
      </trkpt>
      <trkpt lat="34.94203" lon="-116.84193">
        <ele>723.94</ele>
      </trkpt>
      <trkpt lat="34.94216" lon="-116.84197">
        <ele>723.74</ele>
      </trkpt>
      <trkpt lat="34.94228" lon="-116.84198">
        <ele>723.53</ele>
      </trkpt>
      <trkpt lat="34.9424" lon="-116.84198">
        <ele>723.95</ele>
      </trkpt>
      <trkpt lat="34.94251" lon="-116.84197">
        <ele>724.38</ele>
      </trkpt>
      <trkpt lat="34.94261" lon="-116.84196">
        <ele>725.17</ele>
      </trkpt>
      <trkpt lat="34.94269" lon="-116.84195">
        <ele>725.16</ele>
      </trkpt>
      <trkpt lat="34.94278" lon="-116.84196">
        <ele>727.02</ele>
      </trkpt>
      <trkpt lat="34.94285" lon="-116.84198">
        <ele>727.78</ele>
      </trkpt>
      <trkpt lat="34.94289" lon="-116.84207">
        <ele>728.49</ele>
      </trkpt>
      <trkpt lat="34.94292" lon="-116.8422">
        <ele>729.35</ele>
      </trkpt>
      <trkpt lat="34.94297" lon="-116.84234">
        <ele>730.25</ele>
      </trkpt>
      <trkpt lat="34.94304" lon="-116.84249">
        <ele>730.32</ele>
      </trkpt>
      <trkpt lat="34.94313" lon="-116.84262">
        <ele>730.82</ele>
      </trkpt>
      <trkpt lat="34.94322" lon="-116.84274">
        <ele>730.27</ele>
      </trkpt>
      <trkpt lat="34.94332" lon="-116.84287">
        <ele>730.86</ele>
      </trkpt>
      <trkpt lat="34.94341" lon="-116.84302">
        <ele>731.93</ele>
      </trkpt>
      <trkpt lat="34.94346" lon="-116.84318">
        <ele>731.02</ele>
      </trkpt>
      <trkpt lat="34.94348" lon="-116.84335">
        <ele>730.07</ele>
      </trkpt>
      <trkpt lat="34.9435" lon="-116.84354">
        <ele>730.59</ele>
      </trkpt>
      <trkpt lat="34.94351" lon="-116.84373">
        <ele>732.0</ele>
      </trkpt>
      <trkpt lat="34.94353" lon="-116.8439">
        <ele>732.12</ele>
      </trkpt>
      <trkpt lat="34.94356" lon="-116.84405">
        <ele>733.74</ele>
      </trkpt>
      <trkpt lat="34.9436" lon="-116.84418">
        <ele>734.26</ele>
      </trkpt>
      <trkpt lat="34.94365" lon="-116.84431">
        <ele>735.32</ele>
      </trkpt>
      <trkpt lat="34.94373" lon="-116.84441">
        <ele>735.28</ele>
      </trkpt>
      <trkpt lat="34.9438" lon="-116.8445">
        <ele>735.98</ele>
      </trkpt>
      <trkpt lat="34.94384" lon="-116.8446">
        <ele>736.68</ele>
      </trkpt>
      <trkpt lat="34.94387" lon="-116.84472">
        <ele>737.2</ele>
      </trkpt>
      <trkpt lat="34.94391" lon="-116.84484">
        <ele>738.0</ele>
      </trkpt>
      <trkpt lat="34.94394" lon="-116.84494">
        <ele>738.19</ele>
      </trkpt>
      <trkpt lat="34.94397" lon="-116.84503">
        <ele>738.59</ele>
      </trkpt>
      <trkpt lat="34.944" lon="-116.8451">
        <ele>738.2</ele>
      </trkpt>
      <trkpt lat="34.94402" lon="-116.84517">
        <ele>738.42</ele>
      </trkpt>
      <trkpt lat="34.94402" lon="-116.84521">
        <ele>738.42</ele>
      </trkpt>
      <trkpt lat="34.94403" lon="-116.84526">
        <ele>738.52</ele>
      </trkpt>
      <trkpt lat="34.94402" lon="-116.84532">
        <ele>738.68</ele>
      </trkpt>
      <trkpt lat="34.94399" lon="-116.84539">
        <ele>738.83</ele>
      </trkpt>
      <trkpt lat="34.94395" lon="-116.84544">
        <ele>738.42</ele>
      </trkpt>
      <trkpt lat="34.94391" lon="-116.8455">
        <ele>739.57</ele>
      </trkpt>
      <trkpt lat="34.94387" lon="-116.84557">
        <ele>742.19</ele>
      </trkpt>
      <trkpt lat="34.94383" lon="-116.84562">
        <ele>744.3</ele>
      </trkpt>
      <trkpt lat="34.94381" lon="-116.84566">
        <ele>744.96</ele>
      </trkpt>
      <trkpt lat="34.94378" lon="-116.8457">
        <ele>745.83</ele>
      </trkpt>
      <trkpt lat="34.94373" lon="-116.84576">
        <ele>747.64</ele>
      </trkpt>
      <trkpt lat="34.94368" lon="-116.84584">
        <ele>749.57</ele>
      </trkpt>
      <trkpt lat="34.94362" lon="-116.84593">
        <ele>750.9</ele>
      </trkpt>
      <trkpt lat="34.94355" lon="-116.84601">
        <ele>751.0</ele>
      </trkpt>
      <trkpt lat="34.94349" lon="-116.84609">
        <ele>751.0</ele>
      </trkpt>
      <trkpt lat="34.94343" lon="-116.84616">
        <ele>751.0</ele>
      </trkpt>
      <trkpt lat="34.9434" lon="-116.84623">
        <ele>751.36</ele>
      </trkpt>
      <trkpt lat="34.94339" lon="-116.84628">
        <ele>752.14</ele>
      </trkpt>
      <trkpt lat="34.9434" lon="-116.84631">
        <ele>752.28</ele>
      </trkpt>
      <trkpt lat="34.94342" lon="-116.84633">
        <ele>752.06</ele>
      </trkpt>
      <trkpt lat="34.94345" lon="-116.84632">
        <ele>751.74</ele>
      </trkpt>
      <trkpt lat="34.94349" lon="-116.84631">
        <ele>751.31</ele>
      </trkpt>
      <trkpt lat="34.94353" lon="-116.8463">
        <ele>750.75</ele>
      </trkpt>
      <trkpt lat="34.94358" lon="-116.8463">
        <ele>749.65</ele>
      </trkpt>
      <trkpt lat="34.94363" lon="-116.84629">
        <ele>748.59</ele>
      </trkpt>
      <trkpt lat="34.94369" lon="-116.84628">
        <ele>747.3</ele>
      </trkpt>
      <trkpt lat="34.94374" lon="-116.84628">
        <ele>746.28</ele>
      </trkpt>
      <trkpt lat="34.94379" lon="-116.84628">
        <ele>745.3</ele>
      </trkpt>
      <trkpt lat="34.94387" lon="-116.84628">
        <ele>744.24</ele>
      </trkpt>
      <trkpt lat="34.94396" lon="-116.84629">
        <ele>743.28</ele>
      </trkpt>
      <trkpt lat="34.94406" lon="-116.84629">
        <ele>743.01</ele>
      </trkpt>
      <trkpt lat="34.94413" lon="-116.84631">
        <ele>743.15</ele>
      </trkpt>
      <trkpt lat="34.94419" lon="-116.84636">
        <ele>744.02</ele>
      </trkpt>
      <trkpt lat="34.94423" lon="-116.84643">
        <ele>744.52</ele>
      </trkpt>
      <trkpt lat="34.94428" lon="-116.84653">
        <ele>744.11</ele>
      </trkpt>
      <trkpt lat="34.94433" lon="-116.84663">
        <ele>744.6</ele>
      </trkpt>
      <trkpt lat="34.94439" lon="-116.84671">
        <ele>745.39</ele>
      </trkpt>
      <trkpt lat="34.94445" lon="-116.84678">
        <ele>747.31</ele>
      </trkpt>
      <trkpt lat="34.94452" lon="-116.84682">
        <ele>749.54</ele>
      </trkpt>
      <trkpt lat="34.94458" lon="-116.84689">
        <ele>750.54</ele>
      </trkpt>
      <trkpt lat="34.94463" lon="-116.84697">
        <ele>750.28</ele>
      </trkpt>
      <trkpt lat="34.94469" lon="-116.84704">
        <ele>751.0</ele>
      </trkpt>
      <trkpt lat="34.94477" lon="-116.84712">
        <ele>750.48</ele>
      </trkpt>
      <trkpt lat="34.94485" lon="-116.8472">
        <ele>750.0</ele>
      </trkpt>
      <trkpt lat="34.94492" lon="-116.8473">
        <ele>750.73</ele>
      </trkpt>
      <trkpt lat="34.94497" lon="-116.84742">
        <ele>751.23</ele>
      </trkpt>
      <trkpt lat="34.94503" lon="-116.84753">
        <ele>753.97</ele>
      </trkpt>
      <trkpt lat="34.94508" lon="-116.84763">
        <ele>756.27</ele>
      </trkpt>
      <trkpt lat="34.94512" lon="-116.84772">
        <ele>756.82</ele>
      </trkpt>
      <trkpt lat="34.94515" lon="-116.84782">
        <ele>757.0</ele>
      </trkpt>
      <trkpt lat="34.94518" lon="-116.84792">
        <ele>757.54</ele>
      </trkpt>
      <trkpt lat="34.94523" lon="-116.84801">
        <ele>758.27</ele>
      </trkpt>
      <trkpt lat="34.94531" lon="-116.84806">
        <ele>759.73</ele>
      </trkpt>
      <trkpt lat="34.94539" lon="-116.84809">
        <ele>761.71</ele>
      </trkpt>
      <trkpt lat="34.94547" lon="-116.84811">
        <ele>764.89</ele>
      </trkpt>
      <trkpt lat="34.94554" lon="-116.84811">
        <ele>767.92</ele>
      </trkpt>
      <trkpt lat="34.9456" lon="-116.8481">
        <ele>769.21</ele>
      </trkpt>
      <trkpt lat="34.94565" lon="-116.84804">
        <ele>769.59</ele>
      </trkpt>
      <trkpt lat="34.94567" lon="-116.84797">
        <ele>767.43</ele>
      </trkpt>
      <trkpt lat="34.94568" lon="-116.84788">
        <ele>765.48</ele>
      </trkpt>
      <trkpt lat="34.94567" lon="-116.84775">
        <ele>764.53</ele>
      </trkpt>
      <trkpt lat="34.94566" lon="-116.84761">
        <ele>763.79</ele>
      </trkpt>
      <trkpt lat="34.94563" lon="-116.84746">
        <ele>762.65</ele>
      </trkpt>
      <trkpt lat="34.94559" lon="-116.84729">
        <ele>760.36</ele>
      </trkpt>
      <trkpt lat="34.94555" lon="-116.84714">
        <ele>758.27</ele>
      </trkpt>
      <trkpt lat="34.9455" lon="-116.84699">
        <ele>757.19</ele>
      </trkpt>
      <trkpt lat="34.94544" lon="-116.84683">
        <ele>756.82</ele>
      </trkpt>
      <trkpt lat="34.94536" lon="-116.84669">
        <ele>756.78</ele>
      </trkpt>
      <trkpt lat="34.94531" lon="-116.84655">
        <ele>756.35</ele>
      </trkpt>
      <trkpt lat="34.94528" lon="-116.84642">
        <ele>756.01</ele>
      </trkpt>
      <trkpt lat="34.94525" lon="-116.84629">
        <ele>753.26</ele>
      </trkpt>
      <trkpt lat="34.94519" lon="-116.84618">
        <ele>751.68</ele>
      </trkpt>
      <trkpt lat="34.94512" lon="-116.84609">
        <ele>750.87</ele>
      </trkpt>
      <trkpt lat="34.94503" lon="-116.84604">
        <ele>750.84</ele>
      </trkpt>
      <trkpt lat="34.94494" lon="-116.84598">
        <ele>749.14</ele>
      </trkpt>
      <trkpt lat="34.94486" lon="-116.8459">
        <ele>746.84</ele>
      </trkpt>
      <trkpt lat="34.9448" lon="-116.84582">
        <ele>745.72</ele>
      </trkpt>
      <trkpt lat="34.94475" lon="-116.84574">
        <ele>745.0</ele>
      </trkpt>
      <trkpt lat="34.94474" lon="-116.84564">
        <ele>744.72</ele>
      </trkpt>
      <trkpt lat="34.94473" lon="-116.84555">
        <ele>743.91</ele>
      </trkpt>
      <trkpt lat="34.94473" lon="-116.84544">
        <ele>743.36</ele>
      </trkpt>
      <trkpt lat="34.94472" lon="-116.84535">
        <ele>741.58</ele>
      </trkpt>
      <trkpt lat="34.94471" lon="-116.84526">
        <ele>739.62</ele>
      </trkpt>
      <trkpt lat="34.94469" lon="-116.84518">
        <ele>738.0</ele>
      </trkpt>
      <trkpt lat="34.94463" lon="-116.84514">
        <ele>738.0</ele>
      </trkpt>
      <trkpt lat="34.94455" lon="-116.84512">
        <ele>738.25</ele>
      </trkpt>
      <trkpt lat="34.94448" lon="-116.84509">
        <ele>738.0</ele>
      </trkpt>
      <trkpt lat="34.94446" lon="-116.84505">
        <ele>738.0</ele>
      </trkpt>
      <trkpt lat="34.94445" lon="-116.84498">
        <ele>737.78</ele>
      </trkpt>
      <trkpt lat="34.94446" lon="-116.84492">
        <ele>737.14</ele>
      </trkpt>
      <trkpt lat="34.94446" lon="-116.84487">
        <ele>737.0</ele>
      </trkpt>
      <trkpt lat="34.94448" lon="-116.84483">
        <ele>737.0</ele>
      </trkpt>
      <trkpt lat="34.94452" lon="-116.84479">
        <ele>737.27</ele>
      </trkpt>
      <trkpt lat="34.94459" lon="-116.84476">
        <ele>737.83</ele>
      </trkpt>
      <trkpt lat="34.94467" lon="-116.84471">
        <ele>738.13</ele>
      </trkpt>
      <trkpt lat="34.94476" lon="-116.84466">
        <ele>739.21</ele>
      </trkpt>
      <trkpt lat="34.94484" lon="-116.8446">
        <ele>740.59</ele>
      </trkpt>
      <trkpt lat="34.94491" lon="-116.84459">
        <ele>741.46</ele>
      </trkpt>
      <trkpt lat="34.94498" lon="-116.84459">
        <ele>742.21</ele>
      </trkpt>
      <trkpt lat="34.94505" lon="-116.8446">
        <ele>742.69</ele>
      </trkpt>
      <trkpt lat="34.9451" lon="-116.84464">
        <ele>743.07</ele>
      </trkpt>
      <trkpt lat="34.94515" lon="-116.84473">
        <ele>743.08</ele>
      </trkpt>
      <trkpt lat="34.94522" lon="-116.84482">
        <ele>744.0</ele>
      </trkpt>
      <trkpt lat="34.94529" lon="-116.84492">
        <ele>744.0</ele>
      </trkpt>
      <trkpt lat="34.94536" lon="-116.84498">
        <ele>744.0</ele>
      </trkpt>
      <trkpt lat="34.94544" lon="-116.845">
        <ele>744.0</ele>
      </trkpt>
      <trkpt lat="34.94552" lon="-116.845">
        <ele>744.62</ele>
      </trkpt>
      <trkpt lat="34.9456" lon="-116.84499">
        <ele>745.37</ele>
      </trkpt>
      <trkpt lat="34.94568" lon="-116.84492">
        <ele>745.87</ele>
      </trkpt>
      <trkpt lat="34.94574" lon="-116.84482">
        <ele>746.05</ele>
      </trkpt>
      <trkpt lat="34.9458" lon="-116.84473">
        <ele>745.72</ele>
      </trkpt>
      <trkpt lat="34.94588" lon="-116.84467">
        <ele>746.5</ele>
      </trkpt>
      <trkpt lat="34.94597" lon="-116.84463">
        <ele>747.47</ele>
      </trkpt>
      <trkpt lat="34.94608" lon="-116.8446">
        <ele>748.32</ele>
      </trkpt>
      <trkpt lat="34.94618" lon="-116.84459">
        <ele>748.43</ele>
      </trkpt>
      <trkpt lat="34.94629" lon="-116.84459">
        <ele>748.96</ele>
      </trkpt>
      <trkpt lat="34.94641" lon="-116.8446">
        <ele>749.48</ele>
      </trkpt>
      <trkpt lat="34.94655" lon="-116.84462">
        <ele>750.0</ele>
      </trkpt>
      <trkpt lat="34.94668" lon="-116.84465">
        <ele>750.0</ele>
      </trkpt>
      <trkpt lat="34.94682" lon="-116.84468">
        <ele>750.0</ele>
      </trkpt>
      <trkpt lat="34.94694" lon="-116.84471">
        <ele>750.13</ele>
      </trkpt>
      <trkpt lat="34.94705" lon="-116.84471">
        <ele>749.84</ele>
      </trkpt>
      <trkpt lat="34.94717" lon="-116.84472">
        <ele>748.56</ele>
      </trkpt>
      <trkpt lat="34.94729" lon="-116.84472">
        <ele>748.02</ele>
      </trkpt>
      <trkpt lat="34.94741" lon="-116.84471">
        <ele>748.28</ele>
      </trkpt>
      <trkpt lat="34.94751" lon="-116.84471">
        <ele>749.34</ele>
      </trkpt>
      <trkpt lat="34.94759" lon="-116.8447">
        <ele>752.15</ele>
      </trkpt>
      <trkpt lat="34.94765" lon="-116.84469">
        <ele>753.59</ele>
      </trkpt>
      <trkpt lat="34.94769" lon="-116.84468">
        <ele>754.51</ele>
      </trkpt>
      <trkpt lat="34.94772" lon="-116.84467">
        <ele>754.94</ele>
      </trkpt>
      <trkpt lat="34.94777" lon="-116.84467">
        <ele>755.48</ele>
      </trkpt>
      <trkpt lat="34.9478" lon="-116.84467">
        <ele>755.43</ele>
      </trkpt>
      <trkpt lat="34.94783" lon="-116.84468">
        <ele>755.2</ele>
      </trkpt>
      <trkpt lat="34.94786" lon="-116.84468">
        <ele>755.05</ele>
      </trkpt>
      <trkpt lat="34.9479" lon="-116.84468">
        <ele>754.83</ele>
      </trkpt>
      <trkpt lat="34.94794" lon="-116.84468">
        <ele>754.59</ele>
      </trkpt>
      <trkpt lat="34.94799" lon="-116.84469">
        <ele>754.35</ele>
      </trkpt>
      <trkpt lat="34.94804" lon="-116.84469">
        <ele>754.35</ele>
      </trkpt>
      <trkpt lat="34.94809" lon="-116.84469">
        <ele>753.98</ele>
      </trkpt>
      <trkpt lat="34.94813" lon="-116.84468">
        <ele>753.65</ele>
      </trkpt>
      <trkpt lat="34.94818" lon="-116.84468">
        <ele>753.64</ele>
      </trkpt>
      <trkpt lat="34.94822" lon="-116.84467">
        <ele>753.9</ele>
      </trkpt>
      <trkpt lat="34.94826" lon="-116.84466">
        <ele>754.14</ele>
      </trkpt>
      <trkpt lat="34.94829" lon="-116.84465">
        <ele>754.41</ele>
      </trkpt>
      <trkpt lat="34.94832" lon="-116.84464">
        <ele>754.76</ele>
      </trkpt>
      <trkpt lat="34.94836" lon="-116.84463">
        <ele>755.57</ele>
      </trkpt>
      <trkpt lat="34.94839" lon="-116.84462">
        <ele>756.58</ele>
      </trkpt>
      <trkpt lat="34.94842" lon="-116.84461">
        <ele>757.52</ele>
      </trkpt>
      <trkpt lat="34.94846" lon="-116.84459">
        <ele>758.65</ele>
      </trkpt>
      <trkpt lat="34.9485" lon="-116.84457">
        <ele>759.73</ele>
      </trkpt>
      <trkpt lat="34.94855" lon="-116.84455">
        <ele>760.63</ele>
      </trkpt>
      <trkpt lat="34.94859" lon="-116.84453">
        <ele>761.19</ele>
      </trkpt>
      <trkpt lat="34.94864" lon="-116.84452">
        <ele>761.25</ele>
      </trkpt>
      <trkpt lat="34.94869" lon="-116.8445">
        <ele>761.12</ele>
      </trkpt>
      <trkpt lat="34.94874" lon="-116.84449">
        <ele>761.2</ele>
      </trkpt>
      <trkpt lat="34.94879" lon="-116.84448">
        <ele>761.57</ele>
      </trkpt>
      <trkpt lat="34.94883" lon="-116.84447">
        <ele>761.82</ele>
      </trkpt>
      <trkpt lat="34.94889" lon="-116.84447">
        <ele>762.01</ele>
      </trkpt>
      <trkpt lat="34.94895" lon="-116.84447">
        <ele>762.66</ele>
      </trkpt>
      <trkpt lat="34.94901" lon="-116.84446">
        <ele>763.0</ele>
      </trkpt>
      <trkpt lat="34.94906" lon="-116.84446">
        <ele>763.0</ele>
      </trkpt>
      <trkpt lat="34.94912" lon="-116.84446">
        <ele>763.5</ele>
      </trkpt>
      <trkpt lat="34.94917" lon="-116.84446">
        <ele>764.04</ele>
      </trkpt>
      <trkpt lat="34.94923" lon="-116.84446">
        <ele>764.68</ele>
      </trkpt>
      <trkpt lat="34.94928" lon="-116.84446">
        <ele>765.26</ele>
      </trkpt>
      <trkpt lat="34.94933" lon="-116.84446">
        <ele>765.89</ele>
      </trkpt>
      <trkpt lat="34.94938" lon="-116.84447">
        <ele>766.88</ele>
      </trkpt>
      <trkpt lat="34.94944" lon="-116.84449">
        <ele>768.4</ele>
      </trkpt>
      <trkpt lat="34.94949" lon="-116.84451">
        <ele>769.34</ele>
      </trkpt>
      <trkpt lat="34.94955" lon="-116.84453">
        <ele>770.27</ele>
      </trkpt>
      <trkpt lat="34.94961" lon="-116.84456">
        <ele>771.58</ele>
      </trkpt>
      <trkpt lat="34.94967" lon="-116.84459">
        <ele>773.31</ele>
      </trkpt>
      <trkpt lat="34.94973" lon="-116.84461">
        <ele>775.0</ele>
      </trkpt>
      <trkpt lat="34.94978" lon="-116.84463">
        <ele>775.0</ele>
      </trkpt>
      <trkpt lat="34.94984" lon="-116.84463">
        <ele>775.27</ele>
      </trkpt>
      <trkpt lat="34.94989" lon="-116.84463">
        <ele>775.81</ele>
      </trkpt>
      <trkpt lat="34.94993" lon="-116.84462">
        <ele>775.92</ele>
      </trkpt>
      <trkpt lat="34.94996" lon="-116.84459">
        <ele>775.82</ele>
      </trkpt>
      <trkpt lat="34.94998" lon="-116.84456">
        <ele>775.84</ele>
      </trkpt>
      <trkpt lat="34.94999" lon="-116.84452">
        <ele>775.73</ele>
      </trkpt>
      <trkpt lat="34.95" lon="-116.84447">
        <ele>775.28</ele>
      </trkpt>
      <trkpt lat="34.95001" lon="-116.84441">
        <ele>774.84</ele>
      </trkpt>
      <trkpt lat="34.95002" lon="-116.84434">
        <ele>774.33</ele>
      </trkpt>
      <trkpt lat="34.95004" lon="-116.84426">
        <ele>774.3</ele>
      </trkpt>
      <trkpt lat="34.95005" lon="-116.84418">
        <ele>772.91</ele>
      </trkpt>
      <trkpt lat="34.95007" lon="-116.8441">
        <ele>772.0</ele>
      </trkpt>
      <trkpt lat="34.9501" lon="-116.84402">
        <ele>771.58</ele>
      </trkpt>
      <trkpt lat="34.95012" lon="-116.84394">
        <ele>771.28</ele>
      </trkpt>
      <trkpt lat="34.95014" lon="-116.84386">
        <ele>771.38</ele>
      </trkpt>
      <trkpt lat="34.95016" lon="-116.84379">
        <ele>771.46</ele>
      </trkpt>
      <trkpt lat="34.95018" lon="-116.84373">
        <ele>771.89</ele>
      </trkpt>
      <trkpt lat="34.9502" lon="-116.84369">
        <ele>772.3</ele>
      </trkpt>
      <trkpt lat="34.95025" lon="-116.84368">
        <ele>773.22</ele>
      </trkpt>
      <trkpt lat="34.95026" lon="-116.84372">
        <ele>773.76</ele>
      </trkpt>
      <trkpt lat="34.95026" lon="-116.84376">
        <ele>774.11</ele>
      </trkpt>
      <trkpt lat="34.95025" lon="-116.84381">
        <ele>774.14</ele>
      </trkpt>
      <trkpt lat="34.95021" lon="-116.84382">
        <ele>772.99</ele>
      </trkpt>
      <trkpt lat="34.95017" lon="-116.84381">
        <ele>771.8</ele>
      </trkpt>
      <trkpt lat="34.95017" lon="-116.84376">
        <ele>771.67</ele>
      </trkpt>
      <trkpt lat="34.95018" lon="-116.84373">
        <ele>771.89</ele>
      </trkpt>
      <trkpt lat="34.9502" lon="-116.84369">
        <ele>772.3</ele>
      </trkpt>
      <trkpt lat="34.9502" lon="-116.84375">
        <ele>772.4</ele>
      </trkpt>
      <trkpt lat="34.95019" lon="-116.8438">
        <ele>772.19</ele>
      </trkpt>
      <trkpt lat="34.95019" lon="-116.84373">
        <ele>772.12</ele>
      </trkpt>
      <trkpt lat="34.95022" lon="-116.84368">
        <ele>772.66</ele>
      </trkpt>
      <trkpt lat="34.95026" lon="-116.84361">
        <ele>772.81</ele>
      </trkpt>
      <trkpt lat="34.95029" lon="-116.84356">
        <ele>773.13</ele>
      </trkpt>
      <trkpt lat="34.95032" lon="-116.84353">
        <ele>773.46</ele>
      </trkpt>
      <trkpt lat="34.95036" lon="-116.8435">
        <ele>773.91</ele>
      </trkpt>
      <trkpt lat="34.95039" lon="-116.84347">
        <ele>774.0</ele>
      </trkpt>
      <trkpt lat="34.95042" lon="-116.84346">
        <ele>774.0</ele>
      </trkpt>
      <trkpt lat="34.95045" lon="-116.84344">
        <ele>774.0</ele>
      </trkpt>
      <trkpt lat="34.95049" lon="-116.84338">
        <ele>774.29</ele>
      </trkpt>
      <trkpt lat="34.95051" lon="-116.84333">
        <ele>774.53</ele>
      </trkpt>
      <trkpt lat="34.95053" lon="-116.84331">
        <ele>774.79</ele>
      </trkpt>
      <trkpt lat="34.95058" lon="-116.8433">
        <ele>775.53</ele>
      </trkpt>
      <trkpt lat="34.95064" lon="-116.84331">
        <ele>776.82</ele>
      </trkpt>
      <trkpt lat="34.95067" lon="-116.84331">
        <ele>777.65</ele>
      </trkpt>
      <trkpt lat="34.9507" lon="-116.84332">
        <ele>778.6</ele>
      </trkpt>
      <trkpt lat="34.95073" lon="-116.84332">
        <ele>779.52</ele>
      </trkpt>
      <trkpt lat="34.95077" lon="-116.84333">
        <ele>780.9</ele>
      </trkpt>
      <trkpt lat="34.9508" lon="-116.84333">
        <ele>781.86</ele>
      </trkpt>
      <trkpt lat="34.95082" lon="-116.84333">
        <ele>782.5</ele>
      </trkpt>
      <trkpt lat="34.95086" lon="-116.84333">
        <ele>783.78</ele>
      </trkpt>
      <trkpt lat="34.95084" lon="-116.84335">
        <ele>783.41</ele>
      </trkpt>
      <trkpt lat="34.9508" lon="-116.84335">
        <ele>782.1</ele>
      </trkpt>
      <trkpt lat="34.95076" lon="-116.84334">
        <ele>780.7</ele>
      </trkpt>
      <trkpt lat="34.95072" lon="-116.84334">
        <ele>779.4</ele>
      </trkpt>
      <trkpt lat="34.95069" lon="-116.84334">
        <ele>778.43</ele>
      </trkpt>
      <trkpt lat="34.95066" lon="-116.84333">
        <ele>777.38</ele>
      </trkpt>
      <trkpt lat="34.95064" lon="-116.84329">
        <ele>776.82</ele>
      </trkpt>
      <trkpt lat="34.95059" lon="-116.84328">
        <ele>775.74</ele>
      </trkpt>
      <trkpt lat="34.95055" lon="-116.84328">
        <ele>774.97</ele>
      </trkpt>
      <trkpt lat="34.95052" lon="-116.84328">
        <ele>774.84</ele>
      </trkpt>
      <trkpt lat="34.95048" lon="-116.84334">
        <ele>774.18</ele>
      </trkpt>
      <trkpt lat="34.95046" lon="-116.84339">
        <ele>774.01</ele>
      </trkpt>
      <trkpt lat="34.95045" lon="-116.84341">
        <ele>774.02</ele>
      </trkpt>
      <trkpt lat="34.95042" lon="-116.84343">
        <ele>774.0</ele>
      </trkpt>
      <trkpt lat="34.95039" lon="-116.84345">
        <ele>774.0</ele>
      </trkpt>
      <trkpt lat="34.95036" lon="-116.84347">
        <ele>773.95</ele>
      </trkpt>
      <trkpt lat="34.95033" lon="-116.8435">
        <ele>773.65</ele>
      </trkpt>
      <trkpt lat="34.9503" lon="-116.84353">
        <ele>773.24</ele>
      </trkpt>
      <trkpt lat="34.95026" lon="-116.84357">
        <ele>772.89</ele>
      </trkpt>
      <trkpt lat="34.95023" lon="-116.84362">
        <ele>772.53</ele>
      </trkpt>
      <trkpt lat="34.95019" lon="-116.84368">
        <ele>772.09</ele>
      </trkpt>
      <trkpt lat="34.95015" lon="-116.84376">
        <ele>771.24</ele>
      </trkpt>
      <trkpt lat="34.95012" lon="-116.84385">
        <ele>770.76</ele>
      </trkpt>
      <trkpt lat="34.95009" lon="-116.84394">
        <ele>770.51</ele>
      </trkpt>
      <trkpt lat="34.95006" lon="-116.84404">
        <ele>770.93</ele>
      </trkpt>
      <trkpt lat="34.95004" lon="-116.84414">
        <ele>771.88</ele>
      </trkpt>
      <trkpt lat="34.95003" lon="-116.84424">
        <ele>773.56</ele>
      </trkpt>
      <trkpt lat="34.95002" lon="-116.84433">
        <ele>774.25</ele>
      </trkpt>
      <trkpt lat="34.95001" lon="-116.8444">
        <ele>774.74</ele>
      </trkpt>
      <trkpt lat="34.95001" lon="-116.84447">
        <ele>775.46</ele>
      </trkpt>
      <trkpt lat="34.95001" lon="-116.84452">
        <ele>775.94</ele>
      </trkpt>
      <trkpt lat="34.95004" lon="-116.84458">
        <ele>776.43</ele>
      </trkpt>
      <trkpt lat="34.95007" lon="-116.84459">
        <ele>776.76</ele>
      </trkpt>
      <trkpt lat="34.95011" lon="-116.8446">
        <ele>777.12</ele>
      </trkpt>
      <trkpt lat="34.95014" lon="-116.8446">
        <ele>777.33</ele>
      </trkpt>
      <trkpt lat="34.95018" lon="-116.8446">
        <ele>777.6</ele>
      </trkpt>
      <trkpt lat="34.95023" lon="-116.8446">
        <ele>777.64</ele>
      </trkpt>
      <trkpt lat="34.95025" lon="-116.8446">
        <ele>777.64</ele>
      </trkpt>
      <trkpt lat="34.95029" lon="-116.84459">
        <ele>777.86</ele>
      </trkpt>
      <trkpt lat="34.95032" lon="-116.84459">
        <ele>777.86</ele>
      </trkpt>
      <trkpt lat="34.95036" lon="-116.84458">
        <ele>778.07</ele>
      </trkpt>
      <trkpt lat="34.9504" lon="-116.84457">
        <ele>778.4</ele>
      </trkpt>
      <trkpt lat="34.95045" lon="-116.84454">
        <ele>778.96</ele>
      </trkpt>
      <trkpt lat="34.95049" lon="-116.84452">
        <ele>779.18</ele>
      </trkpt>
      <trkpt lat="34.95053" lon="-116.84451">
        <ele>779.29</ele>
      </trkpt>
      <trkpt lat="34.95056" lon="-116.8445">
        <ele>779.43</ele>
      </trkpt>
      <trkpt lat="34.95059" lon="-116.84449">
        <ele>779.69</ele>
      </trkpt>
      <trkpt lat="34.95064" lon="-116.84448">
        <ele>779.97</ele>
      </trkpt>
      <trkpt lat="34.95068" lon="-116.84448">
        <ele>780.42</ele>
      </trkpt>
      <trkpt lat="34.95072" lon="-116.84448">
        <ele>780.96</ele>
      </trkpt>
      <trkpt lat="34.95077" lon="-116.84448">
        <ele>782.18</ele>
      </trkpt>
      <trkpt lat="34.95081" lon="-116.84448">
        <ele>783.48</ele>
      </trkpt>
      <trkpt lat="34.95085" lon="-116.84448">
        <ele>784.41</ele>
      </trkpt>
      <trkpt lat="34.95089" lon="-116.84448">
        <ele>784.84</ele>
      </trkpt>
      <trkpt lat="34.95093" lon="-116.84448">
        <ele>785.23</ele>
      </trkpt>
      <trkpt lat="34.95096" lon="-116.84447">
        <ele>785.45</ele>
      </trkpt>
      <trkpt lat="34.95101" lon="-116.84446">
        <ele>785.66</ele>
      </trkpt>
      <trkpt lat="34.95105" lon="-116.84446">
        <ele>785.61</ele>
      </trkpt>
      <trkpt lat="34.95109" lon="-116.84445">
        <ele>785.83</ele>
      </trkpt>
      <trkpt lat="34.95114" lon="-116.84445">
        <ele>786.15</ele>
      </trkpt>
      <trkpt lat="34.95118" lon="-116.84444">
        <ele>787.04</ele>
      </trkpt>
      <trkpt lat="34.95121" lon="-116.84444">
        <ele>787.42</ele>
      </trkpt>
      <trkpt lat="34.95125" lon="-116.84444">
        <ele>788.29</ele>
      </trkpt>
      <trkpt lat="34.95129" lon="-116.84444">
        <ele>789.15</ele>
      </trkpt>
      <trkpt lat="34.95132" lon="-116.84444">
        <ele>790.04</ele>
      </trkpt>
      <trkpt lat="34.95135" lon="-116.84446">
        <ele>790.47</ele>
      </trkpt>
      <trkpt lat="34.95138" lon="-116.84448">
        <ele>790.98</ele>
      </trkpt>
      <trkpt lat="34.9514" lon="-116.8445">
        <ele>791.09</ele>
      </trkpt>
      <trkpt lat="34.95143" lon="-116.84452">
        <ele>791.34</ele>
      </trkpt>
      <trkpt lat="34.95145" lon="-116.84453">
        <ele>791.52</ele>
      </trkpt>
      <trkpt lat="34.95147" lon="-116.84457">
        <ele>791.13</ele>
      </trkpt>
      <trkpt lat="34.95148" lon="-116.8446">
        <ele>790.63</ele>
      </trkpt>
      <trkpt lat="34.95149" lon="-116.84463">
        <ele>790.19</ele>
      </trkpt>
      <trkpt lat="34.95153" lon="-116.84465">
        <ele>791.37</ele>
      </trkpt>
      <trkpt lat="34.95155" lon="-116.84465">
        <ele>791.76</ele>
      </trkpt>
      <trkpt lat="34.95158" lon="-116.84464">
        <ele>792.24</ele>
      </trkpt>
      <trkpt lat="34.95162" lon="-116.84463">
        <ele>793.0</ele>
      </trkpt>
      <trkpt lat="34.95165" lon="-116.84462">
        <ele>793.83</ele>
      </trkpt>
      <trkpt lat="34.95168" lon="-116.84463">
        <ele>794.29</ele>
      </trkpt>
      <trkpt lat="34.95171" lon="-116.84463">
        <ele>794.94</ele>
      </trkpt>
      <trkpt lat="34.95175" lon="-116.84462">
        <ele>796.29</ele>
      </trkpt>
      <trkpt lat="34.95179" lon="-116.84462">
        <ele>797.18</ele>
      </trkpt>
      <trkpt lat="34.95182" lon="-116.84462">
        <ele>797.83</ele>
      </trkpt>
      <trkpt lat="34.95185" lon="-116.84462">
        <ele>798.48</ele>
      </trkpt>
      <trkpt lat="34.95188" lon="-116.84464">
        <ele>799.07</ele>
      </trkpt>
      <trkpt lat="34.95192" lon="-116.84466">
        <ele>800.37</ele>
      </trkpt>
      <trkpt lat="34.95196" lon="-116.8447">
        <ele>801.06</ele>
      </trkpt>
      <trkpt lat="34.95198" lon="-116.84475">
        <ele>801.04</ele>
      </trkpt>
      <trkpt lat="34.95201" lon="-116.8448">
        <ele>801.53</ele>
      </trkpt>
      <trkpt lat="34.95203" lon="-116.84485">
        <ele>802.31</ele>
      </trkpt>
      <trkpt lat="34.95205" lon="-116.84489">
        <ele>803.0</ele>
      </trkpt>
      <trkpt lat="34.95206" lon="-116.84494">
        <ele>804.04</ele>
      </trkpt>
      <trkpt lat="34.95207" lon="-116.84497">
        <ele>804.66</ele>
      </trkpt>
      <trkpt lat="34.95209" lon="-116.845">
        <ele>804.86</ele>
      </trkpt>
      <trkpt lat="34.95211" lon="-116.84502">
        <ele>804.95</ele>
      </trkpt>
      <trkpt lat="34.95215" lon="-116.84503">
        <ele>804.8</ele>
      </trkpt>
      <trkpt lat="34.95218" lon="-116.84504">
        <ele>805.17</ele>
      </trkpt>
      <trkpt lat="34.95221" lon="-116.84505">
        <ele>805.48</ele>
      </trkpt>
      <trkpt lat="34.95223" lon="-116.84505">
        <ele>805.62</ele>
      </trkpt>
      <trkpt lat="34.95228" lon="-116.84505">
        <ele>806.16</ele>
      </trkpt>
      <trkpt lat="34.95232" lon="-116.84506">
        <ele>806.74</ele>
      </trkpt>
      <trkpt lat="34.95237" lon="-116.84507">
        <ele>807.64</ele>
      </trkpt>
      <trkpt lat="34.9524" lon="-116.84508">
        <ele>808.03</ele>
      </trkpt>
      <trkpt lat="34.95243" lon="-116.84511">
        <ele>808.2</ele>
      </trkpt>
      <trkpt lat="34.95246" lon="-116.84515">
        <ele>808.22</ele>
      </trkpt>
      <trkpt lat="34.95248" lon="-116.84517">
        <ele>808.13</ele>
      </trkpt>
      <trkpt lat="34.9525" lon="-116.8452">
        <ele>808.32</ele>
      </trkpt>
      <trkpt lat="34.95251" lon="-116.84524">
        <ele>809.34</ele>
      </trkpt>
      <trkpt lat="34.95253" lon="-116.8453">
        <ele>810.56</ele>
      </trkpt>
      <trkpt lat="34.95255" lon="-116.84534">
        <ele>811.21</ele>
      </trkpt>
      <trkpt lat="34.95256" lon="-116.84538">
        <ele>811.83</ele>
      </trkpt>
      <trkpt lat="34.95258" lon="-116.84543">
        <ele>812.68</ele>
      </trkpt>
      <trkpt lat="34.9526" lon="-116.8455">
        <ele>813.66</ele>
      </trkpt>
      <trkpt lat="34.95261" lon="-116.84555">
        <ele>814.34</ele>
      </trkpt>
      <trkpt lat="34.95263" lon="-116.84561">
        <ele>815.16</ele>
      </trkpt>
      <trkpt lat="34.95264" lon="-116.84567">
        <ele>815.86</ele>
      </trkpt>
      <trkpt lat="34.95266" lon="-116.84573">
        <ele>816.85</ele>
      </trkpt>
      <trkpt lat="34.95268" lon="-116.8458">
        <ele>816.43</ele>
      </trkpt>
      <trkpt lat="34.95271" lon="-116.84587">
        <ele>815.34</ele>
      </trkpt>
      <trkpt lat="34.95274" lon="-116.84594">
        <ele>814.56</ele>
      </trkpt>
      <trkpt lat="34.95277" lon="-116.846">
        <ele>814.88</ele>
      </trkpt>
      <trkpt lat="34.9528" lon="-116.84607">
        <ele>815.66</ele>
      </trkpt>
      <trkpt lat="34.95284" lon="-116.84614">
        <ele>816.41</ele>
      </trkpt>
      <trkpt lat="34.95288" lon="-116.84621">
        <ele>816.89</ele>
      </trkpt>
      <trkpt lat="34.95291" lon="-116.84627">
        <ele>816.27</ele>
      </trkpt>
      <trkpt lat="34.95295" lon="-116.84631">
        <ele>815.43</ele>
      </trkpt>
      <trkpt lat="34.95299" lon="-116.84633">
        <ele>815.15</ele>
      </trkpt>
      <trkpt lat="34.95303" lon="-116.84635">
        <ele>814.74</ele>
      </trkpt>
      <trkpt lat="34.95308" lon="-116.84636">
        <ele>814.31</ele>
      </trkpt>
      <trkpt lat="34.95314" lon="-116.84637">
        <ele>814.2</ele>
      </trkpt>
      <trkpt lat="34.95319" lon="-116.84637">
        <ele>815.11</ele>
      </trkpt>
      <trkpt lat="34.95324" lon="-116.84637">
        <ele>816.19</ele>
      </trkpt>
      <trkpt lat="34.95328" lon="-116.84635">
        <ele>816.67</ele>
      </trkpt>
      <trkpt lat="34.95333" lon="-116.84632">
        <ele>816.99</ele>
      </trkpt>
      <trkpt lat="34.95337" lon="-116.8463">
        <ele>817.0</ele>
      </trkpt>
      <trkpt lat="34.95341" lon="-116.84628">
        <ele>817.21</ele>
      </trkpt>
      <trkpt lat="34.95347" lon="-116.84627">
        <ele>817.62</ele>
      </trkpt>
      <trkpt lat="34.95352" lon="-116.84624">
        <ele>818.02</ele>
      </trkpt>
      <trkpt lat="34.95357" lon="-116.84623">
        <ele>818.56</ele>
      </trkpt>
      <trkpt lat="34.95361" lon="-116.84622">
        <ele>818.99</ele>
      </trkpt>
      <trkpt lat="34.95365" lon="-116.84622">
        <ele>819.42</ele>
      </trkpt>
      <trkpt lat="34.95369" lon="-116.84623">
        <ele>819.85</ele>
      </trkpt>
      <trkpt lat="34.95373" lon="-116.84624">
        <ele>820.28</ele>
      </trkpt>
      <trkpt lat="34.95378" lon="-116.84625">
        <ele>820.82</ele>
      </trkpt>
      <trkpt lat="34.95382" lon="-116.84625">
        <ele>821.26</ele>
      </trkpt>
      <trkpt lat="34.95386" lon="-116.84625">
        <ele>821.69</ele>
      </trkpt>
      <trkpt lat="34.95388" lon="-116.84624">
        <ele>821.9</ele>
      </trkpt>
      <trkpt lat="34.95391" lon="-116.84621">
        <ele>822.23</ele>
      </trkpt>
      <trkpt lat="34.95391" lon="-116.84617">
        <ele>822.23</ele>
      </trkpt>
      <trkpt lat="34.95391" lon="-116.84612">
        <ele>822.23</ele>
      </trkpt>
      <trkpt lat="34.95391" lon="-116.84606">
        <ele>822.35</ele>
      </trkpt>
      <trkpt lat="34.9539" lon="-116.846">
        <ele>822.46</ele>
      </trkpt>
      <trkpt lat="34.95387" lon="-116.84594">
        <ele>822.5</ele>
      </trkpt>
      <trkpt lat="34.95386" lon="-116.84588">
        <ele>821.88</ele>
      </trkpt>
      <trkpt lat="34.95384" lon="-116.84583">
        <ele>820.94</ele>
      </trkpt>
      <trkpt lat="34.95384" lon="-116.84578">
        <ele>820.94</ele>
      </trkpt>
      <trkpt lat="34.95383" lon="-116.84574">
        <ele>820.73</ele>
      </trkpt>
      <trkpt lat="34.95383" lon="-116.84567">
        <ele>820.94</ele>
      </trkpt>
      <trkpt lat="34.95384" lon="-116.84561">
        <ele>821.44</ele>
      </trkpt>
      <trkpt lat="34.95387" lon="-116.84557">
        <ele>821.34</ele>
      </trkpt>
      <trkpt lat="34.95391" lon="-116.84555">
        <ele>820.91</ele>
      </trkpt>
      <trkpt lat="34.95394" lon="-116.84552">
        <ele>820.96</ele>
      </trkpt>
      <trkpt lat="34.95398" lon="-116.84549">
        <ele>820.05</ele>
      </trkpt>
      <trkpt lat="34.95402" lon="-116.84545">
        <ele>820.47</ele>
      </trkpt>
      <trkpt lat="34.95406" lon="-116.84542">
        <ele>820.75</ele>
      </trkpt>
      <trkpt lat="34.9541" lon="-116.84539">
        <ele>820.57</ele>
      </trkpt>
      <trkpt lat="34.95415" lon="-116.84536">
        <ele>820.54</ele>
      </trkpt>
      <trkpt lat="34.95419" lon="-116.84535">
        <ele>820.6</ele>
      </trkpt>
      <trkpt lat="34.95425" lon="-116.84533">
        <ele>820.92</ele>
      </trkpt>
      <trkpt lat="34.95431" lon="-116.84531">
        <ele>822.04</ele>
      </trkpt>
      <trkpt lat="34.95436" lon="-116.84529">
        <ele>822.7</ele>
      </trkpt>
      <trkpt lat="34.95441" lon="-116.84527">
        <ele>821.91</ele>
      </trkpt>
      <trkpt lat="34.95446" lon="-116.84525">
        <ele>821.65</ele>
      </trkpt>
      <trkpt lat="34.95452" lon="-116.84524">
        <ele>822.15</ele>
      </trkpt>
      <trkpt lat="34.95456" lon="-116.84524">
        <ele>822.72</ele>
      </trkpt>
      <trkpt lat="34.95458" lon="-116.84525">
        <ele>822.83</ele>
      </trkpt>
      <trkpt lat="34.95461" lon="-116.84527">
        <ele>822.83</ele>
      </trkpt>
      <trkpt lat="34.95464" lon="-116.84532">
        <ele>823.17</ele>
      </trkpt>
      <trkpt lat="34.95467" lon="-116.84538">
        <ele>823.44</ele>
      </trkpt>
      <trkpt lat="34.9547" lon="-116.84545">
        <ele>823.76</ele>
      </trkpt>
      <trkpt lat="34.95475" lon="-116.84551">
        <ele>824.6</ele>
      </trkpt>
      <trkpt lat="34.95481" lon="-116.84553">
        <ele>825.9</ele>
      </trkpt>
      <trkpt lat="34.95487" lon="-116.84553">
        <ele>826.76</ele>
      </trkpt>
      <trkpt lat="34.95493" lon="-116.84553">
        <ele>827.34</ele>
      </trkpt>
      <trkpt lat="34.95499" lon="-116.84553">
        <ele>827.52</ele>
      </trkpt>
      <trkpt lat="34.95505" lon="-116.84552">
        <ele>828.85</ele>
      </trkpt>
      <trkpt lat="34.95511" lon="-116.84551">
        <ele>830.27</ele>
      </trkpt>
      <trkpt lat="34.95518" lon="-116.84552">
        <ele>831.29</ele>
      </trkpt>
      <trkpt lat="34.95525" lon="-116.84553">
        <ele>831.98</ele>
      </trkpt>
      <trkpt lat="34.9553" lon="-116.84555">
        <ele>832.06</ele>
      </trkpt>
      <trkpt lat="34.95537" lon="-116.84557">
        <ele>832.16</ele>
      </trkpt>
      <trkpt lat="34.95544" lon="-116.84557">
        <ele>832.27</ele>
      </trkpt>
      <trkpt lat="34.95552" lon="-116.84557">
        <ele>832.83</ele>
      </trkpt>
      <trkpt lat="34.95559" lon="-116.84556">
        <ele>833.4</ele>
      </trkpt>
      <trkpt lat="34.95563" lon="-116.84554">
        <ele>833.8</ele>
      </trkpt>
      <trkpt lat="34.95566" lon="-116.84552">
        <ele>834.13</ele>
      </trkpt>
      <trkpt lat="34.95566" lon="-116.84548">
        <ele>834.13</ele>
      </trkpt>
      <trkpt lat="34.95569" lon="-116.84546">
        <ele>834.49</ele>
      </trkpt>
      <trkpt lat="34.95572" lon="-116.84546">
        <ele>834.79</ele>
      </trkpt>
      <trkpt lat="34.95577" lon="-116.84545">
        <ele>835.27</ele>
      </trkpt>
      <trkpt lat="34.95581" lon="-116.84544">
        <ele>835.56</ele>
      </trkpt>
      <trkpt lat="34.95586" lon="-116.84544">
        <ele>836.4</ele>
      </trkpt>
      <trkpt lat="34.95589" lon="-116.84543">
        <ele>837.09</ele>
      </trkpt>
      <trkpt lat="34.95593" lon="-116.84541">
        <ele>838.13</ele>
      </trkpt>
      <trkpt lat="34.95597" lon="-116.84539">
        <ele>839.43</ele>
      </trkpt>
      <trkpt lat="34.956" lon="-116.84538">
        <ele>840.4</ele>
      </trkpt>
      <trkpt lat="34.95603" lon="-116.84539">
        <ele>841.25</ele>
      </trkpt>
      <trkpt lat="34.95606" lon="-116.84542">
        <ele>841.9</ele>
      </trkpt>
      <trkpt lat="34.95609" lon="-116.84544">
        <ele>842.54</ele>
      </trkpt>
      <trkpt lat="34.95614" lon="-116.84545">
        <ele>843.31</ele>
      </trkpt>
      <trkpt lat="34.95618" lon="-116.84544">
        <ele>843.74</ele>
      </trkpt>
      <trkpt lat="34.9562" lon="-116.84544">
        <ele>843.96</ele>
      </trkpt>
      <trkpt lat="34.95623" lon="-116.84544">
        <ele>844.43</ele>
      </trkpt>
      <trkpt lat="34.95627" lon="-116.84545">
        <ele>845.23</ele>
      </trkpt>
      <trkpt lat="34.95632" lon="-116.84547">
        <ele>846.1</ele>
      </trkpt>
      <trkpt lat="34.95635" lon="-116.84549">
        <ele>846.46</ele>
      </trkpt>
      <trkpt lat="34.95639" lon="-116.84553">
        <ele>847.45</ele>
      </trkpt>
      <trkpt lat="34.95641" lon="-116.84556">
        <ele>848.05</ele>
      </trkpt>
      <trkpt lat="34.95643" lon="-116.84559">
        <ele>848.37</ele>
      </trkpt>
      <trkpt lat="34.95645" lon="-116.84566">
        <ele>849.13</ele>
      </trkpt>
      <trkpt lat="34.95648" lon="-116.84571">
        <ele>849.67</ele>
      </trkpt>
      <trkpt lat="34.95651" lon="-116.84577">
        <ele>850.84</ele>
      </trkpt>
      <trkpt lat="34.95655" lon="-116.84582">
        <ele>851.82</ele>
      </trkpt>
      <trkpt lat="34.95659" lon="-116.84588">
        <ele>853.09</ele>
      </trkpt>
      <trkpt lat="34.95663" lon="-116.84592">
        <ele>853.91</ele>
      </trkpt>
      <trkpt lat="34.95667" lon="-116.84596">
        <ele>854.76</ele>
      </trkpt>
      <trkpt lat="34.9567" lon="-116.84599">
        <ele>855.49</ele>
      </trkpt>
      <trkpt lat="34.95672" lon="-116.84601">
        <ele>855.87</ele>
      </trkpt>
      <trkpt lat="34.95675" lon="-116.84603">
        <ele>856.24</ele>
      </trkpt>
      <trkpt lat="34.95678" lon="-116.84606">
        <ele>857.12</ele>
      </trkpt>
      <trkpt lat="34.95679" lon="-116.84613">
        <ele>858.54</ele>
      </trkpt>
      <trkpt lat="34.9568" lon="-116.84619">
        <ele>859.29</ele>
      </trkpt>
      <trkpt lat="34.95681" lon="-116.84625">
        <ele>859.55</ele>
      </trkpt>
      <trkpt lat="34.95683" lon="-116.84629">
        <ele>859.76</ele>
      </trkpt>
      <trkpt lat="34.95686" lon="-116.84632">
        <ele>859.49</ele>
      </trkpt>
      <trkpt lat="34.9569" lon="-116.84632">
        <ele>859.49</ele>
      </trkpt>
      <trkpt lat="34.95694" lon="-116.84628">
        <ele>860.17</ele>
      </trkpt>
      <trkpt lat="34.95696" lon="-116.84626">
        <ele>860.22</ele>
      </trkpt>
      <trkpt lat="34.95699" lon="-116.84624">
        <ele>860.12</ele>
      </trkpt>
      <trkpt lat="34.95701" lon="-116.84622">
        <ele>860.12</ele>
      </trkpt>
      <trkpt lat="34.95704" lon="-116.8462">
        <ele>859.9</ele>
      </trkpt>
      <trkpt lat="34.95707" lon="-116.84618">
        <ele>859.03</ele>
      </trkpt>
      <trkpt lat="34.9571" lon="-116.84616">
        <ele>858.17</ele>
      </trkpt>
      <trkpt lat="34.95712" lon="-116.84615">
        <ele>857.63</ele>
      </trkpt>
      <trkpt lat="34.95716" lon="-116.84613">
        <ele>856.88</ele>
      </trkpt>
      <trkpt lat="34.95721" lon="-116.8461">
        <ele>856.12</ele>
      </trkpt>
      <trkpt lat="34.95726" lon="-116.84608">
        <ele>855.86</ele>
      </trkpt>
      <trkpt lat="34.95732" lon="-116.84608">
        <ele>855.7</ele>
      </trkpt>
      <trkpt lat="34.95737" lon="-116.84608">
        <ele>856.06</ele>
      </trkpt>
      <trkpt lat="34.95742" lon="-116.84608">
        <ele>856.51</ele>
      </trkpt>
      <trkpt lat="34.95747" lon="-116.84609">
        <ele>857.37</ele>
      </trkpt>
      <trkpt lat="34.95751" lon="-116.84609">
        <ele>857.88</ele>
      </trkpt>
      <trkpt lat="34.95755" lon="-116.84608">
        <ele>858.2</ele>
      </trkpt>
      <trkpt lat="34.95757" lon="-116.84607">
        <ele>858.31</ele>
      </trkpt>
      <trkpt lat="34.95759" lon="-116.84603">
        <ele>858.1</ele>
      </trkpt>
      <trkpt lat="34.9576" lon="-116.84599">
        <ele>857.77</ele>
      </trkpt>
      <trkpt lat="34.95761" lon="-116.84595">
        <ele>857.45</ele>
      </trkpt>
      <trkpt lat="34.95763" lon="-116.84591">
        <ele>857.3</ele>
      </trkpt>
      <trkpt lat="34.95764" lon="-116.84586">
        <ele>857.16</ele>
      </trkpt>
      <trkpt lat="34.95765" lon="-116.84581">
        <ele>857.08</ele>
      </trkpt>
      <trkpt lat="34.95766" lon="-116.84577">
        <ele>856.96</ele>
      </trkpt>
      <trkpt lat="34.95766" lon="-116.84573">
        <ele>856.64</ele>
      </trkpt>
      <trkpt lat="34.95765" lon="-116.84569">
        <ele>856.28</ele>
      </trkpt>
      <trkpt lat="34.95765" lon="-116.84565">
        <ele>856.01</ele>
      </trkpt>
      <trkpt lat="34.95763" lon="-116.84562">
        <ele>855.51</ele>
      </trkpt>
      <trkpt lat="34.9576" lon="-116.84556">
        <ele>854.17</ele>
      </trkpt>
      <trkpt lat="34.95759" lon="-116.84553">
        <ele>853.11</ele>
      </trkpt>
      <trkpt lat="34.95758" lon="-116.8455">
        <ele>851.85</ele>
      </trkpt>
      <trkpt lat="34.95756" lon="-116.84545">
        <ele>849.76</ele>
      </trkpt>
      <trkpt lat="34.95754" lon="-116.84542">
        <ele>848.9</ele>
      </trkpt>
      <trkpt lat="34.95752" lon="-116.84539">
        <ele>848.31</ele>
      </trkpt>
      <trkpt lat="34.95749" lon="-116.84535">
        <ele>848.11</ele>
      </trkpt>
      <trkpt lat="34.95747" lon="-116.84531">
        <ele>848.33</ele>
      </trkpt>
      <trkpt lat="34.95745" lon="-116.84529">
        <ele>848.33</ele>
      </trkpt>
      <trkpt lat="34.95743" lon="-116.84527">
        <ele>848.33</ele>
      </trkpt>
      <trkpt lat="34.95737" lon="-116.84525">
        <ele>848.02</ele>
      </trkpt>
      <trkpt lat="34.95734" lon="-116.84525">
        <ele>847.79</ele>
      </trkpt>
      <trkpt lat="34.9573" lon="-116.84525">
        <ele>847.55</ele>
      </trkpt>
      <trkpt lat="34.95724" lon="-116.84526">
        <ele>847.23</ele>
      </trkpt>
      <trkpt lat="34.9572" lon="-116.84526">
        <ele>847.19</ele>
      </trkpt>
      <trkpt lat="34.95716" lon="-116.84525">
        <ele>847.3</ele>
      </trkpt>
      <trkpt lat="34.95713" lon="-116.84522">
        <ele>847.62</ele>
      </trkpt>
      <trkpt lat="34.95712" lon="-116.84517">
        <ele>848.16</ele>
      </trkpt>
      <trkpt lat="34.95713" lon="-116.84513">
        <ele>848.6</ele>
      </trkpt>
      <trkpt lat="34.95716" lon="-116.8451">
        <ele>848.92</ele>
      </trkpt>
      <trkpt lat="34.95719" lon="-116.84507">
        <ele>849.24</ele>
      </trkpt>
      <trkpt lat="34.95723" lon="-116.84503">
        <ele>849.76</ele>
      </trkpt>
      <trkpt lat="34.95726" lon="-116.84501">
        <ele>850.3</ele>
      </trkpt>
      <trkpt lat="34.95728" lon="-116.84498">
        <ele>850.84</ele>
      </trkpt>
      <trkpt lat="34.9573" lon="-116.84495">
        <ele>851.38</ele>
      </trkpt>
      <trkpt lat="34.95732" lon="-116.84492">
        <ele>851.87</ele>
      </trkpt>
      <trkpt lat="34.95733" lon="-116.84488">
        <ele>852.3</ele>
      </trkpt>
      <trkpt lat="34.95733" lon="-116.8448">
        <ele>853.16</ele>
      </trkpt>
      <trkpt lat="34.95734" lon="-116.84474">
        <ele>853.81</ele>
      </trkpt>
      <trkpt lat="34.95734" lon="-116.84466">
        <ele>854.67</ele>
      </trkpt>
      <trkpt lat="34.95734" lon="-116.84458">
        <ele>855.68</ele>
      </trkpt>
      <trkpt lat="34.95734" lon="-116.8445">
        <ele>856.96</ele>
      </trkpt>
      <trkpt lat="34.95734" lon="-116.84442">
        <ele>858.53</ele>
      </trkpt>
      <trkpt lat="34.95734" lon="-116.84434">
        <ele>860.26</ele>
      </trkpt>
      <trkpt lat="34.95733" lon="-116.84428">
        <ele>861.55</ele>
      </trkpt>
      <trkpt lat="34.95733" lon="-116.84423">
        <ele>862.32</ele>
      </trkpt>
      <trkpt lat="34.95731" lon="-116.84419">
        <ele>862.7</ele>
      </trkpt>
      <trkpt lat="34.95729" lon="-116.84416">
        <ele>862.88</ele>
      </trkpt>
      <trkpt lat="34.95725" lon="-116.84411">
        <ele>863.52</ele>
      </trkpt>
      <trkpt lat="34.95721" lon="-116.84409">
        <ele>863.52</ele>
      </trkpt>
      <trkpt lat="34.95718" lon="-116.84406">
        <ele>863.85</ele>
      </trkpt>
      <trkpt lat="34.95715" lon="-116.84402">
        <ele>864.39</ele>
      </trkpt>
      <trkpt lat="34.95713" lon="-116.84398">
        <ele>865.02</ele>
      </trkpt>
      <trkpt lat="34.9571" lon="-116.84395">
        <ele>864.81</ele>
      </trkpt>
      <trkpt lat="34.95708" lon="-116.84391">
        <ele>865.11</ele>
      </trkpt>
      <trkpt lat="34.95705" lon="-116.84388">
        <ele>865.24</ele>
      </trkpt>
      <trkpt lat="34.95702" lon="-116.84384">
        <ele>865.34</ele>
      </trkpt>
      <trkpt lat="34.95698" lon="-116.84379">
        <ele>865.45</ele>
      </trkpt>
      <trkpt lat="34.95694" lon="-116.84375">
        <ele>865.48</ele>
      </trkpt>
      <trkpt lat="34.95689" lon="-116.84373">
        <ele>865.29</ele>
      </trkpt>
      <trkpt lat="34.95685" lon="-116.8437">
        <ele>865.04</ele>
      </trkpt>
      <trkpt lat="34.95681" lon="-116.84366">
        <ele>865.26</ele>
      </trkpt>
      <trkpt lat="34.95678" lon="-116.84363">
        <ele>865.18</ele>
      </trkpt>
      <trkpt lat="34.95674" lon="-116.8436">
        <ele>864.67</ele>
      </trkpt>
      <trkpt lat="34.95671" lon="-116.84357">
        <ele>864.02</ele>
      </trkpt>
      <trkpt lat="34.95667" lon="-116.84353">
        <ele>863.16</ele>
      </trkpt>
      <trkpt lat="34.95663" lon="-116.8435">
        <ele>862.48</ele>
      </trkpt>
      <trkpt lat="34.95659" lon="-116.84346">
        <ele>862.06</ele>
      </trkpt>
      <trkpt lat="34.95655" lon="-116.84341">
        <ele>861.61</ele>
      </trkpt>
      <trkpt lat="34.95652" lon="-116.84337">
        <ele>861.16</ele>
      </trkpt>
      <trkpt lat="34.95648" lon="-116.84332">
        <ele>860.84</ele>
      </trkpt>
      <trkpt lat="34.95644" lon="-116.84326">
        <ele>859.76</ele>
      </trkpt>
      <trkpt lat="34.95641" lon="-116.8432">
        <ele>858.69</ele>
      </trkpt>
      <trkpt lat="34.95638" lon="-116.84315">
        <ele>857.92</ele>
      </trkpt>
      <trkpt lat="34.95636" lon="-116.8431">
        <ele>857.17</ele>
      </trkpt>
      <trkpt lat="34.95635" lon="-116.84304">
        <ele>856.41</ele>
      </trkpt>
      <trkpt lat="34.95633" lon="-116.84299">
        <ele>855.66</ele>
      </trkpt>
      <trkpt lat="34.95631" lon="-116.84292">
        <ele>855.15</ele>
      </trkpt>
      <trkpt lat="34.95627" lon="-116.84285">
        <ele>854.72</ele>
      </trkpt>
      <trkpt lat="34.95624" lon="-116.84278">
        <ele>854.39</ele>
      </trkpt>
      <trkpt lat="34.95621" lon="-116.84271">
        <ele>854.02</ele>
      </trkpt>
      <trkpt lat="34.95618" lon="-116.84266">
        <ele>853.47</ele>
      </trkpt>
      <trkpt lat="34.95616" lon="-116.84262">
        <ele>852.82</ele>
      </trkpt>
      <trkpt lat="34.95613" lon="-116.84259">
        <ele>852.15</ele>
      </trkpt>
      <trkpt lat="34.9561" lon="-116.84255">
        <ele>850.95</ele>
      </trkpt>
      <trkpt lat="34.95606" lon="-116.84251">
        <ele>850.1</ele>
      </trkpt>
      <trkpt lat="34.95601" lon="-116.84246">
        <ele>849.12</ele>
      </trkpt>
      <trkpt lat="34.95597" lon="-116.84239">
        <ele>848.34</ele>
      </trkpt>
      <trkpt lat="34.95593" lon="-116.84233">
        <ele>848.12</ele>
      </trkpt>
      <trkpt lat="34.95591" lon="-116.84226">
        <ele>847.51</ele>
      </trkpt>
      <trkpt lat="34.95589" lon="-116.8422">
        <ele>847.0</ele>
      </trkpt>
      <trkpt lat="34.95587" lon="-116.84214">
        <ele>846.36</ele>
      </trkpt>
      <trkpt lat="34.95584" lon="-116.84209">
        <ele>846.03</ele>
      </trkpt>
      <trkpt lat="34.9558" lon="-116.84205">
        <ele>845.64</ele>
      </trkpt>
      <trkpt lat="34.95576" lon="-116.84202">
        <ele>845.46</ele>
      </trkpt>
      <trkpt lat="34.95573" lon="-116.842">
        <ele>845.15</ele>
      </trkpt>
      <trkpt lat="34.95571" lon="-116.84196">
        <ele>844.06</ele>
      </trkpt>
      <trkpt lat="34.95569" lon="-116.8419">
        <ele>842.71</ele>
      </trkpt>
      <trkpt lat="34.95567" lon="-116.84185">
        <ele>841.47</ele>
      </trkpt>
      <trkpt lat="34.95566" lon="-116.84179">
        <ele>841.26</ele>
      </trkpt>
      <trkpt lat="34.95564" lon="-116.84172">
        <ele>840.45</ele>
      </trkpt>
      <trkpt lat="34.95562" lon="-116.84165">
        <ele>839.03</ele>
      </trkpt>
      <trkpt lat="34.95561" lon="-116.84161">
        <ele>837.95</ele>
      </trkpt>
      <trkpt lat="34.9556" lon="-116.84158">
        <ele>837.09</ele>
      </trkpt>
      <trkpt lat="34.95558" lon="-116.84153">
        <ele>836.05</ele>
      </trkpt>
      <trkpt lat="34.95557" lon="-116.84149">
        <ele>835.4</ele>
      </trkpt>
      <trkpt lat="34.95556" lon="-116.84145">
        <ele>834.42</ele>
      </trkpt>
      <trkpt lat="34.95555" lon="-116.8414">
        <ele>833.13</ele>
      </trkpt>
      <trkpt lat="34.95553" lon="-116.84137">
        <ele>832.24</ele>
      </trkpt>
      <trkpt lat="34.95552" lon="-116.84133">
        <ele>831.6</ele>
      </trkpt>
      <trkpt lat="34.9555" lon="-116.84129">
        <ele>830.8</ele>
      </trkpt>
      <trkpt lat="34.95547" lon="-116.84127">
        <ele>830.15</ele>
      </trkpt>
      <trkpt lat="34.95545" lon="-116.84125">
        <ele>829.86</ele>
      </trkpt>
      <trkpt lat="34.95542" lon="-116.84123">
        <ele>829.54</ele>
      </trkpt>
      <trkpt lat="34.95539" lon="-116.84121">
        <ele>829.21</ele>
      </trkpt>
      <trkpt lat="34.95535" lon="-116.8412">
        <ele>829.09</ele>
      </trkpt>
      <trkpt lat="34.9553" lon="-116.84119">
        <ele>829.41</ele>
      </trkpt>
      <trkpt lat="34.95525" lon="-116.84118">
        <ele>829.84</ele>
      </trkpt>
      <trkpt lat="34.9552" lon="-116.84117">
        <ele>830.4</ele>
      </trkpt>
      <trkpt lat="34.95515" lon="-116.84117">
        <ele>829.83</ele>
      </trkpt>
      <trkpt lat="34.95512" lon="-116.84116">
        <ele>829.81</ele>
      </trkpt>
      <trkpt lat="34.95509" lon="-116.84116">
        <ele>829.3</ele>
      </trkpt>
      <trkpt lat="34.95504" lon="-116.84117">
        <ele>827.53</ele>
      </trkpt>
      <trkpt lat="34.95502" lon="-116.84117">
        <ele>827.04</ele>
      </trkpt>
      <trkpt lat="34.95498" lon="-116.84118">
        <ele>825.74</ele>
      </trkpt>
      <trkpt lat="34.95494" lon="-116.84119">
        <ele>824.94</ele>
      </trkpt>
      <trkpt lat="34.95491" lon="-116.84119">
        <ele>824.89</ele>
      </trkpt>
      <trkpt lat="34.95488" lon="-116.8412">
        <ele>823.96</ele>
      </trkpt>
      <trkpt lat="34.95485" lon="-116.84121">
        <ele>823.29</ele>
      </trkpt>
      <trkpt lat="34.95482" lon="-116.84123">
        <ele>822.76</ele>
      </trkpt>
      <trkpt lat="34.95479" lon="-116.84124">
        <ele>822.5</ele>
      </trkpt>
      <trkpt lat="34.95474" lon="-116.84125">
        <ele>822.1</ele>
      </trkpt>
      <trkpt lat="34.95471" lon="-116.84125">
        <ele>822.0</ele>
      </trkpt>
      <trkpt lat="34.95468" lon="-116.84125">
        <ele>822.0</ele>
      </trkpt>
      <trkpt lat="34.95465" lon="-116.84125">
        <ele>822.0</ele>
      </trkpt>
      <trkpt lat="34.95461" lon="-116.84125">
        <ele>821.89</ele>
      </trkpt>
      <trkpt lat="34.95458" lon="-116.84125">
        <ele>821.73</ele>
      </trkpt>
      <trkpt lat="34.95455" lon="-116.84125">
        <ele>821.57</ele>
      </trkpt>
      <trkpt lat="34.95452" lon="-116.84125">
        <ele>821.5</ele>
      </trkpt>
      <trkpt lat="34.95448" lon="-116.84125">
        <ele>821.5</ele>
      </trkpt>
      <trkpt lat="34.95444" lon="-116.84125">
        <ele>821.52</ele>
      </trkpt>
      <trkpt lat="34.9544" lon="-116.84125">
        <ele>821.74</ele>
      </trkpt>
      <trkpt lat="34.95437" lon="-116.84126">
        <ele>821.66</ele>
      </trkpt>
      <trkpt lat="34.95433" lon="-116.84125">
        <ele>822.24</ele>
      </trkpt>
      <trkpt lat="34.9543" lon="-116.84125">
        <ele>822.56</ele>
      </trkpt>
      <trkpt lat="34.95426" lon="-116.84125">
        <ele>822.99</ele>
      </trkpt>
      <trkpt lat="34.95421" lon="-116.84125">
        <ele>823.0</ele>
      </trkpt>
      <trkpt lat="34.95417" lon="-116.84125">
        <ele>823.0</ele>
      </trkpt>
      <trkpt lat="34.95412" lon="-116.84124">
        <ele>823.0</ele>
      </trkpt>
      <trkpt lat="34.95409" lon="-116.84124">
        <ele>823.0</ele>
      </trkpt>
      <trkpt lat="34.95406" lon="-116.84123">
        <ele>822.74</ele>
      </trkpt>
      <trkpt lat="34.95403" lon="-116.84121">
        <ele>822.08</ele>
      </trkpt>
      <trkpt lat="34.954" lon="-116.8412">
        <ele>821.44</ele>
      </trkpt>
      <trkpt lat="34.95397" lon="-116.84118">
        <ele>821.1</ele>
      </trkpt>
      <trkpt lat="34.95395" lon="-116.84116">
        <ele>820.97</ele>
      </trkpt>
      <trkpt lat="34.95392" lon="-116.84115">
        <ele>820.53</ele>
      </trkpt>
      <trkpt lat="34.95389" lon="-116.84113">
        <ele>820.02</ele>
      </trkpt>
      <trkpt lat="34.95385" lon="-116.84109">
        <ele>819.84</ele>
      </trkpt>
      <trkpt lat="34.95382" lon="-116.84105">
        <ele>819.59</ele>
      </trkpt>
      <trkpt lat="34.95379" lon="-116.84102">
        <ele>818.87</ele>
      </trkpt>
      <trkpt lat="34.95376" lon="-116.84101">
        <ele>818.18</ele>
      </trkpt>
      <trkpt lat="34.95373" lon="-116.84099">
        <ele>817.35</ele>
      </trkpt>
      <trkpt lat="34.95368" lon="-116.84095">
        <ele>816.19</ele>
      </trkpt>
      <trkpt lat="34.95365" lon="-116.84093">
        <ele>816.02</ele>
      </trkpt>
      <trkpt lat="34.95363" lon="-116.8409">
        <ele>816.39</ele>
      </trkpt>
      <trkpt lat="34.9536" lon="-116.84087">
        <ele>816.53</ele>
      </trkpt>
      <trkpt lat="34.95356" lon="-116.84082">
        <ele>816.66</ele>
      </trkpt>
      <trkpt lat="34.95352" lon="-116.84078">
        <ele>816.6</ele>
      </trkpt>
      <trkpt lat="34.95349" lon="-116.84074">
        <ele>816.39</ele>
      </trkpt>
      <trkpt lat="34.95345" lon="-116.84072">
        <ele>815.74</ele>
      </trkpt>
      <trkpt lat="34.95343" lon="-116.84069">
        <ele>815.64</ele>
      </trkpt>
      <trkpt lat="34.9534" lon="-116.84065">
        <ele>814.87</ele>
      </trkpt>
      <trkpt lat="34.95339" lon="-116.84062">
        <ele>814.45</ele>
      </trkpt>
      <trkpt lat="34.95336" lon="-116.84058">
        <ele>813.15</ele>
      </trkpt>
      <trkpt lat="34.95335" lon="-116.84055">
        <ele>812.65</ele>
      </trkpt>
      <trkpt lat="34.95335" lon="-116.84048">
        <ele>811.76</ele>
      </trkpt>
      <trkpt lat="34.95335" lon="-116.84041">
        <ele>810.4</ele>
      </trkpt>
      <trkpt lat="34.95336" lon="-116.84036">
        <ele>809.53</ele>
      </trkpt>
      <trkpt lat="34.95338" lon="-116.84031">
        <ele>808.56</ele>
      </trkpt>
      <trkpt lat="34.9534" lon="-116.84025">
        <ele>807.56</ele>
      </trkpt>
      <trkpt lat="34.95342" lon="-116.8402">
        <ele>807.13</ele>
      </trkpt>
      <trkpt lat="34.95344" lon="-116.84015">
        <ele>807.29</ele>
      </trkpt>
      <trkpt lat="34.95344" lon="-116.8401">
        <ele>806.83</ele>
      </trkpt>
      <trkpt lat="34.95344" lon="-116.84003">
        <ele>807.33</ele>
      </trkpt>
      <trkpt lat="34.95343" lon="-116.83995">
        <ele>807.72</ele>
      </trkpt>
      <trkpt lat="34.95341" lon="-116.83988">
        <ele>807.48</ele>
      </trkpt>
      <trkpt lat="34.95338" lon="-116.83981">
        <ele>806.43</ele>
      </trkpt>
      <trkpt lat="34.95335" lon="-116.83976">
        <ele>804.84</ele>
      </trkpt>
      <trkpt lat="34.95332" lon="-116.83973">
        <ele>803.66</ele>
      </trkpt>
      <trkpt lat="34.95329" lon="-116.83971">
        <ele>802.32</ele>
      </trkpt>
      <trkpt lat="34.95327" lon="-116.83968">
        <ele>801.2</ele>
      </trkpt>
      <trkpt lat="34.95325" lon="-116.83966">
        <ele>800.49</ele>
      </trkpt>
      <trkpt lat="34.95322" lon="-116.83963">
        <ele>799.78</ele>
      </trkpt>
      <trkpt lat="34.9532" lon="-116.83961">
        <ele>798.81</ele>
      </trkpt>
      <trkpt lat="34.95317" lon="-116.83958">
        <ele>797.5</ele>
      </trkpt>
      <trkpt lat="34.95313" lon="-116.83954">
        <ele>796.09</ele>
      </trkpt>
      <trkpt lat="34.9531" lon="-116.83951">
        <ele>795.42</ele>
      </trkpt>
      <trkpt lat="34.95308" lon="-116.83947">
        <ele>794.55</ele>
      </trkpt>
      <trkpt lat="34.95306" lon="-116.83944">
        <ele>793.9</ele>
      </trkpt>
      <trkpt lat="34.95303" lon="-116.8394">
        <ele>793.04</ele>
      </trkpt>
      <trkpt lat="34.95301" lon="-116.83936">
        <ele>792.18</ele>
      </trkpt>
      <trkpt lat="34.95299" lon="-116.8393">
        <ele>790.88</ele>
      </trkpt>
      <trkpt lat="34.95297" lon="-116.83927">
        <ele>790.23</ele>
      </trkpt>
      <trkpt lat="34.95294" lon="-116.83925">
        <ele>789.55</ele>
      </trkpt>
      <trkpt lat="34.9529" lon="-116.83924">
        <ele>788.9</ele>
      </trkpt>
      <trkpt lat="34.95287" lon="-116.83924">
        <ele>788.58</ele>
      </trkpt>
      <trkpt lat="34.95283" lon="-116.83924">
        <ele>787.89</ele>
      </trkpt>
      <trkpt lat="34.9528" lon="-116.83926">
        <ele>787.5</ele>
      </trkpt>
      <trkpt lat="34.95277" lon="-116.83929">
        <ele>787.55</ele>
      </trkpt>
      <trkpt lat="34.95273" lon="-116.83932">
        <ele>787.46</ele>
      </trkpt>
      <trkpt lat="34.95268" lon="-116.83935">
        <ele>787.03</ele>
      </trkpt>
      <trkpt lat="34.95266" lon="-116.83936">
        <ele>787.42</ele>
      </trkpt>
      <trkpt lat="34.95262" lon="-116.83936">
        <ele>787.82</ele>
      </trkpt>
      <trkpt lat="34.95257" lon="-116.83936">
        <ele>787.84</ele>
      </trkpt>
      <trkpt lat="34.95252" lon="-116.83934">
        <ele>786.96</ele>
      </trkpt>
      <trkpt lat="34.95248" lon="-116.83934">
        <ele>786.53</ele>
      </trkpt>
      <trkpt lat="34.95244" lon="-116.83933">
        <ele>785.88</ele>
      </trkpt>
      <trkpt lat="34.95239" lon="-116.83933">
        <ele>785.2</ele>
      </trkpt>
      <trkpt lat="34.95235" lon="-116.83933">
        <ele>784.43</ele>
      </trkpt>
      <trkpt lat="34.9523" lon="-116.83932">
        <ele>783.5</ele>
      </trkpt>
      <trkpt lat="34.95225" lon="-116.83931">
        <ele>782.85</ele>
      </trkpt>
      <trkpt lat="34.95222" lon="-116.8393">
        <ele>782.43</ele>
      </trkpt>
      <trkpt lat="34.95218" lon="-116.83929">
        <ele>782.18</ele>
      </trkpt>
      <trkpt lat="34.95215" lon="-116.83927">
        <ele>782.03</ele>
      </trkpt>
      <trkpt lat="34.95212" lon="-116.83927">
        <ele>781.99</ele>
      </trkpt>
      <trkpt lat="34.95209" lon="-116.83926">
        <ele>782.0</ele>
      </trkpt>
      <trkpt lat="34.95203" lon="-116.83927">
        <ele>781.88</ele>
      </trkpt>
      <trkpt lat="34.95199" lon="-116.83927">
        <ele>781.88</ele>
      </trkpt>
      <trkpt lat="34.95195" lon="-116.83929">
        <ele>781.67</ele>
      </trkpt>
      <trkpt lat="34.9519" lon="-116.8393">
        <ele>781.56</ele>
      </trkpt>
      <trkpt lat="34.95186" lon="-116.83932">
        <ele>781.34</ele>
      </trkpt>
      <trkpt lat="34.95183" lon="-116.83934">
        <ele>781.13</ele>
      </trkpt>
      <trkpt lat="34.95179" lon="-116.83936">
        <ele>780.91</ele>
      </trkpt>
      <trkpt lat="34.95176" lon="-116.83937">
        <ele>780.8</ele>
      </trkpt>
      <trkpt lat="34.95172" lon="-116.83938">
        <ele>780.27</ele>
      </trkpt>
      <trkpt lat="34.95166" lon="-116.83941">
        <ele>779.2</ele>
      </trkpt>
      <trkpt lat="34.95161" lon="-116.83943">
        <ele>777.84</ele>
      </trkpt>
      <trkpt lat="34.95156" lon="-116.83946">
        <ele>776.68</ele>
      </trkpt>
      <trkpt lat="34.9515" lon="-116.83949">
        <ele>775.71</ele>
      </trkpt>
      <trkpt lat="34.95143" lon="-116.83952">
        <ele>774.53</ele>
      </trkpt>
      <trkpt lat="34.95136" lon="-116.83956">
        <ele>773.21</ele>
      </trkpt>
      <trkpt lat="34.95128" lon="-116.8396">
        <ele>771.77</ele>
      </trkpt>
      <trkpt lat="34.95121" lon="-116.83963">
        <ele>771.07</ele>
      </trkpt>
      <trkpt lat="34.95115" lon="-116.83966">
        <ele>770.42</ele>
      </trkpt>
      <trkpt lat="34.95109" lon="-116.83968">
        <ele>769.54</ele>
      </trkpt>
      <trkpt lat="34.95103" lon="-116.83969">
        <ele>768.25</ele>
      </trkpt>
      <trkpt lat="34.95097" lon="-116.8397">
        <ele>766.83</ele>
      </trkpt>
      <trkpt lat="34.95092" lon="-116.83971">
        <ele>765.74</ele>
      </trkpt>
      <trkpt lat="34.95087" lon="-116.83971">
        <ele>764.66</ele>
      </trkpt>
      <trkpt lat="34.95082" lon="-116.83972">
        <ele>763.84</ele>
      </trkpt>
      <trkpt lat="34.95076" lon="-116.83972">
        <ele>763.2</ele>
      </trkpt>
      <trkpt lat="34.95069" lon="-116.83973">
        <ele>763.0</ele>
      </trkpt>
      <trkpt lat="34.95062" lon="-116.83974">
        <ele>762.33</ele>
      </trkpt>
      <trkpt lat="34.95053" lon="-116.83977">
        <ele>760.21</ele>
      </trkpt>
      <trkpt lat="34.95047" lon="-116.8398">
        <ele>759.24</ele>
      </trkpt>
      <trkpt lat="34.9504" lon="-116.83984">
        <ele>759.77</ele>
      </trkpt>
      <trkpt lat="34.95034" lon="-116.8399">
        <ele>760.35</ele>
      </trkpt>
      <trkpt lat="34.9503" lon="-116.83998">
        <ele>760.95</ele>
      </trkpt>
      <trkpt lat="34.95025" lon="-116.84007">
        <ele>761.07</ele>
      </trkpt>
      <trkpt lat="34.95021" lon="-116.84015">
        <ele>761.17</ele>
      </trkpt>
      <trkpt lat="34.95016" lon="-116.84025">
        <ele>761.97</ele>
      </trkpt>
      <trkpt lat="34.95012" lon="-116.84031">
        <ele>762.81</ele>
      </trkpt>
      <trkpt lat="34.95008" lon="-116.84038">
        <ele>762.99</ele>
      </trkpt>
      <trkpt lat="34.95003" lon="-116.84043">
        <ele>762.56</ele>
      </trkpt>
      <trkpt lat="34.94996" lon="-116.84045">
        <ele>761.71</ele>
      </trkpt>
      <trkpt lat="34.94989" lon="-116.84047">
        <ele>761.17</ele>
      </trkpt>
      <trkpt lat="34.9498" lon="-116.84049">
        <ele>761.71</ele>
      </trkpt>
      <trkpt lat="34.94973" lon="-116.84051">
        <ele>761.49</ele>
      </trkpt>
      <trkpt lat="34.94967" lon="-116.84055">
        <ele>761.09</ele>
      </trkpt>
      <trkpt lat="34.94961" lon="-116.8406">
        <ele>760.9</ele>
      </trkpt>
      <trkpt lat="34.94956" lon="-116.84064">
        <ele>760.31</ele>
      </trkpt>
      <trkpt lat="34.9495" lon="-116.84066">
        <ele>759.25</ele>
      </trkpt>
      <trkpt lat="34.94944" lon="-116.84066">
        <ele>758.08</ele>
      </trkpt>
      <trkpt lat="34.9494" lon="-116.84066">
        <ele>757.65</ele>
      </trkpt>
      <trkpt lat="34.94937" lon="-116.84063">
        <ele>757.23</ele>
      </trkpt>
      <trkpt lat="34.94933" lon="-116.84057">
        <ele>756.76</ele>
      </trkpt>
      <trkpt lat="34.94929" lon="-116.84051">
        <ele>756.66</ele>
      </trkpt>
      <trkpt lat="34.94924" lon="-116.84048">
        <ele>756.65</ele>
      </trkpt>
      <trkpt lat="34.94917" lon="-116.84045">
        <ele>756.18</ele>
      </trkpt>
      <trkpt lat="34.9491" lon="-116.84043">
        <ele>756.36</ele>
      </trkpt>
      <trkpt lat="34.94905" lon="-116.8404">
        <ele>756.42</ele>
      </trkpt>
      <trkpt lat="34.94902" lon="-116.84034">
        <ele>756.42</ele>
      </trkpt>
      <trkpt lat="34.94901" lon="-116.84026">
        <ele>756.18</ele>
      </trkpt>
      <trkpt lat="34.949" lon="-116.84017">
        <ele>755.4</ele>
      </trkpt>
      <trkpt lat="34.94898" lon="-116.84007">
        <ele>754.7</ele>
      </trkpt>
      <trkpt lat="34.94897" lon="-116.83996">
        <ele>752.75</ele>
      </trkpt>
      <trkpt lat="34.94895" lon="-116.83986">
        <ele>751.32</ele>
      </trkpt>
      <trkpt lat="34.94891" lon="-116.83978">
        <ele>750.46</ele>
      </trkpt>
      <trkpt lat="34.94886" lon="-116.83972">
        <ele>749.38</ele>
      </trkpt>
      <trkpt lat="34.9488" lon="-116.83969">
        <ele>748.41</ele>
      </trkpt>
      <trkpt lat="34.94872" lon="-116.83967">
        <ele>748.56</ele>
      </trkpt>
      <trkpt lat="34.94865" lon="-116.83967">
        <ele>748.56</ele>
      </trkpt>
      <trkpt lat="34.94856" lon="-116.83967">
        <ele>749.12</ele>
      </trkpt>
      <trkpt lat="34.94848" lon="-116.83968">
        <ele>749.46</ele>
      </trkpt>
      <trkpt lat="34.94839" lon="-116.8397">
        <ele>748.95</ele>
      </trkpt>
      <trkpt lat="34.9483" lon="-116.83973">
        <ele>747.97</ele>
      </trkpt>
      <trkpt lat="34.94821" lon="-116.83976">
        <ele>747.26</ele>
      </trkpt>
      <trkpt lat="34.94811" lon="-116.83978">
        <ele>745.96</ele>
      </trkpt>
      <trkpt lat="34.94802" lon="-116.83979">
        <ele>744.4</ele>
      </trkpt>
      <trkpt lat="34.94792" lon="-116.8398">
        <ele>743.07</ele>
      </trkpt>
      <trkpt lat="34.94781" lon="-116.83981">
        <ele>743.05</ele>
      </trkpt>
      <trkpt lat="34.94771" lon="-116.83981">
        <ele>742.36</ele>
      </trkpt>
      <trkpt lat="34.94762" lon="-116.83982">
        <ele>741.31</ele>
      </trkpt>
      <trkpt lat="34.94752" lon="-116.83982">
        <ele>741.04</ele>
      </trkpt>
      <trkpt lat="34.94744" lon="-116.83984">
        <ele>741.57</ele>
      </trkpt>
      <trkpt lat="34.94736" lon="-116.83988">
        <ele>741.45</ele>
      </trkpt>
      <trkpt lat="34.94729" lon="-116.83995">
        <ele>741.87</ele>
      </trkpt>
      <trkpt lat="34.94722" lon="-116.84001">
        <ele>743.13</ele>
      </trkpt>
      <trkpt lat="34.94716" lon="-116.84004">
        <ele>743.81</ele>
      </trkpt>
      <trkpt lat="34.94711" lon="-116.84006">
        <ele>743.94</ele>
      </trkpt>
      <trkpt lat="34.94706" lon="-116.84008">
        <ele>743.45</ele>
      </trkpt>
      <trkpt lat="34.947" lon="-116.84009">
        <ele>743.44</ele>
      </trkpt>
      <trkpt lat="34.94696" lon="-116.84011">
        <ele>743.68</ele>
      </trkpt>
      <trkpt lat="34.94692" lon="-116.84011">
        <ele>743.81</ele>
      </trkpt>
      <trkpt lat="34.94688" lon="-116.84012">
        <ele>743.7</ele>
      </trkpt>
      <trkpt lat="34.94685" lon="-116.84011">
        <ele>743.8</ele>
      </trkpt>
      <trkpt lat="34.94681" lon="-116.84011">
        <ele>743.44</ele>
      </trkpt>
      <trkpt lat="34.94678" lon="-116.84011">
        <ele>743.18</ele>
      </trkpt>
      <trkpt lat="34.94675" lon="-116.84011">
        <ele>742.9</ele>
      </trkpt>
      <trkpt lat="34.94674" lon="-116.84014">
        <ele>742.79</ele>
      </trkpt>
      <trkpt lat="34.94673" lon="-116.84019">
        <ele>742.68</ele>
      </trkpt>
      <trkpt lat="34.94673" lon="-116.84023">
        <ele>742.68</ele>
      </trkpt>
      <trkpt lat="34.94673" lon="-116.84028">
        <ele>742.68</ele>
      </trkpt>
      <trkpt lat="34.94669" lon="-116.84031">
        <ele>742.25</ele>
      </trkpt>
      <trkpt lat="34.94665" lon="-116.84032">
        <ele>741.82</ele>
      </trkpt>
      <trkpt lat="34.94661" lon="-116.84032">
        <ele>741.39</ele>
      </trkpt>
      <trkpt lat="34.94658" lon="-116.84031">
        <ele>741.06</ele>
      </trkpt>
      <trkpt lat="34.94658" lon="-116.84026">
        <ele>741.06</ele>
      </trkpt>
      <trkpt lat="34.94658" lon="-116.84023">
        <ele>741.06</ele>
      </trkpt>
      <trkpt lat="34.9466" lon="-116.84019">
        <ele>741.28</ele>
      </trkpt>
      <trkpt lat="34.94664" lon="-116.84013">
        <ele>741.71</ele>
      </trkpt>
      <trkpt lat="34.94666" lon="-116.84007">
        <ele>741.93</ele>
      </trkpt>
      <trkpt lat="34.94669" lon="-116.84">
        <ele>742.25</ele>
      </trkpt>
      <trkpt lat="34.94671" lon="-116.83992">
        <ele>742.47</ele>
      </trkpt>
      <trkpt lat="34.94673" lon="-116.83983">
        <ele>742.68</ele>
      </trkpt>
      <trkpt lat="34.94676" lon="-116.83975">
        <ele>743.01</ele>
      </trkpt>
      <trkpt lat="34.9468" lon="-116.83966">
        <ele>743.44</ele>
      </trkpt>
      <trkpt lat="34.94685" lon="-116.83956">
        <ele>743.98</ele>
      </trkpt>
      <trkpt lat="34.94691" lon="-116.83947">
        <ele>743.73</ele>
      </trkpt>
      <trkpt lat="34.94698" lon="-116.83939">
        <ele>744.0</ele>
      </trkpt>
      <trkpt lat="34.94703" lon="-116.83932">
        <ele>744.32</ele>
      </trkpt>
      <trkpt lat="34.94709" lon="-116.83926">
        <ele>745.57</ele>
      </trkpt>
      <trkpt lat="34.94713" lon="-116.8392">
        <ele>746.65</ele>
      </trkpt>
      <trkpt lat="34.94718" lon="-116.83915">
        <ele>747.54</ele>
      </trkpt>
      <trkpt lat="34.94722" lon="-116.83908">
        <ele>747.98</ele>
      </trkpt>
      <trkpt lat="34.94725" lon="-116.83899">
        <ele>748.3</ele>
      </trkpt>
      <trkpt lat="34.94728" lon="-116.8389">
        <ele>748.62</ele>
      </trkpt>
      <trkpt lat="34.94729" lon="-116.83878">
        <ele>748.73</ele>
      </trkpt>
      <trkpt lat="34.9473" lon="-116.83865">
        <ele>748.84</ele>
      </trkpt>
      <trkpt lat="34.94731" lon="-116.83851">
        <ele>748.95</ele>
      </trkpt>
      <trkpt lat="34.94733" lon="-116.83836">
        <ele>749.16</ele>
      </trkpt>
      <trkpt lat="34.94735" lon="-116.83822">
        <ele>749.38</ele>
      </trkpt>
      <trkpt lat="34.94739" lon="-116.83807">
        <ele>749.97</ele>
      </trkpt>
      <trkpt lat="34.94744" lon="-116.83792">
        <ele>750.82</ele>
      </trkpt>
      <trkpt lat="34.94748" lon="-116.83778">
        <ele>752.55</ele>
      </trkpt>
      <trkpt lat="34.94752" lon="-116.83763">
        <ele>753.43</ele>
      </trkpt>
      <trkpt lat="34.94757" lon="-116.83748">
        <ele>754.51</ele>
      </trkpt>
      <trkpt lat="34.94761" lon="-116.83732">
        <ele>755.19</ele>
      </trkpt>
      <trkpt lat="34.94766" lon="-116.83717">
        <ele>755.73</ele>
      </trkpt>
      <trkpt lat="34.9477" lon="-116.83703">
        <ele>756.4</ele>
      </trkpt>
      <trkpt lat="34.94775" lon="-116.83689">
        <ele>758.58</ele>
      </trkpt>
      <trkpt lat="34.94781" lon="-116.83679">
        <ele>759.03</ele>
      </trkpt>
      <trkpt lat="34.94789" lon="-116.83668">
        <ele>759.57</ele>
      </trkpt>
      <trkpt lat="34.94798" lon="-116.8366">
        <ele>760.46</ele>
      </trkpt>
      <trkpt lat="34.94808" lon="-116.83654">
        <ele>760.36</ele>
      </trkpt>
      <trkpt lat="34.94818" lon="-116.83653">
        <ele>760.52</ele>
      </trkpt>
      <trkpt lat="34.94829" lon="-116.83653">
        <ele>760.52</ele>
      </trkpt>
      <trkpt lat="34.94838" lon="-116.83654">
        <ele>760.63</ele>
      </trkpt>
      <trkpt lat="34.94847" lon="-116.83659">
        <ele>761.74</ele>
      </trkpt>
      <trkpt lat="34.94857" lon="-116.83662">
        <ele>763.05</ele>
      </trkpt>
      <trkpt lat="34.94866" lon="-116.83662">
        <ele>764.29</ele>
      </trkpt>
      <trkpt lat="34.94876" lon="-116.83661">
        <ele>765.38</ele>
      </trkpt>
      <trkpt lat="34.94886" lon="-116.83655">
        <ele>765.43</ele>
      </trkpt>
      <trkpt lat="34.94895" lon="-116.83644">
        <ele>765.42</ele>
      </trkpt>
      <trkpt lat="34.94904" lon="-116.83635">
        <ele>765.84</ele>
      </trkpt>
      <trkpt lat="34.94915" lon="-116.83633">
        <ele>767.71</ele>
      </trkpt>
      <trkpt lat="34.94928" lon="-116.83633">
        <ele>770.31</ele>
      </trkpt>
      <trkpt lat="34.9494" lon="-116.83634">
        <ele>771.72</ele>
      </trkpt>
      <trkpt lat="34.94952" lon="-116.83635">
        <ele>772.16</ele>
      </trkpt>
      <trkpt lat="34.94965" lon="-116.83635">
        <ele>771.58</ele>
      </trkpt>
      <trkpt lat="34.94977" lon="-116.83633">
        <ele>771.88</ele>
      </trkpt>
      <trkpt lat="34.94987" lon="-116.83627">
        <ele>772.6</ele>
      </trkpt>
      <trkpt lat="34.94996" lon="-116.83618">
        <ele>773.82</ele>
      </trkpt>
      <trkpt lat="34.95003" lon="-116.83606">
        <ele>776.02</ele>
      </trkpt>
      <trkpt lat="34.95009" lon="-116.83595">
        <ele>776.97</ele>
      </trkpt>
      <trkpt lat="34.95014" lon="-116.83585">
        <ele>778.02</ele>
      </trkpt>
      <trkpt lat="34.95019" lon="-116.83575">
        <ele>778.2</ele>
      </trkpt>
      <trkpt lat="34.95025" lon="-116.83566">
        <ele>779.66</ele>
      </trkpt>
      <trkpt lat="34.95031" lon="-116.83557">
        <ele>781.19</ele>
      </trkpt>
      <trkpt lat="34.95036" lon="-116.83547">
        <ele>782.81</ele>
      </trkpt>
      <trkpt lat="34.95039" lon="-116.83534">
        <ele>784.35</ele>
      </trkpt>
      <trkpt lat="34.95041" lon="-116.83521">
        <ele>784.43</ele>
      </trkpt>
      <trkpt lat="34.95043" lon="-116.83507">
        <ele>784.56</ele>
      </trkpt>
      <trkpt lat="34.95045" lon="-116.83493">
        <ele>784.07</ele>
      </trkpt>
      <trkpt lat="34.95048" lon="-116.8348">
        <ele>784.02</ele>
      </trkpt>
      <trkpt lat="34.9505" lon="-116.83467">
        <ele>782.84</ele>
      </trkpt>
      <trkpt lat="34.95051" lon="-116.83456">
        <ele>781.39</ele>
      </trkpt>
      <trkpt lat="34.95051" lon="-116.83445">
        <ele>779.6</ele>
      </trkpt>
      <trkpt lat="34.9505" lon="-116.83434">
        <ele>780.93</ele>
      </trkpt>
      <trkpt lat="34.95048" lon="-116.83425">
        <ele>783.93</ele>
      </trkpt>
      <trkpt lat="34.95046" lon="-116.83416">
        <ele>787.1</ele>
      </trkpt>
      <trkpt lat="34.95044" lon="-116.83409">
        <ele>788.08</ele>
      </trkpt>
      <trkpt lat="34.95041" lon="-116.83401">
        <ele>788.57</ele>
      </trkpt>
      <trkpt lat="34.95038" lon="-116.83394">
        <ele>788.9</ele>
      </trkpt>
      <trkpt lat="34.95034" lon="-116.83387">
        <ele>789.59</ele>
      </trkpt>
      <trkpt lat="34.95029" lon="-116.83381">
        <ele>790.0</ele>
      </trkpt>
      <trkpt lat="34.95021" lon="-116.83375">
        <ele>791.1</ele>
      </trkpt>
      <trkpt lat="34.95013" lon="-116.83369">
        <ele>791.6</ele>
      </trkpt>
      <trkpt lat="34.95007" lon="-116.8336">
        <ele>792.24</ele>
      </trkpt>
      <trkpt lat="34.95002" lon="-116.83346">
        <ele>793.42</ele>
      </trkpt>
      <trkpt lat="34.94999" lon="-116.83332">
        <ele>795.2</ele>
      </trkpt>
      <trkpt lat="34.94997" lon="-116.83317">
        <ele>795.57</ele>
      </trkpt>
      <trkpt lat="34.94997" lon="-116.83303">
        <ele>796.16</ele>
      </trkpt>
      <trkpt lat="34.94997" lon="-116.83287">
        <ele>797.33</ele>
      </trkpt>
      <trkpt lat="34.94997" lon="-116.83274">
        <ele>797.92</ele>
      </trkpt>
      <trkpt lat="34.95" lon="-116.83261">
        <ele>798.81</ele>
      </trkpt>
      <trkpt lat="34.95003" lon="-116.83251">
        <ele>800.82</ele>
      </trkpt>
      <trkpt lat="34.95007" lon="-116.83241">
        <ele>803.18</ele>
      </trkpt>
      <trkpt lat="34.95012" lon="-116.83231">
        <ele>802.79</ele>
      </trkpt>
      <trkpt lat="34.95017" lon="-116.83221">
        <ele>803.5</ele>
      </trkpt>
      <trkpt lat="34.95022" lon="-116.83209">
        <ele>802.07</ele>
      </trkpt>
      <trkpt lat="34.95029" lon="-116.83198">
        <ele>798.12</ele>
      </trkpt>
      <trkpt lat="34.95039" lon="-116.83186">
        <ele>797.55</ele>
      </trkpt>
      <trkpt lat="34.9505" lon="-116.83175">
        <ele>799.76</ele>
      </trkpt>
      <trkpt lat="34.95062" lon="-116.83168">
        <ele>802.73</ele>
      </trkpt>
      <trkpt lat="34.95074" lon="-116.83164">
        <ele>805.98</ele>
      </trkpt>
      <trkpt lat="34.95084" lon="-116.83161">
        <ele>807.1</ele>
      </trkpt>
      <trkpt lat="34.95092" lon="-116.83157">
        <ele>807.93</ele>
      </trkpt>
      <trkpt lat="34.95101" lon="-116.83151">
        <ele>809.82</ele>
      </trkpt>
      <trkpt lat="34.95108" lon="-116.83145">
        <ele>812.11</ele>
      </trkpt>
      <trkpt lat="34.95112" lon="-116.83135">
        <ele>813.25</ele>
      </trkpt>
      <trkpt lat="34.95116" lon="-116.83124">
        <ele>814.06</ele>
      </trkpt>
      <trkpt lat="34.9512" lon="-116.83114">
        <ele>814.23</ele>
      </trkpt>
      <trkpt lat="34.95126" lon="-116.83103">
        <ele>815.22</ele>
      </trkpt>
      <trkpt lat="34.95132" lon="-116.83093">
        <ele>816.27</ele>
      </trkpt>
      <trkpt lat="34.9514" lon="-116.83084">
        <ele>818.18</ele>
      </trkpt>
      <trkpt lat="34.95148" lon="-116.83076">
        <ele>819.97</ele>
      </trkpt>
      <trkpt lat="34.95154" lon="-116.83066">
        <ele>820.63</ele>
      </trkpt>
      <trkpt lat="34.95155" lon="-116.83054">
        <ele>821.04</ele>
      </trkpt>
      <trkpt lat="34.95155" lon="-116.83041">
        <ele>821.83</ele>
      </trkpt>
      <trkpt lat="34.95153" lon="-116.83029">
        <ele>822.93</ele>
      </trkpt>
      <trkpt lat="34.95148" lon="-116.83019">
        <ele>823.95</ele>
      </trkpt>
      <trkpt lat="34.95144" lon="-116.83009">
        <ele>823.98</ele>
      </trkpt>
      <trkpt lat="34.95143" lon="-116.82999">
        <ele>823.71</ele>
      </trkpt>
      <trkpt lat="34.95143" lon="-116.82986">
        <ele>825.45</ele>
      </trkpt>
      <trkpt lat="34.95146" lon="-116.82973">
        <ele>826.54</ele>
      </trkpt>
      <trkpt lat="34.95151" lon="-116.82958">
        <ele>827.76</ele>
      </trkpt>
      <trkpt lat="34.95157" lon="-116.82943">
        <ele>827.91</ele>
      </trkpt>
      <trkpt lat="34.95162" lon="-116.82927">
        <ele>830.43</ele>
      </trkpt>
      <trkpt lat="34.95165" lon="-116.82909">
        <ele>832.61</ele>
      </trkpt>
      <trkpt lat="34.9517" lon="-116.82892">
        <ele>832.94</ele>
      </trkpt>
      <trkpt lat="34.95173" lon="-116.82874">
        <ele>833.56</ele>
      </trkpt>
      <trkpt lat="34.95174" lon="-116.82856">
        <ele>834.67</ele>
      </trkpt>
      <trkpt lat="34.95175" lon="-116.82839">
        <ele>840.03</ele>
      </trkpt>
      <trkpt lat="34.95176" lon="-116.82824">
        <ele>843.98</ele>
      </trkpt>
      <trkpt lat="34.95177" lon="-116.82809">
        <ele>841.77</ele>
      </trkpt>
      <trkpt lat="34.95178" lon="-116.82794">
        <ele>840.58</ele>
      </trkpt>
      <trkpt lat="34.95181" lon="-116.82781">
        <ele>841.0</ele>
      </trkpt>
      <trkpt lat="34.95185" lon="-116.82768">
        <ele>843.13</ele>
      </trkpt>
      <trkpt lat="34.95191" lon="-116.82756">
        <ele>845.76</ele>
      </trkpt>
      <trkpt lat="34.95197" lon="-116.82744">
        <ele>846.1</ele>
      </trkpt>
      <trkpt lat="34.95205" lon="-116.82731">
        <ele>845.73</ele>
      </trkpt>
      <trkpt lat="34.95214" lon="-116.82719">
        <ele>845.27</ele>
      </trkpt>
      <trkpt lat="34.95223" lon="-116.82707">
        <ele>846.7</ele>
      </trkpt>
      <trkpt lat="34.95233" lon="-116.82696">
        <ele>849.66</ele>
      </trkpt>
      <trkpt lat="34.95241" lon="-116.82686">
        <ele>850.88</ele>
      </trkpt>
      <trkpt lat="34.95248" lon="-116.82677">
        <ele>851.29</ele>
      </trkpt>
      <trkpt lat="34.95253" lon="-116.82665">
        <ele>851.86</ele>
      </trkpt>
      <trkpt lat="34.9526" lon="-116.82654">
        <ele>852.05</ele>
      </trkpt>
      <trkpt lat="34.95267" lon="-116.82644">
        <ele>851.7</ele>
      </trkpt>
      <trkpt lat="34.95274" lon="-116.82634">
        <ele>852.09</ele>
      </trkpt>
      <trkpt lat="34.9528" lon="-116.82625">
        <ele>852.38</ele>
      </trkpt>
      <trkpt lat="34.95291" lon="-116.82618">
        <ele>851.97</ele>
      </trkpt>
      <trkpt lat="34.95302" lon="-116.82609">
        <ele>850.1</ele>
      </trkpt>
      <trkpt lat="34.95315" lon="-116.826">
        <ele>847.6</ele>
      </trkpt>
      <trkpt lat="34.95326" lon="-116.82589">
        <ele>845.82</ele>
      </trkpt>
      <trkpt lat="34.95333" lon="-116.82576">
        <ele>845.99</ele>
      </trkpt>
      <trkpt lat="34.95334" lon="-116.82559">
        <ele>846.07</ele>
      </trkpt>
      <trkpt lat="34.95334" lon="-116.82543">
        <ele>844.72</ele>
      </trkpt>
      <trkpt lat="34.95335" lon="-116.82525">
        <ele>842.7</ele>
      </trkpt>
      <trkpt lat="34.95335" lon="-116.82511">
        <ele>841.19</ele>
      </trkpt>
      <trkpt lat="34.95341" lon="-116.82497">
        <ele>840.44</ele>
      </trkpt>
      <trkpt lat="34.95347" lon="-116.82481">
        <ele>841.03</ele>
      </trkpt>
      <trkpt lat="34.95354" lon="-116.82463">
        <ele>840.77</ele>
      </trkpt>
      <trkpt lat="34.95361" lon="-116.82445">
        <ele>841.93</ele>
      </trkpt>
      <trkpt lat="34.95369" lon="-116.82431">
        <ele>843.37</ele>
      </trkpt>
      <trkpt lat="34.95381" lon="-116.82417">
        <ele>842.03</ele>
      </trkpt>
      <trkpt lat="34.95393" lon="-116.82402">
        <ele>842.14</ele>
      </trkpt>
      <trkpt lat="34.95402" lon="-116.82384">
        <ele>843.42</ele>
      </trkpt>
      <trkpt lat="34.9541" lon="-116.82371">
        <ele>844.58</ele>
      </trkpt>
      <trkpt lat="34.95421" lon="-116.82358">
        <ele>846.87</ele>
      </trkpt>
      <trkpt lat="34.95431" lon="-116.82349">
        <ele>846.45</ele>
      </trkpt>
      <trkpt lat="34.9544" lon="-116.82341">
        <ele>845.13</ele>
      </trkpt>
      <trkpt lat="34.95452" lon="-116.82333">
        <ele>843.37</ele>
      </trkpt>
      <trkpt lat="34.95466" lon="-116.82326">
        <ele>840.67</ele>
      </trkpt>
      <trkpt lat="34.95479" lon="-116.82321">
        <ele>839.6</ele>
      </trkpt>
      <trkpt lat="34.95493" lon="-116.82316">
        <ele>838.53</ele>
      </trkpt>
      <trkpt lat="34.95506" lon="-116.8231">
        <ele>838.18</ele>
      </trkpt>
      <trkpt lat="34.95518" lon="-116.82302">
        <ele>838.0</ele>
      </trkpt>
      <trkpt lat="34.95528" lon="-116.8229">
        <ele>837.98</ele>
      </trkpt>
      <trkpt lat="34.95537" lon="-116.82275">
        <ele>837.0</ele>
      </trkpt>
      <trkpt lat="34.95545" lon="-116.82259">
        <ele>837.0</ele>
      </trkpt>
      <trkpt lat="34.9555" lon="-116.82239">
        <ele>836.6</ele>
      </trkpt>
      <trkpt lat="34.95556" lon="-116.82218">
        <ele>836.95</ele>
      </trkpt>
      <trkpt lat="34.95563" lon="-116.82197">
        <ele>835.47</ele>
      </trkpt>
      <trkpt lat="34.95573" lon="-116.82177">
        <ele>834.01</ele>
      </trkpt>
      <trkpt lat="34.95585" lon="-116.82159">
        <ele>831.64</ele>
      </trkpt>
      <trkpt lat="34.95596" lon="-116.82141">
        <ele>831.4</ele>
      </trkpt>
      <trkpt lat="34.95607" lon="-116.82121">
        <ele>831.41</ele>
      </trkpt>
      <trkpt lat="34.95615" lon="-116.82103">
        <ele>830.0</ele>
      </trkpt>
      <trkpt lat="34.9562" lon="-116.82083">
        <ele>829.04</ele>
      </trkpt>
      <trkpt lat="34.95623" lon="-116.82064">
        <ele>827.63</ele>
      </trkpt>
      <trkpt lat="34.95627" lon="-116.82045">
        <ele>824.96</ele>
      </trkpt>
      <trkpt lat="34.9563" lon="-116.82026">
        <ele>824.81</ele>
      </trkpt>
      <trkpt lat="34.95633" lon="-116.82007">
        <ele>824.0</ele>
      </trkpt>
      <trkpt lat="34.95635" lon="-116.81989">
        <ele>824.0</ele>
      </trkpt>
      <trkpt lat="34.95635" lon="-116.81971">
        <ele>823.92</ele>
      </trkpt>
      <trkpt lat="34.95635" lon="-116.81953">
        <ele>822.88</ele>
      </trkpt>
      <trkpt lat="34.95634" lon="-116.81937">
        <ele>820.3</ele>
      </trkpt>
      <trkpt lat="34.95632" lon="-116.81921">
        <ele>819.0</ele>
      </trkpt>
      <trkpt lat="34.95629" lon="-116.81905">
        <ele>818.69</ele>
      </trkpt>
      <trkpt lat="34.95625" lon="-116.81889">
        <ele>818.0</ele>
      </trkpt>
      <trkpt lat="34.9562" lon="-116.81873">
        <ele>816.97</ele>
      </trkpt>
      <trkpt lat="34.95616" lon="-116.81857">
        <ele>815.56</ele>
      </trkpt>
      <trkpt lat="34.95612" lon="-116.81841">
        <ele>813.83</ele>
      </trkpt>
      <trkpt lat="34.95609" lon="-116.81828">
        <ele>813.0</ele>
      </trkpt>
      <trkpt lat="34.95607" lon="-116.81813">
        <ele>812.0</ele>
      </trkpt>
      <trkpt lat="34.95605" lon="-116.81798">
        <ele>811.18</ele>
      </trkpt>
      <trkpt lat="34.95601" lon="-116.81786">
        <ele>810.99</ele>
      </trkpt>
      <trkpt lat="34.95596" lon="-116.81775">
        <ele>810.37</ele>
      </trkpt>
      <trkpt lat="34.9559" lon="-116.81768">
        <ele>810.0</ele>
      </trkpt>
      <trkpt lat="34.95583" lon="-116.81763">
        <ele>810.0</ele>
      </trkpt>
      <trkpt lat="34.95575" lon="-116.81759">
        <ele>809.97</ele>
      </trkpt>
      <trkpt lat="34.95568" lon="-116.81756">
        <ele>809.88</ele>
      </trkpt>
      <trkpt lat="34.95561" lon="-116.81753">
        <ele>810.13</ele>
      </trkpt>
      <trkpt lat="34.95556" lon="-116.8175">
        <ele>810.0</ele>
      </trkpt>
      <trkpt lat="34.95551" lon="-116.81749">
        <ele>809.89</ele>
      </trkpt>
      <trkpt lat="34.95547" lon="-116.81748">
        <ele>809.78</ele>
      </trkpt>
      <trkpt lat="34.95544" lon="-116.81747">
        <ele>809.68</ele>
      </trkpt>
      <trkpt lat="34.95541" lon="-116.81745">
        <ele>809.46</ele>
      </trkpt>
      <trkpt lat="34.95538" lon="-116.81744">
        <ele>809.35</ele>
      </trkpt>
      <trkpt lat="34.95532" lon="-116.81742">
        <ele>809.14</ele>
      </trkpt>
      <trkpt lat="34.95525" lon="-116.8174">
        <ele>808.56</ele>
      </trkpt>
      <trkpt lat="34.95516" lon="-116.81738">
        <ele>807.62</ele>
      </trkpt>
      <trkpt lat="34.95508" lon="-116.81735">
        <ele>806.71</ele>
      </trkpt>
      <trkpt lat="34.955" lon="-116.8173">
        <ele>806.16</ele>
      </trkpt>
      <trkpt lat="34.95493" lon="-116.81723">
        <ele>806.22</ele>
      </trkpt>
      <trkpt lat="34.95488" lon="-116.81713">
        <ele>806.0</ele>
      </trkpt>
      <trkpt lat="34.95485" lon="-116.81701">
        <ele>806.0</ele>
      </trkpt>
      <trkpt lat="34.95483" lon="-116.81688">
        <ele>805.42</ele>
      </trkpt>
      <trkpt lat="34.95481" lon="-116.81673">
        <ele>804.98</ele>
      </trkpt>
      <trkpt lat="34.95481" lon="-116.81661">
        <ele>804.95</ele>
      </trkpt>
      <trkpt lat="34.95481" lon="-116.8165">
        <ele>804.95</ele>
      </trkpt>
      <trkpt lat="34.95482" lon="-116.81638">
        <ele>804.96</ele>
      </trkpt>
      <trkpt lat="34.95484" lon="-116.81626">
        <ele>804.27</ele>
      </trkpt>
      <trkpt lat="34.95486" lon="-116.81614">
        <ele>803.8</ele>
      </trkpt>
      <trkpt lat="34.9549" lon="-116.81601">
        <ele>802.84</ele>
      </trkpt>
      <trkpt lat="34.95494" lon="-116.81588">
        <ele>802.18</ele>
      </trkpt>
      <trkpt lat="34.95499" lon="-116.81575">
        <ele>801.9</ele>
      </trkpt>
      <trkpt lat="34.95505" lon="-116.81562">
        <ele>801.24</ele>
      </trkpt>
      <trkpt lat="34.95511" lon="-116.8155">
        <ele>800.4</ele>
      </trkpt>
      <trkpt lat="34.95518" lon="-116.8154">
        <ele>799.96</ele>
      </trkpt>
      <trkpt lat="34.95526" lon="-116.81532">
        <ele>799.46</ele>
      </trkpt>
      <trkpt lat="34.95535" lon="-116.81527">
        <ele>799.0</ele>
      </trkpt>
      <trkpt lat="34.95545" lon="-116.81522">
        <ele>799.0</ele>
      </trkpt>
      <trkpt lat="34.95552" lon="-116.81515">
        <ele>798.62</ele>
      </trkpt>
      <trkpt lat="34.95557" lon="-116.81507">
        <ele>798.0</ele>
      </trkpt>
      <trkpt lat="34.95558" lon="-116.81498">
        <ele>797.94</ele>
      </trkpt>
      <trkpt lat="34.95558" lon="-116.81488">
        <ele>797.74</ele>
      </trkpt>
      <trkpt lat="34.95558" lon="-116.81477">
        <ele>797.74</ele>
      </trkpt>
      <trkpt lat="34.95558" lon="-116.81467">
        <ele>797.74</ele>
      </trkpt>
      <trkpt lat="34.95557" lon="-116.81455">
        <ele>797.12</ele>
      </trkpt>
      <trkpt lat="34.95556" lon="-116.81443">
        <ele>796.8</ele>
      </trkpt>
      <trkpt lat="34.95555" lon="-116.81432">
        <ele>796.04</ele>
      </trkpt>
      <trkpt lat="34.95552" lon="-116.8142">
        <ele>795.75</ele>
      </trkpt>
      <trkpt lat="34.9555" lon="-116.81408">
        <ele>795.77</ele>
      </trkpt>
      <trkpt lat="34.95547" lon="-116.81395">
        <ele>796.08</ele>
      </trkpt>
      <trkpt lat="34.95544" lon="-116.81383">
        <ele>795.75</ele>
      </trkpt>
      <trkpt lat="34.95541" lon="-116.81371">
        <ele>795.03</ele>
      </trkpt>
      <trkpt lat="34.95541" lon="-116.81357">
        <ele>794.24</ele>
      </trkpt>
      <trkpt lat="34.95541" lon="-116.81345">
        <ele>794.0</ele>
      </trkpt>
      <trkpt lat="34.95541" lon="-116.81333">
        <ele>793.0</ele>
      </trkpt>
      <trkpt lat="34.95543" lon="-116.8132">
        <ele>793.0</ele>
      </trkpt>
      <trkpt lat="34.95547" lon="-116.81308">
        <ele>792.94</ele>
      </trkpt>
      <trkpt lat="34.95553" lon="-116.81298">
        <ele>792.28</ele>
      </trkpt>
      <trkpt lat="34.95561" lon="-116.81291">
        <ele>792.24</ele>
      </trkpt>
      <trkpt lat="34.95568" lon="-116.81286">
        <ele>792.0</ele>
      </trkpt>
      <trkpt lat="34.95573" lon="-116.81279">
        <ele>792.0</ele>
      </trkpt>
      <trkpt lat="34.95576" lon="-116.81269">
        <ele>791.79</ele>
      </trkpt>
      <trkpt lat="34.95577" lon="-116.81258">
        <ele>791.68</ele>
      </trkpt>
      <trkpt lat="34.95578" lon="-116.81247">
        <ele>791.58</ele>
      </trkpt>
      <trkpt lat="34.95579" lon="-116.81236">
        <ele>791.47</ele>
      </trkpt>
      <trkpt lat="34.95579" lon="-116.81225">
        <ele>791.47</ele>
      </trkpt>
      <trkpt lat="34.9558" lon="-116.81216">
        <ele>791.36</ele>
      </trkpt>
      <trkpt lat="34.9558" lon="-116.81207">
        <ele>791.36</ele>
      </trkpt>
      <trkpt lat="34.9558" lon="-116.812">
        <ele>790.96</ele>
      </trkpt>
      <trkpt lat="34.9558" lon="-116.81194">
        <ele>790.36</ele>
      </trkpt>
      <trkpt lat="34.9558" lon="-116.81189">
        <ele>790.36</ele>
      </trkpt>
      <trkpt lat="34.9558" lon="-116.81185">
        <ele>790.35</ele>
      </trkpt>
      <trkpt lat="34.9558" lon="-116.81182">
        <ele>790.24</ele>
      </trkpt>
      <trkpt lat="34.9558" lon="-116.81177">
        <ele>790.04</ele>
      </trkpt>
      <trkpt lat="34.9558" lon="-116.81172">
        <ele>789.73</ele>
      </trkpt>
      <trkpt lat="34.9558" lon="-116.81166">
        <ele>789.29</ele>
      </trkpt>
      <trkpt lat="34.9558" lon="-116.81158">
        <ele>788.42</ele>
      </trkpt>
      <trkpt lat="34.9558" lon="-116.81149">
        <ele>788.61</ele>
      </trkpt>
      <trkpt lat="34.9558" lon="-116.81138">
        <ele>788.7</ele>
      </trkpt>
      <trkpt lat="34.9558" lon="-116.81128">
        <ele>789.17</ele>
      </trkpt>
      <trkpt lat="34.9558" lon="-116.81116">
        <ele>788.17</ele>
      </trkpt>
      <trkpt lat="34.9558" lon="-116.81106">
        <ele>787.29</ele>
      </trkpt>
      <trkpt lat="34.9558" lon="-116.81095">
        <ele>787.0</ele>
      </trkpt>
      <trkpt lat="34.9558" lon="-116.81082">
        <ele>786.55</ele>
      </trkpt>
      <trkpt lat="34.95582" lon="-116.8107">
        <ele>786.0</ele>
      </trkpt>
      <trkpt lat="34.95583" lon="-116.81058">
        <ele>786.0</ele>
      </trkpt>
      <trkpt lat="34.95585" lon="-116.81046">
        <ele>786.17</ele>
      </trkpt>
      <trkpt lat="34.95586" lon="-116.81033">
        <ele>785.69</ele>
      </trkpt>
      <trkpt lat="34.95586" lon="-116.81022">
        <ele>785.11</ele>
      </trkpt>
      <trkpt lat="34.95586" lon="-116.8101">
        <ele>784.34</ele>
      </trkpt>
      <trkpt lat="34.95586" lon="-116.80998">
        <ele>783.38</ele>
      </trkpt>
      <trkpt lat="34.95585" lon="-116.80984">
        <ele>783.82</ele>
      </trkpt>
      <trkpt lat="34.95584" lon="-116.80971">
        <ele>783.81</ele>
      </trkpt>
      <trkpt lat="34.95582" lon="-116.80958">
        <ele>782.61</ele>
      </trkpt>
      <trkpt lat="34.95579" lon="-116.80944">
        <ele>781.45</ele>
      </trkpt>
      <trkpt lat="34.95575" lon="-116.8093">
        <ele>780.5</ele>
      </trkpt>
      <trkpt lat="34.95571" lon="-116.80915">
        <ele>779.82</ele>
      </trkpt>
      <trkpt lat="34.95567" lon="-116.80901">
        <ele>779.0</ele>
      </trkpt>
      <trkpt lat="34.95561" lon="-116.80887">
        <ele>778.67</ele>
      </trkpt>
      <trkpt lat="34.95556" lon="-116.80873">
        <ele>779.0</ele>
      </trkpt>
      <trkpt lat="34.95551" lon="-116.8086">
        <ele>778.06</ele>
      </trkpt>
      <trkpt lat="34.95545" lon="-116.80846">
        <ele>778.54</ele>
      </trkpt>
      <trkpt lat="34.95539" lon="-116.80832">
        <ele>779.21</ele>
      </trkpt>
      <trkpt lat="34.95533" lon="-116.8082">
        <ele>779.0</ele>
      </trkpt>
      <trkpt lat="34.95527" lon="-116.80807">
        <ele>778.93</ele>
      </trkpt>
      <trkpt lat="34.95522" lon="-116.80794">
        <ele>778.38</ele>
      </trkpt>
      <trkpt lat="34.95518" lon="-116.80781">
        <ele>777.96</ele>
      </trkpt>
      <trkpt lat="34.95514" lon="-116.80768">
        <ele>777.48</ele>
      </trkpt>
      <trkpt lat="34.9551" lon="-116.80752">
        <ele>776.28</ele>
      </trkpt>
      <trkpt lat="34.95507" lon="-116.80736">
        <ele>776.0</ele>
      </trkpt>
      <trkpt lat="34.95504" lon="-116.80722">
        <ele>775.0</ele>
      </trkpt>
      <trkpt lat="34.95502" lon="-116.80707">
        <ele>774.5</ele>
      </trkpt>
      <trkpt lat="34.95499" lon="-116.80692">
        <ele>773.97</ele>
      </trkpt>
      <trkpt lat="34.95496" lon="-116.80676">
        <ele>772.58</ele>
      </trkpt>
      <trkpt lat="34.95494" lon="-116.8066">
        <ele>774.54</ele>
      </trkpt>
      <trkpt lat="34.95492" lon="-116.80645">
        <ele>774.95</ele>
      </trkpt>
      <trkpt lat="34.95491" lon="-116.8063">
        <ele>774.04</ele>
      </trkpt>
      <trkpt lat="34.95488" lon="-116.80615">
        <ele>774.12</ele>
      </trkpt>
      <trkpt lat="34.95484" lon="-116.80601">
        <ele>774.0</ele>
      </trkpt>
      <trkpt lat="34.95478" lon="-116.80589">
        <ele>773.61</ele>
      </trkpt>
      <trkpt lat="34.95469" lon="-116.80579">
        <ele>772.84</ele>
      </trkpt>
      <trkpt lat="34.9546" lon="-116.80569">
        <ele>771.82</ele>
      </trkpt>
      <trkpt lat="34.9545" lon="-116.8056">
        <ele>770.79</ele>
      </trkpt>
      <trkpt lat="34.95441" lon="-116.80551">
        <ele>769.82</ele>
      </trkpt>
      <trkpt lat="34.9543" lon="-116.80543">
        <ele>768.24</ele>
      </trkpt>
      <trkpt lat="34.95419" lon="-116.80536">
        <ele>766.34</ele>
      </trkpt>
      <trkpt lat="34.95407" lon="-116.8053">
        <ele>766.97</ele>
      </trkpt>
      <trkpt lat="34.95396" lon="-116.80524">
        <ele>766.55</ele>
      </trkpt>
      <trkpt lat="34.95385" lon="-116.80516">
        <ele>767.04</ele>
      </trkpt>
      <trkpt lat="34.95375" lon="-116.80506">
        <ele>766.0</ele>
      </trkpt>
      <trkpt lat="34.95365" lon="-116.80497">
        <ele>766.72</ele>
      </trkpt>
      <trkpt lat="34.95356" lon="-116.80489">
        <ele>767.45</ele>
      </trkpt>
      <trkpt lat="34.95348" lon="-116.80484">
        <ele>767.27</ele>
      </trkpt>
      <trkpt lat="34.95341" lon="-116.80478">
        <ele>766.52</ele>
      </trkpt>
      <trkpt lat="34.95337" lon="-116.8047">
        <ele>765.9</ele>
      </trkpt>
      <trkpt lat="34.95336" lon="-116.80462">
        <ele>765.82</ele>
      </trkpt>
      <trkpt lat="34.95335" lon="-116.80453">
        <ele>766.82</ele>
      </trkpt>
      <trkpt lat="34.95333" lon="-116.80444">
        <ele>767.03</ele>
      </trkpt>
      <trkpt lat="34.95332" lon="-116.80434">
        <ele>766.89</ele>
      </trkpt>
      <trkpt lat="34.95331" lon="-116.80423">
        <ele>765.94</ele>
      </trkpt>
      <trkpt lat="34.9533" lon="-116.80412">
        <ele>765.18</ele>
      </trkpt>
      <trkpt lat="34.95329" lon="-116.80402">
        <ele>765.0</ele>
      </trkpt>
      <trkpt lat="34.95328" lon="-116.80391">
        <ele>765.44</ele>
      </trkpt>
      <trkpt lat="34.95328" lon="-116.80381">
        <ele>765.58</ele>
      </trkpt>
      <trkpt lat="34.95327" lon="-116.80372">
        <ele>765.12</ele>
      </trkpt>
      <trkpt lat="34.95327" lon="-116.8036">
        <ele>764.68</ele>
      </trkpt>
      <trkpt lat="34.95326" lon="-116.80349">
        <ele>764.48</ele>
      </trkpt>
      <trkpt lat="34.95326" lon="-116.80337">
        <ele>763.79</ele>
      </trkpt>
      <trkpt lat="34.95326" lon="-116.80325">
        <ele>763.08</ele>
      </trkpt>
      <trkpt lat="34.95326" lon="-116.80313">
        <ele>762.0</ele>
      </trkpt>
      <trkpt lat="34.95326" lon="-116.80301">
        <ele>761.51</ele>
      </trkpt>
      <trkpt lat="34.95327" lon="-116.8029">
        <ele>760.32</ele>
      </trkpt>
      <trkpt lat="34.95328" lon="-116.80278">
        <ele>760.56</ele>
      </trkpt>
      <trkpt lat="34.95329" lon="-116.80267">
        <ele>761.47</ele>
      </trkpt>
      <trkpt lat="34.9533" lon="-116.80256">
        <ele>761.36</ele>
      </trkpt>
      <trkpt lat="34.95332" lon="-116.80247">
        <ele>761.14</ele>
      </trkpt>
      <trkpt lat="34.95335" lon="-116.80238">
        <ele>761.0</ele>
      </trkpt>
      <trkpt lat="34.95338" lon="-116.8023">
        <ele>761.0</ele>
      </trkpt>
      <trkpt lat="34.95342" lon="-116.80222">
        <ele>761.0</ele>
      </trkpt>
      <trkpt lat="34.95347" lon="-116.80215">
        <ele>760.9</ele>
      </trkpt>
      <trkpt lat="34.95353" lon="-116.80207">
        <ele>760.88</ele>
      </trkpt>
      <trkpt lat="34.9536" lon="-116.80201">
        <ele>760.16</ele>
      </trkpt>
      <trkpt lat="34.95366" lon="-116.80193">
        <ele>759.55</ele>
      </trkpt>
      <trkpt lat="34.95373" lon="-116.80184">
        <ele>758.72</ele>
      </trkpt>
      <trkpt lat="34.95379" lon="-116.80175">
        <ele>758.07</ele>
      </trkpt>
      <trkpt lat="34.95387" lon="-116.80164">
        <ele>757.15</ele>
      </trkpt>
      <trkpt lat="34.95396" lon="-116.80152">
        <ele>756.1</ele>
      </trkpt>
      <trkpt lat="34.95404" lon="-116.8014">
        <ele>755.92</ele>
      </trkpt>
      <trkpt lat="34.95412" lon="-116.80128">
        <ele>755.5</ele>
      </trkpt>
      <trkpt lat="34.9542" lon="-116.80115">
        <ele>755.37</ele>
      </trkpt>
      <trkpt lat="34.95428" lon="-116.80103">
        <ele>755.0</ele>
      </trkpt>
      <trkpt lat="34.95435" lon="-116.80091">
        <ele>755.02</ele>
      </trkpt>
      <trkpt lat="34.95442" lon="-116.80081">
        <ele>754.26</ele>
      </trkpt>
      <trkpt lat="34.95447" lon="-116.80069">
        <ele>753.6</ele>
      </trkpt>
      <trkpt lat="34.95453" lon="-116.80059">
        <ele>753.34</ele>
      </trkpt>
      <trkpt lat="34.95457" lon="-116.80047">
        <ele>752.43</ele>
      </trkpt>
      <trkpt lat="34.95462" lon="-116.80036">
        <ele>752.78</ele>
      </trkpt>
      <trkpt lat="34.95465" lon="-116.80024">
        <ele>752.35</ele>
      </trkpt>
      <trkpt lat="34.95466" lon="-116.80011">
        <ele>750.7</ele>
      </trkpt>
      <trkpt lat="34.95466" lon="-116.79998">
        <ele>749.46</ele>
      </trkpt>
      <trkpt lat="34.95465" lon="-116.79985">
        <ele>748.92</ele>
      </trkpt>
      <trkpt lat="34.95464" lon="-116.79972">
        <ele>749.0</ele>
      </trkpt>
      <trkpt lat="34.95461" lon="-116.7996">
        <ele>749.21</ele>
      </trkpt>
      <trkpt lat="34.95457" lon="-116.79948">
        <ele>749.47</ele>
      </trkpt>
      <trkpt lat="34.95454" lon="-116.79937">
        <ele>749.81</ele>
      </trkpt>
      <trkpt lat="34.95451" lon="-116.79925">
        <ele>749.9</ele>
      </trkpt>
      <trkpt lat="34.95448" lon="-116.79913">
        <ele>749.0</ele>
      </trkpt>
      <trkpt lat="34.95446" lon="-116.799">
        <ele>749.0</ele>
      </trkpt>
      <trkpt lat="34.95444" lon="-116.79886">
        <ele>748.69</ele>
      </trkpt>
      <trkpt lat="34.95443" lon="-116.79872">
        <ele>748.0</ele>
      </trkpt>
      <trkpt lat="34.95443" lon="-116.79857">
        <ele>747.16</ele>
      </trkpt>
      <trkpt lat="34.95443" lon="-116.79842">
        <ele>746.95</ele>
      </trkpt>
      <trkpt lat="34.95444" lon="-116.79825">
        <ele>746.0</ele>
      </trkpt>
      <trkpt lat="34.95446" lon="-116.79809">
        <ele>745.37</ele>
      </trkpt>
      <trkpt lat="34.95448" lon="-116.79792">
        <ele>744.21</ele>
      </trkpt>
      <trkpt lat="34.9545" lon="-116.79774">
        <ele>743.84</ele>
      </trkpt>
      <trkpt lat="34.95451" lon="-116.79758">
        <ele>743.0</ele>
      </trkpt>
      <trkpt lat="34.95451" lon="-116.7974">
        <ele>743.0</ele>
      </trkpt>
      <trkpt lat="34.95451" lon="-116.79722">
        <ele>742.69</ele>
      </trkpt>
      <trkpt lat="34.95451" lon="-116.79705">
        <ele>742.25</ele>
      </trkpt>
      <trkpt lat="34.9545" lon="-116.79689">
        <ele>742.16</ele>
      </trkpt>
      <trkpt lat="34.9545" lon="-116.79674">
        <ele>741.79</ele>
      </trkpt>
      <trkpt lat="34.9545" lon="-116.79661">
        <ele>741.0</ele>
      </trkpt>
      <trkpt lat="34.95449" lon="-116.79648">
        <ele>741.0</ele>
      </trkpt>
      <trkpt lat="34.95449" lon="-116.79638">
        <ele>740.9</ele>
      </trkpt>
      <trkpt lat="34.95448" lon="-116.79628">
        <ele>740.0</ele>
      </trkpt>
      <trkpt lat="34.95448" lon="-116.7962">
        <ele>739.96</ele>
      </trkpt>
      <trkpt lat="34.95447" lon="-116.79614">
        <ele>739.31</ele>
      </trkpt>
      <trkpt lat="34.95445" lon="-116.79607">
        <ele>739.0</ele>
      </trkpt>
      <trkpt lat="34.95444" lon="-116.79601">
        <ele>738.91</ele>
      </trkpt>
      <trkpt lat="34.95442" lon="-116.79594">
        <ele>738.15</ele>
      </trkpt>
      <trkpt lat="34.95441" lon="-116.79589">
        <ele>738.0</ele>
      </trkpt>
      <trkpt lat="34.9544" lon="-116.79584">
        <ele>738.0</ele>
      </trkpt>
      <trkpt lat="34.95438" lon="-116.7958">
        <ele>738.0</ele>
      </trkpt>
      <trkpt lat="34.95437" lon="-116.79577">
        <ele>738.0</ele>
      </trkpt>
      <trkpt lat="34.95437" lon="-116.79573">
        <ele>737.98</ele>
      </trkpt>
      <trkpt lat="34.95436" lon="-116.79567">
        <ele>737.93</ele>
      </trkpt>
      <trkpt lat="34.95435" lon="-116.79563">
        <ele>737.8</ele>
      </trkpt>
      <trkpt lat="34.95435" lon="-116.79559">
        <ele>737.37</ele>
      </trkpt>
      <trkpt lat="34.95434" lon="-116.79556">
        <ele>737.05</ele>
      </trkpt>
      <trkpt lat="34.95434" lon="-116.79553">
        <ele>737.0</ele>
      </trkpt>
      <trkpt lat="34.95434" lon="-116.79546">
        <ele>737.0</ele>
      </trkpt>
      <trkpt lat="34.95433" lon="-116.79539">
        <ele>737.0</ele>
      </trkpt>
      <trkpt lat="34.95433" lon="-116.79529">
        <ele>737.0</ele>
      </trkpt>
      <trkpt lat="34.95432" lon="-116.79518">
        <ele>737.0</ele>
      </trkpt>
      <trkpt lat="34.95431" lon="-116.79506">
        <ele>737.0</ele>
      </trkpt>
      <trkpt lat="34.9543" lon="-116.79493">
        <ele>736.67</ele>
      </trkpt>
      <trkpt lat="34.95429" lon="-116.79481">
        <ele>736.67</ele>
      </trkpt>
      <trkpt lat="34.95428" lon="-116.79468">
        <ele>736.42</ele>
      </trkpt>
      <trkpt lat="34.95426" lon="-116.79457">
        <ele>735.99</ele>
      </trkpt>
      <trkpt lat="34.95423" lon="-116.79445">
        <ele>735.67</ele>
      </trkpt>
      <trkpt lat="34.95421" lon="-116.79434">
        <ele>734.4</ele>
      </trkpt>
      <trkpt lat="34.95419" lon="-116.79422">
        <ele>733.43</ele>
      </trkpt>
      <trkpt lat="34.95417" lon="-116.79411">
        <ele>732.39</ele>
      </trkpt>
      <trkpt lat="34.95416" lon="-116.79399">
        <ele>732.0</ele>
      </trkpt>
      <trkpt lat="34.95416" lon="-116.79387">
        <ele>732.0</ele>
      </trkpt>
      <trkpt lat="34.95416" lon="-116.79375">
        <ele>732.0</ele>
      </trkpt>
      <trkpt lat="34.95417" lon="-116.79363">
        <ele>731.96</ele>
      </trkpt>
      <trkpt lat="34.95419" lon="-116.79352">
        <ele>731.75</ele>
      </trkpt>
      <trkpt lat="34.95422" lon="-116.79341">
        <ele>731.42</ele>
      </trkpt>
      <trkpt lat="34.95426" lon="-116.79329">
        <ele>731.0</ele>
      </trkpt>
      <trkpt lat="34.95431" lon="-116.79317">
        <ele>731.0</ele>
      </trkpt>
      <trkpt lat="34.95436" lon="-116.79304">
        <ele>730.76</ele>
      </trkpt>
      <trkpt lat="34.9544" lon="-116.79291">
        <ele>730.0</ele>
      </trkpt>
      <trkpt lat="34.95443" lon="-116.79279">
        <ele>729.4</ele>
      </trkpt>
      <trkpt lat="34.95447" lon="-116.79267">
        <ele>728.56</ele>
      </trkpt>
      <trkpt lat="34.95451" lon="-116.79255">
        <ele>727.16</ele>
      </trkpt>
      <trkpt lat="34.95455" lon="-116.79243">
        <ele>726.24</ele>
      </trkpt>
      <trkpt lat="34.95459" lon="-116.79233">
        <ele>726.0</ele>
      </trkpt>
      <trkpt lat="34.95465" lon="-116.7922">
        <ele>725.95</ele>
      </trkpt>
      <trkpt lat="34.9547" lon="-116.79207">
        <ele>725.24</ele>
      </trkpt>
      <trkpt lat="34.95474" lon="-116.79196">
        <ele>725.0</ele>
      </trkpt>
      <trkpt lat="34.95478" lon="-116.79185">
        <ele>725.38</ele>
      </trkpt>
      <trkpt lat="34.95481" lon="-116.79173">
        <ele>725.05</ele>
      </trkpt>
      <trkpt lat="34.95483" lon="-116.79161">
        <ele>725.0</ele>
      </trkpt>
      <trkpt lat="34.95484" lon="-116.79148">
        <ele>725.0</ele>
      </trkpt>
      <trkpt lat="34.95486" lon="-116.79137">
        <ele>724.9</ele>
      </trkpt>
      <trkpt lat="34.95487" lon="-116.79127">
        <ele>724.4</ele>
      </trkpt>
      <trkpt lat="34.95489" lon="-116.79119">
        <ele>724.04</ele>
      </trkpt>
      <trkpt lat="34.95491" lon="-116.7911">
        <ele>723.0</ele>
      </trkpt>
      <trkpt lat="34.95492" lon="-116.79104">
        <ele>722.9</ele>
      </trkpt>
      <trkpt lat="34.95494" lon="-116.79098">
        <ele>722.65</ele>
      </trkpt>
      <trkpt lat="34.95495" lon="-116.79094">
        <ele>722.54</ele>
      </trkpt>
      <trkpt lat="34.95496" lon="-116.7909">
        <ele>722.31</ele>
      </trkpt>
      <trkpt lat="34.95497" lon="-116.79086">
        <ele>722.09</ele>
      </trkpt>
      <trkpt lat="34.95499" lon="-116.79081">
        <ele>721.78</ele>
      </trkpt>
      <trkpt lat="34.955" lon="-116.79075">
        <ele>721.1</ele>
      </trkpt>
      <trkpt lat="34.95502" lon="-116.79069">
        <ele>721.0</ele>
      </trkpt>
      <trkpt lat="34.95502" lon="-116.79066">
        <ele>721.0</ele>
      </trkpt>
      <trkpt lat="34.95504" lon="-116.79062">
        <ele>720.7</ele>
      </trkpt>
      <trkpt lat="34.95505" lon="-116.79059">
        <ele>720.37</ele>
      </trkpt>
      <trkpt lat="34.95506" lon="-116.79055">
        <ele>720.0</ele>
      </trkpt>
      <trkpt lat="34.95507" lon="-116.7905">
        <ele>720.0</ele>
      </trkpt>
      <trkpt lat="34.95508" lon="-116.79046">
        <ele>720.0</ele>
      </trkpt>
      <trkpt lat="34.95508" lon="-116.7904">
        <ele>720.0</ele>
      </trkpt>
      <trkpt lat="34.95509" lon="-116.79033">
        <ele>719.58</ele>
      </trkpt>
      <trkpt lat="34.95511" lon="-116.79024">
        <ele>719.11</ele>
      </trkpt>
      <trkpt lat="34.95513" lon="-116.79015">
        <ele>719.0</ele>
      </trkpt>
      <trkpt lat="34.95515" lon="-116.79004">
        <ele>719.0</ele>
      </trkpt>
      <trkpt lat="34.95518" lon="-116.78994">
        <ele>718.35</ele>
      </trkpt>
      <trkpt lat="34.9552" lon="-116.78984">
        <ele>718.0</ele>
      </trkpt>
      <trkpt lat="34.95521" lon="-116.78974">
        <ele>718.0</ele>
      </trkpt>
      <trkpt lat="34.95521" lon="-116.78963">
        <ele>717.73</ele>
      </trkpt>
      <trkpt lat="34.95521" lon="-116.78951">
        <ele>717.0</ele>
      </trkpt>
      <trkpt lat="34.9552" lon="-116.7894">
        <ele>717.0</ele>
      </trkpt>
      <trkpt lat="34.95519" lon="-116.78929">
        <ele>716.33</ele>
      </trkpt>
      <trkpt lat="34.95516" lon="-116.78919">
        <ele>716.0</ele>
      </trkpt>
      <trkpt lat="34.95513" lon="-116.78911">
        <ele>716.0</ele>
      </trkpt>
      <trkpt lat="34.95509" lon="-116.78907">
        <ele>715.96</ele>
      </trkpt>
      <trkpt lat="34.95504" lon="-116.78903">
        <ele>715.79</ele>
      </trkpt>
      <trkpt lat="34.955" lon="-116.78898">
        <ele>715.98</ele>
      </trkpt>
      <trkpt lat="34.95497" lon="-116.78893">
        <ele>715.44</ele>
      </trkpt>
      <trkpt lat="34.95493" lon="-116.78886">
        <ele>715.0</ele>
      </trkpt>
      <trkpt lat="34.95491" lon="-116.78878">
        <ele>715.0</ele>
      </trkpt>
      <trkpt lat="34.9549" lon="-116.7887">
        <ele>714.96</ele>
      </trkpt>
      <trkpt lat="34.95489" lon="-116.78861">
        <ele>714.19</ele>
      </trkpt>
      <trkpt lat="34.95488" lon="-116.78852">
        <ele>714.0</ele>
      </trkpt>
      <trkpt lat="34.95486" lon="-116.78843">
        <ele>714.0</ele>
      </trkpt>
      <trkpt lat="34.95483" lon="-116.78836">
        <ele>714.0</ele>
      </trkpt>
      <trkpt lat="34.95481" lon="-116.78828">
        <ele>714.0</ele>
      </trkpt>
      <trkpt lat="34.95477" lon="-116.7882">
        <ele>714.0</ele>
      </trkpt>
      <trkpt lat="34.95473" lon="-116.78813">
        <ele>714.0</ele>
      </trkpt>
      <trkpt lat="34.95469" lon="-116.78807">
        <ele>714.35</ele>
      </trkpt>
      <trkpt lat="34.95464" lon="-116.78801">
        <ele>714.45</ele>
      </trkpt>
      <trkpt lat="34.95458" lon="-116.78796">
        <ele>714.0</ele>
      </trkpt>
      <trkpt lat="34.95451" lon="-116.78793">
        <ele>714.0</ele>
      </trkpt>
      <trkpt lat="34.95444" lon="-116.78789">
        <ele>713.96</ele>
      </trkpt>
      <trkpt lat="34.95438" lon="-116.78784">
        <ele>713.3</ele>
      </trkpt>
      <trkpt lat="34.95432" lon="-116.78778">
        <ele>713.01</ele>
      </trkpt>
      <trkpt lat="34.95428" lon="-116.78772">
        <ele>713.0</ele>
      </trkpt>
      <trkpt lat="34.95424" lon="-116.78764">
        <ele>713.0</ele>
      </trkpt>
      <trkpt lat="34.95421" lon="-116.78757">
        <ele>713.0</ele>
      </trkpt>
      <trkpt lat="34.9542" lon="-116.7875">
        <ele>713.0</ele>
      </trkpt>
      <trkpt lat="34.9542" lon="-116.78742">
        <ele>713.0</ele>
      </trkpt>
      <trkpt lat="34.9542" lon="-116.78732">
        <ele>712.66</ele>
      </trkpt>
      <trkpt lat="34.95422" lon="-116.78723">
        <ele>712.04</ele>
      </trkpt>
      <trkpt lat="34.95426" lon="-116.78714">
        <ele>711.11</ele>
      </trkpt>
      <trkpt lat="34.95431" lon="-116.78707">
        <ele>710.36</ele>
      </trkpt>
      <trkpt lat="34.95436" lon="-116.78699">
        <ele>710.0</ele>
      </trkpt>
      <trkpt lat="34.9544" lon="-116.7869">
        <ele>710.0</ele>
      </trkpt>
      <trkpt lat="34.95443" lon="-116.78681">
        <ele>709.93</ele>
      </trkpt>
      <trkpt lat="34.95447" lon="-116.78672">
        <ele>709.42</ele>
      </trkpt>
      <trkpt lat="34.9545" lon="-116.78662">
        <ele>709.0</ele>
      </trkpt>
      <trkpt lat="34.95453" lon="-116.78652">
        <ele>709.0</ele>
      </trkpt>
      <trkpt lat="34.95457" lon="-116.78642">
        <ele>709.0</ele>
      </trkpt>
      <trkpt lat="34.9546" lon="-116.78632">
        <ele>709.0</ele>
      </trkpt>
      <trkpt lat="34.95463" lon="-116.78623">
        <ele>708.28</ele>
      </trkpt>
      <trkpt lat="34.95466" lon="-116.78615">
        <ele>708.0</ele>
      </trkpt>
      <trkpt lat="34.95468" lon="-116.78607">
        <ele>708.0</ele>
      </trkpt>
      <trkpt lat="34.9547" lon="-116.78601">
        <ele>707.93</ele>
      </trkpt>
      <trkpt lat="34.9547" lon="-116.78595">
        <ele>707.44</ele>
      </trkpt>
      <trkpt lat="34.95471" lon="-116.78589">
        <ele>707.08</ele>
      </trkpt>
      <trkpt lat="34.95471" lon="-116.78585">
        <ele>707.02</ele>
      </trkpt>
      <trkpt lat="34.9547" lon="-116.7858">
        <ele>707.0</ele>
      </trkpt>
      <trkpt lat="34.95468" lon="-116.78575">
        <ele>707.0</ele>
      </trkpt>
      <trkpt lat="34.95464" lon="-116.78572">
        <ele>706.97</ele>
      </trkpt>
      <trkpt lat="34.95459" lon="-116.78571">
        <ele>707.0</ele>
      </trkpt>
      <trkpt lat="34.95453" lon="-116.78571">
        <ele>707.05</ele>
      </trkpt>
      <trkpt lat="34.95446" lon="-116.7857">
        <ele>707.47</ele>
      </trkpt>
      <trkpt lat="34.95439" lon="-116.7857">
        <ele>707.82</ele>
      </trkpt>
      <trkpt lat="34.95432" lon="-116.7857">
        <ele>707.85</ele>
      </trkpt>
      <trkpt lat="34.95426" lon="-116.78571">
        <ele>707.67</ele>
      </trkpt>
      <trkpt lat="34.95421" lon="-116.78571">
        <ele>707.31</ele>
      </trkpt>
      <trkpt lat="34.95414" lon="-116.78571">
        <ele>707.0</ele>
      </trkpt>
      <trkpt lat="34.95407" lon="-116.78571">
        <ele>707.03</ele>
      </trkpt>
      <trkpt lat="34.95399" lon="-116.78571">
        <ele>707.61</ele>
      </trkpt>
      <trkpt lat="34.95391" lon="-116.78571">
        <ele>707.92</ele>
      </trkpt>
      <trkpt lat="34.95383" lon="-116.78571">
        <ele>708.0</ele>
      </trkpt>
      <trkpt lat="34.95374" lon="-116.78571">
        <ele>708.0</ele>
      </trkpt>
      <trkpt lat="34.95365" lon="-116.78571">
        <ele>708.0</ele>
      </trkpt>
      <trkpt lat="34.95356" lon="-116.78572">
        <ele>708.0</ele>
      </trkpt>
      <trkpt lat="34.95347" lon="-116.78572">
        <ele>708.0</ele>
      </trkpt>
      <trkpt lat="34.95337" lon="-116.78572">
        <ele>708.6</ele>
      </trkpt>
      <trkpt lat="34.95328" lon="-116.78572">
        <ele>709.0</ele>
      </trkpt>
      <trkpt lat="34.95317" lon="-116.78572">
        <ele>709.0</ele>
      </trkpt>
      <trkpt lat="34.95306" lon="-116.78572">
        <ele>709.0</ele>
      </trkpt>
      <trkpt lat="34.95296" lon="-116.78573">
        <ele>709.88</ele>
      </trkpt>
      <trkpt lat="34.95288" lon="-116.78573">
        <ele>709.88</ele>
      </trkpt>
      <trkpt lat="34.95279" lon="-116.78573">
        <ele>709.88</ele>
      </trkpt>
      <trkpt lat="34.95271" lon="-116.78573">
        <ele>709.97</ele>
      </trkpt>
      <trkpt lat="34.95262" lon="-116.78573">
        <ele>710.0</ele>
      </trkpt>
      <trkpt lat="34.95253" lon="-116.78572">
        <ele>710.0</ele>
      </trkpt>
      <trkpt lat="34.95244" lon="-116.78572">
        <ele>710.0</ele>
      </trkpt>
      <trkpt lat="34.95236" lon="-116.78571">
        <ele>710.0</ele>
      </trkpt>
      <trkpt lat="34.95228" lon="-116.78569">
        <ele>710.17</ele>
      </trkpt>
      <trkpt lat="34.95222" lon="-116.78566">
        <ele>710.15</ele>
      </trkpt>
      <trkpt lat="34.95217" lon="-116.7856">
        <ele>710.27</ele>
      </trkpt>
      <trkpt lat="34.95213" lon="-116.78553">
        <ele>710.0</ele>
      </trkpt>
      <trkpt lat="34.95211" lon="-116.78544">
        <ele>710.0</ele>
      </trkpt>
      <trkpt lat="34.9521" lon="-116.78534">
        <ele>710.1</ele>
      </trkpt>
      <trkpt lat="34.95208" lon="-116.78521">
        <ele>711.61</ele>
      </trkpt>
      <trkpt lat="34.95205" lon="-116.78508">
        <ele>713.12</ele>
      </trkpt>
      <trkpt lat="34.95201" lon="-116.78496">
        <ele>714.0</ele>
      </trkpt>
      <trkpt lat="34.95194" lon="-116.78486">
        <ele>714.0</ele>
      </trkpt>
      <trkpt lat="34.95186" lon="-116.78476">
        <ele>714.59</ele>
      </trkpt>
      <trkpt lat="34.95181" lon="-116.78465">
        <ele>715.78</ele>
      </trkpt>
      <trkpt lat="34.95177" lon="-116.78455">
        <ele>716.86</ele>
      </trkpt>
      <trkpt lat="34.95174" lon="-116.78442">
        <ele>718.85</ele>
      </trkpt>
      <trkpt lat="34.95171" lon="-116.78429">
        <ele>719.31</ele>
      </trkpt>
      <trkpt lat="34.95169" lon="-116.78417">
        <ele>719.97</ele>
      </trkpt>
      <trkpt lat="34.95167" lon="-116.78402">
        <ele>721.0</ele>
      </trkpt>
      <trkpt lat="34.95164" lon="-116.78387">
        <ele>721.0</ele>
      </trkpt>
      <trkpt lat="34.95161" lon="-116.78372">
        <ele>721.0</ele>
      </trkpt>
      <trkpt lat="34.95158" lon="-116.78357">
        <ele>720.48</ele>
      </trkpt>
      <trkpt lat="34.95155" lon="-116.78341">
        <ele>720.87</ele>
      </trkpt>
      <trkpt lat="34.95151" lon="-116.78327">
        <ele>721.38</ele>
      </trkpt>
      <trkpt lat="34.95147" lon="-116.78312">
        <ele>721.91</ele>
      </trkpt>
      <trkpt lat="34.95143" lon="-116.78296">
        <ele>721.99</ele>
      </trkpt>
      <trkpt lat="34.95139" lon="-116.78281">
        <ele>721.99</ele>
      </trkpt>
      <trkpt lat="34.95136" lon="-116.78264">
        <ele>720.66</ele>
      </trkpt>
      <trkpt lat="34.95133" lon="-116.78247">
        <ele>720.64</ele>
      </trkpt>
      <trkpt lat="34.9513" lon="-116.7823">
        <ele>721.0</ele>
      </trkpt>
      <trkpt lat="34.95128" lon="-116.78215">
        <ele>722.42</ele>
      </trkpt>
      <trkpt lat="34.95126" lon="-116.78202">
        <ele>724.07</ele>
      </trkpt>
      <trkpt lat="34.95125" lon="-116.7819">
        <ele>724.98</ele>
      </trkpt>
      <trkpt lat="34.95125" lon="-116.7818">
        <ele>725.5</ele>
      </trkpt>
      <trkpt lat="34.95125" lon="-116.78172">
        <ele>725.5</ele>
      </trkpt>
      <trkpt lat="34.95126" lon="-116.78165">
        <ele>725.39</ele>
      </trkpt>
      <trkpt lat="34.9513" lon="-116.78163">
        <ele>724.92</ele>
      </trkpt>
      <trkpt lat="34.95135" lon="-116.78162">
        <ele>723.84</ele>
      </trkpt>
      <trkpt lat="34.95142" lon="-116.78162">
        <ele>722.5</ele>
      </trkpt>
      <trkpt lat="34.95149" lon="-116.78162">
        <ele>721.37</ele>
      </trkpt>
      <trkpt lat="34.95156" lon="-116.78163">
        <ele>720.21</ele>
      </trkpt>
      <trkpt lat="34.95163" lon="-116.78164">
        <ele>719.83</ele>
      </trkpt>
      <trkpt lat="34.9517" lon="-116.78164">
        <ele>719.71</ele>
      </trkpt>
      <trkpt lat="34.95178" lon="-116.78163">
        <ele>719.6</ele>
      </trkpt>
      <trkpt lat="34.95184" lon="-116.78162">
        <ele>719.5</ele>
      </trkpt>
      <trkpt lat="34.95192" lon="-116.78158">
        <ele>719.06</ele>
      </trkpt>
      <trkpt lat="34.952" lon="-116.78154">
        <ele>718.48</ele>
      </trkpt>
      <trkpt lat="34.95207" lon="-116.78149">
        <ele>718.06</ele>
      </trkpt>
      <trkpt lat="34.95215" lon="-116.78143">
        <ele>717.35</ele>
      </trkpt>
      <trkpt lat="34.95223" lon="-116.78137">
        <ele>717.2</ele>
      </trkpt>
      <trkpt lat="34.9523" lon="-116.7813">
        <ele>717.96</ele>
      </trkpt>
      <trkpt lat="34.95236" lon="-116.78123">
        <ele>718.58</ele>
      </trkpt>
      <trkpt lat="34.95239" lon="-116.78117">
        <ele>719.36</ele>
      </trkpt>
      <trkpt lat="34.9524" lon="-116.78111">
        <ele>720.0</ele>
      </trkpt>
      <trkpt lat="34.9524" lon="-116.78105">
        <ele>720.0</ele>
      </trkpt>
      <trkpt lat="34.9524" lon="-116.78099">
        <ele>720.0</ele>
      </trkpt>
      <trkpt lat="34.95239" lon="-116.78092">
        <ele>719.95</ele>
      </trkpt>
      <trkpt lat="34.95237" lon="-116.78084">
        <ele>719.45</ele>
      </trkpt>
      <trkpt lat="34.95234" lon="-116.78075">
        <ele>719.73</ele>
      </trkpt>
      <trkpt lat="34.95231" lon="-116.78066">
        <ele>720.87</ele>
      </trkpt>
      <trkpt lat="34.95229" lon="-116.78057">
        <ele>721.0</ele>
      </trkpt>
      <trkpt lat="34.95227" lon="-116.78048">
        <ele>720.18</ele>
      </trkpt>
      <trkpt lat="34.95225" lon="-116.78039">
        <ele>720.0</ele>
      </trkpt>
      <trkpt lat="34.95223" lon="-116.78029">
        <ele>720.8</ele>
      </trkpt>
      <trkpt lat="34.95222" lon="-116.78018">
        <ele>721.98</ele>
      </trkpt>
      <trkpt lat="34.9522" lon="-116.78006">
        <ele>721.84</ele>
      </trkpt>
      <trkpt lat="34.95217" lon="-116.77993">
        <ele>722.0</ele>
      </trkpt>
      <trkpt lat="34.95213" lon="-116.77981">
        <ele>722.0</ele>
      </trkpt>
      <trkpt lat="34.9521" lon="-116.77971">
        <ele>721.87</ele>
      </trkpt>
      <trkpt lat="34.95207" lon="-116.77962">
        <ele>720.96</ele>
      </trkpt>
      <trkpt lat="34.95204" lon="-116.7795">
        <ele>720.57</ele>
      </trkpt>
      <trkpt lat="34.95202" lon="-116.77939">
        <ele>720.18</ele>
      </trkpt>
      <trkpt lat="34.952" lon="-116.77927">
        <ele>720.93</ele>
      </trkpt>
      <trkpt lat="34.95198" lon="-116.77915">
        <ele>721.0</ele>
      </trkpt>
      <trkpt lat="34.95197" lon="-116.77902">
        <ele>721.42</ele>
      </trkpt>
      <trkpt lat="34.95195" lon="-116.7789">
        <ele>721.94</ele>
      </trkpt>
      <trkpt lat="34.95194" lon="-116.7788">
        <ele>722.0</ele>
      </trkpt>
      <trkpt lat="34.95192" lon="-116.77869">
        <ele>722.85</ele>
      </trkpt>
      <trkpt lat="34.9519" lon="-116.77857">
        <ele>721.79</ele>
      </trkpt>
      <trkpt lat="34.9519" lon="-116.77846">
        <ele>721.19</ele>
      </trkpt>
      <trkpt lat="34.95189" lon="-116.77836">
        <ele>721.0</ele>
      </trkpt>
      <trkpt lat="34.95187" lon="-116.77825">
        <ele>721.0</ele>
      </trkpt>
      <trkpt lat="34.95186" lon="-116.77814">
        <ele>721.0</ele>
      </trkpt>
      <trkpt lat="34.95183" lon="-116.77804">
        <ele>721.0</ele>
      </trkpt>
      <trkpt lat="34.9518" lon="-116.77793">
        <ele>720.84</ele>
      </trkpt>
      <trkpt lat="34.95176" lon="-116.77782">
        <ele>720.45</ele>
      </trkpt>
      <trkpt lat="34.95171" lon="-116.77772">
        <ele>718.22</ele>
      </trkpt>
      <trkpt lat="34.95165" lon="-116.77764">
        <ele>716.33</ele>
      </trkpt>
      <trkpt lat="34.95159" lon="-116.77756">
        <ele>714.47</ele>
      </trkpt>
      <trkpt lat="34.95153" lon="-116.7775">
        <ele>712.52</ele>
      </trkpt>
      <trkpt lat="34.95146" lon="-116.77745">
        <ele>711.23</ele>
      </trkpt>
      <trkpt lat="34.95139" lon="-116.7774">
        <ele>709.93</ele>
      </trkpt>
      <trkpt lat="34.95131" lon="-116.77732">
        <ele>708.2</ele>
      </trkpt>
      <trkpt lat="34.95122" lon="-116.77724">
        <ele>708.0</ele>
      </trkpt>
      <trkpt lat="34.95115" lon="-116.77714">
        <ele>707.63</ele>
      </trkpt>
      <trkpt lat="34.95107" lon="-116.77705">
        <ele>709.75</ele>
      </trkpt>
      <trkpt lat="34.95099" lon="-116.77698">
        <ele>712.11</ele>
      </trkpt>
      <trkpt lat="34.95092" lon="-116.7769">
        <ele>714.0</ele>
      </trkpt>
      <trkpt lat="34.95086" lon="-116.77684">
        <ele>714.0</ele>
      </trkpt>
      <trkpt lat="34.95079" lon="-116.77678">
        <ele>714.0</ele>
      </trkpt>
      <trkpt lat="34.95072" lon="-116.77673">
        <ele>714.0</ele>
      </trkpt>
      <trkpt lat="34.95066" lon="-116.77667">
        <ele>714.0</ele>
      </trkpt>
      <trkpt lat="34.95059" lon="-116.77662">
        <ele>714.31</ele>
      </trkpt>
      <trkpt lat="34.9505" lon="-116.77658">
        <ele>714.03</ele>
      </trkpt>
      <trkpt lat="34.95041" lon="-116.77656">
        <ele>713.36</ele>
      </trkpt>
      <trkpt lat="34.95032" lon="-116.77653">
        <ele>713.54</ele>
      </trkpt>
      <trkpt lat="34.95024" lon="-116.77649">
        <ele>714.37</ele>
      </trkpt>
      <trkpt lat="34.95017" lon="-116.77644">
        <ele>715.0</ele>
      </trkpt>
      <trkpt lat="34.95012" lon="-116.77637">
        <ele>715.0</ele>
      </trkpt>
      <trkpt lat="34.95007" lon="-116.77628">
        <ele>714.76</ele>
      </trkpt>
      <trkpt lat="34.95003" lon="-116.77618">
        <ele>714.16</ele>
      </trkpt>
      <trkpt lat="34.94998" lon="-116.77608">
        <ele>713.52</ele>
      </trkpt>
      <trkpt lat="34.94991" lon="-116.77597">
        <ele>711.95</ele>
      </trkpt>
      <trkpt lat="34.94984" lon="-116.77588">
        <ele>709.64</ele>
      </trkpt>
      <trkpt lat="34.94976" lon="-116.77579">
        <ele>709.49</ele>
      </trkpt>
      <trkpt lat="34.9497" lon="-116.77569">
        <ele>709.89</ele>
      </trkpt>
      <trkpt lat="34.94965" lon="-116.77558">
        <ele>711.15</ele>
      </trkpt>
      <trkpt lat="34.94961" lon="-116.77551">
        <ele>712.7</ele>
      </trkpt>
      <trkpt lat="34.94956" lon="-116.77545">
        <ele>713.75</ele>
      </trkpt>
      <trkpt lat="34.94951" lon="-116.7754">
        <ele>714.0</ele>
      </trkpt>
      <trkpt lat="34.94945" lon="-116.77538">
        <ele>714.0</ele>
      </trkpt>
      <trkpt lat="34.94939" lon="-116.77535">
        <ele>713.78</ele>
      </trkpt>
      <trkpt lat="34.94934" lon="-116.77534">
        <ele>713.54</ele>
      </trkpt>
      <trkpt lat="34.94929" lon="-116.77532">
        <ele>712.79</ele>
      </trkpt>
      <trkpt lat="34.94923" lon="-116.77531">
        <ele>711.92</ele>
      </trkpt>
      <trkpt lat="34.94918" lon="-116.7753">
        <ele>711.18</ele>
      </trkpt>
      <trkpt lat="34.94911" lon="-116.77529">
        <ele>711.0</ele>
      </trkpt>
      <trkpt lat="34.94905" lon="-116.77528">
        <ele>710.99</ele>
      </trkpt>
      <trkpt lat="34.94899" lon="-116.77528">
        <ele>710.98</ele>
      </trkpt>
      <trkpt lat="34.94891" lon="-116.77526">
        <ele>710.04</ele>
      </trkpt>
      <trkpt lat="34.94884" lon="-116.77525">
        <ele>709.33</ele>
      </trkpt>
      <trkpt lat="34.94876" lon="-116.77522">
        <ele>708.61</ele>
      </trkpt>
      <trkpt lat="34.94869" lon="-116.77518">
        <ele>708.0</ele>
      </trkpt>
      <trkpt lat="34.94861" lon="-116.77513">
        <ele>708.0</ele>
      </trkpt>
      <trkpt lat="34.94855" lon="-116.77508">
        <ele>708.0</ele>
      </trkpt>
      <trkpt lat="34.94848" lon="-116.77504">
        <ele>708.0</ele>
      </trkpt>
      <trkpt lat="34.94841" lon="-116.77501">
        <ele>707.98</ele>
      </trkpt>
      <trkpt lat="34.94833" lon="-116.77499">
        <ele>707.97</ele>
      </trkpt>
      <trkpt lat="34.94825" lon="-116.77497">
        <ele>707.39</ele>
      </trkpt>
      <trkpt lat="34.94817" lon="-116.77494">
        <ele>706.88</ele>
      </trkpt>
      <trkpt lat="34.94809" lon="-116.77492">
        <ele>706.24</ele>
      </trkpt>
      <trkpt lat="34.94802" lon="-116.7749">
        <ele>705.18</ele>
      </trkpt>
      <trkpt lat="34.94796" lon="-116.77487">
        <ele>703.97</ele>
      </trkpt>
      <trkpt lat="34.9479" lon="-116.77485">
        <ele>703.32</ele>
      </trkpt>
      <trkpt lat="34.94786" lon="-116.77483">
        <ele>702.89</ele>
      </trkpt>
      <trkpt lat="34.94781" lon="-116.77482">
        <ele>702.35</ele>
      </trkpt>
      <trkpt lat="34.94775" lon="-116.77481">
        <ele>701.7</ele>
      </trkpt>
      <trkpt lat="34.94769" lon="-116.7748">
        <ele>701.05</ele>
      </trkpt>
      <trkpt lat="34.94762" lon="-116.77479">
        <ele>699.4</ele>
      </trkpt>
      <trkpt lat="34.94754" lon="-116.77478">
        <ele>697.7</ele>
      </trkpt>
      <trkpt lat="34.94747" lon="-116.77477">
        <ele>696.68</ele>
      </trkpt>
      <trkpt lat="34.94739" lon="-116.77475">
        <ele>695.68</ele>
      </trkpt>
      <trkpt lat="34.94731" lon="-116.77472">
        <ele>693.92</ele>
      </trkpt>
      <trkpt lat="34.94724" lon="-116.77468">
        <ele>692.74</ele>
      </trkpt>
      <trkpt lat="34.94717" lon="-116.77464">
        <ele>691.48</ele>
      </trkpt>
      <trkpt lat="34.9471" lon="-116.7746">
        <ele>690.46</ele>
      </trkpt>
      <trkpt lat="34.94703" lon="-116.77457">
        <ele>689.85</ele>
      </trkpt>
      <trkpt lat="34.94697" lon="-116.77455">
        <ele>688.55</ele>
      </trkpt>
      <trkpt lat="34.9469" lon="-116.77451">
        <ele>686.6</ele>
      </trkpt>
      <trkpt lat="34.94683" lon="-116.77448">
        <ele>685.15</ele>
      </trkpt>
      <trkpt lat="34.94675" lon="-116.77445">
        <ele>683.95</ele>
      </trkpt>
      <trkpt lat="34.94667" lon="-116.77443">
        <ele>682.88</ele>
      </trkpt>
      <trkpt lat="34.94659" lon="-116.7744">
        <ele>681.26</ele>
      </trkpt>
      <trkpt lat="34.94651" lon="-116.77437">
        <ele>680.31</ele>
      </trkpt>
      <trkpt lat="34.94643" lon="-116.77434">
        <ele>679.19</ele>
      </trkpt>
      <trkpt lat="34.94635" lon="-116.77431">
        <ele>677.45</ele>
      </trkpt>
      <trkpt lat="34.94628" lon="-116.77428">
        <ele>675.66</ele>
      </trkpt>
      <trkpt lat="34.9462" lon="-116.77427">
        <ele>672.96</ele>
      </trkpt>
      <trkpt lat="34.94612" lon="-116.77425">
        <ele>672.0</ele>
      </trkpt>
      <trkpt lat="34.94604" lon="-116.77423">
        <ele>670.92</ele>
      </trkpt>
      <trkpt lat="34.94597" lon="-116.77421">
        <ele>669.42</ele>
      </trkpt>
      <trkpt lat="34.9459" lon="-116.77418">
        <ele>667.82</ele>
      </trkpt>
      <trkpt lat="34.94583" lon="-116.77414">
        <ele>666.69</ele>
      </trkpt>
      <trkpt lat="34.94575" lon="-116.7741">
        <ele>666.03</ele>
      </trkpt>
      <trkpt lat="34.94569" lon="-116.77405">
        <ele>665.33</ele>
      </trkpt>
      <trkpt lat="34.94563" lon="-116.77401">
        <ele>664.8</ele>
      </trkpt>
      <trkpt lat="34.94559" lon="-116.77398">
        <ele>664.37</ele>
      </trkpt>
      <trkpt lat="34.94556" lon="-116.77395">
        <ele>664.03</ele>
      </trkpt>
      <trkpt lat="34.94553" lon="-116.77394">
        <ele>663.88</ele>
      </trkpt>
      <trkpt lat="34.94548" lon="-116.7739">
        <ele>663.28</ele>
      </trkpt>
      <trkpt lat="34.94543" lon="-116.77385">
        <ele>663.0</ele>
      </trkpt>
      <trkpt lat="34.94538" lon="-116.7738">
        <ele>663.0</ele>
      </trkpt>
      <trkpt lat="34.94532" lon="-116.77373">
        <ele>662.61</ele>
      </trkpt>
      <trkpt lat="34.94526" lon="-116.77367">
        <ele>662.0</ele>
      </trkpt>
      <trkpt lat="34.9452" lon="-116.7736">
        <ele>661.9</ele>
      </trkpt>
      <trkpt lat="34.94512" lon="-116.77353">
        <ele>661.04</ele>
      </trkpt>
      <trkpt lat="34.94505" lon="-116.77346">
        <ele>661.0</ele>
      </trkpt>
      <trkpt lat="34.94496" lon="-116.7734">
        <ele>660.41</ele>
      </trkpt>
      <trkpt lat="34.94489" lon="-116.77334">
        <ele>660.0</ele>
      </trkpt>
      <trkpt lat="34.9448" lon="-116.7733">
        <ele>660.0</ele>
      </trkpt>
      <trkpt lat="34.94472" lon="-116.77327">
        <ele>659.98</ele>
      </trkpt>
      <trkpt lat="34.94462" lon="-116.77326">
        <ele>659.0</ele>
      </trkpt>
      <trkpt lat="34.94453" lon="-116.77325">
        <ele>659.0</ele>
      </trkpt>
      <trkpt lat="34.94443" lon="-116.77324">
        <ele>659.0</ele>
      </trkpt>
      <trkpt lat="34.94434" lon="-116.77324">
        <ele>658.87</ele>
      </trkpt>
      <trkpt lat="34.94423" lon="-116.77323">
        <ele>658.0</ele>
      </trkpt>
      <trkpt lat="34.94414" lon="-116.77321">
        <ele>657.81</ele>
      </trkpt>
      <trkpt lat="34.94404" lon="-116.77319">
        <ele>657.35</ele>
      </trkpt>
      <trkpt lat="34.94394" lon="-116.77316">
        <ele>657.0</ele>
      </trkpt>
      <trkpt lat="34.94384" lon="-116.77312">
        <ele>656.33</ele>
      </trkpt>
      <trkpt lat="34.94374" lon="-116.77307">
        <ele>656.0</ele>
      </trkpt>
      <trkpt lat="34.94365" lon="-116.77299">
        <ele>655.59</ele>
      </trkpt>
      <trkpt lat="34.94356" lon="-116.77292">
        <ele>655.0</ele>
      </trkpt>
      <trkpt lat="34.94347" lon="-116.77285">
        <ele>655.0</ele>
      </trkpt>
      <trkpt lat="34.94337" lon="-116.77278">
        <ele>654.41</ele>
      </trkpt>
      <trkpt lat="34.94327" lon="-116.77271">
        <ele>654.0</ele>
      </trkpt>
      <trkpt lat="34.94316" lon="-116.77262">
        <ele>654.0</ele>
      </trkpt>
      <trkpt lat="34.94305" lon="-116.77254">
        <ele>653.0</ele>
      </trkpt>
      <trkpt lat="34.94295" lon="-116.77245">
        <ele>652.92</ele>
      </trkpt>
      <trkpt lat="34.94286" lon="-116.77236">
        <ele>652.05</ele>
      </trkpt>
      <trkpt lat="34.94277" lon="-116.77227">
        <ele>651.52</ele>
      </trkpt>
      <trkpt lat="34.94268" lon="-116.77219">
        <ele>651.02</ele>
      </trkpt>
      <trkpt lat="34.94259" lon="-116.7721">
        <ele>650.06</ele>
      </trkpt>
      <trkpt lat="34.94252" lon="-116.772">
        <ele>650.0</ele>
      </trkpt>
      <trkpt lat="34.94244" lon="-116.77189">
        <ele>649.62</ele>
      </trkpt>
      <trkpt lat="34.94237" lon="-116.77178">
        <ele>649.09</ele>
      </trkpt>
      <trkpt lat="34.9423" lon="-116.77167">
        <ele>648.04</ele>
      </trkpt>
      <trkpt lat="34.94223" lon="-116.77155">
        <ele>648.0</ele>
      </trkpt>
      <trkpt lat="34.94217" lon="-116.77144">
        <ele>647.55</ele>
      </trkpt>
      <trkpt lat="34.94211" lon="-116.77133">
        <ele>647.0</ele>
      </trkpt>
      <trkpt lat="34.94205" lon="-116.77124">
        <ele>647.0</ele>
      </trkpt>
      <trkpt lat="34.94199" lon="-116.77116">
        <ele>647.0</ele>
      </trkpt>
      <trkpt lat="34.94193" lon="-116.77108">
        <ele>646.95</ele>
      </trkpt>
      <trkpt lat="34.94187" lon="-116.77099">
        <ele>646.2</ele>
      </trkpt>
      <trkpt lat="34.9418" lon="-116.77092">
        <ele>646.0</ele>
      </trkpt>
      <trkpt lat="34.94174" lon="-116.77086">
        <ele>646.0</ele>
      </trkpt>
      <trkpt lat="34.94168" lon="-116.7708">
        <ele>646.0</ele>
      </trkpt>
      <trkpt lat="34.94163" lon="-116.77075">
        <ele>646.0</ele>
      </trkpt>
      <trkpt lat="34.9416" lon="-116.77071">
        <ele>646.0</ele>
      </trkpt>
      <trkpt lat="34.94157" lon="-116.77068">
        <ele>645.97</ele>
      </trkpt>
      <trkpt lat="34.94154" lon="-116.77067">
        <ele>645.72</ele>
      </trkpt>
      <trkpt lat="34.94149" lon="-116.77065">
        <ele>645.11</ele>
      </trkpt>
      <trkpt lat="34.94146" lon="-116.77062">
        <ele>645.07</ele>
      </trkpt>
      <trkpt lat="34.94142" lon="-116.77057">
        <ele>645.56</ele>
      </trkpt>
      <trkpt lat="34.94138" lon="-116.77052">
        <ele>646.0</ele>
      </trkpt>
      <trkpt lat="34.94133" lon="-116.77047">
        <ele>646.0</ele>
      </trkpt>
      <trkpt lat="34.94127" lon="-116.77042">
        <ele>645.72</ele>
      </trkpt>
      <trkpt lat="34.9412" lon="-116.77037">
        <ele>645.0</ele>
      </trkpt>
      <trkpt lat="34.94112" lon="-116.77032">
        <ele>645.0</ele>
      </trkpt>
      <trkpt lat="34.94104" lon="-116.77027">
        <ele>645.06</ele>
      </trkpt>
      <trkpt lat="34.94096" lon="-116.77024">
        <ele>645.41</ele>
      </trkpt>
      <trkpt lat="34.94088" lon="-116.7702">
        <ele>645.42</ele>
      </trkpt>
      <trkpt lat="34.94078" lon="-116.77016">
        <ele>645.12</ele>
      </trkpt>
      <trkpt lat="34.94068" lon="-116.77013">
        <ele>645.0</ele>
      </trkpt>
      <trkpt lat="34.94059" lon="-116.77012">
        <ele>645.0</ele>
      </trkpt>
      <trkpt lat="34.94049" lon="-116.77012">
        <ele>645.0</ele>
      </trkpt>
      <trkpt lat="34.94038" lon="-116.77012">
        <ele>644.73</ele>
      </trkpt>
      <trkpt lat="34.94028" lon="-116.77013">
        <ele>644.6</ele>
      </trkpt>
      <trkpt lat="34.94016" lon="-116.77014">
        <ele>643.49</ele>
      </trkpt>
      <trkpt lat="34.94004" lon="-116.77015">
        <ele>642.81</ele>
      </trkpt>
      <trkpt lat="34.93989" lon="-116.77015">
        <ele>641.31</ele>
      </trkpt>
      <trkpt lat="34.93974" lon="-116.77016">
        <ele>640.19</ele>
      </trkpt>
      <trkpt lat="34.93959" lon="-116.77017">
        <ele>640.0</ele>
      </trkpt>
      <trkpt lat="34.93942" lon="-116.77019">
        <ele>639.74</ele>
      </trkpt>
      <trkpt lat="34.93927" lon="-116.77021">
        <ele>639.0</ele>
      </trkpt>
      <trkpt lat="34.93911" lon="-116.77027">
        <ele>638.44</ele>
      </trkpt>
      <trkpt lat="34.93895" lon="-116.77029">
        <ele>638.87</ele>
      </trkpt>
      <trkpt lat="34.9388" lon="-116.7703">
        <ele>638.03</ele>
      </trkpt>
      <trkpt lat="34.93864" lon="-116.7703">
        <ele>637.0</ele>
      </trkpt>
      <trkpt lat="34.93848" lon="-116.77029">
        <ele>636.51</ele>
      </trkpt>
      <trkpt lat="34.93831" lon="-116.77028">
        <ele>635.73</ele>
      </trkpt>
      <trkpt lat="34.93814" lon="-116.77027">
        <ele>634.91</ele>
      </trkpt>
      <trkpt lat="34.93798" lon="-116.77024">
        <ele>634.0</ele>
      </trkpt>
      <trkpt lat="34.93782" lon="-116.77021">
        <ele>633.85</ele>
      </trkpt>
      <trkpt lat="34.93768" lon="-116.77019">
        <ele>633.0</ele>
      </trkpt>
      <trkpt lat="34.93753" lon="-116.77017">
        <ele>633.0</ele>
      </trkpt>
      <trkpt lat="34.93739" lon="-116.77014">
        <ele>632.4</ele>
      </trkpt>
      <trkpt lat="34.93724" lon="-116.77009">
        <ele>632.0</ele>
      </trkpt>
      <trkpt lat="34.93708" lon="-116.77003">
        <ele>631.46</ele>
      </trkpt>
      <trkpt lat="34.93693" lon="-116.76998">
        <ele>631.0</ele>
      </trkpt>
      <trkpt lat="34.93678" lon="-116.76992">
        <ele>630.22</ele>
      </trkpt>
      <trkpt lat="34.93665" lon="-116.76985">
        <ele>630.0</ele>
      </trkpt>
      <trkpt lat="34.93652" lon="-116.76975">
        <ele>629.12</ele>
      </trkpt>
      <trkpt lat="34.9364" lon="-116.76968">
        <ele>629.0</ele>
      </trkpt>
      <trkpt lat="34.93628" lon="-116.76963">
        <ele>628.0</ele>
      </trkpt>
      <trkpt lat="34.93615" lon="-116.7696">
        <ele>627.42</ele>
      </trkpt>
      <trkpt lat="34.93601" lon="-116.76959">
        <ele>627.0</ele>
      </trkpt>
      <trkpt lat="34.93586" lon="-116.76957">
        <ele>626.29</ele>
      </trkpt>
      <trkpt lat="34.9357" lon="-116.76955">
        <ele>626.0</ele>
      </trkpt>
      <trkpt lat="34.93555" lon="-116.76952">
        <ele>625.0</ele>
      </trkpt>
      <trkpt lat="34.93542" lon="-116.76948">
        <ele>624.54</ele>
      </trkpt>
      <trkpt lat="34.93529" lon="-116.76944">
        <ele>624.0</ele>
      </trkpt>
      <trkpt lat="34.93517" lon="-116.76939">
        <ele>623.9</ele>
      </trkpt>
      <trkpt lat="34.93506" lon="-116.76933">
        <ele>623.0</ele>
      </trkpt>
      <trkpt lat="34.93498" lon="-116.76926">
        <ele>623.0</ele>
      </trkpt>
      <trkpt lat="34.9349" lon="-116.76915">
        <ele>622.0</ele>
      </trkpt>
      <trkpt lat="34.93482" lon="-116.76902">
        <ele>622.0</ele>
      </trkpt>
      <trkpt lat="34.93473" lon="-116.76889">
        <ele>621.09</ele>
      </trkpt>
      <trkpt lat="34.93465" lon="-116.76876">
        <ele>621.0</ele>
      </trkpt>
      <trkpt lat="34.93456" lon="-116.76864">
        <ele>621.0</ele>
      </trkpt>
      <trkpt lat="34.93447" lon="-116.76852">
        <ele>620.0</ele>
      </trkpt>
      <trkpt lat="34.93439" lon="-116.76842">
        <ele>620.0</ele>
      </trkpt>
      <trkpt lat="34.93431" lon="-116.76832">
        <ele>619.47</ele>
      </trkpt>
      <trkpt lat="34.93424" lon="-116.76822">
        <ele>618.95</ele>
      </trkpt>
      <trkpt lat="34.93418" lon="-116.76813">
        <ele>618.14</ele>
      </trkpt>
      <trkpt lat="34.93415" lon="-116.76804">
        <ele>618.0</ele>
      </trkpt>
      <trkpt lat="34.93413" lon="-116.76794">
        <ele>618.0</ele>
      </trkpt>
      <trkpt lat="34.93411" lon="-116.76782">
        <ele>617.67</ele>
      </trkpt>
      <trkpt lat="34.9341" lon="-116.76771">
        <ele>617.28</ele>
      </trkpt>
      <trkpt lat="34.9341" lon="-116.76759">
        <ele>617.0</ele>
      </trkpt>
      <trkpt lat="34.93409" lon="-116.76746">
        <ele>616.64</ele>
      </trkpt>
      <trkpt lat="34.93408" lon="-116.76734">
        <ele>616.02</ele>
      </trkpt>
      <trkpt lat="34.93408" lon="-116.76724">
        <ele>616.0</ele>
      </trkpt>
      <trkpt lat="34.93406" lon="-116.76713">
        <ele>615.0</ele>
      </trkpt>
      <trkpt lat="34.93404" lon="-116.76703">
        <ele>615.0</ele>
      </trkpt>
      <trkpt lat="34.93401" lon="-116.76693">
        <ele>614.89</ele>
      </trkpt>
      <trkpt lat="34.93397" lon="-116.76684">
        <ele>614.0</ele>
      </trkpt>
      <trkpt lat="34.93393" lon="-116.76676">
        <ele>614.0</ele>
      </trkpt>
      <trkpt lat="34.93388" lon="-116.76667">
        <ele>613.03</ele>
      </trkpt>
      <trkpt lat="34.93384" lon="-116.76659">
        <ele>613.0</ele>
      </trkpt>
      <trkpt lat="34.93381" lon="-116.76653">
        <ele>612.59</ele>
      </trkpt>
      <trkpt lat="34.93379" lon="-116.76649">
        <ele>612.09</ele>
      </trkpt>
      <trkpt lat="34.93377" lon="-116.76647">
        <ele>612.0</ele>
      </trkpt>
      <trkpt lat="34.93373" lon="-116.76643">
        <ele>612.0</ele>
      </trkpt>
      <trkpt lat="34.93371" lon="-116.76642">
        <ele>612.0</ele>
      </trkpt>
      <trkpt lat="34.93367" lon="-116.7664">
        <ele>612.0</ele>
      </trkpt>
      <trkpt lat="34.93362" lon="-116.76638">
        <ele>611.91</ele>
      </trkpt>
      <trkpt lat="34.93355" lon="-116.76636">
        <ele>611.23</ele>
      </trkpt>
      <trkpt lat="34.93348" lon="-116.76634">
        <ele>611.0</ele>
      </trkpt>
      <trkpt lat="34.9334" lon="-116.76632">
        <ele>611.0</ele>
      </trkpt>
      <trkpt lat="34.93331" lon="-116.76631">
        <ele>611.0</ele>
      </trkpt>
      <trkpt lat="34.93322" lon="-116.7663">
        <ele>610.78</ele>
      </trkpt>
      <trkpt lat="34.93311" lon="-116.76627">
        <ele>610.0</ele>
      </trkpt>
      <trkpt lat="34.93299" lon="-116.76625">
        <ele>610.0</ele>
      </trkpt>
      <trkpt lat="34.93287" lon="-116.76622">
        <ele>609.18</ele>
      </trkpt>
      <trkpt lat="34.93274" lon="-116.7662">
        <ele>609.0</ele>
      </trkpt>
      <trkpt lat="34.93261" lon="-116.76618">
        <ele>608.79</ele>
      </trkpt>
      <trkpt lat="34.93247" lon="-116.76616">
        <ele>608.0</ele>
      </trkpt>
      <trkpt lat="34.93234" lon="-116.76614">
        <ele>608.0</ele>
      </trkpt>
      <trkpt lat="34.9322" lon="-116.76612">
        <ele>607.07</ele>
      </trkpt>
      <trkpt lat="34.93206" lon="-116.76609">
        <ele>607.0</ele>
      </trkpt>
      <trkpt lat="34.93191" lon="-116.76606">
        <ele>606.79</ele>
      </trkpt>
      <trkpt lat="34.93177" lon="-116.76604">
        <ele>606.03</ele>
      </trkpt>
      <trkpt lat="34.93163" lon="-116.76601">
        <ele>605.96</ele>
      </trkpt>
      <trkpt lat="34.93148" lon="-116.76598">
        <ele>605.0</ele>
      </trkpt>
      <trkpt lat="34.93134" lon="-116.76596">
        <ele>605.0</ele>
      </trkpt>
      <trkpt lat="34.93119" lon="-116.76594">
        <ele>604.87</ele>
      </trkpt>
      <trkpt lat="34.93104" lon="-116.76592">
        <ele>604.0</ele>
      </trkpt>
      <trkpt lat="34.93089" lon="-116.76589">
        <ele>603.85</ele>
      </trkpt>
      <trkpt lat="34.93075" lon="-116.76587">
        <ele>603.04</ele>
      </trkpt>
      <trkpt lat="34.9306" lon="-116.76585">
        <ele>603.0</ele>
      </trkpt>
      <trkpt lat="34.93045" lon="-116.76583">
        <ele>602.83</ele>
      </trkpt>
      <trkpt lat="34.9303" lon="-116.76581">
        <ele>602.0</ele>
      </trkpt>
      <trkpt lat="34.93014" lon="-116.76578">
        <ele>601.72</ele>
      </trkpt>
      <trkpt lat="34.92999" lon="-116.76576">
        <ele>601.0</ele>
      </trkpt>
      <trkpt lat="34.92984" lon="-116.76573">
        <ele>601.0</ele>
      </trkpt>
      <trkpt lat="34.92969" lon="-116.76571">
        <ele>600.0</ele>
      </trkpt>
      <trkpt lat="34.92953" lon="-116.76569">
        <ele>600.0</ele>
      </trkpt>
      <trkpt lat="34.92937" lon="-116.76567">
        <ele>599.39</ele>
      </trkpt>
      <trkpt lat="34.92921" lon="-116.76563">
        <ele>599.0</ele>
      </trkpt>
      <trkpt lat="34.92906" lon="-116.76558">
        <ele>598.85</ele>
      </trkpt>
      <trkpt lat="34.9289" lon="-116.76552">
        <ele>598.0</ele>
      </trkpt>
      <trkpt lat="34.92874" lon="-116.76546">
        <ele>597.38</ele>
      </trkpt>
      <trkpt lat="34.92859" lon="-116.76538">
        <ele>596.8</ele>
      </trkpt>
      <trkpt lat="34.92843" lon="-116.76532">
        <ele>596.0</ele>
      </trkpt>
      <trkpt lat="34.92827" lon="-116.76527">
        <ele>595.32</ele>
      </trkpt>
      <trkpt lat="34.9281" lon="-116.76523">
        <ele>595.0</ele>
      </trkpt>
      <trkpt lat="34.92793" lon="-116.76519">
        <ele>594.0</ele>
      </trkpt>
      <trkpt lat="34.92776" lon="-116.76516">
        <ele>593.81</ele>
      </trkpt>
      <trkpt lat="34.92759" lon="-116.76513">
        <ele>593.0</ele>
      </trkpt>
      <trkpt lat="34.92742" lon="-116.7651">
        <ele>592.21</ele>
      </trkpt>
      <trkpt lat="34.92726" lon="-116.76507">
        <ele>592.0</ele>
      </trkpt>
      <trkpt lat="34.92709" lon="-116.76505">
        <ele>591.0</ele>
      </trkpt>
      <trkpt lat="34.92693" lon="-116.76502">
        <ele>590.18</ele>
      </trkpt>
      <trkpt lat="34.92677" lon="-116.76499">
        <ele>589.9</ele>
      </trkpt>
      <trkpt lat="34.92662" lon="-116.76495">
        <ele>589.0</ele>
      </trkpt>
      <trkpt lat="34.92647" lon="-116.76491">
        <ele>588.0</ele>
      </trkpt>
      <trkpt lat="34.92632" lon="-116.76484">
        <ele>587.26</ele>
      </trkpt>
      <trkpt lat="34.92616" lon="-116.76478">
        <ele>586.82</ele>
      </trkpt>
      <trkpt lat="34.92599" lon="-116.7647">
        <ele>586.0</ele>
      </trkpt>
      <trkpt lat="34.92581" lon="-116.76463">
        <ele>585.0</ele>
      </trkpt>
      <trkpt lat="34.92563" lon="-116.76459">
        <ele>584.92</ele>
      </trkpt>
      <trkpt lat="34.92544" lon="-116.76457">
        <ele>584.0</ele>
      </trkpt>
      <trkpt lat="34.92525" lon="-116.76455">
        <ele>583.74</ele>
      </trkpt>
      <trkpt lat="34.92504" lon="-116.76453">
        <ele>583.0</ele>
      </trkpt>
      <trkpt lat="34.92484" lon="-116.76451">
        <ele>582.27</ele>
      </trkpt>
      <trkpt lat="34.92463" lon="-116.76449">
        <ele>582.0</ele>
      </trkpt>
      <trkpt lat="34.92443" lon="-116.76447">
        <ele>581.0</ele>
      </trkpt>
      <trkpt lat="34.92423" lon="-116.76445">
        <ele>581.0</ele>
      </trkpt>
      <trkpt lat="34.92404" lon="-116.76442">
        <ele>580.0</ele>
      </trkpt>
      <trkpt lat="34.92385" lon="-116.76439">
        <ele>580.0</ele>
      </trkpt>
      <trkpt lat="34.92367" lon="-116.76436">
        <ele>579.06</ele>
      </trkpt>
      <trkpt lat="34.92349" lon="-116.76434">
        <ele>579.0</ele>
      </trkpt>
      <trkpt lat="34.92331" lon="-116.7643">
        <ele>579.0</ele>
      </trkpt>
      <trkpt lat="34.92315" lon="-116.76427">
        <ele>578.02</ele>
      </trkpt>
      <trkpt lat="34.92298" lon="-116.76424">
        <ele>578.0</ele>
      </trkpt>
      <trkpt lat="34.92281" lon="-116.76421">
        <ele>578.0</ele>
      </trkpt>
      <trkpt lat="34.92264" lon="-116.76418">
        <ele>577.0</ele>
      </trkpt>
      <trkpt lat="34.92247" lon="-116.76416">
        <ele>577.0</ele>
      </trkpt>
      <trkpt lat="34.9223" lon="-116.76413">
        <ele>577.0</ele>
      </trkpt>
      <trkpt lat="34.92215" lon="-116.7641">
        <ele>577.0</ele>
      </trkpt>
      <trkpt lat="34.92198" lon="-116.76408">
        <ele>576.0</ele>
      </trkpt>
      <trkpt lat="34.92182" lon="-116.76405">
        <ele>576.0</ele>
      </trkpt>
      <trkpt lat="34.92165" lon="-116.76403">
        <ele>576.0</ele>
      </trkpt>
      <trkpt lat="34.92149" lon="-116.76401">
        <ele>576.0</ele>
      </trkpt>
      <trkpt lat="34.92133" lon="-116.76399">
        <ele>576.0</ele>
      </trkpt>
      <trkpt lat="34.92118" lon="-116.76397">
        <ele>575.97</ele>
      </trkpt>
      <trkpt lat="34.92103" lon="-116.76396">
        <ele>575.1</ele>
      </trkpt>
      <trkpt lat="34.9209" lon="-116.76394">
        <ele>575.0</ele>
      </trkpt>
      <trkpt lat="34.92078" lon="-116.76392">
        <ele>575.0</ele>
      </trkpt>
      <trkpt lat="34.92067" lon="-116.76391">
        <ele>575.0</ele>
      </trkpt>
      <trkpt lat="34.92058" lon="-116.7639">
        <ele>575.0</ele>
      </trkpt>
      <trkpt lat="34.92049" lon="-116.76388">
        <ele>575.0</ele>
      </trkpt>
      <trkpt lat="34.92042" lon="-116.76385">
        <ele>575.0</ele>
      </trkpt>
      <trkpt lat="34.92037" lon="-116.76381">
        <ele>575.0</ele>
      </trkpt>
      <trkpt lat="34.92034" lon="-116.76375">
        <ele>575.0</ele>
      </trkpt>
      <trkpt lat="34.92033" lon="-116.76369">
        <ele>575.0</ele>
      </trkpt>
      <trkpt lat="34.92033" lon="-116.76361">
        <ele>575.0</ele>
      </trkpt>
      <trkpt lat="34.92033" lon="-116.76351">
        <ele>574.96</ele>
      </trkpt>
      <trkpt lat="34.92035" lon="-116.76339">
        <ele>574.48</ele>
      </trkpt>
      <trkpt lat="34.92037" lon="-116.76326">
        <ele>574.0</ele>
      </trkpt>
      <trkpt lat="34.9204" lon="-116.76312">
        <ele>574.0</ele>
      </trkpt>
      <trkpt lat="34.92043" lon="-116.76295">
        <ele>574.0</ele>
      </trkpt>
      <trkpt lat="34.92046" lon="-116.76278">
        <ele>574.0</ele>
      </trkpt>
      <trkpt lat="34.92049" lon="-116.76259">
        <ele>574.0</ele>
      </trkpt>
      <trkpt lat="34.92053" lon="-116.7624">
        <ele>574.0</ele>
      </trkpt>
      <trkpt lat="34.92057" lon="-116.76221">
        <ele>574.0</ele>
      </trkpt>
      <trkpt lat="34.92062" lon="-116.76199">
        <ele>574.0</ele>
      </trkpt>
      <trkpt lat="34.92068" lon="-116.76179">
        <ele>574.0</ele>
      </trkpt>
      <trkpt lat="34.92075" lon="-116.76158">
        <ele>574.0</ele>
      </trkpt>
      <trkpt lat="34.92082" lon="-116.76137">
        <ele>574.0</ele>
      </trkpt>
      <trkpt lat="34.9209" lon="-116.76116">
        <ele>574.0</ele>
      </trkpt>
      <trkpt lat="34.92098" lon="-116.76096">
        <ele>574.0</ele>
      </trkpt>
      <trkpt lat="34.92106" lon="-116.76077">
        <ele>574.0</ele>
      </trkpt>
      <trkpt lat="34.92115" lon="-116.76059">
        <ele>574.0</ele>
      </trkpt>
      <trkpt lat="34.92123" lon="-116.76044">
        <ele>574.0</ele>
      </trkpt>
      <trkpt lat="34.92132" lon="-116.76029">
        <ele>574.0</ele>
      </trkpt>
      <trkpt lat="34.92139" lon="-116.76014">
        <ele>574.0</ele>
      </trkpt>
      <trkpt lat="34.92145" lon="-116.75999">
        <ele>574.0</ele>
      </trkpt>
      <trkpt lat="34.92151" lon="-116.75985">
        <ele>574.0</ele>
      </trkpt>
      <trkpt lat="34.92156" lon="-116.75971">
        <ele>574.0</ele>
      </trkpt>
      <trkpt lat="34.92161" lon="-116.75957">
        <ele>574.0</ele>
      </trkpt>
      <trkpt lat="34.92167" lon="-116.75943">
        <ele>574.0</ele>
      </trkpt>
      <trkpt lat="34.92172" lon="-116.7593">
        <ele>574.0</ele>
      </trkpt>
      <trkpt lat="34.92177" lon="-116.75916">
        <ele>574.0</ele>
      </trkpt>
      <trkpt lat="34.92182" lon="-116.75903">
        <ele>574.0</ele>
      </trkpt>
      <trkpt lat="34.92186" lon="-116.7589">
        <ele>574.0</ele>
      </trkpt>
      <trkpt lat="34.92191" lon="-116.75876">
        <ele>574.0</ele>
      </trkpt>
      <trkpt lat="34.92196" lon="-116.75864">
        <ele>574.0</ele>
      </trkpt>
      <trkpt lat="34.92203" lon="-116.75851">
        <ele>574.0</ele>
      </trkpt>
      <trkpt lat="34.92208" lon="-116.75838">
        <ele>574.0</ele>
      </trkpt>
      <trkpt lat="34.92214" lon="-116.75824">
        <ele>574.0</ele>
      </trkpt>
      <trkpt lat="34.92221" lon="-116.75811">
        <ele>574.0</ele>
      </trkpt>
      <trkpt lat="34.92228" lon="-116.75797">
        <ele>574.0</ele>
      </trkpt>
      <trkpt lat="34.92237" lon="-116.75782">
        <ele>574.0</ele>
      </trkpt>
      <trkpt lat="34.92246" lon="-116.75766">
        <ele>574.0</ele>
      </trkpt>
      <trkpt lat="34.92254" lon="-116.75751">
        <ele>574.0</ele>
      </trkpt>
      <trkpt lat="34.92262" lon="-116.75733">
        <ele>574.0</ele>
      </trkpt>
      <trkpt lat="34.9227" lon="-116.75715">
        <ele>574.0</ele>
      </trkpt>
      <trkpt lat="34.92279" lon="-116.75697">
        <ele>574.0</ele>
      </trkpt>
      <trkpt lat="34.92286" lon="-116.75677">
        <ele>574.0</ele>
      </trkpt>
      <trkpt lat="34.92294" lon="-116.75658">
        <ele>574.0</ele>
      </trkpt>
      <trkpt lat="34.92302" lon="-116.75638">
        <ele>574.0</ele>
      </trkpt>
      <trkpt lat="34.92308" lon="-116.75619">
        <ele>574.0</ele>
      </trkpt>
      <trkpt lat="34.92314" lon="-116.756">
        <ele>574.0</ele>
      </trkpt>
      <trkpt lat="34.92319" lon="-116.75582">
        <ele>574.0</ele>
      </trkpt>
      <trkpt lat="34.92324" lon="-116.75564">
        <ele>574.0</ele>
      </trkpt>
      <trkpt lat="34.92329" lon="-116.75547">
        <ele>574.0</ele>
      </trkpt>
      <trkpt lat="34.92334" lon="-116.7553">
        <ele>574.0</ele>
      </trkpt>
      <trkpt lat="34.92338" lon="-116.75512">
        <ele>574.0</ele>
      </trkpt>
      <trkpt lat="34.92343" lon="-116.75495">
        <ele>574.0</ele>
      </trkpt>
      <trkpt lat="34.92346" lon="-116.75478">
        <ele>574.0</ele>
      </trkpt>
      <trkpt lat="34.9235" lon="-116.75462">
        <ele>574.0</ele>
      </trkpt>
      <trkpt lat="34.92353" lon="-116.75446">
        <ele>574.0</ele>
      </trkpt>
      <trkpt lat="34.92356" lon="-116.75432">
        <ele>574.0</ele>
      </trkpt>
      <trkpt lat="34.9236" lon="-116.75418">
        <ele>574.0</ele>
      </trkpt>
      <trkpt lat="34.92367" lon="-116.75405">
        <ele>574.0</ele>
      </trkpt>
      <trkpt lat="34.92375" lon="-116.75393">
        <ele>574.0</ele>
      </trkpt>
      <trkpt lat="34.92383" lon="-116.75381">
        <ele>574.0</ele>
      </trkpt>
      <trkpt lat="34.92391" lon="-116.75371">
        <ele>574.0</ele>
      </trkpt>
      <trkpt lat="34.92399" lon="-116.7536">
        <ele>574.0</ele>
      </trkpt>
      <trkpt lat="34.92406" lon="-116.7535">
        <ele>574.0</ele>
      </trkpt>
      <trkpt lat="34.92413" lon="-116.75339">
        <ele>574.0</ele>
      </trkpt>
      <trkpt lat="34.92421" lon="-116.75328">
        <ele>574.0</ele>
      </trkpt>
      <trkpt lat="34.92429" lon="-116.75317">
        <ele>574.0</ele>
      </trkpt>
      <trkpt lat="34.92437" lon="-116.75305">
        <ele>574.0</ele>
      </trkpt>
      <trkpt lat="34.92445" lon="-116.75293">
        <ele>574.0</ele>
      </trkpt>
      <trkpt lat="34.92454" lon="-116.75279">
        <ele>574.0</ele>
      </trkpt>
      <trkpt lat="34.92462" lon="-116.75265">
        <ele>574.0</ele>
      </trkpt>
      <trkpt lat="34.92471" lon="-116.75251">
        <ele>574.0</ele>
      </trkpt>
      <trkpt lat="34.92481" lon="-116.75237">
        <ele>574.0</ele>
      </trkpt>
      <trkpt lat="34.92489" lon="-116.75223">
        <ele>574.0</ele>
      </trkpt>
      <trkpt lat="34.92499" lon="-116.75209">
        <ele>574.0</ele>
      </trkpt>
      <trkpt lat="34.92508" lon="-116.75196">
        <ele>574.0</ele>
      </trkpt>
      <trkpt lat="34.92517" lon="-116.75182">
        <ele>574.0</ele>
      </trkpt>
      <trkpt lat="34.92525" lon="-116.75169">
        <ele>574.0</ele>
      </trkpt>
      <trkpt lat="34.92534" lon="-116.75157">
        <ele>574.0</ele>
      </trkpt>
      <trkpt lat="34.92542" lon="-116.75144">
        <ele>574.0</ele>
      </trkpt>
      <trkpt lat="34.92549" lon="-116.75131">
        <ele>574.0</ele>
      </trkpt>
      <trkpt lat="34.92555" lon="-116.75117">
        <ele>574.0</ele>
      </trkpt>
      <trkpt lat="34.92561" lon="-116.75104">
        <ele>574.0</ele>
      </trkpt>
      <trkpt lat="34.92565" lon="-116.75092">
        <ele>574.0</ele>
      </trkpt>
      <trkpt lat="34.92566" lon="-116.75079">
        <ele>574.0</ele>
      </trkpt>
      <trkpt lat="34.92567" lon="-116.75068">
        <ele>574.0</ele>
      </trkpt>
      <trkpt lat="34.92566" lon="-116.75055">
        <ele>574.0</ele>
      </trkpt>
      <trkpt lat="34.92564" lon="-116.75041">
        <ele>574.0</ele>
      </trkpt>
      <trkpt lat="34.9256" lon="-116.75027">
        <ele>574.0</ele>
      </trkpt>
      <trkpt lat="34.92557" lon="-116.75013">
        <ele>574.0</ele>
      </trkpt>
      <trkpt lat="34.92556" lon="-116.74998">
        <ele>574.0</ele>
      </trkpt>
      <trkpt lat="34.92556" lon="-116.74986">
        <ele>574.0</ele>
      </trkpt>
      <trkpt lat="34.92556" lon="-116.74972">
        <ele>574.0</ele>
      </trkpt>
      <trkpt lat="34.92558" lon="-116.7496">
        <ele>574.0</ele>
      </trkpt>
      <trkpt lat="34.9256" lon="-116.74949">
        <ele>574.51</ele>
      </trkpt>
      <trkpt lat="34.92564" lon="-116.74938">
        <ele>575.0</ele>
      </trkpt>
      <trkpt lat="34.92569" lon="-116.74926">
        <ele>575.0</ele>
      </trkpt>
      <trkpt lat="34.92576" lon="-116.74915">
        <ele>575.0</ele>
      </trkpt>
      <trkpt lat="34.92584" lon="-116.74905">
        <ele>575.0</ele>
      </trkpt>
      <trkpt lat="34.92591" lon="-116.74894">
        <ele>575.0</ele>
      </trkpt>
      <trkpt lat="34.92599" lon="-116.74883">
        <ele>575.0</ele>
      </trkpt>
      <trkpt lat="34.92606" lon="-116.74871">
        <ele>575.0</ele>
      </trkpt>
      <trkpt lat="34.92614" lon="-116.7486">
        <ele>575.0</ele>
      </trkpt>
      <trkpt lat="34.92621" lon="-116.74849">
        <ele>575.0</ele>
      </trkpt>
      <trkpt lat="34.92629" lon="-116.74837">
        <ele>575.0</ele>
      </trkpt>
      <trkpt lat="34.92637" lon="-116.74825">
        <ele>575.98</ele>
      </trkpt>
      <trkpt lat="34.92645" lon="-116.74814">
        <ele>576.0</ele>
      </trkpt>
      <trkpt lat="34.92653" lon="-116.74801">
        <ele>576.0</ele>
      </trkpt>
      <trkpt lat="34.92662" lon="-116.74789">
        <ele>576.0</ele>
      </trkpt>
      <trkpt lat="34.92671" lon="-116.74776">
        <ele>576.0</ele>
      </trkpt>
      <trkpt lat="34.92679" lon="-116.74765">
        <ele>576.0</ele>
      </trkpt>
      <trkpt lat="34.92686" lon="-116.74752">
        <ele>576.0</ele>
      </trkpt>
      <trkpt lat="34.92694" lon="-116.74741">
        <ele>576.0</ele>
      </trkpt>
      <trkpt lat="34.92701" lon="-116.74731">
        <ele>576.0</ele>
      </trkpt>
      <trkpt lat="34.92707" lon="-116.74722">
        <ele>576.0</ele>
      </trkpt>
      <trkpt lat="34.92713" lon="-116.74714">
        <ele>576.0</ele>
      </trkpt>
      <trkpt lat="34.92718" lon="-116.74707">
        <ele>576.35</ele>
      </trkpt>
      <trkpt lat="34.92722" lon="-116.74701">
        <ele>576.98</ele>
      </trkpt>
      <trkpt lat="34.92725" lon="-116.74696">
        <ele>577.0</ele>
      </trkpt>
      <trkpt lat="34.92728" lon="-116.74692">
        <ele>577.0</ele>
      </trkpt>
      <trkpt lat="34.9273" lon="-116.74689">
        <ele>577.0</ele>
      </trkpt>
      <trkpt lat="34.92732" lon="-116.74686">
        <ele>577.0</ele>
      </trkpt>
      <trkpt lat="34.92734" lon="-116.74683">
        <ele>577.0</ele>
      </trkpt>
      <trkpt lat="34.92736" lon="-116.7468">
        <ele>577.0</ele>
      </trkpt>
      <trkpt lat="34.92739" lon="-116.74676">
        <ele>577.0</ele>
      </trkpt>
      <trkpt lat="34.92741" lon="-116.74671">
        <ele>577.0</ele>
      </trkpt>
      <trkpt lat="34.92745" lon="-116.74666">
        <ele>577.0</ele>
      </trkpt>
      <trkpt lat="34.9275" lon="-116.7466">
        <ele>577.0</ele>
      </trkpt>
      <trkpt lat="34.92755" lon="-116.74652">
        <ele>577.0</ele>
      </trkpt>
      <trkpt lat="34.92761" lon="-116.74644">
        <ele>577.19</ele>
      </trkpt>
      <trkpt lat="34.92768" lon="-116.74634">
        <ele>577.97</ele>
      </trkpt>
      <trkpt lat="34.92775" lon="-116.74624">
        <ele>578.0</ele>
      </trkpt>
      <trkpt lat="34.92782" lon="-116.74614">
        <ele>578.0</ele>
      </trkpt>
      <trkpt lat="34.92789" lon="-116.74604">
        <ele>578.82</ele>
      </trkpt>
      <trkpt lat="34.92796" lon="-116.74595">
        <ele>579.0</ele>
      </trkpt>
      <trkpt lat="34.92802" lon="-116.74587">
        <ele>579.0</ele>
      </trkpt>
      <trkpt lat="34.92807" lon="-116.74578">
        <ele>579.0</ele>
      </trkpt>
      <trkpt lat="34.92811" lon="-116.74568">
        <ele>579.0</ele>
      </trkpt>
      <trkpt lat="34.92813" lon="-116.74558">
        <ele>579.0</ele>
      </trkpt>
      <trkpt lat="34.92815" lon="-116.74546">
        <ele>579.05</ele>
      </trkpt>
      <trkpt lat="34.92818" lon="-116.74535">
        <ele>580.0</ele>
      </trkpt>
      <trkpt lat="34.92821" lon="-116.74521">
        <ele>580.0</ele>
      </trkpt>
      <trkpt lat="34.92824" lon="-116.74508">
        <ele>580.0</ele>
      </trkpt>
      <trkpt lat="34.92828" lon="-116.74495">
        <ele>580.0</ele>
      </trkpt>
      <trkpt lat="34.9283" lon="-116.74485">
        <ele>580.0</ele>
      </trkpt>
      <trkpt lat="34.9283" lon="-116.74479">
        <ele>580.0</ele>
      </trkpt>
      <trkpt lat="34.92829" lon="-116.74475">
        <ele>580.0</ele>
      </trkpt>
      <trkpt lat="34.92826" lon="-116.74473">
        <ele>580.0</ele>
      </trkpt>
      <trkpt lat="34.92821" lon="-116.74471">
        <ele>579.67</ele>
      </trkpt>
      <trkpt lat="34.92814" lon="-116.7447">
        <ele>579.0</ele>
      </trkpt>
      <trkpt lat="34.92806" lon="-116.74469">
        <ele>579.0</ele>
      </trkpt>
      <trkpt lat="34.92797" lon="-116.74468">
        <ele>579.0</ele>
      </trkpt>
      <trkpt lat="34.92787" lon="-116.74467">
        <ele>579.0</ele>
      </trkpt>
      <trkpt lat="34.92778" lon="-116.74466">
        <ele>579.0</ele>
      </trkpt>
      <trkpt lat="34.92771" lon="-116.74463">
        <ele>579.0</ele>
      </trkpt>
      <trkpt lat="34.92765" lon="-116.74458">
        <ele>578.62</ele>
      </trkpt>
      <trkpt lat="34.92759" lon="-116.74453">
        <ele>578.0</ele>
      </trkpt>
      <trkpt lat="34.92754" lon="-116.74445">
        <ele>578.0</ele>
      </trkpt>
      <trkpt lat="34.92748" lon="-116.74438">
        <ele>578.0</ele>
      </trkpt>
      <trkpt lat="34.92744" lon="-116.74429">
        <ele>578.0</ele>
      </trkpt>
      <trkpt lat="34.92741" lon="-116.74419">
        <ele>578.0</ele>
      </trkpt>
      <trkpt lat="34.9274" lon="-116.74409">
        <ele>578.0</ele>
      </trkpt>
      <trkpt lat="34.9274" lon="-116.74398">
        <ele>578.0</ele>
      </trkpt>
      <trkpt lat="34.9274" lon="-116.74388">
        <ele>578.0</ele>
      </trkpt>
      <trkpt lat="34.92739" lon="-116.74377">
        <ele>577.72</ele>
      </trkpt>
      <trkpt lat="34.92739" lon="-116.74366">
        <ele>577.0</ele>
      </trkpt>
      <trkpt lat="34.92739" lon="-116.74355">
        <ele>577.0</ele>
      </trkpt>
      <trkpt lat="34.92739" lon="-116.74344">
        <ele>577.0</ele>
      </trkpt>
      <trkpt lat="34.92739" lon="-116.74333">
        <ele>577.0</ele>
      </trkpt>
      <trkpt lat="34.92738" lon="-116.74321">
        <ele>577.0</ele>
      </trkpt>
      <trkpt lat="34.92738" lon="-116.74309">
        <ele>577.0</ele>
      </trkpt>
      <trkpt lat="34.92737" lon="-116.74297">
        <ele>577.0</ele>
      </trkpt>
      <trkpt lat="34.92737" lon="-116.74286">
        <ele>577.0</ele>
      </trkpt>
      <trkpt lat="34.92736" lon="-116.74275">
        <ele>577.0</ele>
      </trkpt>
      <trkpt lat="34.92735" lon="-116.74264">
        <ele>577.0</ele>
      </trkpt>
      <trkpt lat="34.92734" lon="-116.74253">
        <ele>576.51</ele>
      </trkpt>
      <trkpt lat="34.92733" lon="-116.74243">
        <ele>576.16</ele>
      </trkpt>
      <trkpt lat="34.92732" lon="-116.74232">
        <ele>576.06</ele>
      </trkpt>
      <trkpt lat="34.92731" lon="-116.74222">
        <ele>576.0</ele>
      </trkpt>
      <trkpt lat="34.92731" lon="-116.74212">
        <ele>576.0</ele>
      </trkpt>
      <trkpt lat="34.92729" lon="-116.74201">
        <ele>576.0</ele>
      </trkpt>
      <trkpt lat="34.92727" lon="-116.74191">
        <ele>576.0</ele>
      </trkpt>
      <trkpt lat="34.92725" lon="-116.74181">
        <ele>576.0</ele>
      </trkpt>
      <trkpt lat="34.92722" lon="-116.74171">
        <ele>576.0</ele>
      </trkpt>
      <trkpt lat="34.92719" lon="-116.74161">
        <ele>576.0</ele>
      </trkpt>
      <trkpt lat="34.92715" lon="-116.7415">
        <ele>576.0</ele>
      </trkpt>
      <trkpt lat="34.92711" lon="-116.7414">
        <ele>576.0</ele>
      </trkpt>
      <trkpt lat="34.92706" lon="-116.74131">
        <ele>576.0</ele>
      </trkpt>
      <trkpt lat="34.92701" lon="-116.74122">
        <ele>576.0</ele>
      </trkpt>
      <trkpt lat="34.92697" lon="-116.74113">
        <ele>576.0</ele>
      </trkpt>
      <trkpt lat="34.92692" lon="-116.74103">
        <ele>576.0</ele>
      </trkpt>
      <trkpt lat="34.92688" lon="-116.74094">
        <ele>576.0</ele>
      </trkpt>
      <trkpt lat="34.92684" lon="-116.74083">
        <ele>576.0</ele>
      </trkpt>
      <trkpt lat="34.92681" lon="-116.74072">
        <ele>576.0</ele>
      </trkpt>
      <trkpt lat="34.92678" lon="-116.74062">
        <ele>576.0</ele>
      </trkpt>
      <trkpt lat="34.92675" lon="-116.74051">
        <ele>576.0</ele>
      </trkpt>
      <trkpt lat="34.92672" lon="-116.7404">
        <ele>576.0</ele>
      </trkpt>
      <trkpt lat="34.92669" lon="-116.74029">
        <ele>576.0</ele>
      </trkpt>
      <trkpt lat="34.92666" lon="-116.74019">
        <ele>576.0</ele>
      </trkpt>
      <trkpt lat="34.92664" lon="-116.74007">
        <ele>576.0</ele>
      </trkpt>
      <trkpt lat="34.92661" lon="-116.73996">
        <ele>576.0</ele>
      </trkpt>
      <trkpt lat="34.92659" lon="-116.73985">
        <ele>576.0</ele>
      </trkpt>
      <trkpt lat="34.92656" lon="-116.73975">
        <ele>575.89</ele>
      </trkpt>
      <trkpt lat="34.92652" lon="-116.73964">
        <ele>575.42</ele>
      </trkpt>
      <trkpt lat="34.92648" lon="-116.73952">
        <ele>575.0</ele>
      </trkpt>
      <trkpt lat="34.92646" lon="-116.73941">
        <ele>575.0</ele>
      </trkpt>
      <trkpt lat="34.92643" lon="-116.73929">
        <ele>575.0</ele>
      </trkpt>
      <trkpt lat="34.92641" lon="-116.73916">
        <ele>575.0</ele>
      </trkpt>
      <trkpt lat="34.92638" lon="-116.73903">
        <ele>575.0</ele>
      </trkpt>
      <trkpt lat="34.92636" lon="-116.7389">
        <ele>575.0</ele>
      </trkpt>
      <trkpt lat="34.92635" lon="-116.73876">
        <ele>575.0</ele>
      </trkpt>
      <trkpt lat="34.92634" lon="-116.73861">
        <ele>575.0</ele>
      </trkpt>
      <trkpt lat="34.92634" lon="-116.73845">
        <ele>575.0</ele>
      </trkpt>
      <trkpt lat="34.92635" lon="-116.73828">
        <ele>575.0</ele>
      </trkpt>
      <trkpt lat="34.92636" lon="-116.7381">
        <ele>575.0</ele>
      </trkpt>
      <trkpt lat="34.92639" lon="-116.73793">
        <ele>575.0</ele>
      </trkpt>
      <trkpt lat="34.92643" lon="-116.73775">
        <ele>575.0</ele>
      </trkpt>
      <trkpt lat="34.92647" lon="-116.73756">
        <ele>575.0</ele>
      </trkpt>
      <trkpt lat="34.9265" lon="-116.73737">
        <ele>575.0</ele>
      </trkpt>
      <trkpt lat="34.92653" lon="-116.73716">
        <ele>575.0</ele>
      </trkpt>
      <trkpt lat="34.92655" lon="-116.73696">
        <ele>575.0</ele>
      </trkpt>
      <trkpt lat="34.92657" lon="-116.73673">
        <ele>574.65</ele>
      </trkpt>
      <trkpt lat="34.92659" lon="-116.73652">
        <ele>574.0</ele>
      </trkpt>
      <trkpt lat="34.9266" lon="-116.7363">
        <ele>574.0</ele>
      </trkpt>
      <trkpt lat="34.92661" lon="-116.73606">
        <ele>574.0</ele>
      </trkpt>
      <trkpt lat="34.92661" lon="-116.73583">
        <ele>574.0</ele>
      </trkpt>
      <trkpt lat="34.92662" lon="-116.73559">
        <ele>574.0</ele>
      </trkpt>
      <trkpt lat="34.92663" lon="-116.73535">
        <ele>573.6</ele>
      </trkpt>
      <trkpt lat="34.92664" lon="-116.73512">
        <ele>573.71</ele>
      </trkpt>
      <trkpt lat="34.92665" lon="-116.73488">
        <ele>574.0</ele>
      </trkpt>
      <trkpt lat="34.92666" lon="-116.73465">
        <ele>574.0</ele>
      </trkpt>
      <trkpt lat="34.92667" lon="-116.73441">
        <ele>574.0</ele>
      </trkpt>
      <trkpt lat="34.92669" lon="-116.73418">
        <ele>574.0</ele>
      </trkpt>
      <trkpt lat="34.9267" lon="-116.73394">
        <ele>573.71</ele>
      </trkpt>
      <trkpt lat="34.92672" lon="-116.7337">
        <ele>573.58</ele>
      </trkpt>
      <trkpt lat="34.92674" lon="-116.73346">
        <ele>574.0</ele>
      </trkpt>
      <trkpt lat="34.92676" lon="-116.73321">
        <ele>574.0</ele>
      </trkpt>
      <trkpt lat="34.92679" lon="-116.73297">
        <ele>574.0</ele>
      </trkpt>
      <trkpt lat="34.92682" lon="-116.73271">
        <ele>573.66</ele>
      </trkpt>
      <trkpt lat="34.92685" lon="-116.73247">
        <ele>573.98</ele>
      </trkpt>
      <trkpt lat="34.92688" lon="-116.73222">
        <ele>573.98</ele>
      </trkpt>
      <trkpt lat="34.92691" lon="-116.732">
        <ele>573.63</ele>
      </trkpt>
      <trkpt lat="34.92694" lon="-116.7318">
        <ele>573.95</ele>
      </trkpt>
      <trkpt lat="34.92697" lon="-116.73162">
        <ele>573.28</ele>
      </trkpt>
      <trkpt lat="34.927" lon="-116.73147">
        <ele>573.53</ele>
      </trkpt>
      <trkpt lat="34.92702" lon="-116.73132">
        <ele>573.0</ele>
      </trkpt>
      <trkpt lat="34.92705" lon="-116.73118">
        <ele>573.36</ele>
      </trkpt>
      <trkpt lat="34.92707" lon="-116.73105">
        <ele>574.0</ele>
      </trkpt>
      <trkpt lat="34.9271" lon="-116.73093">
        <ele>574.0</ele>
      </trkpt>
      <trkpt lat="34.92713" lon="-116.7308">
        <ele>574.0</ele>
      </trkpt>
      <trkpt lat="34.92716" lon="-116.73068">
        <ele>574.11</ele>
      </trkpt>
      <trkpt lat="34.92718" lon="-116.73056">
        <ele>574.0</ele>
      </trkpt>
      <trkpt lat="34.92721" lon="-116.73044">
        <ele>573.87</ele>
      </trkpt>
      <trkpt lat="34.92723" lon="-116.73031">
        <ele>574.0</ele>
      </trkpt>
      <trkpt lat="34.92725" lon="-116.73019">
        <ele>574.0</ele>
      </trkpt>
      <trkpt lat="34.92728" lon="-116.73007">
        <ele>574.0</ele>
      </trkpt>
      <trkpt lat="34.92731" lon="-116.72994">
        <ele>574.0</ele>
      </trkpt>
      <trkpt lat="34.92733" lon="-116.72983">
        <ele>574.16</ele>
      </trkpt>
      <trkpt lat="34.92735" lon="-116.72971">
        <ele>574.38</ele>
      </trkpt>
      <trkpt lat="34.92737" lon="-116.72959">
        <ele>574.6</ele>
      </trkpt>
      <trkpt lat="34.9274" lon="-116.72946">
        <ele>574.92</ele>
      </trkpt>
      <trkpt lat="34.92742" lon="-116.72935">
        <ele>575.0</ele>
      </trkpt>
      <trkpt lat="34.92744" lon="-116.72923">
        <ele>575.0</ele>
      </trkpt>
      <trkpt lat="34.92746" lon="-116.72911">
        <ele>575.0</ele>
      </trkpt>
      <trkpt lat="34.92749" lon="-116.729">
        <ele>574.91</ele>
      </trkpt>
      <trkpt lat="34.92751" lon="-116.72888">
        <ele>575.0</ele>
      </trkpt>
      <trkpt lat="34.92752" lon="-116.72876">
        <ele>574.69</ele>
      </trkpt>
      <trkpt lat="34.92754" lon="-116.72864">
        <ele>574.43</ele>
      </trkpt>
      <trkpt lat="34.92756" lon="-116.72854">
        <ele>574.15</ele>
      </trkpt>
      <trkpt lat="34.92757" lon="-116.72843">
        <ele>574.0</ele>
      </trkpt>
      <trkpt lat="34.92759" lon="-116.72833">
        <ele>573.97</ele>
      </trkpt>
      <trkpt lat="34.92763" lon="-116.72823">
        <ele>574.0</ele>
      </trkpt>
      <trkpt lat="34.92766" lon="-116.72813">
        <ele>574.0</ele>
      </trkpt>
      <trkpt lat="34.92769" lon="-116.72804">
        <ele>574.05</ele>
      </trkpt>
      <trkpt lat="34.92771" lon="-116.72796">
        <ele>574.26</ele>
      </trkpt>
      <trkpt lat="34.92774" lon="-116.72786">
        <ele>574.0</ele>
      </trkpt>
      <trkpt lat="34.92777" lon="-116.72776">
        <ele>573.98</ele>
      </trkpt>
      <trkpt lat="34.92779" lon="-116.72767">
        <ele>574.0</ele>
      </trkpt>
      <trkpt lat="34.92782" lon="-116.72758">
        <ele>573.93</ele>
      </trkpt>
      <trkpt lat="34.92785" lon="-116.72748">
        <ele>573.78</ele>
      </trkpt>
      <trkpt lat="34.92787" lon="-116.72737">
        <ele>574.0</ele>
      </trkpt>
      <trkpt lat="34.92789" lon="-116.72726">
        <ele>574.0</ele>
      </trkpt>
      <trkpt lat="34.9279" lon="-116.72715">
        <ele>574.0</ele>
      </trkpt>
      <trkpt lat="34.92791" lon="-116.72704">
        <ele>574.0</ele>
      </trkpt>
      <trkpt lat="34.92792" lon="-116.72692">
        <ele>573.88</ele>
      </trkpt>
      <trkpt lat="34.92793" lon="-116.7268">
        <ele>573.64</ele>
      </trkpt>
      <trkpt lat="34.92794" lon="-116.72668">
        <ele>573.75</ele>
      </trkpt>
      <trkpt lat="34.92796" lon="-116.72657">
        <ele>572.97</ele>
      </trkpt>
      <trkpt lat="34.92798" lon="-116.72646">
        <ele>573.18</ele>
      </trkpt>
      <trkpt lat="34.92801" lon="-116.72635">
        <ele>573.51</ele>
      </trkpt>
      <trkpt lat="34.92804" lon="-116.72624">
        <ele>573.83</ele>
      </trkpt>
      <trkpt lat="34.92808" lon="-116.72614">
        <ele>574.26</ele>
      </trkpt>
      <trkpt lat="34.92812" lon="-116.72605">
        <ele>574.7</ele>
      </trkpt>
      <trkpt lat="34.92816" lon="-116.72596">
        <ele>575.13</ele>
      </trkpt>
      <trkpt lat="34.92821" lon="-116.72585">
        <ele>575.12</ele>
      </trkpt>
      <trkpt lat="34.92825" lon="-116.72575">
        <ele>575.1</ele>
      </trkpt>
      <trkpt lat="34.9283" lon="-116.72564">
        <ele>575.67</ele>
      </trkpt>
      <trkpt lat="34.92834" lon="-116.72554">
        <ele>576.24</ele>
      </trkpt>
      <trkpt lat="34.92837" lon="-116.72543">
        <ele>577.4</ele>
      </trkpt>
      <trkpt lat="34.9284" lon="-116.72532">
        <ele>577.72</ele>
      </trkpt>
      <trkpt lat="34.92842" lon="-116.7252">
        <ele>577.94</ele>
      </trkpt>
      <trkpt lat="34.92844" lon="-116.72508">
        <ele>578.15</ele>
      </trkpt>
      <trkpt lat="34.92846" lon="-116.72496">
        <ele>578.37</ele>
      </trkpt>
      <trkpt lat="34.92848" lon="-116.72484">
        <ele>578.16</ele>
      </trkpt>
      <trkpt lat="34.9285" lon="-116.72473">
        <ele>577.82</ele>
      </trkpt>
      <trkpt lat="34.92852" lon="-116.72463">
        <ele>578.02</ele>
      </trkpt>
      <trkpt lat="34.92855" lon="-116.72453">
        <ele>577.95</ele>
      </trkpt>
      <trkpt lat="34.92858" lon="-116.72444">
        <ele>577.63</ele>
      </trkpt>
      <trkpt lat="34.92862" lon="-116.72435">
        <ele>577.1</ele>
      </trkpt>
      <trkpt lat="34.92866" lon="-116.72426">
        <ele>577.53</ele>
      </trkpt>
      <trkpt lat="34.92871" lon="-116.72418">
        <ele>578.07</ele>
      </trkpt>
      <trkpt lat="34.92875" lon="-116.72411">
        <ele>578.5</ele>
      </trkpt>
      <trkpt lat="34.92879" lon="-116.72405">
        <ele>578.93</ele>
      </trkpt>
      <trkpt lat="34.92883" lon="-116.72399">
        <ele>579.36</ele>
      </trkpt>
      <trkpt lat="34.92887" lon="-116.72392">
        <ele>580.32</ele>
      </trkpt>
      <trkpt lat="34.92891" lon="-116.72385">
        <ele>581.23</ele>
      </trkpt>
      <trkpt lat="34.92894" lon="-116.72377">
        <ele>581.55</ele>
      </trkpt>
      <trkpt lat="34.92898" lon="-116.72368">
        <ele>581.98</ele>
      </trkpt>
      <trkpt lat="34.92901" lon="-116.72361">
        <ele>582.31</ele>
      </trkpt>
      <trkpt lat="34.92906" lon="-116.72352">
        <ele>582.85</ele>
      </trkpt>
      <trkpt lat="34.9291" lon="-116.72343">
        <ele>583.28</ele>
      </trkpt>
      <trkpt lat="34.92914" lon="-116.72335">
        <ele>583.71</ele>
      </trkpt>
      <trkpt lat="34.92917" lon="-116.72328">
        <ele>583.44</ele>
      </trkpt>
      <trkpt lat="34.92919" lon="-116.72321">
        <ele>583.17</ele>
      </trkpt>
      <trkpt lat="34.92921" lon="-116.72315">
        <ele>583.01</ele>
      </trkpt>
      <trkpt lat="34.92923" lon="-116.72309">
        <ele>582.6</ele>
      </trkpt>
      <trkpt lat="34.92924" lon="-116.72303">
        <ele>582.31</ele>
      </trkpt>
      <trkpt lat="34.92925" lon="-116.72297">
        <ele>581.88</ele>
      </trkpt>
      <trkpt lat="34.92927" lon="-116.72291">
        <ele>581.49</ele>
      </trkpt>
      <trkpt lat="34.92928" lon="-116.72286">
        <ele>581.22</ele>
      </trkpt>
      <trkpt lat="34.9293" lon="-116.72283">
        <ele>581.44</ele>
      </trkpt>
      <trkpt lat="34.92932" lon="-116.72278">
        <ele>581.66</ele>
      </trkpt>
      <trkpt lat="34.92934" lon="-116.72275">
        <ele>581.87</ele>
      </trkpt>
      <trkpt lat="34.92936" lon="-116.72271">
        <ele>582.09</ele>
      </trkpt>
      <trkpt lat="34.92937" lon="-116.72267">
        <ele>582.2</ele>
      </trkpt>
      <trkpt lat="34.92939" lon="-116.72263">
        <ele>582.41</ele>
      </trkpt>
      <trkpt lat="34.92942" lon="-116.72257">
        <ele>582.49</ele>
      </trkpt>
      <trkpt lat="34.92944" lon="-116.7225">
        <ele>581.95</ele>
      </trkpt>
      <trkpt lat="34.92946" lon="-116.72244">
        <ele>582.17</ele>
      </trkpt>
      <trkpt lat="34.92949" lon="-116.72239">
        <ele>582.49</ele>
      </trkpt>
      <trkpt lat="34.92952" lon="-116.72233">
        <ele>582.82</ele>
      </trkpt>
      <trkpt lat="34.92954" lon="-116.72228">
        <ele>583.03</ele>
      </trkpt>
      <trkpt lat="34.92957" lon="-116.72223">
        <ele>583.36</ele>
      </trkpt>
      <trkpt lat="34.92959" lon="-116.72217">
        <ele>583.57</ele>
      </trkpt>
      <trkpt lat="34.92961" lon="-116.72212">
        <ele>583.79</ele>
      </trkpt>
      <trkpt lat="34.92962" lon="-116.72207">
        <ele>583.9</ele>
      </trkpt>
      <trkpt lat="34.92963" lon="-116.72203">
        <ele>584.01</ele>
      </trkpt>
      <trkpt lat="34.92965" lon="-116.722">
        <ele>584.35</ele>
      </trkpt>
      <trkpt lat="34.92967" lon="-116.72192">
        <ele>584.44</ele>
      </trkpt>
      <trkpt lat="34.92969" lon="-116.72187">
        <ele>584.65</ele>
      </trkpt>
      <trkpt lat="34.9297" lon="-116.72183">
        <ele>585.05</ele>
      </trkpt>
      <trkpt lat="34.92973" lon="-116.72177">
        <ele>585.98</ele>
      </trkpt>
      <trkpt lat="34.92975" lon="-116.72171">
        <ele>586.83</ele>
      </trkpt>
      <trkpt lat="34.92977" lon="-116.72165">
        <ele>587.61</ele>
      </trkpt>
      <trkpt lat="34.9298" lon="-116.72158">
        <ele>588.63</ele>
      </trkpt>
      <trkpt lat="34.92983" lon="-116.72151">
        <ele>589.0</ele>
      </trkpt>
      <trkpt lat="34.92986" lon="-116.72144">
        <ele>589.0</ele>
      </trkpt>
      <trkpt lat="34.9299" lon="-116.72137">
        <ele>588.78</ele>
      </trkpt>
      <trkpt lat="34.92995" lon="-116.72131">
        <ele>587.69</ele>
      </trkpt>
      <trkpt lat="34.92998" lon="-116.72125">
        <ele>587.11</ele>
      </trkpt>
      <trkpt lat="34.93004" lon="-116.7212">
        <ele>586.55</ele>
      </trkpt>
      <trkpt lat="34.9301" lon="-116.72114">
        <ele>585.94</ele>
      </trkpt>
      <trkpt lat="34.93016" lon="-116.72109">
        <ele>585.21</ele>
      </trkpt>
      <trkpt lat="34.93022" lon="-116.72104">
        <ele>585.09</ele>
      </trkpt>
      <trkpt lat="34.93027" lon="-116.72101">
        <ele>584.91</ele>
      </trkpt>
      <trkpt lat="34.93032" lon="-116.72098">
        <ele>584.77</ele>
      </trkpt>
      <trkpt lat="34.93035" lon="-116.72096">
        <ele>584.86</ele>
      </trkpt>
      <trkpt lat="34.93039" lon="-116.72095">
        <ele>585.21</ele>
      </trkpt>
      <trkpt lat="34.93042" lon="-116.72093">
        <ele>585.54</ele>
      </trkpt>
      <trkpt lat="34.93046" lon="-116.72092">
        <ele>585.91</ele>
      </trkpt>
      <trkpt lat="34.93049" lon="-116.7209">
        <ele>585.8</ele>
      </trkpt>
      <trkpt lat="34.93054" lon="-116.72089">
        <ele>585.93</ele>
      </trkpt>
      <trkpt lat="34.93058" lon="-116.72087">
        <ele>586.1</ele>
      </trkpt>
      <trkpt lat="34.93062" lon="-116.72085">
        <ele>586.13</ele>
      </trkpt>
      <trkpt lat="34.93065" lon="-116.72082">
        <ele>585.86</ele>
      </trkpt>
      <trkpt lat="34.93069" lon="-116.72079">
        <ele>585.53</ele>
      </trkpt>
      <trkpt lat="34.93071" lon="-116.72076">
        <ele>585.21</ele>
      </trkpt>
      <trkpt lat="34.93075" lon="-116.72071">
        <ele>584.97</ele>
      </trkpt>
      <trkpt lat="34.93077" lon="-116.72067">
        <ele>584.76</ele>
      </trkpt>
      <trkpt lat="34.93079" lon="-116.72061">
        <ele>584.28</ele>
      </trkpt>
      <trkpt lat="34.93081" lon="-116.72055">
        <ele>584.0</ele>
      </trkpt>
      <trkpt lat="34.93083" lon="-116.72051">
        <ele>584.0</ele>
      </trkpt>
      <trkpt lat="34.93086" lon="-116.72046">
        <ele>583.69</ele>
      </trkpt>
      <trkpt lat="34.9309" lon="-116.72041">
        <ele>583.12</ele>
      </trkpt>
      <trkpt lat="34.93094" lon="-116.72036">
        <ele>582.98</ele>
      </trkpt>
      <trkpt lat="34.93098" lon="-116.72029">
        <ele>582.49</ele>
      </trkpt>
      <trkpt lat="34.93103" lon="-116.72022">
        <ele>582.0</ele>
      </trkpt>
      <trkpt lat="34.93107" lon="-116.72016">
        <ele>581.85</ele>
      </trkpt>
      <trkpt lat="34.93111" lon="-116.7201">
        <ele>581.09</ele>
      </trkpt>
      <trkpt lat="34.93115" lon="-116.72003">
        <ele>580.72</ele>
      </trkpt>
      <trkpt lat="34.93119" lon="-116.71997">
        <ele>580.15</ele>
      </trkpt>
      <trkpt lat="34.93121" lon="-116.71991">
        <ele>580.0</ele>
      </trkpt>
      <trkpt lat="34.93124" lon="-116.71986">
        <ele>580.0</ele>
      </trkpt>
      <trkpt lat="34.93127" lon="-116.7198">
        <ele>579.89</ele>
      </trkpt>
      <trkpt lat="34.9313" lon="-116.71974">
        <ele>579.18</ele>
      </trkpt>
      <trkpt lat="34.93133" lon="-116.71968">
        <ele>578.54</ele>
      </trkpt>
      <trkpt lat="34.93136" lon="-116.71963">
        <ele>578.0</ele>
      </trkpt>
      <trkpt lat="34.93138" lon="-116.71959">
        <ele>577.61</ele>
      </trkpt>
      <trkpt lat="34.9314" lon="-116.71953">
        <ele>577.0</ele>
      </trkpt>
      <trkpt lat="34.93142" lon="-116.71948">
        <ele>577.0</ele>
      </trkpt>
      <trkpt lat="34.93144" lon="-116.71942">
        <ele>576.85</ele>
      </trkpt>
      <trkpt lat="34.93145" lon="-116.71935">
        <ele>576.33</ele>
      </trkpt>
      <trkpt lat="34.93146" lon="-116.71927">
        <ele>576.03</ele>
      </trkpt>
      <trkpt lat="34.93148" lon="-116.71919">
        <ele>576.0</ele>
      </trkpt>
      <trkpt lat="34.93149" lon="-116.7191">
        <ele>575.25</ele>
      </trkpt>
      <trkpt lat="34.93151" lon="-116.71901">
        <ele>575.0</ele>
      </trkpt>
      <trkpt lat="34.93152" lon="-116.71891">
        <ele>574.23</ele>
      </trkpt>
      <trkpt lat="34.93154" lon="-116.71882">
        <ele>574.0</ele>
      </trkpt>
      <trkpt lat="34.93156" lon="-116.71873">
        <ele>574.0</ele>
      </trkpt>
      <trkpt lat="34.93157" lon="-116.71864">
        <ele>573.34</ele>
      </trkpt>
      <trkpt lat="34.93159" lon="-116.71855">
        <ele>573.0</ele>
      </trkpt>
      <trkpt lat="34.93161" lon="-116.71847">
        <ele>573.0</ele>
      </trkpt>
      <trkpt lat="34.93163" lon="-116.71838">
        <ele>572.5</ele>
      </trkpt>
      <trkpt lat="34.93165" lon="-116.71829">
        <ele>572.0</ele>
      </trkpt>
      <trkpt lat="34.93167" lon="-116.7182">
        <ele>572.0</ele>
      </trkpt>
      <trkpt lat="34.9317" lon="-116.71812">
        <ele>572.0</ele>
      </trkpt>
      <trkpt lat="34.93174" lon="-116.71803">
        <ele>571.72</ele>
      </trkpt>
      <trkpt lat="34.93177" lon="-116.71794">
        <ele>571.0</ele>
      </trkpt>
      <trkpt lat="34.93181" lon="-116.71785">
        <ele>571.0</ele>
      </trkpt>
      <trkpt lat="34.93185" lon="-116.71776">
        <ele>571.0</ele>
      </trkpt>
      <trkpt lat="34.93188" lon="-116.71766">
        <ele>570.51</ele>
      </trkpt>
      <trkpt lat="34.93193" lon="-116.71757">
        <ele>570.0</ele>
      </trkpt>
      <trkpt lat="34.93196" lon="-116.71747">
        <ele>570.0</ele>
      </trkpt>
      <trkpt lat="34.93201" lon="-116.71738">
        <ele>569.91</ele>
      </trkpt>
      <trkpt lat="34.93205" lon="-116.71729">
        <ele>569.73</ele>
      </trkpt>
      <trkpt lat="34.93209" lon="-116.71719">
        <ele>569.0</ele>
      </trkpt>
      <trkpt lat="34.93213" lon="-116.71709">
        <ele>569.0</ele>
      </trkpt>
      <trkpt lat="34.93217" lon="-116.71699">
        <ele>569.0</ele>
      </trkpt>
      <trkpt lat="34.93221" lon="-116.7169">
        <ele>569.0</ele>
      </trkpt>
      <trkpt lat="34.93224" lon="-116.7168">
        <ele>568.55</ele>
      </trkpt>
      <trkpt lat="34.93227" lon="-116.71671">
        <ele>568.24</ele>
      </trkpt>
      <trkpt lat="34.9323" lon="-116.71662">
        <ele>568.0</ele>
      </trkpt>
      <trkpt lat="34.93233" lon="-116.71653">
        <ele>568.0</ele>
      </trkpt>
      <trkpt lat="34.93236" lon="-116.71643">
        <ele>567.72</ele>
      </trkpt>
      <trkpt lat="34.93239" lon="-116.71635">
        <ele>567.89</ele>
      </trkpt>
      <trkpt lat="34.93243" lon="-116.71626">
        <ele>568.39</ele>
      </trkpt>
      <trkpt lat="34.93246" lon="-116.71617">
        <ele>569.36</ele>
      </trkpt>
      <trkpt lat="34.9325" lon="-116.71608">
        <ele>570.34</ele>
      </trkpt>
      <trkpt lat="34.93255" lon="-116.716">
        <ele>571.0</ele>
      </trkpt>
      <trkpt lat="34.9326" lon="-116.71592">
        <ele>571.0</ele>
      </trkpt>
      <trkpt lat="34.93268" lon="-116.71589">
        <ele>571.0</ele>
      </trkpt>
      <trkpt lat="34.93277" lon="-116.71589">
        <ele>571.0</ele>
      </trkpt>
      <trkpt lat="34.93287" lon="-116.71589">
        <ele>571.0</ele>
      </trkpt>
      <trkpt lat="34.93297" lon="-116.7159">
        <ele>571.0</ele>
      </trkpt>
      <trkpt lat="34.93306" lon="-116.7159">
        <ele>571.0</ele>
      </trkpt>
      <trkpt lat="34.93315" lon="-116.71588">
        <ele>571.0</ele>
      </trkpt>
      <trkpt lat="34.93323" lon="-116.71585">
        <ele>571.0</ele>
      </trkpt>
      <trkpt lat="34.93332" lon="-116.7158">
        <ele>571.0</ele>
      </trkpt>
      <trkpt lat="34.93341" lon="-116.71574">
        <ele>571.0</ele>
      </trkpt>
      <trkpt lat="34.93349" lon="-116.71568">
        <ele>571.0</ele>
      </trkpt>
      <trkpt lat="34.93357" lon="-116.71561">
        <ele>571.0</ele>
      </trkpt>
      <trkpt lat="34.93365" lon="-116.71555">
        <ele>571.0</ele>
      </trkpt>
      <trkpt lat="34.93372" lon="-116.71548">
        <ele>571.0</ele>
      </trkpt>
      <trkpt lat="34.93377" lon="-116.71542">
        <ele>571.0</ele>
      </trkpt>
      <trkpt lat="34.9338" lon="-116.71536">
        <ele>570.96</ele>
      </trkpt>
      <trkpt lat="34.93383" lon="-116.7153">
        <ele>570.64</ele>
      </trkpt>
      <trkpt lat="34.93386" lon="-116.71522">
        <ele>570.12</ele>
      </trkpt>
      <trkpt lat="34.93388" lon="-116.71513">
        <ele>569.4</ele>
      </trkpt>
      <trkpt lat="34.93391" lon="-116.71504">
        <ele>569.23</ele>
      </trkpt>
      <trkpt lat="34.93393" lon="-116.71495">
        <ele>569.2</ele>
      </trkpt>
      <trkpt lat="34.93395" lon="-116.71488">
        <ele>569.0</ele>
      </trkpt>
      <trkpt lat="34.93397" lon="-116.71482">
        <ele>569.0</ele>
      </trkpt>
      <trkpt lat="34.93399" lon="-116.71475">
        <ele>569.03</ele>
      </trkpt>
      <trkpt lat="34.934" lon="-116.71467">
        <ele>569.0</ele>
      </trkpt>
      <trkpt lat="34.93402" lon="-116.71459">
        <ele>569.0</ele>
      </trkpt>
      <trkpt lat="34.93403" lon="-116.71449">
        <ele>568.73</ele>
      </trkpt>
      <trkpt lat="34.93403" lon="-116.71439">
        <ele>568.2</ele>
      </trkpt>
      <trkpt lat="34.93404" lon="-116.71428">
        <ele>568.0</ele>
      </trkpt>
      <trkpt lat="34.93405" lon="-116.71416">
        <ele>568.0</ele>
      </trkpt>
      <trkpt lat="34.93405" lon="-116.71405">
        <ele>568.0</ele>
      </trkpt>
      <trkpt lat="34.93405" lon="-116.71395">
        <ele>568.0</ele>
      </trkpt>
      <trkpt lat="34.93406" lon="-116.71385">
        <ele>567.58</ele>
      </trkpt>
      <trkpt lat="34.93406" lon="-116.71375">
        <ele>567.0</ele>
      </trkpt>
      <trkpt lat="34.93408" lon="-116.71366">
        <ele>567.0</ele>
      </trkpt>
      <trkpt lat="34.9341" lon="-116.71358">
        <ele>567.0</ele>
      </trkpt>
      <trkpt lat="34.93414" lon="-116.7135">
        <ele>567.0</ele>
      </trkpt>
      <trkpt lat="34.9342" lon="-116.71344">
        <ele>567.0</ele>
      </trkpt>
      <trkpt lat="34.93427" lon="-116.7134">
        <ele>567.0</ele>
      </trkpt>
      <trkpt lat="34.93434" lon="-116.71337">
        <ele>567.0</ele>
      </trkpt>
      <trkpt lat="34.93442" lon="-116.71334">
        <ele>567.0</ele>
      </trkpt>
      <trkpt lat="34.93449" lon="-116.71332">
        <ele>567.0</ele>
      </trkpt>
      <trkpt lat="34.93457" lon="-116.71329">
        <ele>567.0</ele>
      </trkpt>
      <trkpt lat="34.93465" lon="-116.71325">
        <ele>567.0</ele>
      </trkpt>
      <trkpt lat="34.93474" lon="-116.71323">
        <ele>567.0</ele>
      </trkpt>
      <trkpt lat="34.93483" lon="-116.7132">
        <ele>567.0</ele>
      </trkpt>
      <trkpt lat="34.93492" lon="-116.71317">
        <ele>567.03</ele>
      </trkpt>
      <trkpt lat="34.935" lon="-116.71315">
        <ele>567.02</ele>
      </trkpt>
      <trkpt lat="34.93509" lon="-116.71313">
        <ele>567.97</ele>
      </trkpt>
      <trkpt lat="34.93516" lon="-116.71312">
        <ele>568.0</ele>
      </trkpt>
      <trkpt lat="34.93524" lon="-116.71311">
        <ele>568.0</ele>
      </trkpt>
      <trkpt lat="34.93532" lon="-116.7131">
        <ele>568.0</ele>
      </trkpt>
      <trkpt lat="34.93541" lon="-116.7131">
        <ele>568.0</ele>
      </trkpt>
      <trkpt lat="34.93551" lon="-116.71309">
        <ele>568.0</ele>
      </trkpt>
      <trkpt lat="34.93563" lon="-116.71309">
        <ele>568.0</ele>
      </trkpt>
      <trkpt lat="34.93575" lon="-116.71308">
        <ele>568.0</ele>
      </trkpt>
      <trkpt lat="34.93589" lon="-116.71307">
        <ele>568.0</ele>
      </trkpt>
      <trkpt lat="34.93603" lon="-116.71305">
        <ele>567.82</ele>
      </trkpt>
      <trkpt lat="34.93616" lon="-116.71304">
        <ele>567.0</ele>
      </trkpt>
      <trkpt lat="34.9363" lon="-116.71304">
        <ele>567.0</ele>
      </trkpt>
      <trkpt lat="34.93644" lon="-116.71304">
        <ele>567.55</ele>
      </trkpt>
      <trkpt lat="34.93656" lon="-116.71304">
        <ele>568.0</ele>
      </trkpt>
      <trkpt lat="34.93668" lon="-116.71304">
        <ele>568.0</ele>
      </trkpt>
      <trkpt lat="34.93678" lon="-116.71305">
        <ele>568.0</ele>
      </trkpt>
      <trkpt lat="34.93687" lon="-116.71306">
        <ele>568.0</ele>
      </trkpt>
      <trkpt lat="34.93695" lon="-116.71307">
        <ele>568.0</ele>
      </trkpt>
      <trkpt lat="34.93702" lon="-116.71308">
        <ele>568.0</ele>
      </trkpt>
      <trkpt lat="34.93709" lon="-116.71308">
        <ele>568.0</ele>
      </trkpt>
      <trkpt lat="34.93716" lon="-116.71307">
        <ele>568.0</ele>
      </trkpt>
      <trkpt lat="34.93722" lon="-116.71304">
        <ele>568.0</ele>
      </trkpt>
      <trkpt lat="34.93728" lon="-116.71298">
        <ele>567.38</ele>
      </trkpt>
      <trkpt lat="34.93733" lon="-116.71291">
        <ele>567.57</ele>
      </trkpt>
      <trkpt lat="34.93738" lon="-116.71281">
        <ele>568.0</ele>
      </trkpt>
      <trkpt lat="34.93742" lon="-116.7127">
        <ele>568.0</ele>
      </trkpt>
      <trkpt lat="34.93745" lon="-116.71258">
        <ele>568.0</ele>
      </trkpt>
      <trkpt lat="34.93749" lon="-116.71245">
        <ele>568.0</ele>
      </trkpt>
      <trkpt lat="34.93753" lon="-116.71232">
        <ele>568.0</ele>
      </trkpt>
      <trkpt lat="34.93758" lon="-116.7122">
        <ele>567.97</ele>
      </trkpt>
      <trkpt lat="34.93762" lon="-116.71206">
        <ele>568.0</ele>
      </trkpt>
      <trkpt lat="34.93767" lon="-116.71192">
        <ele>568.0</ele>
      </trkpt>
      <trkpt lat="34.93772" lon="-116.71179">
        <ele>568.0</ele>
      </trkpt>
      <trkpt lat="34.93777" lon="-116.71164">
        <ele>568.0</ele>
      </trkpt>
      <trkpt lat="34.93782" lon="-116.71149">
        <ele>568.0</ele>
      </trkpt>
      <trkpt lat="34.93786" lon="-116.71135">
        <ele>568.0</ele>
      </trkpt>
      <trkpt lat="34.93791" lon="-116.7112">
        <ele>568.0</ele>
      </trkpt>
      <trkpt lat="34.93798" lon="-116.71105">
        <ele>567.28</ele>
      </trkpt>
      <trkpt lat="34.93805" lon="-116.71089">
        <ele>567.0</ele>
      </trkpt>
      <trkpt lat="34.93812" lon="-116.71073">
        <ele>567.0</ele>
      </trkpt>
      <trkpt lat="34.93819" lon="-116.71058">
        <ele>567.0</ele>
      </trkpt>
      <trkpt lat="34.93825" lon="-116.71043">
        <ele>567.0</ele>
      </trkpt>
      <trkpt lat="34.93832" lon="-116.7103">
        <ele>567.0</ele>
      </trkpt>
      <trkpt lat="34.9384" lon="-116.71018">
        <ele>566.0</ele>
      </trkpt>
      <trkpt lat="34.9385" lon="-116.71009">
        <ele>566.0</ele>
      </trkpt>
      <trkpt lat="34.93861" lon="-116.71002">
        <ele>566.0</ele>
      </trkpt>
      <trkpt lat="34.93873" lon="-116.70994">
        <ele>566.0</ele>
      </trkpt>
      <trkpt lat="34.93885" lon="-116.70986">
        <ele>566.0</ele>
      </trkpt>
      <trkpt lat="34.93897" lon="-116.70977">
        <ele>566.0</ele>
      </trkpt>
      <trkpt lat="34.93909" lon="-116.70969">
        <ele>566.0</ele>
      </trkpt>
      <trkpt lat="34.93921" lon="-116.70959">
        <ele>566.0</ele>
      </trkpt>
      <trkpt lat="34.93934" lon="-116.7095">
        <ele>565.08</ele>
      </trkpt>
      <trkpt lat="34.93946" lon="-116.70941">
        <ele>565.0</ele>
      </trkpt>
      <trkpt lat="34.9396" lon="-116.70933">
        <ele>565.0</ele>
      </trkpt>
      <trkpt lat="34.93973" lon="-116.70923">
        <ele>565.0</ele>
      </trkpt>
      <trkpt lat="34.93986" lon="-116.70913">
        <ele>565.0</ele>
      </trkpt>
      <trkpt lat="34.94" lon="-116.70903">
        <ele>565.0</ele>
      </trkpt>
      <trkpt lat="34.94013" lon="-116.70893">
        <ele>565.0</ele>
      </trkpt>
      <trkpt lat="34.94028" lon="-116.70883">
        <ele>565.0</ele>
      </trkpt>
      <trkpt lat="34.94043" lon="-116.70873">
        <ele>565.0</ele>
      </trkpt>
      <trkpt lat="34.94057" lon="-116.70863">
        <ele>565.0</ele>
      </trkpt>
      <trkpt lat="34.94072" lon="-116.70852">
        <ele>565.0</ele>
      </trkpt>
      <trkpt lat="34.94087" lon="-116.70842">
        <ele>564.0</ele>
      </trkpt>
      <trkpt lat="34.94101" lon="-116.70833">
        <ele>564.0</ele>
      </trkpt>
      <trkpt lat="34.94116" lon="-116.70822">
        <ele>564.0</ele>
      </trkpt>
      <trkpt lat="34.9413" lon="-116.70811">
        <ele>564.0</ele>
      </trkpt>
      <trkpt lat="34.94144" lon="-116.70803">
        <ele>564.0</ele>
      </trkpt>
      <trkpt lat="34.94157" lon="-116.70793">
        <ele>564.0</ele>
      </trkpt>
      <trkpt lat="34.9417" lon="-116.70783">
        <ele>564.0</ele>
      </trkpt>
      <trkpt lat="34.94183" lon="-116.70773">
        <ele>564.0</ele>
      </trkpt>
      <trkpt lat="34.94196" lon="-116.70764">
        <ele>564.0</ele>
      </trkpt>
      <trkpt lat="34.94207" lon="-116.70755">
        <ele>564.0</ele>
      </trkpt>
      <trkpt lat="34.94218" lon="-116.70747">
        <ele>564.0</ele>
      </trkpt>
      <trkpt lat="34.94228" lon="-116.7074">
        <ele>564.0</ele>
      </trkpt>
      <trkpt lat="34.94237" lon="-116.70731">
        <ele>564.0</ele>
      </trkpt>
      <trkpt lat="34.94246" lon="-116.70722">
        <ele>564.0</ele>
      </trkpt>
      <trkpt lat="34.94255" lon="-116.70712">
        <ele>564.0</ele>
      </trkpt>
      <trkpt lat="34.94264" lon="-116.70704">
        <ele>564.0</ele>
      </trkpt>
      <trkpt lat="34.94275" lon="-116.70696">
        <ele>564.0</ele>
      </trkpt>
      <trkpt lat="34.94286" lon="-116.70688">
        <ele>563.03</ele>
      </trkpt>
      <trkpt lat="34.94297" lon="-116.7068">
        <ele>563.0</ele>
      </trkpt>
      <trkpt lat="34.94308" lon="-116.70672">
        <ele>563.0</ele>
      </trkpt>
      <trkpt lat="34.9432" lon="-116.70664">
        <ele>563.0</ele>
      </trkpt>
      <trkpt lat="34.94331" lon="-116.70656">
        <ele>563.0</ele>
      </trkpt>
      <trkpt lat="34.94343" lon="-116.70647">
        <ele>563.0</ele>
      </trkpt>
      <trkpt lat="34.94355" lon="-116.70639">
        <ele>563.0</ele>
      </trkpt>
      <trkpt lat="34.94366" lon="-116.7063">
        <ele>563.0</ele>
      </trkpt>
      <trkpt lat="34.94379" lon="-116.70622">
        <ele>563.0</ele>
      </trkpt>
      <trkpt lat="34.94392" lon="-116.70613">
        <ele>563.0</ele>
      </trkpt>
      <trkpt lat="34.94404" lon="-116.70603">
        <ele>562.45</ele>
      </trkpt>
      <trkpt lat="34.94417" lon="-116.70592">
        <ele>562.0</ele>
      </trkpt>
      <trkpt lat="34.94429" lon="-116.70583">
        <ele>562.0</ele>
      </trkpt>
      <trkpt lat="34.94441" lon="-116.70573">
        <ele>562.0</ele>
      </trkpt>
      <trkpt lat="34.94451" lon="-116.70565">
        <ele>562.0</ele>
      </trkpt>
      <trkpt lat="34.94461" lon="-116.70557">
        <ele>562.0</ele>
      </trkpt>
      <trkpt lat="34.9447" lon="-116.7055">
        <ele>562.0</ele>
      </trkpt>
      <trkpt lat="34.9448" lon="-116.70544">
        <ele>562.0</ele>
      </trkpt>
      <trkpt lat="34.94487" lon="-116.70537">
        <ele>562.0</ele>
      </trkpt>
      <trkpt lat="34.94492" lon="-116.70531">
        <ele>562.0</ele>
      </trkpt>
      <trkpt lat="34.94493" lon="-116.70525">
        <ele>562.0</ele>
      </trkpt>
      <trkpt lat="34.94494" lon="-116.70521">
        <ele>562.0</ele>
      </trkpt>
      <trkpt lat="34.94494" lon="-116.70517">
        <ele>562.0</ele>
      </trkpt>
      <trkpt lat="34.94493" lon="-116.70513">
        <ele>562.0</ele>
      </trkpt>
      <trkpt lat="34.9449" lon="-116.70508">
        <ele>562.0</ele>
      </trkpt>
      <trkpt lat="34.94487" lon="-116.70501">
        <ele>562.0</ele>
      </trkpt>
      <trkpt lat="34.94482" lon="-116.70494">
        <ele>562.0</ele>
      </trkpt>
      <trkpt lat="34.94477" lon="-116.70486">
        <ele>562.0</ele>
      </trkpt>
      <trkpt lat="34.94471" lon="-116.70478">
        <ele>562.0</ele>
      </trkpt>
      <trkpt lat="34.94466" lon="-116.70469">
        <ele>562.0</ele>
      </trkpt>
      <trkpt lat="34.94463" lon="-116.70459">
        <ele>562.0</ele>
      </trkpt>
      <trkpt lat="34.94462" lon="-116.70447">
        <ele>562.0</ele>
      </trkpt>
      <trkpt lat="34.94461" lon="-116.70435">
        <ele>562.0</ele>
      </trkpt>
      <trkpt lat="34.9446" lon="-116.70422">
        <ele>562.0</ele>
      </trkpt>
      <trkpt lat="34.9446" lon="-116.70408">
        <ele>562.0</ele>
      </trkpt>
      <trkpt lat="34.9446" lon="-116.70393">
        <ele>562.0</ele>
      </trkpt>
      <trkpt lat="34.9446" lon="-116.70375">
        <ele>562.0</ele>
      </trkpt>
      <trkpt lat="34.9446" lon="-116.70356">
        <ele>562.0</ele>
      </trkpt>
      <trkpt lat="34.94459" lon="-116.70336">
        <ele>562.0</ele>
      </trkpt>
      <trkpt lat="34.94459" lon="-116.70314">
        <ele>562.0</ele>
      </trkpt>
      <trkpt lat="34.94459" lon="-116.70291">
        <ele>562.0</ele>
      </trkpt>
      <trkpt lat="34.94458" lon="-116.70267">
        <ele>562.0</ele>
      </trkpt>
      <trkpt lat="34.94458" lon="-116.70243">
        <ele>562.0</ele>
      </trkpt>
      <trkpt lat="34.94457" lon="-116.70217">
        <ele>561.8</ele>
      </trkpt>
      <trkpt lat="34.94457" lon="-116.70192">
        <ele>561.0</ele>
      </trkpt>
      <trkpt lat="34.94456" lon="-116.70166">
        <ele>561.0</ele>
      </trkpt>
      <trkpt lat="34.94455" lon="-116.70139">
        <ele>561.0</ele>
      </trkpt>
      <trkpt lat="34.94455" lon="-116.70114">
        <ele>561.0</ele>
      </trkpt>
      <trkpt lat="34.94454" lon="-116.70089">
        <ele>561.0</ele>
      </trkpt>
      <trkpt lat="34.94454" lon="-116.70063">
        <ele>561.0</ele>
      </trkpt>
      <trkpt lat="34.94453" lon="-116.70037">
        <ele>561.0</ele>
      </trkpt>
      <trkpt lat="34.94452" lon="-116.70011">
        <ele>561.0</ele>
      </trkpt>
      <trkpt lat="34.94452" lon="-116.69985">
        <ele>561.0</ele>
      </trkpt>
      <trkpt lat="34.94452" lon="-116.69959">
        <ele>561.0</ele>
      </trkpt>
      <trkpt lat="34.94451" lon="-116.69933">
        <ele>561.0</ele>
      </trkpt>
      <trkpt lat="34.94451" lon="-116.69908">
        <ele>561.0</ele>
      </trkpt>
      <trkpt lat="34.94451" lon="-116.69883">
        <ele>561.0</ele>
      </trkpt>
      <trkpt lat="34.9445" lon="-116.69858">
        <ele>561.0</ele>
      </trkpt>
      <trkpt lat="34.9445" lon="-116.69835">
        <ele>561.0</ele>
      </trkpt>
      <trkpt lat="34.94449" lon="-116.69813">
        <ele>561.51</ele>
      </trkpt>
      <trkpt lat="34.94449" lon="-116.69793">
        <ele>562.0</ele>
      </trkpt>
      <trkpt lat="34.94449" lon="-116.69775">
        <ele>562.0</ele>
      </trkpt>
      <trkpt lat="34.94448" lon="-116.69758">
        <ele>562.0</ele>
      </trkpt>
      <trkpt lat="34.94448" lon="-116.69743">
        <ele>562.0</ele>
      </trkpt>
      <trkpt lat="34.94447" lon="-116.69728">
        <ele>562.0</ele>
      </trkpt>
      <trkpt lat="34.94447" lon="-116.69714">
        <ele>562.0</ele>
      </trkpt>
      <trkpt lat="34.94447" lon="-116.69701">
        <ele>562.0</ele>
      </trkpt>
      <trkpt lat="34.94447" lon="-116.69688">
        <ele>562.0</ele>
      </trkpt>
      <trkpt lat="34.94447" lon="-116.69678">
        <ele>562.0</ele>
      </trkpt>
      <trkpt lat="34.94447" lon="-116.69667">
        <ele>562.0</ele>
      </trkpt>
      <trkpt lat="34.94447" lon="-116.69656">
        <ele>562.0</ele>
      </trkpt>
      <trkpt lat="34.94447" lon="-116.69645">
        <ele>562.0</ele>
      </trkpt>
      <trkpt lat="34.94447" lon="-116.69632">
        <ele>562.0</ele>
      </trkpt>
      <trkpt lat="34.94447" lon="-116.6962">
        <ele>562.0</ele>
      </trkpt>
      <trkpt lat="34.94447" lon="-116.69606">
        <ele>562.0</ele>
      </trkpt>
      <trkpt lat="34.94447" lon="-116.69591">
        <ele>562.0</ele>
      </trkpt>
      <trkpt lat="34.94447" lon="-116.69574">
        <ele>562.0</ele>
      </trkpt>
      <trkpt lat="34.94447" lon="-116.69556">
        <ele>562.0</ele>
      </trkpt>
      <trkpt lat="34.94446" lon="-116.69538">
        <ele>562.0</ele>
      </trkpt>
      <trkpt lat="34.94446" lon="-116.69518">
        <ele>562.0</ele>
      </trkpt>
      <trkpt lat="34.94446" lon="-116.69497">
        <ele>562.0</ele>
      </trkpt>
      <trkpt lat="34.94446" lon="-116.69476">
        <ele>562.0</ele>
      </trkpt>
      <trkpt lat="34.94446" lon="-116.69453">
        <ele>562.0</ele>
      </trkpt>
      <trkpt lat="34.94447" lon="-116.6943">
        <ele>562.0</ele>
      </trkpt>
      <trkpt lat="34.94447" lon="-116.69406">
        <ele>562.0</ele>
      </trkpt>
      <trkpt lat="34.94447" lon="-116.69382">
        <ele>562.0</ele>
      </trkpt>
      <trkpt lat="34.94447" lon="-116.69359">
        <ele>562.0</ele>
      </trkpt>
      <trkpt lat="34.94447" lon="-116.69335">
        <ele>562.0</ele>
      </trkpt>
      <trkpt lat="34.94447" lon="-116.69313">
        <ele>561.72</ele>
      </trkpt>
      <trkpt lat="34.94447" lon="-116.6929">
        <ele>561.23</ele>
      </trkpt>
      <trkpt lat="34.94447" lon="-116.69268">
        <ele>561.0</ele>
      </trkpt>
      <trkpt lat="34.94447" lon="-116.69245">
        <ele>561.0</ele>
      </trkpt>
      <trkpt lat="34.94447" lon="-116.69223">
        <ele>561.0</ele>
      </trkpt>
      <trkpt lat="34.94448" lon="-116.69199">
        <ele>561.0</ele>
      </trkpt>
      <trkpt lat="34.94448" lon="-116.69175">
        <ele>561.0</ele>
      </trkpt>
      <trkpt lat="34.94449" lon="-116.69152">
        <ele>561.0</ele>
      </trkpt>
      <trkpt lat="34.94449" lon="-116.69129">
        <ele>561.0</ele>
      </trkpt>
      <trkpt lat="34.94449" lon="-116.69106">
        <ele>561.0</ele>
      </trkpt>
      <trkpt lat="34.94449" lon="-116.69084">
        <ele>561.0</ele>
      </trkpt>
      <trkpt lat="34.94449" lon="-116.69063">
        <ele>561.0</ele>
      </trkpt>
      <trkpt lat="34.94449" lon="-116.69045">
        <ele>561.0</ele>
      </trkpt>
      <trkpt lat="34.94449" lon="-116.69027">
        <ele>561.0</ele>
      </trkpt>
      <trkpt lat="34.9445" lon="-116.6901">
        <ele>561.37</ele>
      </trkpt>
      <trkpt lat="34.9445" lon="-116.68995">
        <ele>561.72</ele>
      </trkpt>
      <trkpt lat="34.94452" lon="-116.68981">
        <ele>562.0</ele>
      </trkpt>
      <trkpt lat="34.94456" lon="-116.68968">
        <ele>562.0</ele>
      </trkpt>
      <trkpt lat="34.94462" lon="-116.68955">
        <ele>562.0</ele>
      </trkpt>
      <trkpt lat="34.94469" lon="-116.68942">
        <ele>562.0</ele>
      </trkpt>
      <trkpt lat="34.94475" lon="-116.68927">
        <ele>562.0</ele>
      </trkpt>
      <trkpt lat="34.94482" lon="-116.68912">
        <ele>562.0</ele>
      </trkpt>
      <trkpt lat="34.9449" lon="-116.68895">
        <ele>562.0</ele>
      </trkpt>
      <trkpt lat="34.94498" lon="-116.68878">
        <ele>562.0</ele>
      </trkpt>
      <trkpt lat="34.94506" lon="-116.68861">
        <ele>562.0</ele>
      </trkpt>
      <trkpt lat="34.94515" lon="-116.68842">
        <ele>562.0</ele>
      </trkpt>
      <trkpt lat="34.94525" lon="-116.68823">
        <ele>562.0</ele>
      </trkpt>
      <trkpt lat="34.94534" lon="-116.68804">
        <ele>562.0</ele>
      </trkpt>
      <trkpt lat="34.94543" lon="-116.68784">
        <ele>562.0</ele>
      </trkpt>
      <trkpt lat="34.94553" lon="-116.68765">
        <ele>562.0</ele>
      </trkpt>
      <trkpt lat="34.94562" lon="-116.68745">
        <ele>562.0</ele>
      </trkpt>
      <trkpt lat="34.94572" lon="-116.68725">
        <ele>562.0</ele>
      </trkpt>
      <trkpt lat="34.9458" lon="-116.68705">
        <ele>562.0</ele>
      </trkpt>
      <trkpt lat="34.94589" lon="-116.68686">
        <ele>562.0</ele>
      </trkpt>
      <trkpt lat="34.94598" lon="-116.68667">
        <ele>561.4</ele>
      </trkpt>
      <trkpt lat="34.94608" lon="-116.68648">
        <ele>561.34</ele>
      </trkpt>
      <trkpt lat="34.94616" lon="-116.68629">
        <ele>561.0</ele>
      </trkpt>
      <trkpt lat="34.94626" lon="-116.6861">
        <ele>561.0</ele>
      </trkpt>
      <trkpt lat="34.94635" lon="-116.6859">
        <ele>561.0</ele>
      </trkpt>
      <trkpt lat="34.94644" lon="-116.6857">
        <ele>561.0</ele>
      </trkpt>
      <trkpt lat="34.94652" lon="-116.68551">
        <ele>561.0</ele>
      </trkpt>
      <trkpt lat="34.94661" lon="-116.68531">
        <ele>561.0</ele>
      </trkpt>
      <trkpt lat="34.94669" lon="-116.68512">
        <ele>561.0</ele>
      </trkpt>
      <trkpt lat="34.94678" lon="-116.68494">
        <ele>561.0</ele>
      </trkpt>
      <trkpt lat="34.94686" lon="-116.68477">
        <ele>561.0</ele>
      </trkpt>
      <trkpt lat="34.94693" lon="-116.68461">
        <ele>561.0</ele>
      </trkpt>
      <trkpt lat="34.94699" lon="-116.68446">
        <ele>561.0</ele>
      </trkpt>
      <trkpt lat="34.94706" lon="-116.68432">
        <ele>561.0</ele>
      </trkpt>
      <trkpt lat="34.94712" lon="-116.68418">
        <ele>561.0</ele>
      </trkpt>
      <trkpt lat="34.94718" lon="-116.68404">
        <ele>561.0</ele>
      </trkpt>
      <trkpt lat="34.94725" lon="-116.68389">
        <ele>561.0</ele>
      </trkpt>
      <trkpt lat="34.94731" lon="-116.68375">
        <ele>561.0</ele>
      </trkpt>
      <trkpt lat="34.94737" lon="-116.6836">
        <ele>561.0</ele>
      </trkpt>
      <trkpt lat="34.94744" lon="-116.68345">
        <ele>561.0</ele>
      </trkpt>
      <trkpt lat="34.94751" lon="-116.68331">
        <ele>561.0</ele>
      </trkpt>
      <trkpt lat="34.94757" lon="-116.68316">
        <ele>561.0</ele>
      </trkpt>
      <trkpt lat="34.94764" lon="-116.68302">
        <ele>561.0</ele>
      </trkpt>
      <trkpt lat="34.94769" lon="-116.68287">
        <ele>561.0</ele>
      </trkpt>
      <trkpt lat="34.94774" lon="-116.68276">
        <ele>561.0</ele>
      </trkpt>
      <trkpt lat="34.94777" lon="-116.68268">
        <ele>561.0</ele>
      </trkpt>
      <trkpt lat="34.9478" lon="-116.68263">
        <ele>561.0</ele>
      </trkpt>
      <trkpt lat="34.94781" lon="-116.6826">
        <ele>561.0</ele>
      </trkpt>
      <trkpt lat="34.94783" lon="-116.68256">
        <ele>561.0</ele>
      </trkpt>
      <trkpt lat="34.94785" lon="-116.68252">
        <ele>561.0</ele>
      </trkpt>
      <trkpt lat="34.94788" lon="-116.68247">
        <ele>561.0</ele>
      </trkpt>
      <trkpt lat="34.94791" lon="-116.68239">
        <ele>561.0</ele>
      </trkpt>
      <trkpt lat="34.94795" lon="-116.6823">
        <ele>561.0</ele>
      </trkpt>
      <trkpt lat="34.94799" lon="-116.6822">
        <ele>561.0</ele>
      </trkpt>
      <trkpt lat="34.94804" lon="-116.68208">
        <ele>561.0</ele>
      </trkpt>
      <trkpt lat="34.94809" lon="-116.68196">
        <ele>561.0</ele>
      </trkpt>
      <trkpt lat="34.94815" lon="-116.68183">
        <ele>561.0</ele>
      </trkpt>
      <trkpt lat="34.9482" lon="-116.6817">
        <ele>561.0</ele>
      </trkpt>
      <trkpt lat="34.94825" lon="-116.68159">
        <ele>561.0</ele>
      </trkpt>
      <trkpt lat="34.94829" lon="-116.6815">
        <ele>561.0</ele>
      </trkpt>
      <trkpt lat="34.94831" lon="-116.68143">
        <ele>561.0</ele>
      </trkpt>
      <trkpt lat="34.94833" lon="-116.68139">
        <ele>561.0</ele>
      </trkpt>
      <trkpt lat="34.94835" lon="-116.68135">
        <ele>561.0</ele>
      </trkpt>
      <trkpt lat="34.94837" lon="-116.68129">
        <ele>561.0</ele>
      </trkpt>
      <trkpt lat="34.9484" lon="-116.68123">
        <ele>561.0</ele>
      </trkpt>
      <trkpt lat="34.94843" lon="-116.68116">
        <ele>561.0</ele>
      </trkpt>
      <trkpt lat="34.94847" lon="-116.68106">
        <ele>561.0</ele>
      </trkpt>
      <trkpt lat="34.94851" lon="-116.68096">
        <ele>561.0</ele>
      </trkpt>
      <trkpt lat="34.94857" lon="-116.68084">
        <ele>561.0</ele>
      </trkpt>
      <trkpt lat="34.94863" lon="-116.68071">
        <ele>561.0</ele>
      </trkpt>
      <trkpt lat="34.94869" lon="-116.68057">
        <ele>561.0</ele>
      </trkpt>
      <trkpt lat="34.94875" lon="-116.68043">
        <ele>561.0</ele>
      </trkpt>
      <trkpt lat="34.94881" lon="-116.68028">
        <ele>561.0</ele>
      </trkpt>
      <trkpt lat="34.94888" lon="-116.68014">
        <ele>561.0</ele>
      </trkpt>
      <trkpt lat="34.94894" lon="-116.68001">
        <ele>561.0</ele>
      </trkpt>
      <trkpt lat="34.94899" lon="-116.67989">
        <ele>561.0</ele>
      </trkpt>
      <trkpt lat="34.94904" lon="-116.67977">
        <ele>561.0</ele>
      </trkpt>
      <trkpt lat="34.94909" lon="-116.67967">
        <ele>561.0</ele>
      </trkpt>
      <trkpt lat="34.94914" lon="-116.67958">
        <ele>561.0</ele>
      </trkpt>
      <trkpt lat="34.94919" lon="-116.67954">
        <ele>561.0</ele>
      </trkpt>
      <trkpt lat="34.94925" lon="-116.67953">
        <ele>561.0</ele>
      </trkpt>
      <trkpt lat="34.94932" lon="-116.67953">
        <ele>561.0</ele>
      </trkpt>
      <trkpt lat="34.94939" lon="-116.67953">
        <ele>561.0</ele>
      </trkpt>
      <trkpt lat="34.94946" lon="-116.67953">
        <ele>561.0</ele>
      </trkpt>
      <trkpt lat="34.94954" lon="-116.67953">
        <ele>561.0</ele>
      </trkpt>
      <trkpt lat="34.94962" lon="-116.67953">
        <ele>561.0</ele>
      </trkpt>
      <trkpt lat="34.9497" lon="-116.67953">
        <ele>561.0</ele>
      </trkpt>
      <trkpt lat="34.94977" lon="-116.67953">
        <ele>561.0</ele>
      </trkpt>
      <trkpt lat="34.94983" lon="-116.67953">
        <ele>561.0</ele>
      </trkpt>
      <trkpt lat="34.94988" lon="-116.67954">
        <ele>561.0</ele>
      </trkpt>
      <trkpt lat="34.94991" lon="-116.67954">
        <ele>561.0</ele>
      </trkpt>
      <trkpt lat="34.94994" lon="-116.67954">
        <ele>561.0</ele>
      </trkpt>
      <trkpt lat="34.94998" lon="-116.67954">
        <ele>561.0</ele>
      </trkpt>
      <trkpt lat="34.95001" lon="-116.67954">
        <ele>561.0</ele>
      </trkpt>
      <trkpt lat="34.95006" lon="-116.67954">
        <ele>561.0</ele>
      </trkpt>
      <trkpt lat="34.95012" lon="-116.67953">
        <ele>561.0</ele>
      </trkpt>
      <trkpt lat="34.95019" lon="-116.67953">
        <ele>561.0</ele>
      </trkpt>
      <trkpt lat="34.95027" lon="-116.67953">
        <ele>561.0</ele>
      </trkpt>
      <trkpt lat="34.95036" lon="-116.67953">
        <ele>561.0</ele>
      </trkpt>
      <trkpt lat="34.95047" lon="-116.67953">
        <ele>561.0</ele>
      </trkpt>
      <trkpt lat="34.95059" lon="-116.67953">
        <ele>561.0</ele>
      </trkpt>
      <trkpt lat="34.95072" lon="-116.67953">
        <ele>561.0</ele>
      </trkpt>
      <trkpt lat="34.95085" lon="-116.67952">
        <ele>561.18</ele>
      </trkpt>
      <trkpt lat="34.95099" lon="-116.67952">
        <ele>562.0</ele>
      </trkpt>
      <trkpt lat="34.95113" lon="-116.67952">
        <ele>562.0</ele>
      </trkpt>
      <trkpt lat="34.95126" lon="-116.67951">
        <ele>562.43</ele>
      </trkpt>
      <trkpt lat="34.95139" lon="-116.67951">
        <ele>563.0</ele>
      </trkpt>
      <trkpt lat="34.9515" lon="-116.6795">
        <ele>563.0</ele>
      </trkpt>
      <trkpt lat="34.95162" lon="-116.6795">
        <ele>563.0</ele>
      </trkpt>
      <trkpt lat="34.95172" lon="-116.67949">
        <ele>563.0</ele>
      </trkpt>
      <trkpt lat="34.95181" lon="-116.67949">
        <ele>563.0</ele>
      </trkpt>
      <trkpt lat="34.95189" lon="-116.67949">
        <ele>563.0</ele>
      </trkpt>
      <trkpt lat="34.95197" lon="-116.6795">
        <ele>563.0</ele>
      </trkpt>
      <trkpt lat="34.95203" lon="-116.67953">
        <ele>563.0</ele>
      </trkpt>
      <trkpt lat="34.95207" lon="-116.67959">
        <ele>562.64</ele>
      </trkpt>
      <trkpt lat="34.95208" lon="-116.67967">
        <ele>562.54</ele>
      </trkpt>
      <trkpt lat="34.95209" lon="-116.67977">
        <ele>562.43</ele>
      </trkpt>
      <trkpt lat="34.95209" lon="-116.67988">
        <ele>562.43</ele>
      </trkpt>
      <trkpt lat="34.95208" lon="-116.68001">
        <ele>562.48</ele>
      </trkpt>
      <trkpt lat="34.95208" lon="-116.68015">
        <ele>562.0</ele>
      </trkpt>
      <trkpt lat="34.95207" lon="-116.68032">
        <ele>562.29</ele>
      </trkpt>
      <trkpt lat="34.95206" lon="-116.68047">
        <ele>562.75</ele>
      </trkpt>
      <trkpt lat="34.95206" lon="-116.68063">
        <ele>562.95</ele>
      </trkpt>
      <trkpt lat="34.95205" lon="-116.6808">
        <ele>563.0</ele>
      </trkpt>
      <trkpt lat="34.95204" lon="-116.68096">
        <ele>563.0</ele>
      </trkpt>
      <trkpt lat="34.95203" lon="-116.68113">
        <ele>563.0</ele>
      </trkpt>
      <trkpt lat="34.95202" lon="-116.68129">
        <ele>563.17</ele>
      </trkpt>
      <trkpt lat="34.95201" lon="-116.68146">
        <ele>563.29</ele>
      </trkpt>
      <trkpt lat="34.952" lon="-116.68162">
        <ele>563.4</ele>
      </trkpt>
      <trkpt lat="34.952" lon="-116.68177">
        <ele>564.0</ele>
      </trkpt>
      <trkpt lat="34.95199" lon="-116.68192">
        <ele>564.0</ele>
      </trkpt>
      <trkpt lat="34.95198" lon="-116.68207">
        <ele>564.0</ele>
      </trkpt>
      <trkpt lat="34.95198" lon="-116.68221">
        <ele>564.0</ele>
      </trkpt>
      <trkpt lat="34.95198" lon="-116.68234">
        <ele>564.17</ele>
      </trkpt>
      <trkpt lat="34.95198" lon="-116.68246">
        <ele>564.62</ele>
      </trkpt>
      <trkpt lat="34.95198" lon="-116.68258">
        <ele>565.48</ele>
      </trkpt>
      <trkpt lat="34.95198" lon="-116.6827">
        <ele>566.68</ele>
      </trkpt>
      <trkpt lat="34.95198" lon="-116.68281">
        <ele>567.21</ele>
      </trkpt>
      <trkpt lat="34.95198" lon="-116.68291">
        <ele>568.04</ele>
      </trkpt>
      <trkpt lat="34.95198" lon="-116.68299">
        <ele>569.02</ele>
      </trkpt>
      <trkpt lat="34.95198" lon="-116.68306">
        <ele>570.08</ele>
      </trkpt>
      <trkpt lat="34.95197" lon="-116.68311">
        <ele>571.01</ele>
      </trkpt>
      <trkpt lat="34.95193" lon="-116.68314">
        <ele>571.99</ele>
      </trkpt>
      <trkpt lat="34.95191" lon="-116.68316">
        <ele>572.63</ele>
      </trkpt>
      <trkpt lat="34.95188" lon="-116.68318">
        <ele>573.38</ele>
      </trkpt>
      <trkpt lat="34.95185" lon="-116.68321">
        <ele>574.34</ele>
      </trkpt>
      <trkpt lat="34.95182" lon="-116.68325">
        <ele>575.13</ele>
      </trkpt>
      <trkpt lat="34.95178" lon="-116.6833">
        <ele>576.14</ele>
      </trkpt>
      <trkpt lat="34.95175" lon="-116.68334">
        <ele>577.06</ele>
      </trkpt>
      <trkpt lat="34.95173" lon="-116.68337">
        <ele>577.27</ele>
      </trkpt>
      <trkpt lat="34.9517" lon="-116.68338">
        <ele>577.18</ele>
      </trkpt>
      <trkpt lat="34.95167" lon="-116.68338">
        <ele>577.02</ele>
      </trkpt>
      <trkpt lat="34.95162" lon="-116.68336">
        <ele>577.0</ele>
      </trkpt>
      <trkpt lat="34.95159" lon="-116.68335">
        <ele>577.0</ele>
      </trkpt>
      <trkpt lat="34.95156" lon="-116.68335">
        <ele>576.88</ele>
      </trkpt>
      <trkpt lat="34.95151" lon="-116.68335">
        <ele>576.43</ele>
      </trkpt>
      <trkpt lat="34.95147" lon="-116.68336">
        <ele>576.16</ele>
      </trkpt>
      <trkpt lat="34.95144" lon="-116.68338">
        <ele>576.06</ele>
      </trkpt>
      <trkpt lat="34.95141" lon="-116.68342">
        <ele>576.16</ele>
      </trkpt>
      <trkpt lat="34.95139" lon="-116.68345">
        <ele>576.01</ele>
      </trkpt>
      <trkpt lat="34.95137" lon="-116.6835">
        <ele>575.8</ele>
      </trkpt>
      <trkpt lat="34.95136" lon="-116.68355">
        <ele>575.69</ele>
      </trkpt>
      <trkpt lat="34.95135" lon="-116.68359">
        <ele>575.58</ele>
      </trkpt>
      <trkpt lat="34.95134" lon="-116.68363">
        <ele>575.47</ele>
      </trkpt>
      <trkpt lat="34.95132" lon="-116.68367">
        <ele>575.26</ele>
      </trkpt>
      <trkpt lat="34.95129" lon="-116.68372">
        <ele>575.0</ele>
      </trkpt>
      <trkpt lat="34.95128" lon="-116.68375">
        <ele>575.0</ele>
      </trkpt>
      <trkpt lat="34.95127" lon="-116.68379">
        <ele>575.0</ele>
      </trkpt>
      <trkpt lat="34.95126" lon="-116.68384">
        <ele>575.0</ele>
      </trkpt>
      <trkpt lat="34.95126" lon="-116.6839">
        <ele>575.0</ele>
      </trkpt>
      <trkpt lat="34.95125" lon="-116.68396">
        <ele>575.0</ele>
      </trkpt>
      <trkpt lat="34.95124" lon="-116.684">
        <ele>574.88</ele>
      </trkpt>
      <trkpt lat="34.95123" lon="-116.68404">
        <ele>574.55</ele>
      </trkpt>
      <trkpt lat="34.95118" lon="-116.68407">
        <ele>574.03</ele>
      </trkpt>
      <trkpt lat="34.95113" lon="-116.68407">
        <ele>574.01</ele>
      </trkpt>
      <trkpt lat="34.95107" lon="-116.68407">
        <ele>573.56</ele>
      </trkpt>
      <trkpt lat="34.951" lon="-116.68407">
        <ele>573.0</ele>
      </trkpt>
      <trkpt lat="34.95093" lon="-116.68406">
        <ele>573.0</ele>
      </trkpt>
      <trkpt lat="34.95085" lon="-116.68406">
        <ele>572.3</ele>
      </trkpt>
      <trkpt lat="34.95078" lon="-116.68406">
        <ele>572.06</ele>
      </trkpt>
      <trkpt lat="34.9507" lon="-116.68407">
        <ele>572.0</ele>
      </trkpt>
      <trkpt lat="34.95064" lon="-116.68408">
        <ele>572.0</ele>
      </trkpt>
      <trkpt lat="34.95057" lon="-116.6841">
        <ele>572.0</ele>
      </trkpt>
      <trkpt lat="34.95051" lon="-116.68414">
        <ele>571.51</ele>
      </trkpt>
      <trkpt lat="34.95045" lon="-116.6842">
        <ele>571.0</ele>
      </trkpt>
      <trkpt lat="34.95038" lon="-116.68427">
        <ele>571.0</ele>
      </trkpt>
      <trkpt lat="34.95029" lon="-116.68434">
        <ele>571.0</ele>
      </trkpt>
      <trkpt lat="34.95019" lon="-116.68438">
        <ele>571.0</ele>
      </trkpt>
      <trkpt lat="34.9501" lon="-116.68442">
        <ele>570.08</ele>
      </trkpt>
      <trkpt lat="34.95001" lon="-116.68445">
        <ele>570.0</ele>
      </trkpt>
      <trkpt lat="34.94993" lon="-116.68448">
        <ele>569.24</ele>
      </trkpt>
      <trkpt lat="34.94985" lon="-116.6845">
        <ele>569.0</ele>
      </trkpt>
      <trkpt lat="34.94979" lon="-116.68453">
        <ele>568.73</ele>
      </trkpt>
      <trkpt lat="34.94974" lon="-116.68458">
        <ele>568.19</ele>
      </trkpt>
      <trkpt lat="34.94969" lon="-116.68465">
        <ele>568.0</ele>
      </trkpt>
      <trkpt lat="34.94964" lon="-116.68472">
        <ele>568.0</ele>
      </trkpt>
      <trkpt lat="34.9496" lon="-116.68479">
        <ele>567.68</ele>
      </trkpt>
      <trkpt lat="34.94956" lon="-116.68485">
        <ele>567.25</ele>
      </trkpt>
      <trkpt lat="34.94952" lon="-116.6849">
        <ele>567.0</ele>
      </trkpt>
      <trkpt lat="34.94949" lon="-116.68495">
        <ele>567.0</ele>
      </trkpt>
      <trkpt lat="34.94946" lon="-116.68498">
        <ele>567.0</ele>
      </trkpt>
      <trkpt lat="34.94943" lon="-116.68501">
        <ele>566.84</ele>
      </trkpt>
      <trkpt lat="34.94943" lon="-116.68508">
        <ele>566.84</ele>
      </trkpt>
      <trkpt lat="34.94944" lon="-116.68513">
        <ele>566.57</ele>
      </trkpt>
      <trkpt lat="34.94946" lon="-116.68517">
        <ele>566.3</ele>
      </trkpt>
      <trkpt lat="34.94948" lon="-116.6852">
        <ele>566.38</ele>
      </trkpt>
      <trkpt lat="34.94948" lon="-116.68525">
        <ele>566.38</ele>
      </trkpt>
      <trkpt lat="34.94948" lon="-116.68531">
        <ele>566.38</ele>
      </trkpt>
      <trkpt lat="34.94944" lon="-116.68535">
        <ele>566.0</ele>
      </trkpt>
      <trkpt lat="34.94941" lon="-116.68536">
        <ele>566.0</ele>
      </trkpt>
      <trkpt lat="34.94937" lon="-116.68537">
        <ele>566.0</ele>
      </trkpt>
      <trkpt lat="34.94933" lon="-116.68537">
        <ele>565.76</ele>
      </trkpt>
      <trkpt lat="34.9493" lon="-116.68538">
        <ele>565.44</ele>
      </trkpt>
      <trkpt lat="34.94927" lon="-116.68538">
        <ele>565.12</ele>
      </trkpt>
      <trkpt lat="34.94922" lon="-116.6854">
        <ele>565.0</ele>
      </trkpt>
      <trkpt lat="34.94919" lon="-116.68543">
        <ele>565.0</ele>
      </trkpt>
      <trkpt lat="34.94915" lon="-116.68545">
        <ele>564.82</ele>
      </trkpt>
      <trkpt lat="34.94912" lon="-116.68548">
        <ele>564.4</ele>
      </trkpt>
      <trkpt lat="34.94909" lon="-116.68552">
        <ele>564.07</ele>
      </trkpt>
      <trkpt lat="34.94907" lon="-116.68556">
        <ele>564.0</ele>
      </trkpt>
      <trkpt lat="34.94906" lon="-116.68561">
        <ele>564.0</ele>
      </trkpt>
      <trkpt lat="34.94906" lon="-116.68566">
        <ele>564.0</ele>
      </trkpt>
      <trkpt lat="34.94905" lon="-116.68572">
        <ele>564.0</ele>
      </trkpt>
      <trkpt lat="34.94904" lon="-116.68578">
        <ele>564.0</ele>
      </trkpt>
      <trkpt lat="34.94902" lon="-116.68583">
        <ele>564.0</ele>
      </trkpt>
      <trkpt lat="34.94899" lon="-116.68586">
        <ele>564.0</ele>
      </trkpt>
      <trkpt lat="34.94896" lon="-116.6859">
        <ele>564.0</ele>
      </trkpt>
      <trkpt lat="34.94894" lon="-116.68596">
        <ele>564.0</ele>
      </trkpt>
      <trkpt lat="34.94893" lon="-116.68601">
        <ele>564.0</ele>
      </trkpt>
      <trkpt lat="34.94891" lon="-116.68607">
        <ele>564.0</ele>
      </trkpt>
      <trkpt lat="34.9489" lon="-116.68613">
        <ele>564.0</ele>
      </trkpt>
      <trkpt lat="34.94889" lon="-116.68618">
        <ele>564.0</ele>
      </trkpt>
      <trkpt lat="34.94888" lon="-116.68624">
        <ele>564.0</ele>
      </trkpt>
      <trkpt lat="34.94887" lon="-116.6863">
        <ele>564.0</ele>
      </trkpt>
      <trkpt lat="34.94887" lon="-116.68636">
        <ele>564.0</ele>
      </trkpt>
      <trkpt lat="34.94886" lon="-116.68642">
        <ele>564.0</ele>
      </trkpt>
      <trkpt lat="34.94886" lon="-116.68647">
        <ele>564.0</ele>
      </trkpt>
      <trkpt lat="34.94887" lon="-116.68652">
        <ele>564.0</ele>
      </trkpt>
      <trkpt lat="34.94886" lon="-116.68657">
        <ele>564.0</ele>
      </trkpt>
      <trkpt lat="34.94886" lon="-116.68661">
        <ele>563.88</ele>
      </trkpt>
      <trkpt lat="34.94884" lon="-116.68666">
        <ele>563.51</ele>
      </trkpt>
      <trkpt lat="34.94882" lon="-116.6867">
        <ele>563.26</ele>
      </trkpt>
      <trkpt lat="34.94879" lon="-116.68675">
        <ele>563.0</ele>
      </trkpt>
      <trkpt lat="34.94876" lon="-116.6868">
        <ele>563.0</ele>
      </trkpt>
      <trkpt lat="34.94872" lon="-116.68686">
        <ele>563.0</ele>
      </trkpt>
      <trkpt lat="34.94868" lon="-116.68691">
        <ele>563.0</ele>
      </trkpt>
      <trkpt lat="34.94865" lon="-116.68696">
        <ele>563.0</ele>
      </trkpt>
      <trkpt lat="34.94863" lon="-116.68701">
        <ele>563.0</ele>
      </trkpt>
      <trkpt lat="34.94861" lon="-116.68706">
        <ele>562.74</ele>
      </trkpt>
      <trkpt lat="34.94858" lon="-116.6871">
        <ele>562.21</ele>
      </trkpt>
      <trkpt lat="34.94856" lon="-116.68713">
        <ele>562.0</ele>
      </trkpt>
      <trkpt lat="34.94853" lon="-116.68716">
        <ele>562.0</ele>
      </trkpt>
      <trkpt lat="34.94851" lon="-116.68718">
        <ele>562.0</ele>
      </trkpt>
      <trkpt lat="34.94847" lon="-116.68719">
        <ele>562.0</ele>
      </trkpt>
      <trkpt lat="34.94844" lon="-116.6872">
        <ele>562.0</ele>
      </trkpt>
      <trkpt lat="34.9484" lon="-116.6872">
        <ele>562.0</ele>
      </trkpt>
      <trkpt lat="34.94837" lon="-116.6872">
        <ele>562.0</ele>
      </trkpt>
      <trkpt lat="34.94835" lon="-116.68719">
        <ele>562.0</ele>
      </trkpt>
      <trkpt lat="34.9483" lon="-116.68716">
        <ele>562.0</ele>
      </trkpt>
      <trkpt lat="34.94828" lon="-116.68714">
        <ele>562.0</ele>
      </trkpt>
      <trkpt lat="34.94825" lon="-116.68711">
        <ele>562.0</ele>
      </trkpt>
      <trkpt lat="34.94822" lon="-116.68708">
        <ele>562.0</ele>
      </trkpt>
      <trkpt lat="34.94819" lon="-116.68704">
        <ele>562.0</ele>
      </trkpt>
      <trkpt lat="34.94817" lon="-116.68699">
        <ele>562.0</ele>
      </trkpt>
      <trkpt lat="34.94815" lon="-116.68695">
        <ele>562.0</ele>
      </trkpt>
      <trkpt lat="34.94813" lon="-116.68693">
        <ele>562.0</ele>
      </trkpt>
      <trkpt lat="34.94808" lon="-116.6869">
        <ele>562.0</ele>
      </trkpt>
      <trkpt lat="34.94805" lon="-116.68689">
        <ele>561.94</ele>
      </trkpt>
      <trkpt lat="34.94803" lon="-116.68686">
        <ele>561.72</ele>
      </trkpt>
      <trkpt lat="34.94802" lon="-116.68682">
        <ele>561.62</ele>
      </trkpt>
      <trkpt lat="34.94802" lon="-116.68675">
        <ele>561.62</ele>
      </trkpt>
      <trkpt lat="34.94801" lon="-116.68667">
        <ele>561.51</ele>
      </trkpt>
      <trkpt lat="34.94801" lon="-116.68659">
        <ele>561.51</ele>
      </trkpt>
      <trkpt lat="34.94801" lon="-116.68651">
        <ele>561.51</ele>
      </trkpt>
      <trkpt lat="34.94801" lon="-116.68643">
        <ele>561.51</ele>
      </trkpt>
      <trkpt lat="34.948" lon="-116.68635">
        <ele>561.4</ele>
      </trkpt>
      <trkpt lat="34.948" lon="-116.68627">
        <ele>561.57</ele>
      </trkpt>
      <trkpt lat="34.94799" lon="-116.6862">
        <ele>562.0</ele>
      </trkpt>
      <trkpt lat="34.94799" lon="-116.68613">
        <ele>562.0</ele>
      </trkpt>
      <trkpt lat="34.94798" lon="-116.68606">
        <ele>562.0</ele>
      </trkpt>
      <trkpt lat="34.94797" lon="-116.68599">
        <ele>562.0</ele>
      </trkpt>
      <trkpt lat="34.94796" lon="-116.68591">
        <ele>561.97</ele>
      </trkpt>
      <trkpt lat="34.94794" lon="-116.68583">
        <ele>562.0</ele>
      </trkpt>
      <trkpt lat="34.94793" lon="-116.68576">
        <ele>562.0</ele>
      </trkpt>
      <trkpt lat="34.94792" lon="-116.68569">
        <ele>562.0</ele>
      </trkpt>
      <trkpt lat="34.94791" lon="-116.68564">
        <ele>562.0</ele>
      </trkpt>
      <trkpt lat="34.94791" lon="-116.68558">
        <ele>562.0</ele>
      </trkpt>
      <trkpt lat="34.94792" lon="-116.68555">
        <ele>562.0</ele>
      </trkpt>
      <trkpt lat="34.94797" lon="-116.68551">
        <ele>562.0</ele>
      </trkpt>
      <trkpt lat="34.94801" lon="-116.68549">
        <ele>562.0</ele>
      </trkpt>
      <trkpt lat="34.94806" lon="-116.68549">
        <ele>562.0</ele>
      </trkpt>
      <trkpt lat="34.9481" lon="-116.68547">
        <ele>562.0</ele>
      </trkpt>
      <trkpt lat="34.94815" lon="-116.68546">
        <ele>562.02</ele>
      </trkpt>
      <trkpt lat="34.9482" lon="-116.68546">
        <ele>562.56</ele>
      </trkpt>
      <trkpt lat="34.94825" lon="-116.68545">
        <ele>563.0</ele>
      </trkpt>
      <trkpt lat="34.9483" lon="-116.68544">
        <ele>563.0</ele>
      </trkpt>
      <trkpt lat="34.94833" lon="-116.68543">
        <ele>563.0</ele>
      </trkpt>
      <trkpt lat="34.94837" lon="-116.68542">
        <ele>563.0</ele>
      </trkpt>
      <trkpt lat="34.94841" lon="-116.6854">
        <ele>563.0</ele>
      </trkpt>
      <trkpt lat="34.94845" lon="-116.68538">
        <ele>563.0</ele>
      </trkpt>
      <trkpt lat="34.94848" lon="-116.68535">
        <ele>563.0</ele>
      </trkpt>
      <trkpt lat="34.9485" lon="-116.68532">
        <ele>563.0</ele>
      </trkpt>
      <trkpt lat="34.94853" lon="-116.6853">
        <ele>563.0</ele>
      </trkpt>
      <trkpt lat="34.94855" lon="-116.68528">
        <ele>563.0</ele>
      </trkpt>
      <trkpt lat="34.94857" lon="-116.68525">
        <ele>563.17</ele>
      </trkpt>
      <trkpt lat="34.9486" lon="-116.68523">
        <ele>563.45</ele>
      </trkpt>
      <trkpt lat="34.94863" lon="-116.6852">
        <ele>563.87</ele>
      </trkpt>
      <trkpt lat="34.94866" lon="-116.68519">
        <ele>563.98</ele>
      </trkpt>
      <trkpt lat="34.94869" lon="-116.68519">
        <ele>563.99</ele>
      </trkpt>
      <trkpt lat="34.94873" lon="-116.68519">
        <ele>564.0</ele>
      </trkpt>
      <trkpt lat="34.94876" lon="-116.6852">
        <ele>564.0</ele>
      </trkpt>
      <trkpt lat="34.9488" lon="-116.68523">
        <ele>564.0</ele>
      </trkpt>
      <trkpt lat="34.94885" lon="-116.68528">
        <ele>564.0</ele>
      </trkpt>
      <trkpt lat="34.94889" lon="-116.68529">
        <ele>564.0</ele>
      </trkpt>
      <trkpt lat="34.94893" lon="-116.68531">
        <ele>564.0</ele>
      </trkpt>
      <trkpt lat="34.94895" lon="-116.68533">
        <ele>564.0</ele>
      </trkpt>
      <trkpt lat="34.94898" lon="-116.68537">
        <ele>564.0</ele>
      </trkpt>
      <trkpt lat="34.949" lon="-116.68542">
        <ele>564.0</ele>
      </trkpt>
      <trkpt lat="34.94901" lon="-116.68545">
        <ele>564.0</ele>
      </trkpt>
      <trkpt lat="34.94904" lon="-116.68546">
        <ele>564.0</ele>
      </trkpt>
      <trkpt lat="34.94907" lon="-116.68549">
        <ele>564.0</ele>
      </trkpt>
      <trkpt lat="34.94909" lon="-116.68553">
        <ele>564.05</ele>
      </trkpt>
      <trkpt lat="34.9491" lon="-116.68557">
        <ele>564.0</ele>
      </trkpt>
      <trkpt lat="34.94911" lon="-116.68562">
        <ele>564.0</ele>
      </trkpt>
      <trkpt lat="34.94911" lon="-116.68567">
        <ele>564.09</ele>
      </trkpt>
      <trkpt lat="34.94911" lon="-116.68571">
        <ele>564.26</ele>
      </trkpt>
      <trkpt lat="34.94908" lon="-116.68575">
        <ele>564.06</ele>
      </trkpt>
      <trkpt lat="34.94906" lon="-116.68579">
        <ele>564.0</ele>
      </trkpt>
      <trkpt lat="34.94904" lon="-116.68582">
        <ele>564.0</ele>
      </trkpt>
      <trkpt lat="34.94901" lon="-116.68585">
        <ele>564.0</ele>
      </trkpt>
      <trkpt lat="34.94899" lon="-116.68588">
        <ele>564.0</ele>
      </trkpt>
      <trkpt lat="34.94897" lon="-116.68592">
        <ele>564.0</ele>
      </trkpt>
      <trkpt lat="34.94895" lon="-116.68595">
        <ele>564.0</ele>
      </trkpt>
      <trkpt lat="34.94893" lon="-116.68599">
        <ele>564.0</ele>
      </trkpt>
      <trkpt lat="34.94892" lon="-116.68603">
        <ele>564.0</ele>
      </trkpt>
      <trkpt lat="34.94891" lon="-116.68608">
        <ele>564.0</ele>
      </trkpt>
      <trkpt lat="34.9489" lon="-116.68613">
        <ele>564.0</ele>
      </trkpt>
      <trkpt lat="34.9489" lon="-116.68619">
        <ele>564.0</ele>
      </trkpt>
      <trkpt lat="34.94889" lon="-116.68625">
        <ele>564.0</ele>
      </trkpt>
      <trkpt lat="34.94888" lon="-116.68632">
        <ele>564.0</ele>
      </trkpt>
      <trkpt lat="34.94888" lon="-116.68639">
        <ele>564.0</ele>
      </trkpt>
      <trkpt lat="34.94888" lon="-116.68647">
        <ele>564.0</ele>
      </trkpt>
      <trkpt lat="34.94888" lon="-116.68654">
        <ele>564.0</ele>
      </trkpt>
      <trkpt lat="34.94888" lon="-116.68659">
        <ele>563.98</ele>
      </trkpt>
      <trkpt lat="34.94887" lon="-116.68663">
        <ele>563.88</ele>
      </trkpt>
      <trkpt lat="34.94886" lon="-116.68669">
        <ele>563.69</ele>
      </trkpt>
      <trkpt lat="34.94884" lon="-116.68673">
        <ele>563.47</ele>
      </trkpt>
      <trkpt lat="34.94881" lon="-116.68677">
        <ele>563.15</ele>
      </trkpt>
      <trkpt lat="34.94884" lon="-116.68673">
        <ele>563.47</ele>
      </trkpt>
      <trkpt lat="34.94886" lon="-116.68671">
        <ele>563.69</ele>
      </trkpt>
      <trkpt lat="34.94886" lon="-116.68668">
        <ele>563.69</ele>
      </trkpt>
      <trkpt lat="34.94885" lon="-116.68662">
        <ele>563.79</ele>
      </trkpt>
      <trkpt lat="34.94884" lon="-116.68656">
        <ele>564.0</ele>
      </trkpt>
      <trkpt lat="34.94882" lon="-116.68652">
        <ele>564.0</ele>
      </trkpt>
      <trkpt lat="34.94878" lon="-116.68651">
        <ele>563.82</ele>
      </trkpt>
      <trkpt lat="34.94875" lon="-116.68649">
        <ele>563.5</ele>
      </trkpt>
      <trkpt lat="34.9487" lon="-116.68648">
        <ele>563.0</ele>
      </trkpt>
      <trkpt lat="34.94866" lon="-116.68646">
        <ele>563.0</ele>
      </trkpt>
      <trkpt lat="34.94861" lon="-116.68644">
        <ele>563.0</ele>
      </trkpt>
      <trkpt lat="34.94855" lon="-116.68643">
        <ele>563.0</ele>
      </trkpt>
      <trkpt lat="34.94851" lon="-116.68641">
        <ele>563.0</ele>
      </trkpt>
      <trkpt lat="34.94849" lon="-116.68638">
        <ele>563.0</ele>
      </trkpt>
      <trkpt lat="34.94847" lon="-116.68632">
        <ele>563.0</ele>
      </trkpt>
      <trkpt lat="34.94846" lon="-116.68627">
        <ele>563.0</ele>
      </trkpt>
      <trkpt lat="34.94846" lon="-116.6862">
        <ele>563.0</ele>
      </trkpt>
      <trkpt lat="34.94846" lon="-116.68614">
        <ele>563.0</ele>
      </trkpt>
      <trkpt lat="34.94846" lon="-116.68608">
        <ele>563.0</ele>
      </trkpt>
      <trkpt lat="34.94847" lon="-116.68601">
        <ele>563.0</ele>
      </trkpt>
      <trkpt lat="34.94847" lon="-116.68595">
        <ele>563.0</ele>
      </trkpt>
      <trkpt lat="34.94848" lon="-116.6859">
        <ele>563.0</ele>
      </trkpt>
      <trkpt lat="34.94849" lon="-116.68586">
        <ele>563.0</ele>
      </trkpt>
      <trkpt lat="34.94851" lon="-116.68582">
        <ele>563.0</ele>
      </trkpt>
      <trkpt lat="34.94855" lon="-116.68581">
        <ele>563.0</ele>
      </trkpt>
      <trkpt lat="34.9486" lon="-116.68579">
        <ele>563.0</ele>
      </trkpt>
      <trkpt lat="34.94863" lon="-116.68576">
        <ele>563.0</ele>
      </trkpt>
      <trkpt lat="34.94867" lon="-116.68574">
        <ele>563.01</ele>
      </trkpt>
      <trkpt lat="34.94871" lon="-116.68573">
        <ele>563.18</ele>
      </trkpt>
      <trkpt lat="34.94875" lon="-116.68571">
        <ele>563.67</ele>
      </trkpt>
      <trkpt lat="34.94878" lon="-116.6857">
        <ele>563.9</ele>
      </trkpt>
      <trkpt lat="34.94881" lon="-116.68568">
        <ele>564.0</ele>
      </trkpt>
      <trkpt lat="34.94882" lon="-116.68565">
        <ele>564.0</ele>
      </trkpt>
      <trkpt lat="34.94883" lon="-116.68562">
        <ele>564.0</ele>
      </trkpt>
      <trkpt lat="34.94886" lon="-116.68557">
        <ele>564.0</ele>
      </trkpt>
      <trkpt lat="34.9489" lon="-116.68556">
        <ele>564.0</ele>
      </trkpt>
      <trkpt lat="34.94895" lon="-116.68556">
        <ele>564.0</ele>
      </trkpt>
      <trkpt lat="34.94897" lon="-116.68559">
        <ele>564.0</ele>
      </trkpt>
      <trkpt lat="34.94897" lon="-116.68563">
        <ele>564.0</ele>
      </trkpt>
      <trkpt lat="34.94895" lon="-116.68567">
        <ele>564.0</ele>
      </trkpt>
      <trkpt lat="34.94893" lon="-116.68572">
        <ele>564.0</ele>
      </trkpt>
      <trkpt lat="34.94892" lon="-116.68575">
        <ele>564.0</ele>
      </trkpt>
      <trkpt lat="34.94891" lon="-116.68578">
        <ele>564.0</ele>
      </trkpt>
      <trkpt lat="34.94889" lon="-116.68583">
        <ele>564.0</ele>
      </trkpt>
      <trkpt lat="34.94886" lon="-116.6859">
        <ele>564.0</ele>
      </trkpt>
      <trkpt lat="34.94885" lon="-116.68595">
        <ele>564.0</ele>
      </trkpt>
      <trkpt lat="34.94884" lon="-116.68599">
        <ele>564.0</ele>
      </trkpt>
      <trkpt lat="34.94883" lon="-116.68604">
        <ele>564.0</ele>
      </trkpt>
      <trkpt lat="34.94882" lon="-116.68609">
        <ele>564.0</ele>
      </trkpt>
      <trkpt lat="34.94881" lon="-116.68612">
        <ele>564.0</ele>
      </trkpt>
      <trkpt lat="34.9488" lon="-116.68616">
        <ele>564.0</ele>
      </trkpt>
      <trkpt lat="34.94879" lon="-116.68623">
        <ele>563.93</ele>
      </trkpt>
      <trkpt lat="34.94879" lon="-116.68629">
        <ele>563.93</ele>
      </trkpt>
      <trkpt lat="34.94879" lon="-116.68635">
        <ele>563.93</ele>
      </trkpt>
      <trkpt lat="34.94878" lon="-116.68642">
        <ele>563.82</ele>
      </trkpt>
      <trkpt lat="34.94878" lon="-116.68649">
        <ele>563.82</ele>
      </trkpt>
      <trkpt lat="34.94877" lon="-116.68656">
        <ele>563.72</ele>
      </trkpt>
      <trkpt lat="34.94876" lon="-116.68663">
        <ele>563.24</ele>
      </trkpt>
      <trkpt lat="34.94872" lon="-116.6867">
        <ele>563.0</ele>
      </trkpt>
      <trkpt lat="34.94867" lon="-116.68677">
        <ele>563.0</ele>
      </trkpt>
      <trkpt lat="34.94862" lon="-116.68689">
        <ele>563.0</ele>
      </trkpt>
      <trkpt lat="34.94856" lon="-116.68699">
        <ele>562.73</ele>
      </trkpt>
      <trkpt lat="34.9485" lon="-116.68706">
        <ele>562.0</ele>
      </trkpt>
      <trkpt lat="34.94844" lon="-116.68707">
        <ele>562.0</ele>
      </trkpt>
      <trkpt lat="34.94837" lon="-116.68707">
        <ele>562.0</ele>
      </trkpt>
      <trkpt lat="34.94832" lon="-116.68706">
        <ele>562.0</ele>
      </trkpt>
      <trkpt lat="34.94826" lon="-116.687">
        <ele>562.0</ele>
      </trkpt>
      <trkpt lat="34.94822" lon="-116.68691">
        <ele>562.0</ele>
      </trkpt>
      <trkpt lat="34.9482" lon="-116.6868">
        <ele>562.0</ele>
      </trkpt>
      <trkpt lat="34.94819" lon="-116.68666">
        <ele>562.0</ele>
      </trkpt>
      <trkpt lat="34.94818" lon="-116.68651">
        <ele>562.0</ele>
      </trkpt>
      <trkpt lat="34.94817" lon="-116.68638">
        <ele>562.0</ele>
      </trkpt>
      <trkpt lat="34.94815" lon="-116.68625">
        <ele>562.0</ele>
      </trkpt>
      <trkpt lat="34.94812" lon="-116.68613">
        <ele>562.0</ele>
      </trkpt>
      <trkpt lat="34.94808" lon="-116.686">
        <ele>562.0</ele>
      </trkpt>
      <trkpt lat="34.94806" lon="-116.6859">
        <ele>562.0</ele>
      </trkpt>
      <trkpt lat="34.94806" lon="-116.68581">
        <ele>562.0</ele>
      </trkpt>
      <trkpt lat="34.94807" lon="-116.68575">
        <ele>562.0</ele>
      </trkpt>
      <trkpt lat="34.94808" lon="-116.68569">
        <ele>562.0</ele>
      </trkpt>
      <trkpt lat="34.94813" lon="-116.68565">
        <ele>562.0</ele>
      </trkpt>
      <trkpt lat="34.9482" lon="-116.68563">
        <ele>562.0</ele>
      </trkpt>
      <trkpt lat="34.94828" lon="-116.6856">
        <ele>562.42</ele>
      </trkpt>
      <trkpt lat="34.94835" lon="-116.68558">
        <ele>563.0</ele>
      </trkpt>
      <trkpt lat="34.9484" lon="-116.68557">
        <ele>563.0</ele>
      </trkpt>
      <trkpt lat="34.94844" lon="-116.68556">
        <ele>563.0</ele>
      </trkpt>
      <trkpt lat="34.94848" lon="-116.68556">
        <ele>563.0</ele>
      </trkpt>
      <trkpt lat="34.94851" lon="-116.68555">
        <ele>563.0</ele>
      </trkpt>
      <trkpt lat="34.94854" lon="-116.68555">
        <ele>563.0</ele>
      </trkpt>
      <trkpt lat="34.94858" lon="-116.68554">
        <ele>563.0</ele>
      </trkpt>
      <trkpt lat="34.94864" lon="-116.68553">
        <ele>563.31</ele>
      </trkpt>
      <trkpt lat="34.94869" lon="-116.68553">
        <ele>563.85</ele>
      </trkpt>
      <trkpt lat="34.94877" lon="-116.68553">
        <ele>564.0</ele>
      </trkpt>
      <trkpt lat="34.94886" lon="-116.68553">
        <ele>564.0</ele>
      </trkpt>
      <trkpt lat="34.94892" lon="-116.68554">
        <ele>564.0</ele>
      </trkpt>
      <trkpt lat="34.94894" lon="-116.68556">
        <ele>564.0</ele>
      </trkpt>
      <trkpt lat="34.94894" lon="-116.6856">
        <ele>564.0</ele>
      </trkpt>
      <trkpt lat="34.94895" lon="-116.68565">
        <ele>564.0</ele>
      </trkpt>
      <trkpt lat="34.94895" lon="-116.68561">
        <ele>564.0</ele>
      </trkpt>
      <trkpt lat="34.94895" lon="-116.68557">
        <ele>564.0</ele>
      </trkpt>
      <trkpt lat="34.94893" lon="-116.68556">
        <ele>564.0</ele>
      </trkpt>
      <trkpt lat="34.94888" lon="-116.68557">
        <ele>564.0</ele>
      </trkpt>
      <trkpt lat="34.94885" lon="-116.68558">
        <ele>564.0</ele>
      </trkpt>
      <trkpt lat="34.94881" lon="-116.68563">
        <ele>564.0</ele>
      </trkpt>
      <trkpt lat="34.94878" lon="-116.68568">
        <ele>563.94</ele>
      </trkpt>
      <trkpt lat="34.94874" lon="-116.68572">
        <ele>563.53</ele>
      </trkpt>
      <trkpt lat="34.94868" lon="-116.68575">
        <ele>563.0</ele>
      </trkpt>
      <trkpt lat="34.94862" lon="-116.68576">
        <ele>563.0</ele>
      </trkpt>
      <trkpt lat="34.94855" lon="-116.68577">
        <ele>563.0</ele>
      </trkpt>
      <trkpt lat="34.94848" lon="-116.68578">
        <ele>563.0</ele>
      </trkpt>
      <trkpt lat="34.94842" lon="-116.68579">
        <ele>563.0</ele>
      </trkpt>
      <trkpt lat="34.94841" lon="-116.68582">
        <ele>563.0</ele>
      </trkpt>
      <trkpt lat="34.94841" lon="-116.68587">
        <ele>563.0</ele>
      </trkpt>
      <trkpt lat="34.94842" lon="-116.68594">
        <ele>562.99</ele>
      </trkpt>
      <trkpt lat="34.94844" lon="-116.68601">
        <ele>563.0</ele>
      </trkpt>
      <trkpt lat="34.94846" lon="-116.68609">
        <ele>563.0</ele>
      </trkpt>
      <trkpt lat="34.94847" lon="-116.68618">
        <ele>563.0</ele>
      </trkpt>
      <trkpt lat="34.94848" lon="-116.68625">
        <ele>563.0</ele>
      </trkpt>
      <trkpt lat="34.94849" lon="-116.68633">
        <ele>563.0</ele>
      </trkpt>
      <trkpt lat="34.94849" lon="-116.68639">
        <ele>563.0</ele>
      </trkpt>
      <trkpt lat="34.94851" lon="-116.68644">
        <ele>563.0</ele>
      </trkpt>
      <trkpt lat="34.94855" lon="-116.68646">
        <ele>563.0</ele>
      </trkpt>
      <trkpt lat="34.94859" lon="-116.68647">
        <ele>563.0</ele>
      </trkpt>
      <trkpt lat="34.94864" lon="-116.68648">
        <ele>563.0</ele>
      </trkpt>
      <trkpt lat="34.94869" lon="-116.6865">
        <ele>563.0</ele>
      </trkpt>
      <trkpt lat="34.94874" lon="-116.68653">
        <ele>563.39</ele>
      </trkpt>
      <trkpt lat="34.94879" lon="-116.68655">
        <ele>563.93</ele>
      </trkpt>
      <trkpt lat="34.94885" lon="-116.68656">
        <ele>564.0</ele>
      </trkpt>
      <trkpt lat="34.94893" lon="-116.68656">
        <ele>564.0</ele>
      </trkpt>
      <trkpt lat="34.94903" lon="-116.68656">
        <ele>564.0</ele>
      </trkpt>
      <trkpt lat="34.94915" lon="-116.68656">
        <ele>564.7</ele>
      </trkpt>
      <trkpt lat="34.94926" lon="-116.68653">
        <ele>566.02</ele>
      </trkpt>
      <trkpt lat="34.94936" lon="-116.68653">
        <ele>568.74</ele>
      </trkpt>
      <trkpt lat="34.94943" lon="-116.68653">
        <ele>570.61</ele>
      </trkpt>
      <trkpt lat="34.94948" lon="-116.68652">
        <ele>570.62</ele>
      </trkpt>
      <trkpt lat="34.94953" lon="-116.68652">
        <ele>570.08</ele>
      </trkpt>
      <trkpt lat="34.94957" lon="-116.68652">
        <ele>569.29</ele>
      </trkpt>
      <trkpt lat="34.94961" lon="-116.68651">
        <ele>568.42</ele>
      </trkpt>
      <trkpt lat="34.94963" lon="-116.68649">
        <ele>568.0</ele>
      </trkpt>
      <trkpt lat="34.94965" lon="-116.68643">
        <ele>567.78</ele>
      </trkpt>
      <trkpt lat="34.94966" lon="-116.68633">
        <ele>567.67</ele>
      </trkpt>
      <trkpt lat="34.94966" lon="-116.68622">
        <ele>567.67</ele>
      </trkpt>
      <trkpt lat="34.94966" lon="-116.68616">
        <ele>567.35</ele>
      </trkpt>
      <trkpt lat="34.94965" lon="-116.68613">
        <ele>567.16</ele>
      </trkpt>
      <trkpt lat="34.94964" lon="-116.68612">
        <ele>567.09</ele>
      </trkpt>
      <trkpt lat="34.94965" lon="-116.68615">
        <ele>567.33</ele>
      </trkpt>
      <trkpt lat="34.94963" lon="-116.68619">
        <ele>567.85</ele>
      </trkpt>
      <trkpt lat="34.94962" lon="-116.68622">
        <ele>568.0</ele>
      </trkpt>
      <trkpt lat="34.94962" lon="-116.68626">
        <ele>568.0</ele>
      </trkpt>
      <trkpt lat="34.94962" lon="-116.68629">
        <ele>568.0</ele>
      </trkpt>
      <trkpt lat="34.94962" lon="-116.68633">
        <ele>568.04</ele>
      </trkpt>
      <trkpt lat="34.94963" lon="-116.68636">
        <ele>568.0</ele>
      </trkpt>
      <trkpt lat="34.94964" lon="-116.68642">
        <ele>567.89</ele>
      </trkpt>
      <trkpt lat="34.94965" lon="-116.68646">
        <ele>567.78</ele>
      </trkpt>
      <trkpt lat="34.94962" lon="-116.68648">
        <ele>568.21</ele>
      </trkpt>
      <trkpt lat="34.94959" lon="-116.6865">
        <ele>568.86</ele>
      </trkpt>
      <trkpt lat="34.94955" lon="-116.68652">
        <ele>569.72</ele>
      </trkpt>
      <trkpt lat="34.9495" lon="-116.68653">
        <ele>570.4</ele>
      </trkpt>
      <trkpt lat="34.94947" lon="-116.68653">
        <ele>570.72</ele>
      </trkpt>
      <trkpt lat="34.94943" lon="-116.68653">
        <ele>570.61</ele>
      </trkpt>
      <trkpt lat="34.94938" lon="-116.68652">
        <ele>569.2</ele>
      </trkpt>
      <trkpt lat="34.94934" lon="-116.68652">
        <ele>568.11</ele>
      </trkpt>
      <trkpt lat="34.94929" lon="-116.68652">
        <ele>566.8</ele>
      </trkpt>
      <trkpt lat="34.94924" lon="-116.68652">
        <ele>565.67</ele>
      </trkpt>
      <trkpt lat="34.94918" lon="-116.68653">
        <ele>564.74</ele>
      </trkpt>
      <trkpt lat="34.94912" lon="-116.68654">
        <ele>564.31</ele>
      </trkpt>
      <trkpt lat="34.94905" lon="-116.68654">
        <ele>564.0</ele>
      </trkpt>
      <trkpt lat="34.949" lon="-116.68654">
        <ele>564.0</ele>
      </trkpt>
      <trkpt lat="34.94895" lon="-116.68653">
        <ele>564.0</ele>
      </trkpt>
      <trkpt lat="34.94892" lon="-116.68651">
        <ele>564.0</ele>
      </trkpt>
      <trkpt lat="34.94889" lon="-116.68648">
        <ele>564.0</ele>
      </trkpt>
      <trkpt lat="34.94888" lon="-116.68643">
        <ele>564.0</ele>
      </trkpt>
      <trkpt lat="34.94888" lon="-116.68637">
        <ele>564.0</ele>
      </trkpt>
      <trkpt lat="34.94888" lon="-116.68629">
        <ele>564.0</ele>
      </trkpt>
      <trkpt lat="34.9489" lon="-116.6862">
        <ele>564.0</ele>
      </trkpt>
      <trkpt lat="34.94892" lon="-116.6861">
        <ele>564.0</ele>
      </trkpt>
      <trkpt lat="34.94894" lon="-116.68599">
        <ele>564.0</ele>
      </trkpt>
      <trkpt lat="34.94897" lon="-116.6859">
        <ele>564.0</ele>
      </trkpt>
      <trkpt lat="34.94902" lon="-116.68582">
        <ele>564.0</ele>
      </trkpt>
      <trkpt lat="34.94905" lon="-116.68573">
        <ele>564.0</ele>
      </trkpt>
      <trkpt lat="34.94906" lon="-116.68564">
        <ele>564.0</ele>
      </trkpt>
      <trkpt lat="34.94906" lon="-116.68554">
        <ele>564.0</ele>
      </trkpt>
      <trkpt lat="34.94905" lon="-116.68545">
        <ele>564.0</ele>
      </trkpt>
      <trkpt lat="34.94902" lon="-116.68535">
        <ele>564.09</ele>
      </trkpt>
      <trkpt lat="34.94901" lon="-116.68527">
        <ele>564.31</ele>
      </trkpt>
      <trkpt lat="34.949" lon="-116.68522">
        <ele>564.2</ele>
      </trkpt>
      <trkpt lat="34.949" lon="-116.68519">
        <ele>564.2</ele>
      </trkpt>
      <trkpt lat="34.94902" lon="-116.68514">
        <ele>564.42</ele>
      </trkpt>
      <trkpt lat="34.94902" lon="-116.6851">
        <ele>564.42</ele>
      </trkpt>
      <trkpt lat="34.94902" lon="-116.68506">
        <ele>564.62</ele>
      </trkpt>
      <trkpt lat="34.94902" lon="-116.685">
        <ele>565.0</ele>
      </trkpt>
      <trkpt lat="34.949" lon="-116.68495">
        <ele>565.0</ele>
      </trkpt>
      <trkpt lat="34.94899" lon="-116.68491">
        <ele>565.0</ele>
      </trkpt>
      <trkpt lat="34.94896" lon="-116.68489">
        <ele>564.77</ele>
      </trkpt>
      <trkpt lat="34.94892" lon="-116.68489">
        <ele>564.34</ele>
      </trkpt>
      <trkpt lat="34.94889" lon="-116.68489">
        <ele>564.01</ele>
      </trkpt>
      <trkpt lat="34.94885" lon="-116.6849">
        <ele>564.0</ele>
      </trkpt>
      <trkpt lat="34.94882" lon="-116.68492">
        <ele>564.0</ele>
      </trkpt>
      <trkpt lat="34.94879" lon="-116.68495">
        <ele>564.0</ele>
      </trkpt>
      <trkpt lat="34.94877" lon="-116.68498">
        <ele>564.0</ele>
      </trkpt>
      <trkpt lat="34.94873" lon="-116.68502">
        <ele>564.0</ele>
      </trkpt>
      <trkpt lat="34.94871" lon="-116.68506">
        <ele>564.0</ele>
      </trkpt>
      <trkpt lat="34.94871" lon="-116.68511">
        <ele>564.0</ele>
      </trkpt>
      <trkpt lat="34.94871" lon="-116.68516">
        <ele>564.0</ele>
      </trkpt>
      <trkpt lat="34.94873" lon="-116.6852">
        <ele>564.0</ele>
      </trkpt>
      <trkpt lat="34.94874" lon="-116.68522">
        <ele>564.0</ele>
      </trkpt>
      <trkpt lat="34.94879" lon="-116.68524">
        <ele>564.0</ele>
      </trkpt>
      <trkpt lat="34.94882" lon="-116.68525">
        <ele>564.0</ele>
      </trkpt>
      <trkpt lat="34.94887" lon="-116.68526">
        <ele>564.0</ele>
      </trkpt>
      <trkpt lat="34.94891" lon="-116.68527">
        <ele>564.0</ele>
      </trkpt>
      <trkpt lat="34.94896" lon="-116.68531">
        <ele>564.0</ele>
      </trkpt>
      <trkpt lat="34.94901" lon="-116.68535">
        <ele>564.07</ele>
      </trkpt>
      <trkpt lat="34.94904" lon="-116.68542">
        <ele>564.0</ele>
      </trkpt>
      <trkpt lat="34.94905" lon="-116.6855">
        <ele>564.0</ele>
      </trkpt>
      <trkpt lat="34.94905" lon="-116.68561">
        <ele>564.0</ele>
      </trkpt>
      <trkpt lat="34.94904" lon="-116.68571">
        <ele>564.0</ele>
      </trkpt>
      <trkpt lat="34.949" lon="-116.68581">
        <ele>564.0</ele>
      </trkpt>
      <trkpt lat="34.94895" lon="-116.68592">
        <ele>564.0</ele>
      </trkpt>
      <trkpt lat="34.94892" lon="-116.68604">
        <ele>564.0</ele>
      </trkpt>
      <trkpt lat="34.94889" lon="-116.68616">
        <ele>564.0</ele>
      </trkpt>
      <trkpt lat="34.94888" lon="-116.68627">
        <ele>564.0</ele>
      </trkpt>
      <trkpt lat="34.94887" lon="-116.68639">
        <ele>564.0</ele>
      </trkpt>
      <trkpt lat="34.94886" lon="-116.6865">
        <ele>564.0</ele>
      </trkpt>
      <trkpt lat="34.94885" lon="-116.6866">
        <ele>563.88</ele>
      </trkpt>
      <trkpt lat="34.94883" lon="-116.6867">
        <ele>563.36</ele>
      </trkpt>
      <trkpt lat="34.94877" lon="-116.68681">
        <ele>563.0</ele>
      </trkpt>
      <trkpt lat="34.9487" lon="-116.68689">
        <ele>563.0</ele>
      </trkpt>
      <trkpt lat="34.94865" lon="-116.68698">
        <ele>563.0</ele>
      </trkpt>
      <trkpt lat="34.94861" lon="-116.68707">
        <ele>562.64</ele>
      </trkpt>
      <trkpt lat="34.94859" lon="-116.68714">
        <ele>562.0</ele>
      </trkpt>
      <trkpt lat="34.94856" lon="-116.68721">
        <ele>562.0</ele>
      </trkpt>
      <trkpt lat="34.94855" lon="-116.68727">
        <ele>562.0</ele>
      </trkpt>
      <trkpt lat="34.94853" lon="-116.68732">
        <ele>562.0</ele>
      </trkpt>
      <trkpt lat="34.94847" lon="-116.68737">
        <ele>562.0</ele>
      </trkpt>
      <trkpt lat="34.94837" lon="-116.68741">
        <ele>561.97</ele>
      </trkpt>
      <trkpt lat="34.94828" lon="-116.68744">
        <ele>561.65</ele>
      </trkpt>
      <trkpt lat="34.94818" lon="-116.68752">
        <ele>561.0</ele>
      </trkpt>
      <trkpt lat="34.94813" lon="-116.68762">
        <ele>561.0</ele>
      </trkpt>
      <trkpt lat="34.9481" lon="-116.68775">
        <ele>561.0</ele>
      </trkpt>
      <trkpt lat="34.9481" lon="-116.68791">
        <ele>561.0</ele>
      </trkpt>
      <trkpt lat="34.9481" lon="-116.68808">
        <ele>561.0</ele>
      </trkpt>
      <trkpt lat="34.9481" lon="-116.68827">
        <ele>561.0</ele>
      </trkpt>
      <trkpt lat="34.9481" lon="-116.68848">
        <ele>560.42</ele>
      </trkpt>
      <trkpt lat="34.94811" lon="-116.6887">
        <ele>560.0</ele>
      </trkpt>
      <trkpt lat="34.94812" lon="-116.68892">
        <ele>560.0</ele>
      </trkpt>
      <trkpt lat="34.94812" lon="-116.68913">
        <ele>560.0</ele>
      </trkpt>
      <trkpt lat="34.94812" lon="-116.68932">
        <ele>560.0</ele>
      </trkpt>
      <trkpt lat="34.94811" lon="-116.6895">
        <ele>560.0</ele>
      </trkpt>
      <trkpt lat="34.94804" lon="-116.68963">
        <ele>560.0</ele>
      </trkpt>
      <trkpt lat="34.94794" lon="-116.68972">
        <ele>560.0</ele>
      </trkpt>
      <trkpt lat="34.94781" lon="-116.68981">
        <ele>560.65</ele>
      </trkpt>
      <trkpt lat="34.94766" lon="-116.68989">
        <ele>561.0</ele>
      </trkpt>
      <trkpt lat="34.94751" lon="-116.68996">
        <ele>561.0</ele>
      </trkpt>
      <trkpt lat="34.94734" lon="-116.69005">
        <ele>561.0</ele>
      </trkpt>
      <trkpt lat="34.94718" lon="-116.69014">
        <ele>561.0</ele>
      </trkpt>
      <trkpt lat="34.94701" lon="-116.69023">
        <ele>561.0</ele>
      </trkpt>
      <trkpt lat="34.94684" lon="-116.69032">
        <ele>561.0</ele>
      </trkpt>
      <trkpt lat="34.94667" lon="-116.69041">
        <ele>561.0</ele>
      </trkpt>
      <trkpt lat="34.94652" lon="-116.69049">
        <ele>561.0</ele>
      </trkpt>
      <trkpt lat="34.94636" lon="-116.69057">
        <ele>561.0</ele>
      </trkpt>
      <trkpt lat="34.94622" lon="-116.69066">
        <ele>561.0</ele>
      </trkpt>
      <trkpt lat="34.94608" lon="-116.69074">
        <ele>561.0</ele>
      </trkpt>
      <trkpt lat="34.94596" lon="-116.69084">
        <ele>561.0</ele>
      </trkpt>
      <trkpt lat="34.94586" lon="-116.69094">
        <ele>561.0</ele>
      </trkpt>
      <trkpt lat="34.9458" lon="-116.69105">
        <ele>561.0</ele>
      </trkpt>
      <trkpt lat="34.94575" lon="-116.69117">
        <ele>561.0</ele>
      </trkpt>
      <trkpt lat="34.94573" lon="-116.69129">
        <ele>561.0</ele>
      </trkpt>
      <trkpt lat="34.94571" lon="-116.69141">
        <ele>561.0</ele>
      </trkpt>
      <trkpt lat="34.9457" lon="-116.69154">
        <ele>561.0</ele>
      </trkpt>
      <trkpt lat="34.9457" lon="-116.69167">
        <ele>561.0</ele>
      </trkpt>
      <trkpt lat="34.94569" lon="-116.69178">
        <ele>561.0</ele>
      </trkpt>
      <trkpt lat="34.94569" lon="-116.69188">
        <ele>561.0</ele>
      </trkpt>
      <trkpt lat="34.94568" lon="-116.69195">
        <ele>561.0</ele>
      </trkpt>
      <trkpt lat="34.94567" lon="-116.692">
        <ele>561.0</ele>
      </trkpt>
      <trkpt lat="34.94567" lon="-116.69204">
        <ele>561.0</ele>
      </trkpt>
      <trkpt lat="34.94565" lon="-116.69208">
        <ele>561.0</ele>
      </trkpt>
      <trkpt lat="34.94562" lon="-116.69214">
        <ele>561.0</ele>
      </trkpt>
      <trkpt lat="34.94559" lon="-116.69219">
        <ele>561.0</ele>
      </trkpt>
      <trkpt lat="34.94555" lon="-116.69225">
        <ele>561.0</ele>
      </trkpt>
      <trkpt lat="34.94549" lon="-116.6923">
        <ele>561.0</ele>
      </trkpt>
      <trkpt lat="34.94542" lon="-116.69237">
        <ele>561.0</ele>
      </trkpt>
      <trkpt lat="34.94534" lon="-116.69246">
        <ele>561.0</ele>
      </trkpt>
      <trkpt lat="34.94525" lon="-116.69255">
        <ele>561.0</ele>
      </trkpt>
      <trkpt lat="34.94516" lon="-116.69266">
        <ele>561.0</ele>
      </trkpt>
      <trkpt lat="34.94506" lon="-116.69275">
        <ele>561.0</ele>
      </trkpt>
      <trkpt lat="34.94497" lon="-116.69285">
        <ele>561.0</ele>
      </trkpt>
      <trkpt lat="34.94489" lon="-116.69293">
        <ele>561.0</ele>
      </trkpt>
      <trkpt lat="34.94482" lon="-116.69301">
        <ele>561.0</ele>
      </trkpt>
      <trkpt lat="34.94474" lon="-116.69308">
        <ele>561.0</ele>
      </trkpt>
      <trkpt lat="34.94468" lon="-116.69313">
        <ele>561.0</ele>
      </trkpt>
      <trkpt lat="34.94462" lon="-116.69315">
        <ele>561.0</ele>
      </trkpt>
      <trkpt lat="34.94457" lon="-116.69316">
        <ele>561.08</ele>
      </trkpt>
      <trkpt lat="34.94453" lon="-116.69317">
        <ele>561.29</ele>
      </trkpt>
      <trkpt lat="34.9445" lon="-116.69318">
        <ele>561.61</ele>
      </trkpt>
      <trkpt lat="34.94448" lon="-116.69321">
        <ele>561.87</ele>
      </trkpt>
      <trkpt lat="34.94447" lon="-116.69326">
        <ele>562.0</ele>
      </trkpt>
      <trkpt lat="34.94447" lon="-116.69333">
        <ele>562.0</ele>
      </trkpt>
      <trkpt lat="34.94447" lon="-116.69341">
        <ele>562.0</ele>
      </trkpt>
      <trkpt lat="34.94447" lon="-116.69352">
        <ele>562.0</ele>
      </trkpt>
      <trkpt lat="34.94447" lon="-116.69365">
        <ele>562.0</ele>
      </trkpt>
      <trkpt lat="34.94448" lon="-116.69379">
        <ele>562.0</ele>
      </trkpt>
      <trkpt lat="34.94448" lon="-116.69395">
        <ele>562.0</ele>
      </trkpt>
      <trkpt lat="34.94448" lon="-116.69413">
        <ele>562.0</ele>
      </trkpt>
      <trkpt lat="34.94448" lon="-116.69432">
        <ele>562.0</ele>
      </trkpt>
      <trkpt lat="34.94448" lon="-116.69451">
        <ele>562.0</ele>
      </trkpt>
      <trkpt lat="34.94448" lon="-116.69471">
        <ele>562.0</ele>
      </trkpt>
      <trkpt lat="34.94449" lon="-116.69491">
        <ele>562.0</ele>
      </trkpt>
      <trkpt lat="34.94449" lon="-116.69512">
        <ele>562.0</ele>
      </trkpt>
      <trkpt lat="34.94449" lon="-116.69533">
        <ele>562.0</ele>
      </trkpt>
      <trkpt lat="34.94449" lon="-116.69555">
        <ele>562.0</ele>
      </trkpt>
      <trkpt lat="34.94449" lon="-116.69578">
        <ele>562.0</ele>
      </trkpt>
      <trkpt lat="34.94449" lon="-116.69601">
        <ele>562.0</ele>
      </trkpt>
      <trkpt lat="34.94449" lon="-116.69623">
        <ele>562.0</ele>
      </trkpt>
      <trkpt lat="34.94449" lon="-116.69645">
        <ele>562.0</ele>
      </trkpt>
      <trkpt lat="34.94449" lon="-116.69666">
        <ele>562.0</ele>
      </trkpt>
      <trkpt lat="34.94449" lon="-116.69687">
        <ele>562.0</ele>
      </trkpt>
      <trkpt lat="34.94449" lon="-116.69707">
        <ele>562.0</ele>
      </trkpt>
      <trkpt lat="34.9445" lon="-116.69725">
        <ele>562.0</ele>
      </trkpt>
      <trkpt lat="34.9445" lon="-116.69743">
        <ele>562.0</ele>
      </trkpt>
      <trkpt lat="34.94451" lon="-116.69763">
        <ele>562.0</ele>
      </trkpt>
      <trkpt lat="34.94451" lon="-116.69782">
        <ele>562.0</ele>
      </trkpt>
      <trkpt lat="34.94451" lon="-116.69803">
        <ele>561.49</ele>
      </trkpt>
      <trkpt lat="34.94451" lon="-116.69825">
        <ele>561.0</ele>
      </trkpt>
      <trkpt lat="34.94452" lon="-116.69846">
        <ele>561.0</ele>
      </trkpt>
      <trkpt lat="34.94452" lon="-116.6987">
        <ele>561.0</ele>
      </trkpt>
      <trkpt lat="34.94452" lon="-116.69893">
        <ele>561.0</ele>
      </trkpt>
      <trkpt lat="34.94453" lon="-116.69915">
        <ele>561.0</ele>
      </trkpt>
      <trkpt lat="34.94453" lon="-116.69938">
        <ele>561.0</ele>
      </trkpt>
      <trkpt lat="34.94453" lon="-116.69962">
        <ele>561.0</ele>
      </trkpt>
      <trkpt lat="34.94453" lon="-116.69985">
        <ele>561.0</ele>
      </trkpt>
      <trkpt lat="34.94454" lon="-116.70008">
        <ele>561.0</ele>
      </trkpt>
      <trkpt lat="34.94454" lon="-116.70028">
        <ele>561.0</ele>
      </trkpt>
      <trkpt lat="34.94455" lon="-116.70047">
        <ele>561.0</ele>
      </trkpt>
      <trkpt lat="34.94455" lon="-116.70064">
        <ele>561.0</ele>
      </trkpt>
      <trkpt lat="34.94455" lon="-116.70081">
        <ele>561.0</ele>
      </trkpt>
      <trkpt lat="34.94456" lon="-116.70096">
        <ele>561.0</ele>
      </trkpt>
      <trkpt lat="34.94456" lon="-116.70109">
        <ele>561.0</ele>
      </trkpt>
      <trkpt lat="34.94457" lon="-116.70122">
        <ele>561.0</ele>
      </trkpt>
      <trkpt lat="34.94457" lon="-116.70132">
        <ele>561.0</ele>
      </trkpt>
      <trkpt lat="34.94458" lon="-116.70143">
        <ele>561.0</ele>
      </trkpt>
      <trkpt lat="34.94458" lon="-116.70152">
        <ele>561.0</ele>
      </trkpt>
      <trkpt lat="34.94458" lon="-116.7016">
        <ele>561.0</ele>
      </trkpt>
      <trkpt lat="34.94459" lon="-116.70167">
        <ele>561.0</ele>
      </trkpt>
      <trkpt lat="34.94459" lon="-116.70172">
        <ele>561.0</ele>
      </trkpt>
      <trkpt lat="34.94459" lon="-116.70177">
        <ele>561.0</ele>
      </trkpt>
      <trkpt lat="34.94459" lon="-116.70182">
        <ele>561.0</ele>
      </trkpt>
      <trkpt lat="34.94458" lon="-116.70188">
        <ele>561.0</ele>
      </trkpt>
      <trkpt lat="34.94458" lon="-116.70192">
        <ele>561.0</ele>
      </trkpt>
      <trkpt lat="34.94458" lon="-116.70196">
        <ele>561.0</ele>
      </trkpt>
      <trkpt lat="34.94458" lon="-116.702">
        <ele>561.0</ele>
      </trkpt>
      <trkpt lat="34.94459" lon="-116.70204">
        <ele>561.01</ele>
      </trkpt>
      <trkpt lat="34.94459" lon="-116.70209">
        <ele>561.24</ele>
      </trkpt>
      <trkpt lat="34.9446" lon="-116.70216">
        <ele>561.54</ele>
      </trkpt>
      <trkpt lat="34.9446" lon="-116.70226">
        <ele>562.0</ele>
      </trkpt>
      <trkpt lat="34.9446" lon="-116.70239">
        <ele>562.0</ele>
      </trkpt>
      <trkpt lat="34.9446" lon="-116.70253">
        <ele>562.0</ele>
      </trkpt>
      <trkpt lat="34.9446" lon="-116.7027">
        <ele>562.0</ele>
      </trkpt>
      <trkpt lat="34.9446" lon="-116.70287">
        <ele>562.0</ele>
      </trkpt>
      <trkpt lat="34.9446" lon="-116.70305">
        <ele>562.0</ele>
      </trkpt>
      <trkpt lat="34.94461" lon="-116.70326">
        <ele>562.0</ele>
      </trkpt>
      <trkpt lat="34.94461" lon="-116.70347">
        <ele>562.0</ele>
      </trkpt>
      <trkpt lat="34.94461" lon="-116.70367">
        <ele>562.0</ele>
      </trkpt>
      <trkpt lat="34.94461" lon="-116.70388">
        <ele>562.0</ele>
      </trkpt>
      <trkpt lat="34.94461" lon="-116.70408">
        <ele>562.0</ele>
      </trkpt>
      <trkpt lat="34.94461" lon="-116.70427">
        <ele>562.0</ele>
      </trkpt>
      <trkpt lat="34.94461" lon="-116.70444">
        <ele>562.0</ele>
      </trkpt>
      <trkpt lat="34.94461" lon="-116.70458">
        <ele>562.0</ele>
      </trkpt>
      <trkpt lat="34.94461" lon="-116.7047">
        <ele>562.0</ele>
      </trkpt>
      <trkpt lat="34.94461" lon="-116.70479">
        <ele>562.0</ele>
      </trkpt>
      <trkpt lat="34.94462" lon="-116.70487">
        <ele>562.0</ele>
      </trkpt>
      <trkpt lat="34.94462" lon="-116.70494">
        <ele>562.0</ele>
      </trkpt>
      <trkpt lat="34.94462" lon="-116.705">
        <ele>562.0</ele>
      </trkpt>
      <trkpt lat="34.94462" lon="-116.70507">
        <ele>562.0</ele>
      </trkpt>
      <trkpt lat="34.94462" lon="-116.70515">
        <ele>562.0</ele>
      </trkpt>
      <trkpt lat="34.94461" lon="-116.70523">
        <ele>562.0</ele>
      </trkpt>
      <trkpt lat="34.94461" lon="-116.70534">
        <ele>562.0</ele>
      </trkpt>
      <trkpt lat="34.9446" lon="-116.70545">
        <ele>562.0</ele>
      </trkpt>
      <trkpt lat="34.94458" lon="-116.70554">
        <ele>562.0</ele>
      </trkpt>
      <trkpt lat="34.94454" lon="-116.70562">
        <ele>562.0</ele>
      </trkpt>
      <trkpt lat="34.94447" lon="-116.70569">
        <ele>562.0</ele>
      </trkpt>
      <trkpt lat="34.94439" lon="-116.70575">
        <ele>562.0</ele>
      </trkpt>
      <trkpt lat="34.9443" lon="-116.70582">
        <ele>562.0</ele>
      </trkpt>
      <trkpt lat="34.9442" lon="-116.7059">
        <ele>562.0</ele>
      </trkpt>
      <trkpt lat="34.9441" lon="-116.70599">
        <ele>562.0</ele>
      </trkpt>
      <trkpt lat="34.94398" lon="-116.70609">
        <ele>563.0</ele>
      </trkpt>
      <trkpt lat="34.94386" lon="-116.70618">
        <ele>563.0</ele>
      </trkpt>
      <trkpt lat="34.94373" lon="-116.70627">
        <ele>563.0</ele>
      </trkpt>
      <trkpt lat="34.94359" lon="-116.70636">
        <ele>563.0</ele>
      </trkpt>
      <trkpt lat="34.94344" lon="-116.70646">
        <ele>563.0</ele>
      </trkpt>
      <trkpt lat="34.9433" lon="-116.70656">
        <ele>563.0</ele>
      </trkpt>
      <trkpt lat="34.94316" lon="-116.70666">
        <ele>563.0</ele>
      </trkpt>
      <trkpt lat="34.943" lon="-116.70677">
        <ele>563.0</ele>
      </trkpt>
      <trkpt lat="34.94284" lon="-116.70688">
        <ele>563.1</ele>
      </trkpt>
      <trkpt lat="34.9427" lon="-116.70699">
        <ele>564.0</ele>
      </trkpt>
      <trkpt lat="34.94256" lon="-116.70712">
        <ele>564.0</ele>
      </trkpt>
      <trkpt lat="34.94243" lon="-116.70725">
        <ele>564.0</ele>
      </trkpt>
      <trkpt lat="34.94229" lon="-116.70737">
        <ele>564.0</ele>
      </trkpt>
      <trkpt lat="34.94213" lon="-116.70748">
        <ele>564.0</ele>
      </trkpt>
      <trkpt lat="34.94198" lon="-116.70761">
        <ele>564.0</ele>
      </trkpt>
      <trkpt lat="34.94182" lon="-116.70772">
        <ele>564.0</ele>
      </trkpt>
      <trkpt lat="34.94167" lon="-116.70784">
        <ele>564.0</ele>
      </trkpt>
      <trkpt lat="34.94149" lon="-116.70798">
        <ele>564.0</ele>
      </trkpt>
      <trkpt lat="34.94131" lon="-116.70811">
        <ele>564.0</ele>
      </trkpt>
      <trkpt lat="34.94112" lon="-116.70824">
        <ele>564.0</ele>
      </trkpt>
      <trkpt lat="34.94094" lon="-116.70838">
        <ele>564.0</ele>
      </trkpt>
      <trkpt lat="34.94075" lon="-116.70851">
        <ele>564.9</ele>
      </trkpt>
      <trkpt lat="34.94055" lon="-116.70864">
        <ele>565.0</ele>
      </trkpt>
      <trkpt lat="34.94035" lon="-116.70878">
        <ele>565.0</ele>
      </trkpt>
      <trkpt lat="34.94014" lon="-116.70892">
        <ele>565.0</ele>
      </trkpt>
      <trkpt lat="34.93993" lon="-116.70906">
        <ele>565.0</ele>
      </trkpt>
      <trkpt lat="34.93973" lon="-116.70921">
        <ele>565.0</ele>
      </trkpt>
      <trkpt lat="34.93953" lon="-116.70936">
        <ele>565.0</ele>
      </trkpt>
      <trkpt lat="34.93933" lon="-116.70951">
        <ele>565.17</ele>
      </trkpt>
      <trkpt lat="34.93912" lon="-116.70966">
        <ele>566.0</ele>
      </trkpt>
      <trkpt lat="34.93894" lon="-116.7098">
        <ele>566.0</ele>
      </trkpt>
      <trkpt lat="34.93876" lon="-116.70994">
        <ele>566.0</ele>
      </trkpt>
      <trkpt lat="34.93857" lon="-116.71006">
        <ele>566.0</ele>
      </trkpt>
      <trkpt lat="34.93842" lon="-116.71019">
        <ele>566.05</ele>
      </trkpt>
      <trkpt lat="34.93829" lon="-116.71034">
        <ele>567.0</ele>
      </trkpt>
      <trkpt lat="34.9382" lon="-116.71051">
        <ele>567.0</ele>
      </trkpt>
      <trkpt lat="34.93813" lon="-116.71069">
        <ele>567.0</ele>
      </trkpt>
      <trkpt lat="34.93805" lon="-116.71088">
        <ele>567.0</ele>
      </trkpt>
      <trkpt lat="34.93797" lon="-116.71108">
        <ele>567.61</ele>
      </trkpt>
      <trkpt lat="34.93789" lon="-116.7113">
        <ele>568.0</ele>
      </trkpt>
      <trkpt lat="34.93781" lon="-116.71153">
        <ele>568.0</ele>
      </trkpt>
      <trkpt lat="34.93773" lon="-116.71177">
        <ele>568.0</ele>
      </trkpt>
      <trkpt lat="34.93765" lon="-116.712">
        <ele>568.0</ele>
      </trkpt>
      <trkpt lat="34.93757" lon="-116.71223">
        <ele>568.0</ele>
      </trkpt>
      <trkpt lat="34.9375" lon="-116.71244">
        <ele>568.0</ele>
      </trkpt>
      <trkpt lat="34.93743" lon="-116.71264">
        <ele>568.0</ele>
      </trkpt>
      <trkpt lat="34.93736" lon="-116.71283">
        <ele>568.0</ele>
      </trkpt>
      <trkpt lat="34.93728" lon="-116.71299">
        <ele>567.38</ele>
      </trkpt>
      <trkpt lat="34.93719" lon="-116.71309">
        <ele>568.0</ele>
      </trkpt>
      <trkpt lat="34.9371" lon="-116.71315">
        <ele>568.0</ele>
      </trkpt>
      <trkpt lat="34.93703" lon="-116.71318">
        <ele>568.0</ele>
      </trkpt>
      <trkpt lat="34.93695" lon="-116.71319">
        <ele>568.0</ele>
      </trkpt>
      <trkpt lat="34.93686" lon="-116.71319">
        <ele>568.0</ele>
      </trkpt>
      <trkpt lat="34.93678" lon="-116.71319">
        <ele>568.0</ele>
      </trkpt>
      <trkpt lat="34.9367" lon="-116.71318">
        <ele>568.0</ele>
      </trkpt>
      <trkpt lat="34.93662" lon="-116.71318">
        <ele>568.0</ele>
      </trkpt>
      <trkpt lat="34.93655" lon="-116.71318">
        <ele>568.0</ele>
      </trkpt>
      <trkpt lat="34.9365" lon="-116.7132">
        <ele>568.0</ele>
      </trkpt>
      <trkpt lat="34.93646" lon="-116.71324">
        <ele>568.0</ele>
      </trkpt>
      <trkpt lat="34.93644" lon="-116.71327">
        <ele>568.0</ele>
      </trkpt>
      <trkpt lat="34.93641" lon="-116.7133">
        <ele>568.0</ele>
      </trkpt>
      <trkpt lat="34.93637" lon="-116.71335">
        <ele>568.0</ele>
      </trkpt>
      <trkpt lat="34.93633" lon="-116.71339">
        <ele>568.0</ele>
      </trkpt>
      <trkpt lat="34.93627" lon="-116.71343">
        <ele>568.0</ele>
      </trkpt>
      <trkpt lat="34.9362" lon="-116.7135">
        <ele>568.0</ele>
      </trkpt>
      <trkpt lat="34.93613" lon="-116.71357">
        <ele>568.0</ele>
      </trkpt>
      <trkpt lat="34.93603" lon="-116.71364">
        <ele>568.91</ele>
      </trkpt>
      <trkpt lat="34.93593" lon="-116.71371">
        <ele>569.07</ele>
      </trkpt>
      <trkpt lat="34.93582" lon="-116.7138">
        <ele>570.14</ele>
      </trkpt>
      <trkpt lat="34.93571" lon="-116.71389">
        <ele>571.0</ele>
      </trkpt>
      <trkpt lat="34.93557" lon="-116.71399">
        <ele>571.0</ele>
      </trkpt>
      <trkpt lat="34.93545" lon="-116.71408">
        <ele>572.0</ele>
      </trkpt>
      <trkpt lat="34.93532" lon="-116.71416">
        <ele>572.5</ele>
      </trkpt>
      <trkpt lat="34.9352" lon="-116.71423">
        <ele>573.0</ele>
      </trkpt>
      <trkpt lat="34.93511" lon="-116.7143">
        <ele>573.89</ele>
      </trkpt>
      <trkpt lat="34.93503" lon="-116.71438">
        <ele>574.0</ele>
      </trkpt>
      <trkpt lat="34.93495" lon="-116.71449">
        <ele>574.0</ele>
      </trkpt>
      <trkpt lat="34.93488" lon="-116.7146">
        <ele>574.0</ele>
      </trkpt>
      <trkpt lat="34.9348" lon="-116.7147">
        <ele>574.0</ele>
      </trkpt>
      <trkpt lat="34.93472" lon="-116.7148">
        <ele>574.0</ele>
      </trkpt>
      <trkpt lat="34.93464" lon="-116.7149">
        <ele>574.0</ele>
      </trkpt>
      <trkpt lat="34.93457" lon="-116.71498">
        <ele>574.0</ele>
      </trkpt>
      <trkpt lat="34.9345" lon="-116.71505">
        <ele>573.6</ele>
      </trkpt>
      <trkpt lat="34.93443" lon="-116.71511">
        <ele>572.84</ele>
      </trkpt>
      <trkpt lat="34.93436" lon="-116.71516">
        <ele>572.09</ele>
      </trkpt>
      <trkpt lat="34.93429" lon="-116.71519">
        <ele>571.33</ele>
      </trkpt>
      <trkpt lat="34.93421" lon="-116.71523">
        <ele>571.0</ele>
      </trkpt>
      <trkpt lat="34.93413" lon="-116.71526">
        <ele>570.92</ele>
      </trkpt>
      <trkpt lat="34.93404" lon="-116.7153">
        <ele>570.63</ele>
      </trkpt>
      <trkpt lat="34.93394" lon="-116.71532">
        <ele>570.0</ele>
      </trkpt>
      <trkpt lat="34.93384" lon="-116.71535">
        <ele>570.53</ele>
      </trkpt>
      <trkpt lat="34.93376" lon="-116.71539">
        <ele>571.0</ele>
      </trkpt>
      <trkpt lat="34.93368" lon="-116.71547">
        <ele>571.0</ele>
      </trkpt>
      <trkpt lat="34.9336" lon="-116.71556">
        <ele>571.0</ele>
      </trkpt>
      <trkpt lat="34.9335" lon="-116.71565">
        <ele>571.0</ele>
      </trkpt>
      <trkpt lat="34.9334" lon="-116.71575">
        <ele>571.0</ele>
      </trkpt>
      <trkpt lat="34.9333" lon="-116.71582">
        <ele>571.0</ele>
      </trkpt>
      <trkpt lat="34.93319" lon="-116.71588">
        <ele>571.0</ele>
      </trkpt>
      <trkpt lat="34.93309" lon="-116.7159">
        <ele>571.0</ele>
      </trkpt>
      <trkpt lat="34.933" lon="-116.7159">
        <ele>571.0</ele>
      </trkpt>
      <trkpt lat="34.93292" lon="-116.7159">
        <ele>571.0</ele>
      </trkpt>
      <trkpt lat="34.93287" lon="-116.71589">
        <ele>571.0</ele>
      </trkpt>
      <trkpt lat="34.93281" lon="-116.71588">
        <ele>571.0</ele>
      </trkpt>
      <trkpt lat="34.93275" lon="-116.71588">
        <ele>571.0</ele>
      </trkpt>
      <trkpt lat="34.93268" lon="-116.71588">
        <ele>571.0</ele>
      </trkpt>
      <trkpt lat="34.9326" lon="-116.71594">
        <ele>571.0</ele>
      </trkpt>
      <trkpt lat="34.93253" lon="-116.71603">
        <ele>570.88</ele>
      </trkpt>
      <trkpt lat="34.93247" lon="-116.71612">
        <ele>569.9</ele>
      </trkpt>
      <trkpt lat="34.93243" lon="-116.71623">
        <ele>568.72</ele>
      </trkpt>
      <trkpt lat="34.93238" lon="-116.71634">
        <ele>567.86</ele>
      </trkpt>
      <trkpt lat="34.93235" lon="-116.71646">
        <ele>567.86</ele>
      </trkpt>
      <trkpt lat="34.9323" lon="-116.71658">
        <ele>568.0</ele>
      </trkpt>
      <trkpt lat="34.93226" lon="-116.71671">
        <ele>568.19</ele>
      </trkpt>
      <trkpt lat="34.93221" lon="-116.71684">
        <ele>568.87</ele>
      </trkpt>
      <trkpt lat="34.93217" lon="-116.71697">
        <ele>569.0</ele>
      </trkpt>
      <trkpt lat="34.93212" lon="-116.7171">
        <ele>569.0</ele>
      </trkpt>
      <trkpt lat="34.93207" lon="-116.71722">
        <ele>569.0</ele>
      </trkpt>
      <trkpt lat="34.93201" lon="-116.71733">
        <ele>569.76</ele>
      </trkpt>
      <trkpt lat="34.93197" lon="-116.71744">
        <ele>570.0</ele>
      </trkpt>
      <trkpt lat="34.93192" lon="-116.71756">
        <ele>570.0</ele>
      </trkpt>
      <trkpt lat="34.93186" lon="-116.71767">
        <ele>570.76</ele>
      </trkpt>
      <trkpt lat="34.9318" lon="-116.71779">
        <ele>571.0</ele>
      </trkpt>
      <trkpt lat="34.93174" lon="-116.71793">
        <ele>571.0</ele>
      </trkpt>
      <trkpt lat="34.93168" lon="-116.71807">
        <ele>572.0</ele>
      </trkpt>
      <trkpt lat="34.93164" lon="-116.71823">
        <ele>572.0</ele>
      </trkpt>
      <trkpt lat="34.9316" lon="-116.71839">
        <ele>572.61</ele>
      </trkpt>
      <trkpt lat="34.93156" lon="-116.71857">
        <ele>573.08</ele>
      </trkpt>
      <trkpt lat="34.93153" lon="-116.71874">
        <ele>574.0</ele>
      </trkpt>
      <trkpt lat="34.93151" lon="-116.71889">
        <ele>574.01</ele>
      </trkpt>
      <trkpt lat="34.93149" lon="-116.71905">
        <ele>575.0</ele>
      </trkpt>
      <trkpt lat="34.93147" lon="-116.7192">
        <ele>576.0</ele>
      </trkpt>
      <trkpt lat="34.93145" lon="-116.71934">
        <ele>576.3</ele>
      </trkpt>
      <trkpt lat="34.93143" lon="-116.71946">
        <ele>577.0</ele>
      </trkpt>
      <trkpt lat="34.9314" lon="-116.71955">
        <ele>577.12</ele>
      </trkpt>
      <trkpt lat="34.93135" lon="-116.71962">
        <ele>577.94</ele>
      </trkpt>
      <trkpt lat="34.93132" lon="-116.71969">
        <ele>578.65</ele>
      </trkpt>
      <trkpt lat="34.93129" lon="-116.71975">
        <ele>579.35</ele>
      </trkpt>
      <trkpt lat="34.93126" lon="-116.71982">
        <ele>580.0</ele>
      </trkpt>
      <trkpt lat="34.93123" lon="-116.7199">
        <ele>580.0</ele>
      </trkpt>
      <trkpt lat="34.93119" lon="-116.71996">
        <ele>580.15</ele>
      </trkpt>
      <trkpt lat="34.93115" lon="-116.72004">
        <ele>580.76</ele>
      </trkpt>
      <trkpt lat="34.9311" lon="-116.72012">
        <ele>581.38</ele>
      </trkpt>
      <trkpt lat="34.93105" lon="-116.72019">
        <ele>582.0</ele>
      </trkpt>
      <trkpt lat="34.93099" lon="-116.72027">
        <ele>582.28</ele>
      </trkpt>
      <trkpt lat="34.93094" lon="-116.72036">
        <ele>582.98</ele>
      </trkpt>
      <trkpt lat="34.93088" lon="-116.72044">
        <ele>583.37</ele>
      </trkpt>
      <trkpt lat="34.93082" lon="-116.72052">
        <ele>584.0</ele>
      </trkpt>
      <trkpt lat="34.93079" lon="-116.7206">
        <ele>584.22</ele>
      </trkpt>
      <trkpt lat="34.93076" lon="-116.72068">
        <ele>584.86</ele>
      </trkpt>
      <trkpt lat="34.93072" lon="-116.72075">
        <ele>585.1</ele>
      </trkpt>
      <trkpt lat="34.93065" lon="-116.72081">
        <ele>585.75</ele>
      </trkpt>
      <trkpt lat="34.93058" lon="-116.72085">
        <ele>586.05</ele>
      </trkpt>
      <trkpt lat="34.9305" lon="-116.72088">
        <ele>585.7</ele>
      </trkpt>
      <trkpt lat="34.93044" lon="-116.7209">
        <ele>585.54</ele>
      </trkpt>
      <trkpt lat="34.93039" lon="-116.72093">
        <ele>585.21</ele>
      </trkpt>
      <trkpt lat="34.93034" lon="-116.72096">
        <ele>584.79</ele>
      </trkpt>
      <trkpt lat="34.93028" lon="-116.72099">
        <ele>584.7</ele>
      </trkpt>
      <trkpt lat="34.93023" lon="-116.72103">
        <ele>585.06</ele>
      </trkpt>
      <trkpt lat="34.93017" lon="-116.72108">
        <ele>585.11</ele>
      </trkpt>
      <trkpt lat="34.93012" lon="-116.72112">
        <ele>585.73</ele>
      </trkpt>
      <trkpt lat="34.93007" lon="-116.72117">
        <ele>586.16</ele>
      </trkpt>
      <trkpt lat="34.93002" lon="-116.72121">
        <ele>586.8</ele>
      </trkpt>
      <trkpt lat="34.92997" lon="-116.72126">
        <ele>587.2</ele>
      </trkpt>
      <trkpt lat="34.92993" lon="-116.72132">
        <ele>588.01</ele>
      </trkpt>
      <trkpt lat="34.92989" lon="-116.72139">
        <ele>589.0</ele>
      </trkpt>
      <trkpt lat="34.92985" lon="-116.72147">
        <ele>589.0</ele>
      </trkpt>
      <trkpt lat="34.92982" lon="-116.72156">
        <ele>589.0</ele>
      </trkpt>
      <trkpt lat="34.92978" lon="-116.72164">
        <ele>587.8</ele>
      </trkpt>
      <trkpt lat="34.92974" lon="-116.72173">
        <ele>586.51</ele>
      </trkpt>
      <trkpt lat="34.92972" lon="-116.72181">
        <ele>585.44</ele>
      </trkpt>
      <trkpt lat="34.92969" lon="-116.72186">
        <ele>584.65</ele>
      </trkpt>
      <trkpt lat="34.92968" lon="-116.72191">
        <ele>584.54</ele>
      </trkpt>
      <trkpt lat="34.92966" lon="-116.72195">
        <ele>584.35</ele>
      </trkpt>
      <trkpt lat="34.92964" lon="-116.72199">
        <ele>584.17</ele>
      </trkpt>
      <trkpt lat="34.92961" lon="-116.72204">
        <ele>583.79</ele>
      </trkpt>
      <trkpt lat="34.92959" lon="-116.72211">
        <ele>583.57</ele>
      </trkpt>
      <trkpt lat="34.92957" lon="-116.72218">
        <ele>583.36</ele>
      </trkpt>
      <trkpt lat="34.92954" lon="-116.72226">
        <ele>583.03</ele>
      </trkpt>
      <trkpt lat="34.92951" lon="-116.72231">
        <ele>582.71</ele>
      </trkpt>
      <trkpt lat="34.92948" lon="-116.72237">
        <ele>582.38</ele>
      </trkpt>
      <trkpt lat="34.92946" lon="-116.72244">
        <ele>582.17</ele>
      </trkpt>
      <trkpt lat="34.92943" lon="-116.72252">
        <ele>582.06</ele>
      </trkpt>
      <trkpt lat="34.9294" lon="-116.7226">
        <ele>582.52</ele>
      </trkpt>
      <trkpt lat="34.92936" lon="-116.72269">
        <ele>582.09</ele>
      </trkpt>
      <trkpt lat="34.92932" lon="-116.72278">
        <ele>581.66</ele>
      </trkpt>
      <trkpt lat="34.92929" lon="-116.72284">
        <ele>581.33</ele>
      </trkpt>
      <trkpt lat="34.92927" lon="-116.72291">
        <ele>581.49</ele>
      </trkpt>
      <trkpt lat="34.92925" lon="-116.72298">
        <ele>581.98</ele>
      </trkpt>
      <trkpt lat="34.92923" lon="-116.72307">
        <ele>582.47</ele>
      </trkpt>
      <trkpt lat="34.92921" lon="-116.72315">
        <ele>583.01</ele>
      </trkpt>
      <trkpt lat="34.92917" lon="-116.72324">
        <ele>583.04</ele>
      </trkpt>
      <trkpt lat="34.92913" lon="-116.72334">
        <ele>583.6</ele>
      </trkpt>
      <trkpt lat="34.92908" lon="-116.72346">
        <ele>583.06</ele>
      </trkpt>
      <trkpt lat="34.92902" lon="-116.72357">
        <ele>582.42</ele>
      </trkpt>
      <trkpt lat="34.92898" lon="-116.72368">
        <ele>581.98</ele>
      </trkpt>
      <trkpt lat="34.92893" lon="-116.72378">
        <ele>581.44</ele>
      </trkpt>
      <trkpt lat="34.92888" lon="-116.72387">
        <ele>580.81</ele>
      </trkpt>
      <trkpt lat="34.92884" lon="-116.72395">
        <ele>579.63</ele>
      </trkpt>
      <trkpt lat="34.9288" lon="-116.72401">
        <ele>579.04</ele>
      </trkpt>
      <trkpt lat="34.92877" lon="-116.72407">
        <ele>578.72</ele>
      </trkpt>
      <trkpt lat="34.92873" lon="-116.72414">
        <ele>578.28</ele>
      </trkpt>
      <trkpt lat="34.92869" lon="-116.7242">
        <ele>577.85</ele>
      </trkpt>
      <trkpt lat="34.92865" lon="-116.72427">
        <ele>577.42</ele>
      </trkpt>
      <trkpt lat="34.92862" lon="-116.72435">
        <ele>577.1</ele>
      </trkpt>
      <trkpt lat="34.92859" lon="-116.72443">
        <ele>577.65</ele>
      </trkpt>
      <trkpt lat="34.92856" lon="-116.72451">
        <ele>577.84</ele>
      </trkpt>
      <trkpt lat="34.92854" lon="-116.72459">
        <ele>578.13</ele>
      </trkpt>
      <trkpt lat="34.92851" lon="-116.72467">
        <ele>577.91</ele>
      </trkpt>
      <trkpt lat="34.9285" lon="-116.72477">
        <ele>577.9</ele>
      </trkpt>
      <trkpt lat="34.92848" lon="-116.72487">
        <ele>578.35</ele>
      </trkpt>
      <trkpt lat="34.92847" lon="-116.72498">
        <ele>578.48</ele>
      </trkpt>
      <trkpt lat="34.92845" lon="-116.72508">
        <ele>578.26</ele>
      </trkpt>
      <trkpt lat="34.92843" lon="-116.72519">
        <ele>578.04</ele>
      </trkpt>
      <trkpt lat="34.92841" lon="-116.72531">
        <ele>577.83</ele>
      </trkpt>
      <trkpt lat="34.92839" lon="-116.72542">
        <ele>577.61</ele>
      </trkpt>
      <trkpt lat="34.92836" lon="-116.72553">
        <ele>576.56</ele>
      </trkpt>
      <trkpt lat="34.92833" lon="-116.72563">
        <ele>575.97</ele>
      </trkpt>
      <trkpt lat="34.92829" lon="-116.72572">
        <ele>575.53</ele>
      </trkpt>
      <trkpt lat="34.92824" lon="-116.72582">
        <ele>575.0</ele>
      </trkpt>
      <trkpt lat="34.9282" lon="-116.72591">
        <ele>575.46</ele>
      </trkpt>
      <trkpt lat="34.92815" lon="-116.72601">
        <ele>575.02</ele>
      </trkpt>
      <trkpt lat="34.9281" lon="-116.72613">
        <ele>574.48</ele>
      </trkpt>
      <trkpt lat="34.92805" lon="-116.72625">
        <ele>573.94</ele>
      </trkpt>
      <trkpt lat="34.92801" lon="-116.72636">
        <ele>573.51</ele>
      </trkpt>
      <trkpt lat="34.92797" lon="-116.72648">
        <ele>573.08</ele>
      </trkpt>
      <trkpt lat="34.92794" lon="-116.72661">
        <ele>573.14</ele>
      </trkpt>
      <trkpt lat="34.92793" lon="-116.72674">
        <ele>573.64</ele>
      </trkpt>
      <trkpt lat="34.92791" lon="-116.72688">
        <ele>573.6</ele>
      </trkpt>
      <trkpt lat="34.9279" lon="-116.72702">
        <ele>574.0</ele>
      </trkpt>
      <trkpt lat="34.92789" lon="-116.72717">
        <ele>574.0</ele>
      </trkpt>
      <trkpt lat="34.92787" lon="-116.72733">
        <ele>574.0</ele>
      </trkpt>
      <trkpt lat="34.92784" lon="-116.72748">
        <ele>573.67</ele>
      </trkpt>
      <trkpt lat="34.9278" lon="-116.72764">
        <ele>574.0</ele>
      </trkpt>
      <trkpt lat="34.92777" lon="-116.72779">
        <ele>574.0</ele>
      </trkpt>
      <trkpt lat="34.92773" lon="-116.72795">
        <ele>574.42</ele>
      </trkpt>
      <trkpt lat="34.92768" lon="-116.7281">
        <ele>574.0</ele>
      </trkpt>
      <trkpt lat="34.92764" lon="-116.72825">
        <ele>574.0</ele>
      </trkpt>
      <trkpt lat="34.92761" lon="-116.72838">
        <ele>574.09</ele>
      </trkpt>
      <trkpt lat="34.92758" lon="-116.72851">
        <ele>574.0</ele>
      </trkpt>
      <trkpt lat="34.92755" lon="-116.72864">
        <ele>574.54</ele>
      </trkpt>
      <trkpt lat="34.92752" lon="-116.72877">
        <ele>574.78</ele>
      </trkpt>
      <trkpt lat="34.9275" lon="-116.72891">
        <ele>575.0</ele>
      </trkpt>
      <trkpt lat="34.92748" lon="-116.72904">
        <ele>574.92</ele>
      </trkpt>
      <trkpt lat="34.92745" lon="-116.72918">
        <ele>575.0</ele>
      </trkpt>
      <trkpt lat="34.92742" lon="-116.72932">
        <ele>575.0</ele>
      </trkpt>
      <trkpt lat="34.92738" lon="-116.72947">
        <ele>574.7</ele>
      </trkpt>
      <trkpt lat="34.92734" lon="-116.72962">
        <ele>574.27</ele>
      </trkpt>
      <trkpt lat="34.9273" lon="-116.72977">
        <ele>574.0</ele>
      </trkpt>
      <trkpt lat="34.92726" lon="-116.72992">
        <ele>574.0</ele>
      </trkpt>
      <trkpt lat="34.92723" lon="-116.73006">
        <ele>574.0</ele>
      </trkpt>
      <trkpt lat="34.92721" lon="-116.73019">
        <ele>573.87</ele>
      </trkpt>
      <trkpt lat="34.92719" lon="-116.73032">
        <ele>573.65</ele>
      </trkpt>
      <trkpt lat="34.92717" lon="-116.73044">
        <ele>573.44</ele>
      </trkpt>
      <trkpt lat="34.92714" lon="-116.73055">
        <ele>573.95</ele>
      </trkpt>
      <trkpt lat="34.92711" lon="-116.73068">
        <ele>573.86</ele>
      </trkpt>
      <trkpt lat="34.92707" lon="-116.73079">
        <ele>574.0</ele>
      </trkpt>
      <trkpt lat="34.92701" lon="-116.73088">
        <ele>573.71</ele>
      </trkpt>
      <trkpt lat="34.92696" lon="-116.73098">
        <ele>573.17</ele>
      </trkpt>
      <trkpt lat="34.92691" lon="-116.73109">
        <ele>572.63</ele>
      </trkpt>
      <trkpt lat="34.92687" lon="-116.73122">
        <ele>573.0</ele>
      </trkpt>
      <trkpt lat="34.92683" lon="-116.73135">
        <ele>572.76</ele>
      </trkpt>
      <trkpt lat="34.92679" lon="-116.7315">
        <ele>572.47</ele>
      </trkpt>
      <trkpt lat="34.92676" lon="-116.73165">
        <ele>573.0</ele>
      </trkpt>
      <trkpt lat="34.92675" lon="-116.73181">
        <ele>572.9</ele>
      </trkpt>
      <trkpt lat="34.92674" lon="-116.73197">
        <ele>573.0</ele>
      </trkpt>
      <trkpt lat="34.92673" lon="-116.73213">
        <ele>573.0</ele>
      </trkpt>
      <trkpt lat="34.92673" lon="-116.73227">
        <ele>573.0</ele>
      </trkpt>
      <trkpt lat="34.92673" lon="-116.73244">
        <ele>573.0</ele>
      </trkpt>
      <trkpt lat="34.92673" lon="-116.7326">
        <ele>573.0</ele>
      </trkpt>
      <trkpt lat="34.92673" lon="-116.73275">
        <ele>573.0</ele>
      </trkpt>
      <trkpt lat="34.92673" lon="-116.73291">
        <ele>573.68</ele>
      </trkpt>
      <trkpt lat="34.92673" lon="-116.73303">
        <ele>573.68</ele>
      </trkpt>
      <trkpt lat="34.92672" lon="-116.73316">
        <ele>573.63</ele>
      </trkpt>
      <trkpt lat="34.92673" lon="-116.73328">
        <ele>574.0</ele>
      </trkpt>
      <trkpt lat="34.92673" lon="-116.73339">
        <ele>574.0</ele>
      </trkpt>
      <trkpt lat="34.92673" lon="-116.73349">
        <ele>574.0</ele>
      </trkpt>
      <trkpt lat="34.92673" lon="-116.7336">
        <ele>573.72</ele>
      </trkpt>
      <trkpt lat="34.92673" lon="-116.73373">
        <ele>573.68</ele>
      </trkpt>
      <trkpt lat="34.92672" lon="-116.73388">
        <ele>573.58</ele>
      </trkpt>
      <trkpt lat="34.92672" lon="-116.73404">
        <ele>574.0</ele>
      </trkpt>
      <trkpt lat="34.92671" lon="-116.73422">
        <ele>574.0</ele>
      </trkpt>
      <trkpt lat="34.9267" lon="-116.7344">
        <ele>574.0</ele>
      </trkpt>
      <trkpt lat="34.92668" lon="-116.73461">
        <ele>574.0</ele>
      </trkpt>
      <trkpt lat="34.92667" lon="-116.73483">
        <ele>574.0</ele>
      </trkpt>
      <trkpt lat="34.92666" lon="-116.73506">
        <ele>573.95</ele>
      </trkpt>
      <trkpt lat="34.92665" lon="-116.7353">
        <ele>573.82</ele>
      </trkpt>
      <trkpt lat="34.92664" lon="-116.73556">
        <ele>574.0</ele>
      </trkpt>
      <trkpt lat="34.92663" lon="-116.73582">
        <ele>574.0</ele>
      </trkpt>
      <trkpt lat="34.92662" lon="-116.7361">
        <ele>574.0</ele>
      </trkpt>
      <trkpt lat="34.92661" lon="-116.73637">
        <ele>574.0</ele>
      </trkpt>
      <trkpt lat="34.9266" lon="-116.73662">
        <ele>574.14</ele>
      </trkpt>
      <trkpt lat="34.92659" lon="-116.73685">
        <ele>575.0</ele>
      </trkpt>
      <trkpt lat="34.92656" lon="-116.73709">
        <ele>575.0</ele>
      </trkpt>
      <trkpt lat="34.92653" lon="-116.73733">
        <ele>575.0</ele>
      </trkpt>
      <trkpt lat="34.92649" lon="-116.73758">
        <ele>575.0</ele>
      </trkpt>
      <trkpt lat="34.92643" lon="-116.73783">
        <ele>575.0</ele>
      </trkpt>
      <trkpt lat="34.92636" lon="-116.73809">
        <ele>575.0</ele>
      </trkpt>
      <trkpt lat="34.92629" lon="-116.73834">
        <ele>575.0</ele>
      </trkpt>
      <trkpt lat="34.92621" lon="-116.7386">
        <ele>575.0</ele>
      </trkpt>
      <trkpt lat="34.92612" lon="-116.73885">
        <ele>575.0</ele>
      </trkpt>
      <trkpt lat="34.92534" lon="-116.74239">
        <ele>574.0</ele>
      </trkpt>
      <trkpt lat="34.92529" lon="-116.74264">
        <ele>574.0</ele>
      </trkpt>
      <trkpt lat="34.92525" lon="-116.74289">
        <ele>574.0</ele>
      </trkpt>
      <trkpt lat="34.9252" lon="-116.74312">
        <ele>574.16</ele>
      </trkpt>
      <trkpt lat="34.92516" lon="-116.74334">
        <ele>574.05</ele>
      </trkpt>
      <trkpt lat="34.92512" lon="-116.74356">
        <ele>575.0</ele>
      </trkpt>
      <trkpt lat="34.92507" lon="-116.7438">
        <ele>575.0</ele>
      </trkpt>
      <trkpt lat="34.925" lon="-116.74403">
        <ele>575.0</ele>
      </trkpt>
      <trkpt lat="34.92493" lon="-116.74427">
        <ele>575.0</ele>
      </trkpt>
      <trkpt lat="34.92486" lon="-116.74452">
        <ele>574.91</ele>
      </trkpt>
      <trkpt lat="34.92479" lon="-116.74477">
        <ele>574.73</ele>
      </trkpt>
      <trkpt lat="34.92473" lon="-116.74502">
        <ele>575.0</ele>
      </trkpt>
      <trkpt lat="34.92465" lon="-116.74525">
        <ele>574.22</ele>
      </trkpt>
      <trkpt lat="34.92457" lon="-116.74547">
        <ele>574.0</ele>
      </trkpt>
      <trkpt lat="34.92448" lon="-116.74567">
        <ele>574.0</ele>
      </trkpt>
      <trkpt lat="34.9244" lon="-116.74585">
        <ele>574.0</ele>
      </trkpt>
      <trkpt lat="34.9243" lon="-116.74601">
        <ele>574.0</ele>
      </trkpt>
      <trkpt lat="34.92419" lon="-116.74615">
        <ele>574.0</ele>
      </trkpt>
      <trkpt lat="34.92407" lon="-116.74627">
        <ele>574.0</ele>
      </trkpt>
      <trkpt lat="34.92395" lon="-116.7464">
        <ele>574.0</ele>
      </trkpt>
      <trkpt lat="34.92385" lon="-116.74653">
        <ele>574.0</ele>
      </trkpt>
      <trkpt lat="34.92376" lon="-116.74668">
        <ele>574.0</ele>
      </trkpt>
      <trkpt lat="34.92369" lon="-116.74684">
        <ele>574.0</ele>
      </trkpt>
      <trkpt lat="34.92364" lon="-116.74702">
        <ele>574.0</ele>
      </trkpt>
      <trkpt lat="34.9236" lon="-116.74719">
        <ele>574.0</ele>
      </trkpt>
      <trkpt lat="34.9236" lon="-116.74735">
        <ele>574.0</ele>
      </trkpt>
      <trkpt lat="34.92359" lon="-116.74752">
        <ele>574.0</ele>
      </trkpt>
      <trkpt lat="34.92359" lon="-116.74771">
        <ele>574.0</ele>
      </trkpt>
      <trkpt lat="34.9236" lon="-116.74789">
        <ele>574.0</ele>
      </trkpt>
      <trkpt lat="34.92359" lon="-116.74809">
        <ele>574.0</ele>
      </trkpt>
      <trkpt lat="34.92359" lon="-116.7483">
        <ele>574.0</ele>
      </trkpt>
      <trkpt lat="34.92356" lon="-116.74851">
        <ele>574.0</ele>
      </trkpt>
      <trkpt lat="34.92352" lon="-116.74872">
        <ele>574.0</ele>
      </trkpt>
      <trkpt lat="34.92347" lon="-116.74892">
        <ele>574.0</ele>
      </trkpt>
      <trkpt lat="34.9234" lon="-116.7491">
        <ele>573.72</ele>
      </trkpt>
      <trkpt lat="34.92331" lon="-116.74925">
        <ele>573.0</ele>
      </trkpt>
      <trkpt lat="34.92322" lon="-116.74936">
        <ele>573.0</ele>
      </trkpt>
      <trkpt lat="34.92314" lon="-116.74946">
        <ele>573.0</ele>
      </trkpt>
      <trkpt lat="34.92309" lon="-116.74956">
        <ele>573.0</ele>
      </trkpt>
      <trkpt lat="34.92307" lon="-116.74964">
        <ele>573.0</ele>
      </trkpt>
      <trkpt lat="34.92305" lon="-116.74976">
        <ele>573.0</ele>
      </trkpt>
      <trkpt lat="34.92303" lon="-116.7499">
        <ele>573.0</ele>
      </trkpt>
      <trkpt lat="34.92301" lon="-116.75005">
        <ele>573.0</ele>
      </trkpt>
      <trkpt lat="34.923" lon="-116.75022">
        <ele>573.0</ele>
      </trkpt>
      <trkpt lat="34.92299" lon="-116.7504">
        <ele>573.0</ele>
      </trkpt>
      <trkpt lat="34.92299" lon="-116.75059">
        <ele>573.0</ele>
      </trkpt>
      <trkpt lat="34.92298" lon="-116.75079">
        <ele>573.0</ele>
      </trkpt>
      <trkpt lat="34.92298" lon="-116.75099">
        <ele>573.0</ele>
      </trkpt>
      <trkpt lat="34.92297" lon="-116.75121">
        <ele>573.07</ele>
      </trkpt>
      <trkpt lat="34.92295" lon="-116.75143">
        <ele>573.0</ele>
      </trkpt>
      <trkpt lat="34.92292" lon="-116.75165">
        <ele>573.0</ele>
      </trkpt>
      <trkpt lat="34.92288" lon="-116.75188">
        <ele>573.0</ele>
      </trkpt>
      <trkpt lat="34.92283" lon="-116.75213">
        <ele>573.0</ele>
      </trkpt>
      <trkpt lat="34.9228" lon="-116.75238">
        <ele>573.0</ele>
      </trkpt>
      <trkpt lat="34.92277" lon="-116.75264">
        <ele>573.0</ele>
      </trkpt>
      <trkpt lat="34.92274" lon="-116.7529">
        <ele>573.72</ele>
      </trkpt>
      <trkpt lat="34.92272" lon="-116.75316">
        <ele>574.0</ele>
      </trkpt>
      <trkpt lat="34.92268" lon="-116.75339">
        <ele>574.0</ele>
      </trkpt>
      <trkpt lat="34.92264" lon="-116.75359">
        <ele>574.0</ele>
      </trkpt>
      <trkpt lat="34.92257" lon="-116.75376">
        <ele>574.0</ele>
      </trkpt>
      <trkpt lat="34.92248" lon="-116.75391">
        <ele>574.0</ele>
      </trkpt>
      <trkpt lat="34.92237" lon="-116.75408">
        <ele>574.0</ele>
      </trkpt>
      <trkpt lat="34.92226" lon="-116.75425">
        <ele>574.0</ele>
      </trkpt>
      <trkpt lat="34.92217" lon="-116.75443">
        <ele>574.0</ele>
      </trkpt>
      <trkpt lat="34.92209" lon="-116.75464">
        <ele>574.0</ele>
      </trkpt>
      <trkpt lat="34.92203" lon="-116.75486">
        <ele>574.0</ele>
      </trkpt>
      <trkpt lat="34.92198" lon="-116.75509">
        <ele>574.0</ele>
      </trkpt>
      <trkpt lat="34.92194" lon="-116.75533">
        <ele>574.0</ele>
      </trkpt>
      <trkpt lat="34.92189" lon="-116.75558">
        <ele>574.0</ele>
      </trkpt>
      <trkpt lat="34.92184" lon="-116.75585">
        <ele>574.0</ele>
      </trkpt>
      <trkpt lat="34.92181" lon="-116.7561">
        <ele>574.0</ele>
      </trkpt>
      <trkpt lat="34.92177" lon="-116.75636">
        <ele>574.0</ele>
      </trkpt>
      <trkpt lat="34.92174" lon="-116.7566">
        <ele>574.0</ele>
      </trkpt>
      <trkpt lat="34.92172" lon="-116.75683">
        <ele>574.0</ele>
      </trkpt>
      <trkpt lat="34.92169" lon="-116.75705">
        <ele>574.0</ele>
      </trkpt>
      <trkpt lat="34.92166" lon="-116.75725">
        <ele>574.0</ele>
      </trkpt>
      <trkpt lat="34.92162" lon="-116.75746">
        <ele>574.0</ele>
      </trkpt>
      <trkpt lat="34.92156" lon="-116.75768">
        <ele>574.0</ele>
      </trkpt>
      <trkpt lat="34.9215" lon="-116.75789">
        <ele>574.0</ele>
      </trkpt>
      <trkpt lat="34.92145" lon="-116.75811">
        <ele>574.0</ele>
      </trkpt>
      <trkpt lat="34.92138" lon="-116.75835">
        <ele>574.0</ele>
      </trkpt>
      <trkpt lat="34.92133" lon="-116.75859">
        <ele>574.0</ele>
      </trkpt>
      <trkpt lat="34.92126" lon="-116.75883">
        <ele>574.0</ele>
      </trkpt>
      <trkpt lat="34.9212" lon="-116.75907">
        <ele>574.0</ele>
      </trkpt>
      <trkpt lat="34.92114" lon="-116.7593">
        <ele>574.0</ele>
      </trkpt>
      <trkpt lat="34.92109" lon="-116.75952">
        <ele>574.0</ele>
      </trkpt>
      <trkpt lat="34.92106" lon="-116.75975">
        <ele>574.0</ele>
      </trkpt>
      <trkpt lat="34.92104" lon="-116.75996">
        <ele>574.0</ele>
      </trkpt>
      <trkpt lat="34.92103" lon="-116.76018">
        <ele>574.0</ele>
      </trkpt>
      <trkpt lat="34.92101" lon="-116.7604">
        <ele>574.0</ele>
      </trkpt>
      <trkpt lat="34.921" lon="-116.76059">
        <ele>574.0</ele>
      </trkpt>
      <trkpt lat="34.92098" lon="-116.76078">
        <ele>574.0</ele>
      </trkpt>
      <trkpt lat="34.92094" lon="-116.76096">
        <ele>574.0</ele>
      </trkpt>
      <trkpt lat="34.9209" lon="-116.76114">
        <ele>574.0</ele>
      </trkpt>
      <trkpt lat="34.92084" lon="-116.76132">
        <ele>574.0</ele>
      </trkpt>
      <trkpt lat="34.92078" lon="-116.76151">
        <ele>574.0</ele>
      </trkpt>
      <trkpt lat="34.92071" lon="-116.76172">
        <ele>574.0</ele>
      </trkpt>
      <trkpt lat="34.92064" lon="-116.76194">
        <ele>574.0</ele>
      </trkpt>
      <trkpt lat="34.92058" lon="-116.76215">
        <ele>574.0</ele>
      </trkpt>
      <trkpt lat="34.92052" lon="-116.76237">
        <ele>574.0</ele>
      </trkpt>
      <trkpt lat="34.92048" lon="-116.76259">
        <ele>574.0</ele>
      </trkpt>
      <trkpt lat="34.92043" lon="-116.7628">
        <ele>574.0</ele>
      </trkpt>
      <trkpt lat="34.92039" lon="-116.76301">
        <ele>574.0</ele>
      </trkpt>
      <trkpt lat="34.92034" lon="-116.76322">
        <ele>574.0</ele>
      </trkpt>
      <trkpt lat="34.9203" lon="-116.76341">
        <ele>574.2</ele>
      </trkpt>
      <trkpt lat="34.92026" lon="-116.76359">
        <ele>574.96</ele>
      </trkpt>
      <trkpt lat="34.92023" lon="-116.76378">
        <ele>575.0</ele>
      </trkpt>
      <trkpt lat="34.92018" lon="-116.76397">
        <ele>575.0</ele>
      </trkpt>
      <trkpt lat="34.92014" lon="-116.76416">
        <ele>575.0</ele>
      </trkpt>
      <trkpt lat="34.92011" lon="-116.76433">
        <ele>575.0</ele>
      </trkpt>
      <trkpt lat="34.92007" lon="-116.76452">
        <ele>575.0</ele>
      </trkpt>
      <trkpt lat="34.92004" lon="-116.7647">
        <ele>575.0</ele>
      </trkpt>
      <trkpt lat="34.92" lon="-116.76489">
        <ele>575.0</ele>
      </trkpt>
      <trkpt lat="34.91996" lon="-116.76507">
        <ele>575.0</ele>
      </trkpt>
      <trkpt lat="34.91993" lon="-116.76526">
        <ele>576.0</ele>
      </trkpt>
      <trkpt lat="34.91989" lon="-116.76544">
        <ele>576.0</ele>
      </trkpt>
      <trkpt lat="34.91985" lon="-116.76562">
        <ele>576.0</ele>
      </trkpt>
      <trkpt lat="34.91982" lon="-116.7658">
        <ele>576.0</ele>
      </trkpt>
      <trkpt lat="34.9198" lon="-116.76599">
        <ele>576.0</ele>
      </trkpt>
      <trkpt lat="34.91978" lon="-116.76617">
        <ele>576.0</ele>
      </trkpt>
      <trkpt lat="34.91975" lon="-116.76635">
        <ele>576.0</ele>
      </trkpt>
      <trkpt lat="34.91973" lon="-116.76654">
        <ele>576.0</ele>
      </trkpt>
      <trkpt lat="34.91972" lon="-116.76672">
        <ele>576.0</ele>
      </trkpt>
      <trkpt lat="34.91971" lon="-116.7669">
        <ele>576.0</ele>
      </trkpt>
      <trkpt lat="34.91971" lon="-116.76708">
        <ele>576.0</ele>
      </trkpt>
      <trkpt lat="34.91971" lon="-116.76725">
        <ele>576.0</ele>
      </trkpt>
      <trkpt lat="34.91971" lon="-116.76741">
        <ele>576.87</ele>
      </trkpt>
      <trkpt lat="34.91973" lon="-116.76756">
        <ele>577.0</ele>
      </trkpt>
      <trkpt lat="34.91976" lon="-116.76768">
        <ele>577.0</ele>
      </trkpt>
      <trkpt lat="34.91981" lon="-116.76777">
        <ele>577.0</ele>
      </trkpt>
      <trkpt lat="34.91989" lon="-116.76784">
        <ele>577.0</ele>
      </trkpt>
      <trkpt lat="34.91998" lon="-116.76789">
        <ele>577.0</ele>
      </trkpt>
      <trkpt lat="34.92008" lon="-116.76791">
        <ele>577.0</ele>
      </trkpt>
      <trkpt lat="34.92018" lon="-116.76792">
        <ele>577.0</ele>
      </trkpt>
      <trkpt lat="34.92029" lon="-116.76792">
        <ele>577.6</ele>
      </trkpt>
      <trkpt lat="34.92038" lon="-116.76791">
        <ele>578.0</ele>
      </trkpt>
      <trkpt lat="34.92047" lon="-116.7679">
        <ele>578.0</ele>
      </trkpt>
      <trkpt lat="34.92055" lon="-116.7679">
        <ele>578.0</ele>
      </trkpt>
      <trkpt lat="34.92062" lon="-116.76789">
        <ele>578.0</ele>
      </trkpt>
      <trkpt lat="34.92068" lon="-116.76789">
        <ele>578.0</ele>
      </trkpt>
      <trkpt lat="34.92074" lon="-116.76789">
        <ele>578.0</ele>
      </trkpt>
      <trkpt lat="34.92082" lon="-116.76789">
        <ele>578.0</ele>
      </trkpt>
      <trkpt lat="34.9209" lon="-116.76789">
        <ele>578.15</ele>
      </trkpt>
      <trkpt lat="34.92099" lon="-116.76789">
        <ele>578.21</ele>
      </trkpt>
      <trkpt lat="34.92108" lon="-116.76789">
        <ele>578.74</ele>
      </trkpt>
      <trkpt lat="34.92117" lon="-116.76788">
        <ele>579.0</ele>
      </trkpt>
      <trkpt lat="34.92125" lon="-116.76787">
        <ele>579.0</ele>
      </trkpt>
      <trkpt lat="34.92133" lon="-116.76785">
        <ele>579.0</ele>
      </trkpt>
      <trkpt lat="34.9214" lon="-116.76781">
        <ele>579.0</ele>
      </trkpt>
      <trkpt lat="34.92147" lon="-116.76775">
        <ele>579.0</ele>
      </trkpt>
      <trkpt lat="34.92153" lon="-116.76769">
        <ele>579.0</ele>
      </trkpt>
      <trkpt lat="34.92158" lon="-116.76763">
        <ele>579.0</ele>
      </trkpt>
      <trkpt lat="34.92163" lon="-116.76758">
        <ele>579.0</ele>
      </trkpt>
      <trkpt lat="34.92168" lon="-116.76754">
        <ele>579.0</ele>
      </trkpt>
      <trkpt lat="34.92173" lon="-116.76751">
        <ele>579.0</ele>
      </trkpt>
      <trkpt lat="34.92178" lon="-116.76748">
        <ele>579.0</ele>
      </trkpt>
      <trkpt lat="34.92183" lon="-116.76747">
        <ele>579.0</ele>
      </trkpt>
      <trkpt lat="34.92189" lon="-116.76747">
        <ele>579.0</ele>
      </trkpt>
      <trkpt lat="34.92195" lon="-116.76747">
        <ele>579.0</ele>
      </trkpt>
      <trkpt lat="34.92201" lon="-116.76747">
        <ele>579.0</ele>
      </trkpt>
      <trkpt lat="34.92208" lon="-116.76747">
        <ele>579.0</ele>
      </trkpt>
      <trkpt lat="34.92214" lon="-116.76748">
        <ele>579.09</ele>
      </trkpt>
      <trkpt lat="34.92221" lon="-116.76748">
        <ele>579.68</ele>
      </trkpt>
      <trkpt lat="34.92229" lon="-116.76749">
        <ele>579.97</ele>
      </trkpt>
      <trkpt lat="34.92237" lon="-116.7675">
        <ele>580.0</ele>
      </trkpt>
      <trkpt lat="34.92245" lon="-116.76751">
        <ele>580.0</ele>
      </trkpt>
      <trkpt lat="34.92252" lon="-116.76752">
        <ele>580.05</ele>
      </trkpt>
      <trkpt lat="34.92259" lon="-116.76755">
        <ele>580.52</ele>
      </trkpt>
      <trkpt lat="34.92266" lon="-116.7676">
        <ele>581.0</ele>
      </trkpt>
      <trkpt lat="34.92272" lon="-116.76765">
        <ele>581.0</ele>
      </trkpt>
      <trkpt lat="34.92278" lon="-116.76769">
        <ele>581.0</ele>
      </trkpt>
      <trkpt lat="34.92285" lon="-116.76772">
        <ele>581.0</ele>
      </trkpt>
      <trkpt lat="34.92292" lon="-116.76774">
        <ele>581.32</ele>
      </trkpt>
      <trkpt lat="34.92299" lon="-116.76776">
        <ele>581.86</ele>
      </trkpt>
      <trkpt lat="34.92307" lon="-116.76779">
        <ele>582.0</ele>
      </trkpt>
      <trkpt lat="34.92313" lon="-116.76781">
        <ele>582.0</ele>
      </trkpt>
      <trkpt lat="34.92318" lon="-116.76783">
        <ele>582.0</ele>
      </trkpt>
      <trkpt lat="34.92322" lon="-116.76784">
        <ele>582.0</ele>
      </trkpt>
      <trkpt lat="34.92325" lon="-116.76785">
        <ele>582.08</ele>
      </trkpt>
      <trkpt lat="34.92328" lon="-116.76787">
        <ele>582.42</ele>
      </trkpt>
      <trkpt lat="34.92331" lon="-116.76788">
        <ele>582.77</ele>
      </trkpt>
      <trkpt lat="34.92335" lon="-116.7679">
        <ele>583.0</ele>
      </trkpt>
      <trkpt lat="34.92338" lon="-116.76791">
        <ele>583.0</ele>
      </trkpt>
      <trkpt lat="34.92342" lon="-116.76792">
        <ele>583.0</ele>
      </trkpt>
      <trkpt lat="34.92347" lon="-116.76793">
        <ele>583.0</ele>
      </trkpt>
      <trkpt lat="34.92354" lon="-116.76794">
        <ele>583.0</ele>
      </trkpt>
      <trkpt lat="34.92361" lon="-116.76795">
        <ele>583.0</ele>
      </trkpt>
      <trkpt lat="34.9237" lon="-116.76796">
        <ele>583.96</ele>
      </trkpt>
      <trkpt lat="34.9238" lon="-116.76796">
        <ele>584.0</ele>
      </trkpt>
      <trkpt lat="34.92389" lon="-116.76796">
        <ele>584.0</ele>
      </trkpt>
      <trkpt lat="34.92397" lon="-116.76795">
        <ele>584.0</ele>
      </trkpt>
      <trkpt lat="34.92404" lon="-116.76795">
        <ele>584.54</ele>
      </trkpt>
      <trkpt lat="34.92412" lon="-116.76795">
        <ele>584.93</ele>
      </trkpt>
      <trkpt lat="34.92419" lon="-116.76796">
        <ele>585.0</ele>
      </trkpt>
      <trkpt lat="34.92426" lon="-116.76798">
        <ele>585.0</ele>
      </trkpt>
      <trkpt lat="34.92431" lon="-116.76802">
        <ele>585.0</ele>
      </trkpt>
      <trkpt lat="34.92435" lon="-116.76808">
        <ele>585.0</ele>
      </trkpt>
      <trkpt lat="34.92438" lon="-116.76816">
        <ele>585.04</ele>
      </trkpt>
      <trkpt lat="34.92439" lon="-116.76824">
        <ele>585.41</ele>
      </trkpt>
      <trkpt lat="34.9244" lon="-116.76835">
        <ele>586.0</ele>
      </trkpt>
      <trkpt lat="34.92441" lon="-116.76847">
        <ele>586.0</ele>
      </trkpt>
      <trkpt lat="34.92441" lon="-116.7686">
        <ele>586.55</ele>
      </trkpt>
      <trkpt lat="34.92442" lon="-116.76874">
        <ele>587.29</ele>
      </trkpt>
      <trkpt lat="34.92441" lon="-116.76889">
        <ele>588.01</ele>
      </trkpt>
      <trkpt lat="34.92441" lon="-116.76904">
        <ele>588.86</ele>
      </trkpt>
      <trkpt lat="34.9244" lon="-116.76919">
        <ele>589.64</ele>
      </trkpt>
      <trkpt lat="34.92438" lon="-116.76935">
        <ele>590.3</ele>
      </trkpt>
      <trkpt lat="34.92434" lon="-116.7695">
        <ele>591.0</ele>
      </trkpt>
      <trkpt lat="34.9243" lon="-116.76965">
        <ele>592.0</ele>
      </trkpt>
      <trkpt lat="34.92424" lon="-116.76981">
        <ele>592.75</ele>
      </trkpt>
      <trkpt lat="34.92418" lon="-116.76997">
        <ele>593.0</ele>
      </trkpt>
      <trkpt lat="34.92413" lon="-116.77012">
        <ele>593.72</ele>
      </trkpt>
      <trkpt lat="34.92407" lon="-116.77027">
        <ele>594.0</ele>
      </trkpt>
      <trkpt lat="34.92402" lon="-116.7704">
        <ele>594.6</ele>
      </trkpt>
      <trkpt lat="34.92396" lon="-116.77053">
        <ele>595.0</ele>
      </trkpt>
      <trkpt lat="34.92391" lon="-116.77066">
        <ele>595.33</ele>
      </trkpt>
      <trkpt lat="34.92387" lon="-116.7708">
        <ele>596.0</ele>
      </trkpt>
      <trkpt lat="34.92383" lon="-116.77093">
        <ele>596.39</ele>
      </trkpt>
      <trkpt lat="34.9238" lon="-116.77106">
        <ele>597.02</ele>
      </trkpt>
      <trkpt lat="34.92377" lon="-116.77119">
        <ele>597.61</ele>
      </trkpt>
      <trkpt lat="34.92373" lon="-116.77132">
        <ele>598.07</ele>
      </trkpt>
      <trkpt lat="34.92369" lon="-116.77146">
        <ele>598.77</ele>
      </trkpt>
      <trkpt lat="34.92365" lon="-116.77161">
        <ele>599.16</ele>
      </trkpt>
      <trkpt lat="34.92362" lon="-116.77177">
        <ele>600.01</ele>
      </trkpt>
      <trkpt lat="34.92358" lon="-116.77193">
        <ele>600.56</ele>
      </trkpt>
      <trkpt lat="34.92354" lon="-116.7721">
        <ele>601.16</ele>
      </trkpt>
      <trkpt lat="34.92349" lon="-116.77227">
        <ele>601.85</ele>
      </trkpt>
      <trkpt lat="34.92345" lon="-116.77243">
        <ele>602.44</ele>
      </trkpt>
      <trkpt lat="34.92341" lon="-116.77259">
        <ele>603.0</ele>
      </trkpt>
      <trkpt lat="34.92338" lon="-116.77273">
        <ele>603.74</ele>
      </trkpt>
      <trkpt lat="34.92336" lon="-116.77288">
        <ele>604.36</ele>
      </trkpt>
      <trkpt lat="34.92334" lon="-116.77302">
        <ele>605.04</ele>
      </trkpt>
      <trkpt lat="34.92333" lon="-116.77317">
        <ele>605.97</ele>
      </trkpt>
      <trkpt lat="34.92332" lon="-116.77331">
        <ele>606.64</ele>
      </trkpt>
      <trkpt lat="34.9233" lon="-116.77344">
        <ele>607.1</ele>
      </trkpt>
      <trkpt lat="34.92327" lon="-116.77356">
        <ele>607.62</ele>
      </trkpt>
      <trkpt lat="34.92323" lon="-116.77367">
        <ele>607.96</ele>
      </trkpt>
      <trkpt lat="34.9232" lon="-116.77377">
        <ele>608.72</ele>
      </trkpt>
      <trkpt lat="34.92318" lon="-116.77387">
        <ele>609.27</ele>
      </trkpt>
      <trkpt lat="34.92316" lon="-116.77397">
        <ele>609.89</ele>
      </trkpt>
      <trkpt lat="34.92313" lon="-116.77408">
        <ele>610.06</ele>
      </trkpt>
      <trkpt lat="34.92311" lon="-116.77419">
        <ele>611.0</ele>
      </trkpt>
      <trkpt lat="34.92309" lon="-116.7743">
        <ele>611.16</ele>
      </trkpt>
      <trkpt lat="34.92307" lon="-116.77441">
        <ele>611.69</ele>
      </trkpt>
      <trkpt lat="34.92305" lon="-116.77453">
        <ele>612.0</ele>
      </trkpt>
      <trkpt lat="34.92302" lon="-116.77464">
        <ele>612.66</ele>
      </trkpt>
      <trkpt lat="34.92298" lon="-116.77478">
        <ele>613.11</ele>
      </trkpt>
      <trkpt lat="34.92294" lon="-116.77492">
        <ele>613.75</ele>
      </trkpt>
      <trkpt lat="34.9229" lon="-116.77508">
        <ele>613.91</ele>
      </trkpt>
      <trkpt lat="34.92286" lon="-116.77524">
        <ele>614.53</ele>
      </trkpt>
      <trkpt lat="34.92282" lon="-116.77542">
        <ele>615.24</ele>
      </trkpt>
      <trkpt lat="34.92278" lon="-116.7756">
        <ele>616.01</ele>
      </trkpt>
      <trkpt lat="34.92274" lon="-116.77578">
        <ele>616.25</ele>
      </trkpt>
      <trkpt lat="34.9227" lon="-116.77596">
        <ele>616.47</ele>
      </trkpt>
      <trkpt lat="34.92265" lon="-116.77613">
        <ele>617.13</ele>
      </trkpt>
      <trkpt lat="34.92261" lon="-116.7763">
        <ele>618.01</ele>
      </trkpt>
      <trkpt lat="34.92257" lon="-116.77645">
        <ele>618.5</ele>
      </trkpt>
      <trkpt lat="34.92254" lon="-116.7766">
        <ele>619.0</ele>
      </trkpt>
      <trkpt lat="34.92251" lon="-116.77676">
        <ele>619.12</ele>
      </trkpt>
      <trkpt lat="34.92249" lon="-116.77691">
        <ele>619.89</ele>
      </trkpt>
      <trkpt lat="34.92247" lon="-116.77706">
        <ele>620.68</ele>
      </trkpt>
      <trkpt lat="34.92245" lon="-116.77723">
        <ele>621.04</ele>
      </trkpt>
      <trkpt lat="34.92243" lon="-116.7774">
        <ele>621.24</ele>
      </trkpt>
      <trkpt lat="34.92242" lon="-116.77756">
        <ele>622.09</ele>
      </trkpt>
      <trkpt lat="34.9224" lon="-116.77771">
        <ele>621.94</ele>
      </trkpt>
      <trkpt lat="34.92237" lon="-116.77788">
        <ele>622.6</ele>
      </trkpt>
      <trkpt lat="34.92233" lon="-116.77803">
        <ele>622.16</ele>
      </trkpt>
      <trkpt lat="34.92231" lon="-116.77819">
        <ele>621.97</ele>
      </trkpt>
      <trkpt lat="34.92229" lon="-116.77834">
        <ele>622.73</ele>
      </trkpt>
      <trkpt lat="34.92227" lon="-116.77848">
        <ele>622.52</ele>
      </trkpt>
      <trkpt lat="34.92226" lon="-116.77861">
        <ele>622.41</ele>
      </trkpt>
      <trkpt lat="34.92224" lon="-116.77875">
        <ele>622.0</ele>
      </trkpt>
      <trkpt lat="34.92222" lon="-116.77888">
        <ele>621.09</ele>
      </trkpt>
      <trkpt lat="34.9222" lon="-116.77899">
        <ele>621.0</ele>
      </trkpt>
      <trkpt lat="34.92218" lon="-116.77911">
        <ele>620.82</ele>
      </trkpt>
      <trkpt lat="34.92216" lon="-116.77922">
        <ele>620.33</ele>
      </trkpt>
      <trkpt lat="34.92214" lon="-116.77935">
        <ele>620.11</ele>
      </trkpt>
      <trkpt lat="34.92213" lon="-116.77947">
        <ele>620.0</ele>
      </trkpt>
      <trkpt lat="34.92211" lon="-116.7796">
        <ele>619.25</ele>
      </trkpt>
      <trkpt lat="34.9221" lon="-116.77973">
        <ele>618.97</ele>
      </trkpt>
      <trkpt lat="34.92209" lon="-116.77984">
        <ele>618.57</ele>
      </trkpt>
      <trkpt lat="34.92208" lon="-116.77994">
        <ele>618.46</ele>
      </trkpt>
      <trkpt lat="34.92207" lon="-116.78001">
        <ele>618.36</ele>
      </trkpt>
      <trkpt lat="34.92206" lon="-116.78006">
        <ele>618.25</ele>
      </trkpt>
      <trkpt lat="34.92205" lon="-116.7801">
        <ele>618.14</ele>
      </trkpt>
      <trkpt lat="34.92204" lon="-116.78015">
        <ele>618.03</ele>
      </trkpt>
      <trkpt lat="34.92204" lon="-116.78021">
        <ele>618.03</ele>
      </trkpt>
      <trkpt lat="34.92202" lon="-116.78029">
        <ele>618.11</ele>
      </trkpt>
      <trkpt lat="34.92201" lon="-116.78039">
        <ele>618.71</ele>
      </trkpt>
      <trkpt lat="34.922" lon="-116.78051">
        <ele>618.8</ele>
      </trkpt>
      <trkpt lat="34.92198" lon="-116.78062">
        <ele>619.27</ele>
      </trkpt>
      <trkpt lat="34.92196" lon="-116.78073">
        <ele>619.17</ele>
      </trkpt>
      <trkpt lat="34.92194" lon="-116.78084">
        <ele>619.96</ele>
      </trkpt>
      <trkpt lat="34.92192" lon="-116.78095">
        <ele>620.19</ele>
      </trkpt>
      <trkpt lat="34.9219" lon="-116.78105">
        <ele>620.68</ele>
      </trkpt>
      <trkpt lat="34.92187" lon="-116.78115">
        <ele>621.08</ele>
      </trkpt>
      <trkpt lat="34.92183" lon="-116.78125">
        <ele>620.88</ele>
      </trkpt>
      <trkpt lat="34.9218" lon="-116.78137">
        <ele>621.35</ele>
      </trkpt>
      <trkpt lat="34.92174" lon="-116.78147">
        <ele>621.67</ele>
      </trkpt>
      <trkpt lat="34.92169" lon="-116.78158">
        <ele>621.25</ele>
      </trkpt>
      <trkpt lat="34.92164" lon="-116.78169">
        <ele>621.18</ele>
      </trkpt>
      <trkpt lat="34.92159" lon="-116.78181">
        <ele>621.63</ele>
      </trkpt>
      <trkpt lat="34.92153" lon="-116.78192">
        <ele>621.52</ele>
      </trkpt>
      <trkpt lat="34.92147" lon="-116.78204">
        <ele>621.88</ele>
      </trkpt>
      <trkpt lat="34.92141" lon="-116.78215">
        <ele>621.45</ele>
      </trkpt>
      <trkpt lat="34.92135" lon="-116.78225">
        <ele>621.58</ele>
      </trkpt>
      <trkpt lat="34.9213" lon="-116.78234">
        <ele>621.04</ele>
      </trkpt>
      <trkpt lat="34.92126" lon="-116.78243">
        <ele>621.15</ele>
      </trkpt>
      <trkpt lat="34.92121" lon="-116.78253">
        <ele>621.07</ele>
      </trkpt>
      <trkpt lat="34.92114" lon="-116.78263">
        <ele>620.72</ele>
      </trkpt>
      <trkpt lat="34.92107" lon="-116.78273">
        <ele>620.56</ele>
      </trkpt>
      <trkpt lat="34.921" lon="-116.78284">
        <ele>620.47</ele>
      </trkpt>
      <trkpt lat="34.92094" lon="-116.78296">
        <ele>620.97</ele>
      </trkpt>
      <trkpt lat="34.92087" lon="-116.78307">
        <ele>620.55</ele>
      </trkpt>
      <trkpt lat="34.92079" lon="-116.78319">
        <ele>620.53</ele>
      </trkpt>
      <trkpt lat="34.92072" lon="-116.7833">
        <ele>620.5</ele>
      </trkpt>
      <trkpt lat="34.92066" lon="-116.78341">
        <ele>620.85</ele>
      </trkpt>
      <trkpt lat="34.92059" lon="-116.78353">
        <ele>620.45</ele>
      </trkpt>
      <trkpt lat="34.92052" lon="-116.78364">
        <ele>620.62</ele>
      </trkpt>
      <trkpt lat="34.92045" lon="-116.78376">
        <ele>620.47</ele>
      </trkpt>
      <trkpt lat="34.92037" lon="-116.78387">
        <ele>620.0</ele>
      </trkpt>
      <trkpt lat="34.92028" lon="-116.78398">
        <ele>620.01</ele>
      </trkpt>
      <trkpt lat="34.92021" lon="-116.78409">
        <ele>620.05</ele>
      </trkpt>
      <trkpt lat="34.92015" lon="-116.78421">
        <ele>619.8</ele>
      </trkpt>
      <trkpt lat="34.92009" lon="-116.78431">
        <ele>619.97</ele>
      </trkpt>
      <trkpt lat="34.92004" lon="-116.78439">
        <ele>619.67</ele>
      </trkpt>
      <trkpt lat="34.91999" lon="-116.78447">
        <ele>619.89</ele>
      </trkpt>
      <trkpt lat="34.91994" lon="-116.78454">
        <ele>619.38</ele>
      </trkpt>
      <trkpt lat="34.9199" lon="-116.78462">
        <ele>619.82</ele>
      </trkpt>
      <trkpt lat="34.91986" lon="-116.78467">
        <ele>619.71</ele>
      </trkpt>
      <trkpt lat="34.91983" lon="-116.78472">
        <ele>619.98</ele>
      </trkpt>
      <trkpt lat="34.91977" lon="-116.78478">
        <ele>619.52</ele>
      </trkpt>
      <trkpt lat="34.91973" lon="-116.78484">
        <ele>619.33</ele>
      </trkpt>
      <trkpt lat="34.91969" lon="-116.7849">
        <ele>619.6</ele>
      </trkpt>
      <trkpt lat="34.91965" lon="-116.78498">
        <ele>619.22</ele>
      </trkpt>
      <trkpt lat="34.91961" lon="-116.78506">
        <ele>619.51</ele>
      </trkpt>
      <trkpt lat="34.91956" lon="-116.78512">
        <ele>619.25</ele>
      </trkpt>
      <trkpt lat="34.91952" lon="-116.7852">
        <ele>619.13</ele>
      </trkpt>
      <trkpt lat="34.91947" lon="-116.78527">
        <ele>619.25</ele>
      </trkpt>
      <trkpt lat="34.91943" lon="-116.78534">
        <ele>619.52</ele>
      </trkpt>
      <trkpt lat="34.91939" lon="-116.78542">
        <ele>619.41</ele>
      </trkpt>
      <trkpt lat="34.91935" lon="-116.78549">
        <ele>619.27</ele>
      </trkpt>
      <trkpt lat="34.91931" lon="-116.78556">
        <ele>619.55</ele>
      </trkpt>
      <trkpt lat="34.91928" lon="-116.78562">
        <ele>619.22</ele>
      </trkpt>
      <trkpt lat="34.91924" lon="-116.78568">
        <ele>618.86</ele>
      </trkpt>
      <trkpt lat="34.9192" lon="-116.78574">
        <ele>618.99</ele>
      </trkpt>
      <trkpt lat="34.91915" lon="-116.7858">
        <ele>618.82</ele>
      </trkpt>
      <trkpt lat="34.9191" lon="-116.78587">
        <ele>618.57</ele>
      </trkpt>
      <trkpt lat="34.91906" lon="-116.78594">
        <ele>618.85</ele>
      </trkpt>
      <trkpt lat="34.91902" lon="-116.78601">
        <ele>618.42</ele>
      </trkpt>
      <trkpt lat="34.91898" lon="-116.78608">
        <ele>618.65</ele>
      </trkpt>
      <trkpt lat="34.91894" lon="-116.78614">
        <ele>618.55</ele>
      </trkpt>
      <trkpt lat="34.91891" lon="-116.78621">
        <ele>618.28</ele>
      </trkpt>
      <trkpt lat="34.91886" lon="-116.78628">
        <ele>618.51</ele>
      </trkpt>
      <trkpt lat="34.91882" lon="-116.78634">
        <ele>618.26</ele>
      </trkpt>
      <trkpt lat="34.91878" lon="-116.7864">
        <ele>618.1</ele>
      </trkpt>
      <trkpt lat="34.91874" lon="-116.78646">
        <ele>618.3</ele>
      </trkpt>
      <trkpt lat="34.91869" lon="-116.78653">
        <ele>617.93</ele>
      </trkpt>
      <trkpt lat="34.91865" lon="-116.78661">
        <ele>618.16</ele>
      </trkpt>
      <trkpt lat="34.91861" lon="-116.78669">
        <ele>617.99</ele>
      </trkpt>
      <trkpt lat="34.91856" lon="-116.78677">
        <ele>617.56</ele>
      </trkpt>
      <trkpt lat="34.91852" lon="-116.78686">
        <ele>618.02</ele>
      </trkpt>
      <trkpt lat="34.91847" lon="-116.78694">
        <ele>617.48</ele>
      </trkpt>
      <trkpt lat="34.91841" lon="-116.78703">
        <ele>617.77</ele>
      </trkpt>
      <trkpt lat="34.91836" lon="-116.78712">
        <ele>617.93</ele>
      </trkpt>
      <trkpt lat="34.91831" lon="-116.78721">
        <ele>617.75</ele>
      </trkpt>
      <trkpt lat="34.91825" lon="-116.7873">
        <ele>617.94</ele>
      </trkpt>
      <trkpt lat="34.91819" lon="-116.78737">
        <ele>617.78</ele>
      </trkpt>
      <trkpt lat="34.91812" lon="-116.78746">
        <ele>617.87</ele>
      </trkpt>
      <trkpt lat="34.91807" lon="-116.78755">
        <ele>618.08</ele>
      </trkpt>
      <trkpt lat="34.918" lon="-116.78763">
        <ele>618.16</ele>
      </trkpt>
      <trkpt lat="34.91795" lon="-116.78772">
        <ele>617.91</ele>
      </trkpt>
      <trkpt lat="34.91791" lon="-116.78781">
        <ele>618.15</ele>
      </trkpt>
      <trkpt lat="34.91785" lon="-116.7879">
        <ele>618.25</ele>
      </trkpt>
      <trkpt lat="34.91779" lon="-116.78798">
        <ele>618.13</ele>
      </trkpt>
      <trkpt lat="34.91774" lon="-116.78807">
        <ele>618.09</ele>
      </trkpt>
      <trkpt lat="34.91769" lon="-116.78817">
        <ele>618.05</ele>
      </trkpt>
      <trkpt lat="34.91763" lon="-116.78826">
        <ele>618.08</ele>
      </trkpt>
      <trkpt lat="34.91758" lon="-116.78836">
        <ele>617.9</ele>
      </trkpt>
      <trkpt lat="34.91752" lon="-116.78845">
        <ele>618.06</ele>
      </trkpt>
      <trkpt lat="34.91745" lon="-116.78854">
        <ele>617.46</ele>
      </trkpt>
      <trkpt lat="34.91741" lon="-116.78863">
        <ele>617.23</ele>
      </trkpt>
      <trkpt lat="34.91736" lon="-116.78872">
        <ele>617.49</ele>
      </trkpt>
      <trkpt lat="34.91729" lon="-116.78882">
        <ele>617.19</ele>
      </trkpt>
      <trkpt lat="34.91724" lon="-116.7889">
        <ele>617.19</ele>
      </trkpt>
      <trkpt lat="34.91718" lon="-116.789">
        <ele>616.74</ele>
      </trkpt>
      <trkpt lat="34.91712" lon="-116.7891">
        <ele>616.9</ele>
      </trkpt>
      <trkpt lat="34.91708" lon="-116.7892">
        <ele>616.66</ele>
      </trkpt>
      <trkpt lat="34.91703" lon="-116.78929">
        <ele>616.92</ele>
      </trkpt>
      <trkpt lat="34.91698" lon="-116.78938">
        <ele>616.57</ele>
      </trkpt>
      <trkpt lat="34.91693" lon="-116.78949">
        <ele>616.84</ele>
      </trkpt>
      <trkpt lat="34.91689" lon="-116.7896">
        <ele>616.41</ele>
      </trkpt>
      <trkpt lat="34.91686" lon="-116.7897">
        <ele>616.78</ele>
      </trkpt>
      <trkpt lat="34.91683" lon="-116.78979">
        <ele>616.76</ele>
      </trkpt>
      <trkpt lat="34.9168" lon="-116.78987">
        <ele>616.44</ele>
      </trkpt>
      <trkpt lat="34.91677" lon="-116.78994">
        <ele>616.12</ele>
      </trkpt>
      <trkpt lat="34.91674" lon="-116.79003">
        <ele>616.12</ele>
      </trkpt>
      <trkpt lat="34.91672" lon="-116.79012">
        <ele>616.58</ele>
      </trkpt>
      <trkpt lat="34.9167" lon="-116.79021">
        <ele>616.36</ele>
      </trkpt>
      <trkpt lat="34.91668" lon="-116.79032">
        <ele>616.53</ele>
      </trkpt>
      <trkpt lat="34.91667" lon="-116.79042">
        <ele>617.02</ele>
      </trkpt>
      <trkpt lat="34.91665" lon="-116.79052">
        <ele>616.82</ele>
      </trkpt>
      <trkpt lat="34.91664" lon="-116.79063">
        <ele>616.71</ele>
      </trkpt>
      <trkpt lat="34.91663" lon="-116.79073">
        <ele>616.6</ele>
      </trkpt>
      <trkpt lat="34.91662" lon="-116.79083">
        <ele>616.98</ele>
      </trkpt>
      <trkpt lat="34.91662" lon="-116.79092">
        <ele>617.0</ele>
      </trkpt>
      <trkpt lat="34.91661" lon="-116.79101">
        <ele>617.0</ele>
      </trkpt>
      <trkpt lat="34.9166" lon="-116.79109">
        <ele>617.22</ele>
      </trkpt>
      <trkpt lat="34.9166" lon="-116.79117">
        <ele>617.28</ele>
      </trkpt>
      <trkpt lat="34.9166" lon="-116.79125">
        <ele>617.28</ele>
      </trkpt>
      <trkpt lat="34.9166" lon="-116.79134">
        <ele>617.28</ele>
      </trkpt>
      <trkpt lat="34.91661" lon="-116.79141">
        <ele>617.53</ele>
      </trkpt>
      <trkpt lat="34.91662" lon="-116.79151">
        <ele>618.0</ele>
      </trkpt>
      <trkpt lat="34.91664" lon="-116.79162">
        <ele>618.35</ele>
      </trkpt>
      <trkpt lat="34.91666" lon="-116.79172">
        <ele>618.93</ele>
      </trkpt>
      <trkpt lat="34.91667" lon="-116.79181">
        <ele>619.04</ele>
      </trkpt>
      <trkpt lat="34.91668" lon="-116.79188">
        <ele>619.14</ele>
      </trkpt>
      <trkpt lat="34.91669" lon="-116.79197">
        <ele>619.25</ele>
      </trkpt>
      <trkpt lat="34.9167" lon="-116.79205">
        <ele>619.36</ele>
      </trkpt>
      <trkpt lat="34.91671" lon="-116.79214">
        <ele>619.47</ele>
      </trkpt>
      <trkpt lat="34.91672" lon="-116.79223">
        <ele>619.58</ele>
      </trkpt>
      <trkpt lat="34.91673" lon="-116.79232">
        <ele>619.68</ele>
      </trkpt>
      <trkpt lat="34.91674" lon="-116.79241">
        <ele>619.79</ele>
      </trkpt>
      <trkpt lat="34.91676" lon="-116.7925">
        <ele>620.01</ele>
      </trkpt>
      <trkpt lat="34.91678" lon="-116.7926">
        <ele>620.22</ele>
      </trkpt>
      <trkpt lat="34.91679" lon="-116.7927">
        <ele>620.33</ele>
      </trkpt>
      <trkpt lat="34.91681" lon="-116.7928">
        <ele>620.55</ele>
      </trkpt>
      <trkpt lat="34.91682" lon="-116.79289">
        <ele>620.66</ele>
      </trkpt>
      <trkpt lat="34.91684" lon="-116.79297">
        <ele>620.87</ele>
      </trkpt>
      <trkpt lat="34.91686" lon="-116.79305">
        <ele>621.09</ele>
      </trkpt>
      <trkpt lat="34.91688" lon="-116.79312">
        <ele>621.3</ele>
      </trkpt>
      <trkpt lat="34.91689" lon="-116.79318">
        <ele>621.41</ele>
      </trkpt>
      <trkpt lat="34.91691" lon="-116.79325">
        <ele>621.63</ele>
      </trkpt>
      <trkpt lat="34.91693" lon="-116.79332">
        <ele>621.84</ele>
      </trkpt>
      <trkpt lat="34.91696" lon="-116.7934">
        <ele>622.17</ele>
      </trkpt>
      <trkpt lat="34.91698" lon="-116.79347">
        <ele>622.38</ele>
      </trkpt>
      <trkpt lat="34.91701" lon="-116.79355">
        <ele>622.71</ele>
      </trkpt>
      <trkpt lat="34.91704" lon="-116.79364">
        <ele>623.03</ele>
      </trkpt>
      <trkpt lat="34.91708" lon="-116.79372">
        <ele>623.38</ele>
      </trkpt>
      <trkpt lat="34.91711" lon="-116.79377">
        <ele>623.22</ele>
      </trkpt>
      <trkpt lat="34.91713" lon="-116.79382">
        <ele>623.0</ele>
      </trkpt>
      <trkpt lat="34.91715" lon="-116.79386">
        <ele>623.22</ele>
      </trkpt>
      <trkpt lat="34.91717" lon="-116.7939">
        <ele>623.44</ele>
      </trkpt>
      <trkpt lat="34.9172" lon="-116.79394">
        <ele>623.76</ele>
      </trkpt>
      <trkpt lat="34.91722" lon="-116.794">
        <ele>623.98</ele>
      </trkpt>
      <trkpt lat="34.91724" lon="-116.79405">
        <ele>624.19</ele>
      </trkpt>
      <trkpt lat="34.91727" lon="-116.79411">
        <ele>624.52</ele>
      </trkpt>
      <trkpt lat="34.91731" lon="-116.79416">
        <ele>624.95</ele>
      </trkpt>
      <trkpt lat="34.91734" lon="-116.79421">
        <ele>625.14</ele>
      </trkpt>
      <trkpt lat="34.91736" lon="-116.79427">
        <ele>625.0</ele>
      </trkpt>
      <trkpt lat="34.91736" lon="-116.79434">
        <ele>625.0</ele>
      </trkpt>
      <trkpt lat="34.91736" lon="-116.7944">
        <ele>625.0</ele>
      </trkpt>
      <trkpt lat="34.91734" lon="-116.79444">
        <ele>625.0</ele>
      </trkpt>
      <trkpt lat="34.9173" lon="-116.79446">
        <ele>624.7</ele>
      </trkpt>
      <trkpt lat="34.91726" lon="-116.79447">
        <ele>624.3</ele>
      </trkpt>
      <trkpt lat="34.9172" lon="-116.79448">
        <ele>623.76</ele>
      </trkpt>
      <trkpt lat="34.91713" lon="-116.79448">
        <ele>623.0</ele>
      </trkpt>
      <trkpt lat="34.91705" lon="-116.79449">
        <ele>622.14</ele>
      </trkpt>
      <trkpt lat="34.91696" lon="-116.79449">
        <ele>621.17</ele>
      </trkpt>
      <trkpt lat="34.91688" lon="-116.79449">
        <ele>620.3</ele>
      </trkpt>
      <trkpt lat="34.91678" lon="-116.79449">
        <ele>619.22</ele>
      </trkpt>
      <trkpt lat="34.91668" lon="-116.79449">
        <ele>619.0</ele>
      </trkpt>
      <trkpt lat="34.9166" lon="-116.79449">
        <ele>618.28</ele>
      </trkpt>
      <trkpt lat="34.91651" lon="-116.79449">
        <ele>617.31</ele>
      </trkpt>
      <trkpt lat="34.91643" lon="-116.79448">
        <ele>616.44</ele>
      </trkpt>
      <trkpt lat="34.91634" lon="-116.79448">
        <ele>615.47</ele>
      </trkpt>
      <trkpt lat="34.91625" lon="-116.79447">
        <ele>615.0</ele>
      </trkpt>
      <trkpt lat="34.91618" lon="-116.79447">
        <ele>614.74</ele>
      </trkpt>
      <trkpt lat="34.91609" lon="-116.79446">
        <ele>613.77</ele>
      </trkpt>
      <trkpt lat="34.91602" lon="-116.79446">
        <ele>613.02</ele>
      </trkpt>
      <trkpt lat="34.91594" lon="-116.79446">
        <ele>612.15</ele>
      </trkpt>
      <trkpt lat="34.91587" lon="-116.79446">
        <ele>611.4</ele>
      </trkpt>
      <trkpt lat="34.91579" lon="-116.79447">
        <ele>611.0</ele>
      </trkpt>
      <trkpt lat="34.91573" lon="-116.79448">
        <ele>610.88</ele>
      </trkpt>
      <trkpt lat="34.91566" lon="-116.7945">
        <ele>610.13</ele>
      </trkpt>
      <trkpt lat="34.91559" lon="-116.79455">
        <ele>609.37</ele>
      </trkpt>
      <trkpt lat="34.91553" lon="-116.79462">
        <ele>609.0</ele>
      </trkpt>
      <trkpt lat="34.91548" lon="-116.79472">
        <ele>609.18</ele>
      </trkpt>
      <trkpt lat="34.91545" lon="-116.79482">
        <ele>608.86</ele>
      </trkpt>
      <trkpt lat="34.91542" lon="-116.79491">
        <ele>608.54</ele>
      </trkpt>
      <trkpt lat="34.9154" lon="-116.79501">
        <ele>608.32</ele>
      </trkpt>
      <trkpt lat="34.91537" lon="-116.79511">
        <ele>608.0</ele>
      </trkpt>
      <trkpt lat="34.91536" lon="-116.79521">
        <ele>607.89</ele>
      </trkpt>
      <trkpt lat="34.91534" lon="-116.7953">
        <ele>607.67</ele>
      </trkpt>
      <trkpt lat="34.91533" lon="-116.79538">
        <ele>607.56</ele>
      </trkpt>
      <trkpt lat="34.91532" lon="-116.79545">
        <ele>607.46</ele>
      </trkpt>
      <trkpt lat="34.91531" lon="-116.79551">
        <ele>607.35</ele>
      </trkpt>
      <trkpt lat="34.91528" lon="-116.79556">
        <ele>607.07</ele>
      </trkpt>
      <trkpt lat="34.91524" lon="-116.79559">
        <ele>607.22</ele>
      </trkpt>
      <trkpt lat="34.9152" lon="-116.79559">
        <ele>607.06</ele>
      </trkpt>
      <trkpt lat="34.91516" lon="-116.79559">
        <ele>606.73</ele>
      </trkpt>
      <trkpt lat="34.91509" lon="-116.79558">
        <ele>605.97</ele>
      </trkpt>
      <trkpt lat="34.91502" lon="-116.79557">
        <ele>605.22</ele>
      </trkpt>
      <trkpt lat="34.91494" lon="-116.79556">
        <ele>605.0</ele>
      </trkpt>
      <trkpt lat="34.91486" lon="-116.79556">
        <ele>604.49</ele>
      </trkpt>
      <trkpt lat="34.91479" lon="-116.79556">
        <ele>603.73</ele>
      </trkpt>
      <trkpt lat="34.91472" lon="-116.79556">
        <ele>603.0</ele>
      </trkpt>
      <trkpt lat="34.91465" lon="-116.79556">
        <ele>603.0</ele>
      </trkpt>
      <trkpt lat="34.91457" lon="-116.79556">
        <ele>602.36</ele>
      </trkpt>
      <trkpt lat="34.91449" lon="-116.79557">
        <ele>602.0</ele>
      </trkpt>
      <trkpt lat="34.91442" lon="-116.79557">
        <ele>601.74</ele>
      </trkpt>
      <trkpt lat="34.91435" lon="-116.79557">
        <ele>601.0</ele>
      </trkpt>
      <trkpt lat="34.91427" lon="-116.79557">
        <ele>601.0</ele>
      </trkpt>
      <trkpt lat="34.91418" lon="-116.79556">
        <ele>600.14</ele>
      </trkpt>
      <trkpt lat="34.91409" lon="-116.79555">
        <ele>599.17</ele>
      </trkpt>
      <trkpt lat="34.914" lon="-116.79554">
        <ele>599.0</ele>
      </trkpt>
      <trkpt lat="34.91393" lon="-116.79554">
        <ele>598.44</ele>
      </trkpt>
      <trkpt lat="34.91385" lon="-116.79554">
        <ele>598.0</ele>
      </trkpt>
      <trkpt lat="34.91379" lon="-116.79554">
        <ele>597.93</ele>
      </trkpt>
      <trkpt lat="34.91373" lon="-116.79554">
        <ele>597.28</ele>
      </trkpt>
      <trkpt lat="34.91369" lon="-116.79556">
        <ele>597.0</ele>
      </trkpt>
      <trkpt lat="34.91365" lon="-116.79557">
        <ele>597.0</ele>
      </trkpt>
      <trkpt lat="34.91362" lon="-116.79558">
        <ele>597.0</ele>
      </trkpt>
      <trkpt lat="34.91359" lon="-116.79561">
        <ele>596.77</ele>
      </trkpt>
      <trkpt lat="34.91357" lon="-116.79564">
        <ele>596.56</ele>
      </trkpt>
      <trkpt lat="34.91358" lon="-116.79568">
        <ele>596.44</ele>
      </trkpt>
      <trkpt lat="34.9136" lon="-116.79572">
        <ele>596.2</ele>
      </trkpt>
      <trkpt lat="34.91361" lon="-116.79574">
        <ele>596.01</ele>
      </trkpt>
      <trkpt lat="34.91363" lon="-116.79577">
        <ele>596.2</ele>
      </trkpt>
      <trkpt lat="34.91366" lon="-116.79579">
        <ele>596.53</ele>
      </trkpt>
      <trkpt lat="34.91369" lon="-116.79581">
        <ele>596.85</ele>
      </trkpt>
      <trkpt lat="34.91373" lon="-116.79583">
        <ele>597.01</ele>
      </trkpt>
      <trkpt lat="34.91377" lon="-116.79584">
        <ele>597.0</ele>
      </trkpt>
      <trkpt lat="34.91382" lon="-116.79586">
        <ele>597.26</ele>
      </trkpt>
      <trkpt lat="34.91387" lon="-116.79586">
        <ele>597.8</ele>
      </trkpt>
      <trkpt lat="34.91392" lon="-116.79587">
        <ele>598.34</ele>
      </trkpt>
      <trkpt lat="34.91397" lon="-116.79588">
        <ele>598.88</ele>
      </trkpt>
      <trkpt lat="34.91402" lon="-116.79588">
        <ele>599.0</ele>
      </trkpt>
      <trkpt lat="34.91407" lon="-116.79588">
        <ele>599.0</ele>
      </trkpt>
      <trkpt lat="34.91411" lon="-116.79588">
        <ele>599.39</ele>
      </trkpt>
      <trkpt lat="34.91416" lon="-116.79589">
        <ele>599.93</ele>
      </trkpt>
      <trkpt lat="34.9142" lon="-116.79589">
        <ele>600.0</ele>
      </trkpt>
      <trkpt lat="34.91424" lon="-116.79589">
        <ele>600.0</ele>
      </trkpt>
      <trkpt lat="34.91428" lon="-116.79589">
        <ele>600.22</ele>
      </trkpt>
      <trkpt lat="34.91432" lon="-116.7959">
        <ele>600.66</ele>
      </trkpt>
      <trkpt lat="34.91436" lon="-116.7959">
        <ele>601.09</ele>
      </trkpt>
      <trkpt lat="34.91441" lon="-116.79591">
        <ele>601.63</ele>
      </trkpt>
      <trkpt lat="34.91446" lon="-116.79591">
        <ele>602.0</ele>
      </trkpt>
      <trkpt lat="34.91451" lon="-116.79592">
        <ele>602.0</ele>
      </trkpt>
      <trkpt lat="34.91457" lon="-116.79592">
        <ele>602.36</ele>
      </trkpt>
      <trkpt lat="34.91462" lon="-116.79592">
        <ele>602.9</ele>
      </trkpt>
      <trkpt lat="34.91467" lon="-116.79592">
        <ele>603.44</ele>
      </trkpt>
      <trkpt lat="34.91473" lon="-116.79593">
        <ele>604.0</ele>
      </trkpt>
      <trkpt lat="34.91479" lon="-116.79595">
        <ele>604.0</ele>
      </trkpt>
      <trkpt lat="34.91484" lon="-116.79597">
        <ele>604.27</ele>
      </trkpt>
      <trkpt lat="34.9149" lon="-116.796">
        <ele>604.92</ele>
      </trkpt>
      <trkpt lat="34.91496" lon="-116.79602">
        <ele>605.57</ele>
      </trkpt>
      <trkpt lat="34.91501" lon="-116.79604">
        <ele>606.0</ele>
      </trkpt>
      <trkpt lat="34.91505" lon="-116.79609">
        <ele>606.0</ele>
      </trkpt>
      <trkpt lat="34.91509" lon="-116.79614">
        <ele>605.99</ele>
      </trkpt>
      <trkpt lat="34.91512" lon="-116.79622">
        <ele>606.3</ele>
      </trkpt>
      <trkpt lat="34.91514" lon="-116.7963">
        <ele>606.51</ele>
      </trkpt>
      <trkpt lat="34.91515" lon="-116.79638">
        <ele>606.62</ele>
      </trkpt>
      <trkpt lat="34.91515" lon="-116.79647">
        <ele>606.62</ele>
      </trkpt>
      <trkpt lat="34.91514" lon="-116.79656">
        <ele>606.51</ele>
      </trkpt>
      <trkpt lat="34.91513" lon="-116.79665">
        <ele>606.4</ele>
      </trkpt>
      <trkpt lat="34.91511" lon="-116.79674">
        <ele>606.04</ele>
      </trkpt>
      <trkpt lat="34.91509" lon="-116.79683">
        <ele>605.23</ele>
      </trkpt>
      <trkpt lat="34.91507" lon="-116.79689">
        <ele>604.9</ele>
      </trkpt>
      <trkpt lat="34.91504" lon="-116.79694">
        <ele>604.46</ele>
      </trkpt>
      <trkpt lat="34.91501" lon="-116.79697">
        <ele>604.11</ele>
      </trkpt>
      <trkpt lat="34.91497" lon="-116.797">
        <ele>604.0</ele>
      </trkpt>
      <trkpt lat="34.91492" lon="-116.79703">
        <ele>604.0</ele>
      </trkpt>
      <trkpt lat="34.91487" lon="-116.79705">
        <ele>603.51</ele>
      </trkpt>
      <trkpt lat="34.91481" lon="-116.79708">
        <ele>602.98</ele>
      </trkpt>
      <trkpt lat="34.91475" lon="-116.79711">
        <ele>602.45</ele>
      </trkpt>
      <trkpt lat="34.91469" lon="-116.79714">
        <ele>602.0</ele>
      </trkpt>
      <trkpt lat="34.91463" lon="-116.79716">
        <ele>602.0</ele>
      </trkpt>
      <trkpt lat="34.91458" lon="-116.79719">
        <ele>601.65</ele>
      </trkpt>
      <trkpt lat="34.91452" lon="-116.79721">
        <ele>601.11</ele>
      </trkpt>
      <trkpt lat="34.91445" lon="-116.79724">
        <ele>601.0</ele>
      </trkpt>
      <trkpt lat="34.91439" lon="-116.79726">
        <ele>600.41</ele>
      </trkpt>
      <trkpt lat="34.91432" lon="-116.79729">
        <ele>600.0</ele>
      </trkpt>
      <trkpt lat="34.91424" lon="-116.79731">
        <ele>599.8</ele>
      </trkpt>
      <trkpt lat="34.91417" lon="-116.79733">
        <ele>599.04</ele>
      </trkpt>
      <trkpt lat="34.9141" lon="-116.79735">
        <ele>599.0</ele>
      </trkpt>
      <trkpt lat="34.91405" lon="-116.79738">
        <ele>598.74</ele>
      </trkpt>
      <trkpt lat="34.91399" lon="-116.7974">
        <ele>598.09</ele>
      </trkpt>
      <trkpt lat="34.91393" lon="-116.79741">
        <ele>598.0</ele>
      </trkpt>
      <trkpt lat="34.91386" lon="-116.79743">
        <ele>597.69</ele>
      </trkpt>
      <trkpt lat="34.9138" lon="-116.79744">
        <ele>597.04</ele>
      </trkpt>
      <trkpt lat="34.91373" lon="-116.79746">
        <ele>597.0</ele>
      </trkpt>
      <trkpt lat="34.91365" lon="-116.79749">
        <ele>596.42</ele>
      </trkpt>
      <trkpt lat="34.91359" lon="-116.79751">
        <ele>596.0</ele>
      </trkpt>
      <trkpt lat="34.91353" lon="-116.79753">
        <ele>596.0</ele>
      </trkpt>
      <trkpt lat="34.91349" lon="-116.79756">
        <ele>595.69</ele>
      </trkpt>
      <trkpt lat="34.91347" lon="-116.7976">
        <ele>595.44</ele>
      </trkpt>
      <trkpt lat="34.91346" lon="-116.79764">
        <ele>595.18</ele>
      </trkpt>
      <trkpt lat="34.91346" lon="-116.7977">
        <ele>595.0</ele>
      </trkpt>
      <trkpt lat="34.91346" lon="-116.79775">
        <ele>595.0</ele>
      </trkpt>
      <trkpt lat="34.91347" lon="-116.7978">
        <ele>595.0</ele>
      </trkpt>
      <trkpt lat="34.91349" lon="-116.79784">
        <ele>595.0</ele>
      </trkpt>
      <trkpt lat="34.91353" lon="-116.79789">
        <ele>595.1</ele>
      </trkpt>
      <trkpt lat="34.91355" lon="-116.79793">
        <ele>595.12</ele>
      </trkpt>
      <trkpt lat="34.91357" lon="-116.79797">
        <ele>595.0</ele>
      </trkpt>
      <trkpt lat="34.9136" lon="-116.79801">
        <ele>595.0</ele>
      </trkpt>
      <trkpt lat="34.91363" lon="-116.79806">
        <ele>595.19</ele>
      </trkpt>
      <trkpt lat="34.91366" lon="-116.7981">
        <ele>595.27</ele>
      </trkpt>
      <trkpt lat="34.91368" lon="-116.79814">
        <ele>595.07</ele>
      </trkpt>
      <trkpt lat="34.91372" lon="-116.79819">
        <ele>595.1</ele>
      </trkpt>
      <trkpt lat="34.91376" lon="-116.79826">
        <ele>595.0</ele>
      </trkpt>
      <trkpt lat="34.91379" lon="-116.79832">
        <ele>595.0</ele>
      </trkpt>
      <trkpt lat="34.91382" lon="-116.79839">
        <ele>595.0</ele>
      </trkpt>
      <trkpt lat="34.91385" lon="-116.79846">
        <ele>595.0</ele>
      </trkpt>
      <trkpt lat="34.91387" lon="-116.79852">
        <ele>595.0</ele>
      </trkpt>
      <trkpt lat="34.91389" lon="-116.79858">
        <ele>595.0</ele>
      </trkpt>
      <trkpt lat="34.91391" lon="-116.79864">
        <ele>594.76</ele>
      </trkpt>
      <trkpt lat="34.91393" lon="-116.7987">
        <ele>594.47</ele>
      </trkpt>
      <trkpt lat="34.91395" lon="-116.79878">
        <ele>594.66</ele>
      </trkpt>
      <trkpt lat="34.91397" lon="-116.79886">
        <ele>594.27</ele>
      </trkpt>
      <trkpt lat="34.91399" lon="-116.79893">
        <ele>594.05</ele>
      </trkpt>
      <trkpt lat="34.91402" lon="-116.79901">
        <ele>594.0</ele>
      </trkpt>
      <trkpt lat="34.91403" lon="-116.79909">
        <ele>593.92</ele>
      </trkpt>
      <trkpt lat="34.91405" lon="-116.79916">
        <ele>593.76</ele>
      </trkpt>
      <trkpt lat="34.91407" lon="-116.79924">
        <ele>593.2</ele>
      </trkpt>
      <trkpt lat="34.91408" lon="-116.79931">
        <ele>593.06</ele>
      </trkpt>
      <trkpt lat="34.9141" lon="-116.79937">
        <ele>593.28</ele>
      </trkpt>
      <trkpt lat="34.91411" lon="-116.79943">
        <ele>593.39</ele>
      </trkpt>
      <trkpt lat="34.91413" lon="-116.79949">
        <ele>593.6</ele>
      </trkpt>
      <trkpt lat="34.91415" lon="-116.79958">
        <ele>593.82</ele>
      </trkpt>
      <trkpt lat="34.91418" lon="-116.79968">
        <ele>594.14</ele>
      </trkpt>
      <trkpt lat="34.91422" lon="-116.7998">
        <ele>594.58</ele>
      </trkpt>
      <trkpt lat="34.91426" lon="-116.79993">
        <ele>595.0</ele>
      </trkpt>
      <trkpt lat="34.91429" lon="-116.80006">
        <ele>595.33</ele>
      </trkpt>
      <trkpt lat="34.91434" lon="-116.80018">
        <ele>595.87</ele>
      </trkpt>
      <trkpt lat="34.91438" lon="-116.80034">
        <ele>596.0</ele>
      </trkpt>
      <trkpt lat="34.91443" lon="-116.80049">
        <ele>596.84</ele>
      </trkpt>
      <trkpt lat="34.91448" lon="-116.80065">
        <ele>597.0</ele>
      </trkpt>
      <trkpt lat="34.91452" lon="-116.8008">
        <ele>597.0</ele>
      </trkpt>
      <trkpt lat="34.91457" lon="-116.80095">
        <ele>597.0</ele>
      </trkpt>
      <trkpt lat="34.91462" lon="-116.80108">
        <ele>597.0</ele>
      </trkpt>
      <trkpt lat="34.91467" lon="-116.80121">
        <ele>597.44</ele>
      </trkpt>
      <trkpt lat="34.9147" lon="-116.80134">
        <ele>597.76</ele>
      </trkpt>
      <trkpt lat="34.91474" lon="-116.80145">
        <ele>598.0</ele>
      </trkpt>
      <trkpt lat="34.91477" lon="-116.80155">
        <ele>598.0</ele>
      </trkpt>
      <trkpt lat="34.91479" lon="-116.80165">
        <ele>598.0</ele>
      </trkpt>
      <trkpt lat="34.91481" lon="-116.80175">
        <ele>598.0</ele>
      </trkpt>
      <trkpt lat="34.91484" lon="-116.80184">
        <ele>598.91</ele>
      </trkpt>
      <trkpt lat="34.91486" lon="-116.80194">
        <ele>599.46</ele>
      </trkpt>
      <trkpt lat="34.91488" lon="-116.80203">
        <ele>599.98</ele>
      </trkpt>
      <trkpt lat="34.91491" lon="-116.80213">
        <ele>601.0</ele>
      </trkpt>
      <trkpt lat="34.91495" lon="-116.80223">
        <ele>601.51</ele>
      </trkpt>
      <trkpt lat="34.91498" lon="-116.80234">
        <ele>602.21</ele>
      </trkpt>
      <trkpt lat="34.91502" lon="-116.80246">
        <ele>603.12</ele>
      </trkpt>
      <trkpt lat="34.91506" lon="-116.80259">
        <ele>603.65</ele>
      </trkpt>
      <trkpt lat="34.9151" lon="-116.80272">
        <ele>604.08</ele>
      </trkpt>
      <trkpt lat="34.91513" lon="-116.80285">
        <ele>604.87</ele>
      </trkpt>
      <trkpt lat="34.91516" lon="-116.80297">
        <ele>605.06</ele>
      </trkpt>
      <trkpt lat="34.91518" lon="-116.80308">
        <ele>605.94</ele>
      </trkpt>
      <trkpt lat="34.91519" lon="-116.80316">
        <ele>606.05</ele>
      </trkpt>
      <trkpt lat="34.91521" lon="-116.80321">
        <ele>606.27</ele>
      </trkpt>
      <trkpt lat="34.91522" lon="-116.80324">
        <ele>606.38</ele>
      </trkpt>
      <trkpt lat="34.91523" lon="-116.80328">
        <ele>606.7</ele>
      </trkpt>
      <trkpt lat="34.91525" lon="-116.80333">
        <ele>606.99</ele>
      </trkpt>
      <trkpt lat="34.91526" lon="-116.8034">
        <ele>607.58</ele>
      </trkpt>
      <trkpt lat="34.91529" lon="-116.80347">
        <ele>608.06</ele>
      </trkpt>
      <trkpt lat="34.91531" lon="-116.80356">
        <ele>608.35</ele>
      </trkpt>
      <trkpt lat="34.91534" lon="-116.80367">
        <ele>608.88</ele>
      </trkpt>
      <trkpt lat="34.91536" lon="-116.80377">
        <ele>609.64</ele>
      </trkpt>
      <trkpt lat="34.91539" lon="-116.80388">
        <ele>610.19</ele>
      </trkpt>
      <trkpt lat="34.91543" lon="-116.804">
        <ele>611.0</ele>
      </trkpt>
      <trkpt lat="34.91546" lon="-116.8041">
        <ele>611.27</ele>
      </trkpt>
      <trkpt lat="34.91549" lon="-116.8042">
        <ele>612.0</ele>
      </trkpt>
      <trkpt lat="34.91553" lon="-116.80432">
        <ele>612.47</ele>
      </trkpt>
      <trkpt lat="34.91556" lon="-116.80442">
        <ele>613.0</ele>
      </trkpt>
      <trkpt lat="34.91559" lon="-116.80454">
        <ele>613.37</ele>
      </trkpt>
      <trkpt lat="34.91562" lon="-116.80464">
        <ele>613.7</ele>
      </trkpt>
      <trkpt lat="34.91565" lon="-116.80474">
        <ele>614.02</ele>
      </trkpt>
      <trkpt lat="34.91568" lon="-116.80483">
        <ele>614.34</ele>
      </trkpt>
      <trkpt lat="34.91571" lon="-116.80493">
        <ele>614.67</ele>
      </trkpt>
      <trkpt lat="34.91574" lon="-116.80502">
        <ele>614.99</ele>
      </trkpt>
      <trkpt lat="34.91578" lon="-116.80511">
        <ele>615.42</ele>
      </trkpt>
      <trkpt lat="34.91583" lon="-116.80517">
        <ele>615.96</ele>
      </trkpt>
      <trkpt lat="34.91587" lon="-116.80523">
        <ele>616.19</ele>
      </trkpt>
      <trkpt lat="34.9159" lon="-116.80531">
        <ele>616.72</ele>
      </trkpt>
      <trkpt lat="34.91592" lon="-116.80538">
        <ele>616.94</ele>
      </trkpt>
      <trkpt lat="34.91592" lon="-116.80546">
        <ele>616.94</ele>
      </trkpt>
      <trkpt lat="34.91592" lon="-116.80556">
        <ele>616.94</ele>
      </trkpt>
      <trkpt lat="34.91593" lon="-116.80565">
        <ele>617.04</ele>
      </trkpt>
      <trkpt lat="34.91593" lon="-116.80576">
        <ele>617.04</ele>
      </trkpt>
      <trkpt lat="34.91592" lon="-116.80588">
        <ele>617.0</ele>
      </trkpt>
      <trkpt lat="34.91592" lon="-116.806">
        <ele>617.0</ele>
      </trkpt>
      <trkpt lat="34.91592" lon="-116.80616">
        <ele>617.0</ele>
      </trkpt>
      <trkpt lat="34.91592" lon="-116.80631">
        <ele>617.0</ele>
      </trkpt>
      <trkpt lat="34.91592" lon="-116.80646">
        <ele>617.0</ele>
      </trkpt>
      <trkpt lat="34.91592" lon="-116.80661">
        <ele>616.94</ele>
      </trkpt>
      <trkpt lat="34.91592" lon="-116.80677">
        <ele>616.94</ele>
      </trkpt>
      <trkpt lat="34.91592" lon="-116.80694">
        <ele>616.94</ele>
      </trkpt>
      <trkpt lat="34.91592" lon="-116.80711">
        <ele>616.94</ele>
      </trkpt>
      <trkpt lat="34.91592" lon="-116.80728">
        <ele>616.0</ele>
      </trkpt>
      <trkpt lat="34.91592" lon="-116.80746">
        <ele>615.94</ele>
      </trkpt>
      <trkpt lat="34.91592" lon="-116.80765">
        <ele>615.94</ele>
      </trkpt>
      <trkpt lat="34.91592" lon="-116.80782">
        <ele>615.0</ele>
      </trkpt>
      <trkpt lat="34.91592" lon="-116.80796">
        <ele>615.0</ele>
      </trkpt>
      <trkpt lat="34.91592" lon="-116.80805">
        <ele>614.94</ele>
      </trkpt>
      <trkpt lat="34.91592" lon="-116.80815">
        <ele>614.94</ele>
      </trkpt>
      <trkpt lat="34.91592" lon="-116.80825">
        <ele>614.94</ele>
      </trkpt>
      <trkpt lat="34.91593" lon="-116.80837">
        <ele>615.0</ele>
      </trkpt>
      <trkpt lat="34.91593" lon="-116.80849">
        <ele>615.0</ele>
      </trkpt>
      <trkpt lat="34.91593" lon="-116.80863">
        <ele>615.04</ele>
      </trkpt>
      <trkpt lat="34.91593" lon="-116.80878">
        <ele>615.04</ele>
      </trkpt>
      <trkpt lat="34.91593" lon="-116.80893">
        <ele>615.0</ele>
      </trkpt>
      <trkpt lat="34.91593" lon="-116.80909">
        <ele>614.04</ele>
      </trkpt>
      <trkpt lat="34.91593" lon="-116.80925">
        <ele>614.0</ele>
      </trkpt>
      <trkpt lat="34.91593" lon="-116.8094">
        <ele>613.04</ele>
      </trkpt>
      <trkpt lat="34.91593" lon="-116.80954">
        <ele>612.04</ele>
      </trkpt>
      <trkpt lat="34.91593" lon="-116.80968">
        <ele>611.5</ele>
      </trkpt>
      <trkpt lat="34.91593" lon="-116.80984">
        <ele>610.78</ele>
      </trkpt>
      <trkpt lat="34.91593" lon="-116.80998">
        <ele>610.84</ele>
      </trkpt>
      <trkpt lat="34.91594" lon="-116.81013">
        <ele>611.49</ele>
      </trkpt>
      <trkpt lat="34.91594" lon="-116.81029">
        <ele>612.0</ele>
      </trkpt>
      <trkpt lat="34.91594" lon="-116.81044">
        <ele>611.25</ele>
      </trkpt>
      <trkpt lat="34.91594" lon="-116.81058">
        <ele>610.15</ele>
      </trkpt>
      <trkpt lat="34.91594" lon="-116.81072">
        <ele>610.81</ele>
      </trkpt>
      <trkpt lat="34.91594" lon="-116.81086">
        <ele>611.4</ele>
      </trkpt>
      <trkpt lat="34.91593" lon="-116.811">
        <ele>612.0</ele>
      </trkpt>
      <trkpt lat="34.91593" lon="-116.81115">
        <ele>612.0</ele>
      </trkpt>
      <trkpt lat="34.91593" lon="-116.81132">
        <ele>612.04</ele>
      </trkpt>
      <trkpt lat="34.91593" lon="-116.81151">
        <ele>612.0</ele>
      </trkpt>
      <trkpt lat="34.91593" lon="-116.8117">
        <ele>612.0</ele>
      </trkpt>
      <trkpt lat="34.91593" lon="-116.8119">
        <ele>611.5</ele>
      </trkpt>
      <trkpt lat="34.91593" lon="-116.8121">
        <ele>611.04</ele>
      </trkpt>
      <trkpt lat="34.91593" lon="-116.8123">
        <ele>610.2</ele>
      </trkpt>
      <trkpt lat="34.91593" lon="-116.81251">
        <ele>610.0</ele>
      </trkpt>
      <trkpt lat="34.91594" lon="-116.81272">
        <ele>610.0</ele>
      </trkpt>
      <trkpt lat="34.91594" lon="-116.81292">
        <ele>610.0</ele>
      </trkpt>
      <trkpt lat="34.91594" lon="-116.81313">
        <ele>609.32</ele>
      </trkpt>
      <trkpt lat="34.91594" lon="-116.81334">
        <ele>609.15</ele>
      </trkpt>
      <trkpt lat="34.91594" lon="-116.81355">
        <ele>608.15</ele>
      </trkpt>
      <trkpt lat="34.91595" lon="-116.81376">
        <ele>607.26</ele>
      </trkpt>
      <trkpt lat="34.91595" lon="-116.81397">
        <ele>606.26</ele>
      </trkpt>
      <trkpt lat="34.91595" lon="-116.81418">
        <ele>606.0</ele>
      </trkpt>
      <trkpt lat="34.91595" lon="-116.81439">
        <ele>605.7</ele>
      </trkpt>
      <trkpt lat="34.91595" lon="-116.81459">
        <ele>605.11</ele>
      </trkpt>
      <trkpt lat="34.91595" lon="-116.81479">
        <ele>605.0</ele>
      </trkpt>
      <trkpt lat="34.91595" lon="-116.81499">
        <ele>605.0</ele>
      </trkpt>
      <trkpt lat="34.91595" lon="-116.81521">
        <ele>605.0</ele>
      </trkpt>
      <trkpt lat="34.91595" lon="-116.81543">
        <ele>605.0</ele>
      </trkpt>
      <trkpt lat="34.91595" lon="-116.81567">
        <ele>604.83</ele>
      </trkpt>
      <trkpt lat="34.91595" lon="-116.8159">
        <ele>604.0</ele>
      </trkpt>
      <trkpt lat="34.91595" lon="-116.81614">
        <ele>603.18</ele>
      </trkpt>
      <trkpt lat="34.91595" lon="-116.81637">
        <ele>603.0</ele>
      </trkpt>
      <trkpt lat="34.91595" lon="-116.81659">
        <ele>602.22</ele>
      </trkpt>
      <trkpt lat="34.91596" lon="-116.81678">
        <ele>602.0</ele>
      </trkpt>
      <trkpt lat="34.91596" lon="-116.81698">
        <ele>601.23</ele>
      </trkpt>
      <trkpt lat="34.91596" lon="-116.81717">
        <ele>600.72</ele>
      </trkpt>
      <trkpt lat="34.91596" lon="-116.81737">
        <ele>600.15</ele>
      </trkpt>
      <trkpt lat="34.91596" lon="-116.81759">
        <ele>599.39</ele>
      </trkpt>
      <trkpt lat="34.91597" lon="-116.8178">
        <ele>599.36</ele>
      </trkpt>
      <trkpt lat="34.91597" lon="-116.81802">
        <ele>599.0</ele>
      </trkpt>
      <trkpt lat="34.91597" lon="-116.81826">
        <ele>599.0</ele>
      </trkpt>
      <trkpt lat="34.91597" lon="-116.81849">
        <ele>599.0</ele>
      </trkpt>
      <trkpt lat="34.91597" lon="-116.81872">
        <ele>598.91</ele>
      </trkpt>
      <trkpt lat="34.91598" lon="-116.81896">
        <ele>598.58</ele>
      </trkpt>
      <trkpt lat="34.91598" lon="-116.81918">
        <ele>598.0</ele>
      </trkpt>
      <trkpt lat="34.91598" lon="-116.8194">
        <ele>598.0</ele>
      </trkpt>
      <trkpt lat="34.91598" lon="-116.81961">
        <ele>598.0</ele>
      </trkpt>
      <trkpt lat="34.91598" lon="-116.8198">
        <ele>598.0</ele>
      </trkpt>
      <trkpt lat="34.91598" lon="-116.82">
        <ele>598.0</ele>
      </trkpt>
      <trkpt lat="34.91598" lon="-116.82018">
        <ele>597.58</ele>
      </trkpt>
      <trkpt lat="34.91597" lon="-116.82034">
        <ele>597.16</ele>
      </trkpt>
      <trkpt lat="34.91597" lon="-116.82048">
        <ele>597.0</ele>
      </trkpt>
      <trkpt lat="34.91596" lon="-116.8206">
        <ele>597.0</ele>
      </trkpt>
      <trkpt lat="34.91595" lon="-116.8207">
        <ele>597.0</ele>
      </trkpt>
      <trkpt lat="34.91595" lon="-116.8208">
        <ele>597.0</ele>
      </trkpt>
      <trkpt lat="34.91595" lon="-116.8209">
        <ele>597.0</ele>
      </trkpt>
      <trkpt lat="34.91595" lon="-116.82099">
        <ele>596.49</ele>
      </trkpt>
      <trkpt lat="34.91595" lon="-116.82109">
        <ele>596.26</ele>
      </trkpt>
      <trkpt lat="34.91595" lon="-116.82119">
        <ele>596.26</ele>
      </trkpt>
      <trkpt lat="34.91596" lon="-116.8213">
        <ele>596.37</ele>
      </trkpt>
      <trkpt lat="34.91596" lon="-116.8214">
        <ele>596.37</ele>
      </trkpt>
      <trkpt lat="34.91596" lon="-116.82151">
        <ele>596.25</ele>
      </trkpt>
      <trkpt lat="34.91596" lon="-116.8216">
        <ele>596.0</ele>
      </trkpt>
      <trkpt lat="34.91596" lon="-116.82169">
        <ele>596.0</ele>
      </trkpt>
      <trkpt lat="34.91596" lon="-116.82176">
        <ele>596.0</ele>
      </trkpt>
      <trkpt lat="34.91597" lon="-116.82181">
        <ele>596.0</ele>
      </trkpt>
      <trkpt lat="34.91597" lon="-116.82187">
        <ele>596.0</ele>
      </trkpt>
      <trkpt lat="34.91597" lon="-116.8219">
        <ele>596.0</ele>
      </trkpt>
      <trkpt lat="34.91598" lon="-116.82194">
        <ele>596.0</ele>
      </trkpt>
      <trkpt lat="34.91599" lon="-116.82198">
        <ele>596.0</ele>
      </trkpt>
      <trkpt lat="34.91604" lon="-116.82198">
        <ele>596.0</ele>
      </trkpt>
      <trkpt lat="34.91609" lon="-116.82198">
        <ele>596.0</ele>
      </trkpt>
      <trkpt lat="34.91615" lon="-116.82198">
        <ele>596.42</ele>
      </trkpt>
      <trkpt lat="34.91621" lon="-116.82197">
        <ele>597.0</ele>
      </trkpt>
      <trkpt lat="34.91629" lon="-116.82197">
        <ele>597.0</ele>
      </trkpt>
      <trkpt lat="34.91636" lon="-116.82197">
        <ele>597.5</ele>
      </trkpt>
      <trkpt lat="34.91643" lon="-116.82197">
        <ele>597.85</ele>
      </trkpt>
      <trkpt lat="34.91649" lon="-116.82197">
        <ele>598.0</ele>
      </trkpt>
      <trkpt lat="34.91655" lon="-116.82197">
        <ele>598.0</ele>
      </trkpt>
      <trkpt lat="34.91662" lon="-116.82197">
        <ele>598.5</ele>
      </trkpt>
      <trkpt lat="34.91668" lon="-116.82196">
        <ele>599.0</ele>
      </trkpt>
      <trkpt lat="34.91675" lon="-116.82194">
        <ele>599.0</ele>
      </trkpt>
      <trkpt lat="34.91681" lon="-116.82189">
        <ele>599.32</ele>
      </trkpt>
      <trkpt lat="34.91687" lon="-116.82185">
        <ele>600.0</ele>
      </trkpt>
      <trkpt lat="34.91694" lon="-116.82182">
        <ele>600.0</ele>
      </trkpt>
      <trkpt lat="34.91701" lon="-116.82181">
        <ele>600.32</ele>
      </trkpt>
      <trkpt lat="34.91708" lon="-116.8218">
        <ele>600.76</ele>
      </trkpt>
      <trkpt lat="34.91715" lon="-116.82178">
        <ele>601.0</ele>
      </trkpt>
      <trkpt lat="34.91723" lon="-116.82176">
        <ele>601.08</ele>
      </trkpt>
      <trkpt lat="34.91731" lon="-116.82173">
        <ele>601.96</ele>
      </trkpt>
      <trkpt lat="34.91739" lon="-116.82171">
        <ele>602.43</ele>
      </trkpt>
      <trkpt lat="34.91745" lon="-116.82169">
        <ele>602.86</ele>
      </trkpt>
      <trkpt lat="34.9175" lon="-116.82168">
        <ele>603.0</ele>
      </trkpt>
      <trkpt lat="34.91755" lon="-116.82166">
        <ele>603.04</ele>
      </trkpt>
      <trkpt lat="34.9176" lon="-116.82164">
        <ele>603.34</ele>
      </trkpt>
      <trkpt lat="34.91765" lon="-116.82162">
        <ele>603.81</ele>
      </trkpt>
      <trkpt lat="34.91771" lon="-116.82158">
        <ele>604.0</ele>
      </trkpt>
      <trkpt lat="34.91777" lon="-116.82155">
        <ele>604.24</ele>
      </trkpt>
      <trkpt lat="34.91782" lon="-116.82153">
        <ele>604.71</ele>
      </trkpt>
      <trkpt lat="34.91788" lon="-116.82151">
        <ele>605.0</ele>
      </trkpt>
      <trkpt lat="34.91794" lon="-116.82148">
        <ele>605.0</ele>
      </trkpt>
      <trkpt lat="34.91801" lon="-116.82146">
        <ele>605.51</ele>
      </trkpt>
      <trkpt lat="34.91808" lon="-116.82144">
        <ele>606.0</ele>
      </trkpt>
      <trkpt lat="34.91816" lon="-116.82141">
        <ele>606.0</ele>
      </trkpt>
      <trkpt lat="34.91823" lon="-116.82138">
        <ele>606.08</ele>
      </trkpt>
      <trkpt lat="34.91831" lon="-116.82133">
        <ele>606.91</ele>
      </trkpt>
      <trkpt lat="34.91838" lon="-116.82129">
        <ele>607.5</ele>
      </trkpt>
      <trkpt lat="34.91846" lon="-116.82126">
        <ele>608.14</ele>
      </trkpt>
      <trkpt lat="34.91855" lon="-116.82122">
        <ele>608.88</ele>
      </trkpt>
      <trkpt lat="34.91862" lon="-116.82119">
        <ele>609.1</ele>
      </trkpt>
      <trkpt lat="34.9187" lon="-116.82114">
        <ele>609.96</ele>
      </trkpt>
      <trkpt lat="34.91877" lon="-116.82109">
        <ele>610.16</ele>
      </trkpt>
      <trkpt lat="34.91884" lon="-116.82105">
        <ele>610.82</ele>
      </trkpt>
      <trkpt lat="34.91892" lon="-116.821">
        <ele>611.0</ele>
      </trkpt>
      <trkpt lat="34.91899" lon="-116.82096">
        <ele>611.0</ele>
      </trkpt>
      <trkpt lat="34.91906" lon="-116.82093">
        <ele>611.0</ele>
      </trkpt>
      <trkpt lat="34.91912" lon="-116.82091">
        <ele>611.41</ele>
      </trkpt>
      <trkpt lat="34.91916" lon="-116.8209">
        <ele>611.67</ele>
      </trkpt>
      <trkpt lat="34.91921" lon="-116.82089">
        <ele>611.79</ele>
      </trkpt>
      <trkpt lat="34.91925" lon="-116.82087">
        <ele>611.94</ele>
      </trkpt>
      <trkpt lat="34.9193" lon="-116.82084">
        <ele>612.44</ele>
      </trkpt>
      <trkpt lat="34.91935" lon="-116.82082">
        <ele>612.98</ele>
      </trkpt>
      <trkpt lat="34.9194" lon="-116.8208">
        <ele>613.19</ele>
      </trkpt>
      <trkpt lat="34.91945" lon="-116.8208">
        <ele>613.4</ele>
      </trkpt>
      <trkpt lat="34.91951" lon="-116.82079">
        <ele>613.84</ele>
      </trkpt>
      <trkpt lat="34.91956" lon="-116.82079">
        <ele>614.25</ele>
      </trkpt>
      <trkpt lat="34.91961" lon="-116.82079">
        <ele>614.79</ele>
      </trkpt>
      <trkpt lat="34.91966" lon="-116.8208">
        <ele>615.0</ele>
      </trkpt>
      <trkpt lat="34.91971" lon="-116.82081">
        <ele>615.0</ele>
      </trkpt>
      <trkpt lat="34.91975" lon="-116.82082">
        <ele>615.3</ele>
      </trkpt>
      <trkpt lat="34.91981" lon="-116.82084">
        <ele>615.95</ele>
      </trkpt>
      <trkpt lat="34.91986" lon="-116.82085">
        <ele>616.0</ele>
      </trkpt>
      <trkpt lat="34.9199" lon="-116.82086">
        <ele>616.0</ele>
      </trkpt>
      <trkpt lat="34.91995" lon="-116.82087">
        <ele>616.46</ele>
      </trkpt>
      <trkpt lat="34.92" lon="-116.82087">
        <ele>617.0</ele>
      </trkpt>
      <trkpt lat="34.92004" lon="-116.82087">
        <ele>617.0</ele>
      </trkpt>
      <trkpt lat="34.92008" lon="-116.82086">
        <ele>617.0</ele>
      </trkpt>
      <trkpt lat="34.92012" lon="-116.82086">
        <ele>617.3</ele>
      </trkpt>
      <trkpt lat="34.92016" lon="-116.82086">
        <ele>617.73</ele>
      </trkpt>
      <trkpt lat="34.9202" lon="-116.82087">
        <ele>618.1</ele>
      </trkpt>
      <trkpt lat="34.92024" lon="-116.82087">
        <ele>618.36</ele>
      </trkpt>
      <trkpt lat="34.92028" lon="-116.82087">
        <ele>618.61</ele>
      </trkpt>
      <trkpt lat="34.92033" lon="-116.82088">
        <ele>618.78</ele>
      </trkpt>
      <trkpt lat="34.92036" lon="-116.82088">
        <ele>618.94</ele>
      </trkpt>
      <trkpt lat="34.92039" lon="-116.82089">
        <ele>619.21</ele>
      </trkpt>
      <trkpt lat="34.92042" lon="-116.82089">
        <ele>619.54</ele>
      </trkpt>
      <trkpt lat="34.92045" lon="-116.82089">
        <ele>619.86</ele>
      </trkpt>
      <trkpt lat="34.92049" lon="-116.82089">
        <ele>620.0</ele>
      </trkpt>
      <trkpt lat="34.92052" lon="-116.82089">
        <ele>620.0</ele>
      </trkpt>
      <trkpt lat="34.92055" lon="-116.82088">
        <ele>620.0</ele>
      </trkpt>
      <trkpt lat="34.92059" lon="-116.82086">
        <ele>620.37</ele>
      </trkpt>
      <trkpt lat="34.92061" lon="-116.82084">
        <ele>620.59</ele>
      </trkpt>
      <trkpt lat="34.92064" lon="-116.82084">
        <ele>620.91</ele>
      </trkpt>
      <trkpt lat="34.92067" lon="-116.82083">
        <ele>621.0</ele>
      </trkpt>
      <trkpt lat="34.9207" lon="-116.82084">
        <ele>621.0</ele>
      </trkpt>
      <trkpt lat="34.92073" lon="-116.82085">
        <ele>621.0</ele>
      </trkpt>
      <trkpt lat="34.92076" lon="-116.82086">
        <ele>621.0</ele>
      </trkpt>
      <trkpt lat="34.9208" lon="-116.82089">
        <ele>621.0</ele>
      </trkpt>
      <trkpt lat="34.92083" lon="-116.82091">
        <ele>621.0</ele>
      </trkpt>
      <trkpt lat="34.92086" lon="-116.82094">
        <ele>621.29</ele>
      </trkpt>
      <trkpt lat="34.92089" lon="-116.82097">
        <ele>621.61</ele>
      </trkpt>
      <trkpt lat="34.92092" lon="-116.821">
        <ele>621.94</ele>
      </trkpt>
      <trkpt lat="34.92096" lon="-116.82101">
        <ele>622.0</ele>
      </trkpt>
      <trkpt lat="34.92101" lon="-116.82103">
        <ele>622.11</ele>
      </trkpt>
      <trkpt lat="34.92106" lon="-116.82104">
        <ele>622.58</ele>
      </trkpt>
      <trkpt lat="34.9211" lon="-116.82105">
        <ele>622.92</ele>
      </trkpt>
      <trkpt lat="34.92115" lon="-116.82108">
        <ele>623.42</ele>
      </trkpt>
      <trkpt lat="34.92118" lon="-116.8211">
        <ele>623.74</ele>
      </trkpt>
      <trkpt lat="34.92121" lon="-116.82112">
        <ele>624.07</ele>
      </trkpt>
      <trkpt lat="34.92124" lon="-116.82117">
        <ele>624.39</ele>
      </trkpt>
      <trkpt lat="34.92127" lon="-116.8212">
        <ele>624.72</ele>
      </trkpt>
      <trkpt lat="34.9213" lon="-116.82123">
        <ele>625.01</ele>
      </trkpt>
      <trkpt lat="34.92134" lon="-116.82128">
        <ele>625.39</ele>
      </trkpt>
      <trkpt lat="34.92137" lon="-116.82131">
        <ele>625.8</ele>
      </trkpt>
      <trkpt lat="34.9214" lon="-116.82133">
        <ele>626.0</ele>
      </trkpt>
      <trkpt lat="34.92145" lon="-116.82134">
        <ele>626.0</ele>
      </trkpt>
      <trkpt lat="34.92149" lon="-116.82134">
        <ele>626.09</ele>
      </trkpt>
      <trkpt lat="34.92154" lon="-116.82135">
        <ele>626.63</ele>
      </trkpt>
      <trkpt lat="34.92159" lon="-116.82135">
        <ele>627.17</ele>
      </trkpt>
      <trkpt lat="34.92165" lon="-116.82135">
        <ele>627.82</ele>
      </trkpt>
      <trkpt lat="34.9217" lon="-116.82135">
        <ele>628.0</ele>
      </trkpt>
      <trkpt lat="34.92175" lon="-116.82135">
        <ele>628.0</ele>
      </trkpt>
      <trkpt lat="34.9218" lon="-116.82135">
        <ele>628.44</ele>
      </trkpt>
      <trkpt lat="34.92184" lon="-116.82135">
        <ele>628.87</ele>
      </trkpt>
      <trkpt lat="34.92189" lon="-116.82135">
        <ele>629.41</ele>
      </trkpt>
      <trkpt lat="34.92194" lon="-116.82136">
        <ele>629.95</ele>
      </trkpt>
      <trkpt lat="34.92198" lon="-116.82136">
        <ele>630.38</ele>
      </trkpt>
      <trkpt lat="34.92202" lon="-116.82137">
        <ele>630.82</ele>
      </trkpt>
      <trkpt lat="34.92206" lon="-116.82139">
        <ele>631.25</ele>
      </trkpt>
      <trkpt lat="34.92209" lon="-116.8214">
        <ele>631.57</ele>
      </trkpt>
      <trkpt lat="34.92213" lon="-116.82141">
        <ele>632.01</ele>
      </trkpt>
      <trkpt lat="34.92217" lon="-116.82143">
        <ele>632.87</ele>
      </trkpt>
      <trkpt lat="34.92219" lon="-116.82145">
        <ele>633.3</ele>
      </trkpt>
      <trkpt lat="34.92221" lon="-116.82148">
        <ele>633.74</ele>
      </trkpt>
      <trkpt lat="34.92223" lon="-116.82151">
        <ele>633.78</ele>
      </trkpt>
      <trkpt lat="34.92224" lon="-116.82154">
        <ele>633.56</ele>
      </trkpt>
      <trkpt lat="34.92226" lon="-116.82157">
        <ele>633.45</ele>
      </trkpt>
      <trkpt lat="34.92228" lon="-116.8216">
        <ele>633.62</ele>
      </trkpt>
      <trkpt lat="34.92231" lon="-116.82163">
        <ele>633.95</ele>
      </trkpt>
      <trkpt lat="34.92233" lon="-116.82166">
        <ele>634.16</ele>
      </trkpt>
      <trkpt lat="34.92237" lon="-116.82168">
        <ele>634.6</ele>
      </trkpt>
      <trkpt lat="34.92242" lon="-116.82169">
        <ele>635.14</ele>
      </trkpt>
      <trkpt lat="34.92244" lon="-116.8217">
        <ele>635.35</ele>
      </trkpt>
      <trkpt lat="34.92247" lon="-116.8217">
        <ele>635.68</ele>
      </trkpt>
      <trkpt lat="34.9225" lon="-116.82171">
        <ele>636.0</ele>
      </trkpt>
      <trkpt lat="34.92253" lon="-116.82172">
        <ele>636.32</ele>
      </trkpt>
      <trkpt lat="34.92256" lon="-116.82173">
        <ele>636.65</ele>
      </trkpt>
      <trkpt lat="34.92259" lon="-116.82174">
        <ele>636.97</ele>
      </trkpt>
      <trkpt lat="34.92262" lon="-116.82175">
        <ele>637.3</ele>
      </trkpt>
      <trkpt lat="34.92265" lon="-116.82175">
        <ele>637.62</ele>
      </trkpt>
      <trkpt lat="34.92268" lon="-116.82176">
        <ele>637.94</ele>
      </trkpt>
      <trkpt lat="34.92271" lon="-116.82176">
        <ele>638.27</ele>
      </trkpt>
      <trkpt lat="34.92274" lon="-116.82177">
        <ele>638.59</ele>
      </trkpt>
      <trkpt lat="34.92277" lon="-116.82177">
        <ele>638.92</ele>
      </trkpt>
      <trkpt lat="34.9228" lon="-116.82178">
        <ele>639.24</ele>
      </trkpt>
      <trkpt lat="34.92284" lon="-116.82181">
        <ele>639.67</ele>
      </trkpt>
      <trkpt lat="34.92286" lon="-116.82183">
        <ele>639.89</ele>
      </trkpt>
      <trkpt lat="34.92288" lon="-116.82186">
        <ele>640.1</ele>
      </trkpt>
      <trkpt lat="34.9229" lon="-116.82189">
        <ele>640.32</ele>
      </trkpt>
      <trkpt lat="34.92292" lon="-116.82191">
        <ele>640.54</ele>
      </trkpt>
      <trkpt lat="34.92297" lon="-116.82193">
        <ele>641.08</ele>
      </trkpt>
      <trkpt lat="34.923" lon="-116.82193">
        <ele>641.4</ele>
      </trkpt>
      <trkpt lat="34.92303" lon="-116.82193">
        <ele>641.72</ele>
      </trkpt>
      <trkpt lat="34.92306" lon="-116.82192">
        <ele>642.05</ele>
      </trkpt>
      <trkpt lat="34.92309" lon="-116.82191">
        <ele>642.37</ele>
      </trkpt>
      <trkpt lat="34.92312" lon="-116.8219">
        <ele>642.7</ele>
      </trkpt>
      <trkpt lat="34.92316" lon="-116.82189">
        <ele>643.13</ele>
      </trkpt>
      <trkpt lat="34.9232" lon="-116.82188">
        <ele>643.56</ele>
      </trkpt>
      <trkpt lat="34.92323" lon="-116.82187">
        <ele>643.88</ele>
      </trkpt>
      <trkpt lat="34.92327" lon="-116.82186">
        <ele>644.0</ele>
      </trkpt>
      <trkpt lat="34.92331" lon="-116.82184">
        <ele>644.0</ele>
      </trkpt>
      <trkpt lat="34.92334" lon="-116.82182">
        <ele>644.07</ele>
      </trkpt>
      <trkpt lat="34.92338" lon="-116.82179">
        <ele>644.5</ele>
      </trkpt>
      <trkpt lat="34.92341" lon="-116.82177">
        <ele>644.83</ele>
      </trkpt>
      <trkpt lat="34.92345" lon="-116.82175">
        <ele>645.26</ele>
      </trkpt>
      <trkpt lat="34.92349" lon="-116.82174">
        <ele>645.69</ele>
      </trkpt>
      <trkpt lat="34.92353" lon="-116.82173">
        <ele>646.04</ele>
      </trkpt>
      <trkpt lat="34.92357" lon="-116.82172">
        <ele>646.24</ele>
      </trkpt>
      <trkpt lat="34.9236" lon="-116.82172">
        <ele>646.37</ele>
      </trkpt>
      <trkpt lat="34.92364" lon="-116.82171">
        <ele>646.68</ele>
      </trkpt>
      <trkpt lat="34.92369" lon="-116.8217">
        <ele>646.95</ele>
      </trkpt>
      <trkpt lat="34.92373" lon="-116.82169">
        <ele>647.28</ele>
      </trkpt>
      <trkpt lat="34.92377" lon="-116.82167">
        <ele>647.72</ele>
      </trkpt>
      <trkpt lat="34.92382" lon="-116.82164">
        <ele>648.73</ele>
      </trkpt>
      <trkpt lat="34.92386" lon="-116.82161">
        <ele>649.57</ele>
      </trkpt>
      <trkpt lat="34.92391" lon="-116.82159">
        <ele>650.23</ele>
      </trkpt>
      <trkpt lat="34.92396" lon="-116.82158">
        <ele>650.77</ele>
      </trkpt>
      <trkpt lat="34.92401" lon="-116.82156">
        <ele>651.31</ele>
      </trkpt>
      <trkpt lat="34.92405" lon="-116.82155">
        <ele>651.74</ele>
      </trkpt>
      <trkpt lat="34.9241" lon="-116.82155">
        <ele>652.0</ele>
      </trkpt>
      <trkpt lat="34.92414" lon="-116.82154">
        <ele>652.0</ele>
      </trkpt>
      <trkpt lat="34.92419" lon="-116.82154">
        <ele>652.09</ele>
      </trkpt>
      <trkpt lat="34.92423" lon="-116.82154">
        <ele>652.25</ele>
      </trkpt>
      <trkpt lat="34.92428" lon="-116.82153">
        <ele>652.7</ele>
      </trkpt>
      <trkpt lat="34.92433" lon="-116.82153">
        <ele>653.24</ele>
      </trkpt>
      <trkpt lat="34.92437" lon="-116.82152">
        <ele>653.98</ele>
      </trkpt>
      <trkpt lat="34.92441" lon="-116.82151">
        <ele>654.95</ele>
      </trkpt>
      <trkpt lat="34.92444" lon="-116.82149">
        <ele>655.81</ele>
      </trkpt>
      <trkpt lat="34.92448" lon="-116.82148">
        <ele>656.39</ele>
      </trkpt>
      <trkpt lat="34.92452" lon="-116.82147">
        <ele>656.92</ele>
      </trkpt>
      <trkpt lat="34.92455" lon="-116.82147">
        <ele>657.26</ele>
      </trkpt>
      <trkpt lat="34.9246" lon="-116.82147">
        <ele>657.8</ele>
      </trkpt>
      <trkpt lat="34.92466" lon="-116.82147">
        <ele>658.53</ele>
      </trkpt>
      <trkpt lat="34.92472" lon="-116.82147">
        <ele>659.34</ele>
      </trkpt>
      <trkpt lat="34.92476" lon="-116.82149">
        <ele>659.32</ele>
      </trkpt>
      <trkpt lat="34.9248" lon="-116.82151">
        <ele>659.53</ele>
      </trkpt>
      <trkpt lat="34.92483" lon="-116.82152">
        <ele>660.01</ele>
      </trkpt>
      <trkpt lat="34.92487" lon="-116.82153">
        <ele>660.95</ele>
      </trkpt>
      <trkpt lat="34.92491" lon="-116.82155">
        <ele>661.57</ele>
      </trkpt>
      <trkpt lat="34.92494" lon="-116.82159">
        <ele>661.7</ele>
      </trkpt>
      <trkpt lat="34.92495" lon="-116.82162">
        <ele>661.92</ele>
      </trkpt>
      <trkpt lat="34.92497" lon="-116.82166">
        <ele>662.35</ele>
      </trkpt>
      <trkpt lat="34.925" lon="-116.8217">
        <ele>663.0</ele>
      </trkpt>
      <trkpt lat="34.92501" lon="-116.82174">
        <ele>663.09</ele>
      </trkpt>
      <trkpt lat="34.92502" lon="-116.82178">
        <ele>663.22</ele>
      </trkpt>
      <trkpt lat="34.92503" lon="-116.82182">
        <ele>663.32</ele>
      </trkpt>
      <trkpt lat="34.92504" lon="-116.82187">
        <ele>663.63</ele>
      </trkpt>
      <trkpt lat="34.92505" lon="-116.82192">
        <ele>664.28</ele>
      </trkpt>
      <trkpt lat="34.92506" lon="-116.82197">
        <ele>664.92</ele>
      </trkpt>
      <trkpt lat="34.92509" lon="-116.82202">
        <ele>665.79</ele>
      </trkpt>
      <trkpt lat="34.92512" lon="-116.82207">
        <ele>666.65</ele>
      </trkpt>
      <trkpt lat="34.92516" lon="-116.82213">
        <ele>667.73</ele>
      </trkpt>
      <trkpt lat="34.9252" lon="-116.82218">
        <ele>668.62</ele>
      </trkpt>
      <trkpt lat="34.92524" lon="-116.82224">
        <ele>669.11</ele>
      </trkpt>
      <trkpt lat="34.92528" lon="-116.82229">
        <ele>669.76</ele>
      </trkpt>
      <trkpt lat="34.92532" lon="-116.82234">
        <ele>670.73</ele>
      </trkpt>
      <trkpt lat="34.92536" lon="-116.82238">
        <ele>671.59</ele>
      </trkpt>
      <trkpt lat="34.9254" lon="-116.82241">
        <ele>672.32</ele>
      </trkpt>
      <trkpt lat="34.92544" lon="-116.82245">
        <ele>672.75</ele>
      </trkpt>
      <trkpt lat="34.92549" lon="-116.82248">
        <ele>673.52</ele>
      </trkpt>
      <trkpt lat="34.92552" lon="-116.82251">
        <ele>674.27</ele>
      </trkpt>
      <trkpt lat="34.92557" lon="-116.82252">
        <ele>675.16</ele>
      </trkpt>
      <trkpt lat="34.92561" lon="-116.82253">
        <ele>675.59</ele>
      </trkpt>
      <trkpt lat="34.92565" lon="-116.82254">
        <ele>676.04</ele>
      </trkpt>
      <trkpt lat="34.92568" lon="-116.82255">
        <ele>676.69</ele>
      </trkpt>
      <trkpt lat="34.92572" lon="-116.82256">
        <ele>677.55</ele>
      </trkpt>
      <trkpt lat="34.92576" lon="-116.82256">
        <ele>678.62</ele>
      </trkpt>
      <trkpt lat="34.92579" lon="-116.82256">
        <ele>679.6</ele>
      </trkpt>
      <trkpt lat="34.92583" lon="-116.82256">
        <ele>680.89</ele>
      </trkpt>
      <trkpt lat="34.92587" lon="-116.82255">
        <ele>681.79</ele>
      </trkpt>
      <trkpt lat="34.92591" lon="-116.82253">
        <ele>682.66</ele>
      </trkpt>
      <trkpt lat="34.92595" lon="-116.82252">
        <ele>683.46</ele>
      </trkpt>
      <trkpt lat="34.92599" lon="-116.82251">
        <ele>684.31</ele>
      </trkpt>
      <trkpt lat="34.92603" lon="-116.82251">
        <ele>685.14</ele>
      </trkpt>
      <trkpt lat="34.92606" lon="-116.82251">
        <ele>685.79</ele>
      </trkpt>
      <trkpt lat="34.9261" lon="-116.82251">
        <ele>686.65</ele>
      </trkpt>
      <trkpt lat="34.92613" lon="-116.82252">
        <ele>686.78</ele>
      </trkpt>
      <trkpt lat="34.92616" lon="-116.82253">
        <ele>686.68</ele>
      </trkpt>
      <trkpt lat="34.92619" lon="-116.82254">
        <ele>686.57</ele>
      </trkpt>
      <trkpt lat="34.92622" lon="-116.82255">
        <ele>686.56</ele>
      </trkpt>
      <trkpt lat="34.92625" lon="-116.82256">
        <ele>686.68</ele>
      </trkpt>
      <trkpt lat="34.92629" lon="-116.82257">
        <ele>686.95</ele>
      </trkpt>
      <trkpt lat="34.92632" lon="-116.82257">
        <ele>687.06</ele>
      </trkpt>
      <trkpt lat="34.92635" lon="-116.82258">
        <ele>687.08</ele>
      </trkpt>
      <trkpt lat="34.92637" lon="-116.82261">
        <ele>687.0</ele>
      </trkpt>
      <trkpt lat="34.92638" lon="-116.82265">
        <ele>687.0</ele>
      </trkpt>
      <trkpt lat="34.92636" lon="-116.82268">
        <ele>687.0</ele>
      </trkpt>
      <trkpt lat="34.92635" lon="-116.82272">
        <ele>686.84</ele>
      </trkpt>
      <trkpt lat="34.92635" lon="-116.82275">
        <ele>686.71</ele>
      </trkpt>
      <trkpt lat="34.92634" lon="-116.82279">
        <ele>686.47</ele>
      </trkpt>
      <trkpt lat="34.92631" lon="-116.82283">
        <ele>686.15</ele>
      </trkpt>
      <trkpt lat="34.92629" lon="-116.82288">
        <ele>685.93</ele>
      </trkpt>
      <trkpt lat="34.92626" lon="-116.82293">
        <ele>685.61</ele>
      </trkpt>
      <trkpt lat="34.92623" lon="-116.82296">
        <ele>685.28</ele>
      </trkpt>
      <trkpt lat="34.9262" lon="-116.82298">
        <ele>684.74</ele>
      </trkpt>
      <trkpt lat="34.92617" lon="-116.82301">
        <ele>683.95</ele>
      </trkpt>
      <trkpt lat="34.92613" lon="-116.82303">
        <ele>683.26</ele>
      </trkpt>
      <trkpt lat="34.9261" lon="-116.82306">
        <ele>682.87</ele>
      </trkpt>
      <trkpt lat="34.92607" lon="-116.82308">
        <ele>682.44</ele>
      </trkpt>
      <trkpt lat="34.92605" lon="-116.8231">
        <ele>682.02</ele>
      </trkpt>
      <trkpt lat="34.92602" lon="-116.82313">
        <ele>681.22</ele>
      </trkpt>
      <trkpt lat="34.926" lon="-116.82317">
        <ele>680.56</ele>
      </trkpt>
      <trkpt lat="34.92598" lon="-116.8232">
        <ele>680.02</ele>
      </trkpt>
      <trkpt lat="34.92596" lon="-116.82324">
        <ele>679.38</ele>
      </trkpt>
      <trkpt lat="34.92595" lon="-116.82327">
        <ele>679.18</ele>
      </trkpt>
      <trkpt lat="34.92593" lon="-116.8233">
        <ele>679.02</ele>
      </trkpt>
      <trkpt lat="34.9259" lon="-116.82335">
        <ele>678.54</ele>
      </trkpt>
      <trkpt lat="34.92588" lon="-116.82338">
        <ele>678.0</ele>
      </trkpt>
      <trkpt lat="34.92586" lon="-116.82343">
        <ele>677.2</ele>
      </trkpt>
      <trkpt lat="34.92585" lon="-116.82348">
        <ele>676.01</ele>
      </trkpt>
      <trkpt lat="34.92584" lon="-116.82352">
        <ele>675.04</ele>
      </trkpt>
      <trkpt lat="34.92584" lon="-116.82355">
        <ele>674.39</ele>
      </trkpt>
      <trkpt lat="34.92584" lon="-116.82361">
        <ele>673.1</ele>
      </trkpt>
      <trkpt lat="34.92584" lon="-116.82365">
        <ele>672.23</ele>
      </trkpt>
      <trkpt lat="34.92582" lon="-116.82372">
        <ele>670.97</ele>
      </trkpt>
      <trkpt lat="34.92581" lon="-116.82376">
        <ele>670.85</ele>
      </trkpt>
      <trkpt lat="34.92579" lon="-116.82379">
        <ele>670.56</ele>
      </trkpt>
      <trkpt lat="34.92578" lon="-116.82382">
        <ele>670.32</ele>
      </trkpt>
      <trkpt lat="34.92576" lon="-116.82385">
        <ele>670.09</ele>
      </trkpt>
      <trkpt lat="34.92574" lon="-116.82389">
        <ele>669.99</ele>
      </trkpt>
      <trkpt lat="34.92573" lon="-116.82393">
        <ele>669.83</ele>
      </trkpt>
      <trkpt lat="34.92571" lon="-116.82396">
        <ele>669.41</ele>
      </trkpt>
      <trkpt lat="34.92568" lon="-116.824">
        <ele>668.69</ele>
      </trkpt>
      <trkpt lat="34.92566" lon="-116.82403">
        <ele>668.26</ele>
      </trkpt>
      <trkpt lat="34.92563" lon="-116.82405">
        <ele>667.66</ele>
      </trkpt>
      <trkpt lat="34.92561" lon="-116.82407">
        <ele>667.19</ele>
      </trkpt>
      <trkpt lat="34.92558" lon="-116.82408">
        <ele>666.53</ele>
      </trkpt>
      <trkpt lat="34.92555" lon="-116.82409">
        <ele>665.94</ele>
      </trkpt>
      <trkpt lat="34.92551" lon="-116.82409">
        <ele>665.51</ele>
      </trkpt>
      <trkpt lat="34.92548" lon="-116.8241">
        <ele>665.18</ele>
      </trkpt>
      <trkpt lat="34.92544" lon="-116.82411">
        <ele>664.75</ele>
      </trkpt>
      <trkpt lat="34.92541" lon="-116.82412">
        <ele>664.43</ele>
      </trkpt>
      <trkpt lat="34.92536" lon="-116.82413">
        <ele>663.93</ele>
      </trkpt>
      <trkpt lat="34.92533" lon="-116.82416">
        <ele>663.6</ele>
      </trkpt>
      <trkpt lat="34.92531" lon="-116.8242">
        <ele>663.35</ele>
      </trkpt>
      <trkpt lat="34.92529" lon="-116.82423">
        <ele>663.13</ele>
      </trkpt>
      <trkpt lat="34.92527" lon="-116.82427">
        <ele>662.72</ele>
      </trkpt>
      <trkpt lat="34.92525" lon="-116.82429">
        <ele>662.07</ele>
      </trkpt>
      <trkpt lat="34.92523" lon="-116.82432">
        <ele>661.31</ele>
      </trkpt>
      <trkpt lat="34.92521" lon="-116.82435">
        <ele>660.56</ele>
      </trkpt>
      <trkpt lat="34.92518" lon="-116.82439">
        <ele>659.94</ele>
      </trkpt>
      <trkpt lat="34.92515" lon="-116.82443">
        <ele>659.62</ele>
      </trkpt>
      <trkpt lat="34.92511" lon="-116.82447">
        <ele>658.96</ele>
      </trkpt>
      <trkpt lat="34.92507" lon="-116.8245">
        <ele>658.16</ele>
      </trkpt>
      <trkpt lat="34.92504" lon="-116.82454">
        <ele>657.43</ele>
      </trkpt>
      <trkpt lat="34.92501" lon="-116.82456">
        <ele>657.11</ele>
      </trkpt>
      <trkpt lat="34.92498" lon="-116.82459">
        <ele>656.66</ele>
      </trkpt>
      <trkpt lat="34.92496" lon="-116.82462">
        <ele>656.18</ele>
      </trkpt>
      <trkpt lat="34.92494" lon="-116.82466">
        <ele>655.59</ele>
      </trkpt>
      <trkpt lat="34.92492" lon="-116.82468">
        <ele>655.2</ele>
      </trkpt>
      <trkpt lat="34.9249" lon="-116.82471">
        <ele>654.85</ele>
      </trkpt>
      <trkpt lat="34.92488" lon="-116.82474">
        <ele>654.27</ele>
      </trkpt>
      <trkpt lat="34.92486" lon="-116.82478">
        <ele>653.67</ele>
      </trkpt>
      <trkpt lat="34.92484" lon="-116.82481">
        <ele>653.29</ele>
      </trkpt>
      <trkpt lat="34.92482" lon="-116.82483">
        <ele>653.06</ele>
      </trkpt>
      <trkpt lat="34.92478" lon="-116.82486">
        <ele>652.62</ele>
      </trkpt>
      <trkpt lat="34.92473" lon="-116.82488">
        <ele>652.08</ele>
      </trkpt>
      <trkpt lat="34.9247" lon="-116.82489">
        <ele>651.81</ele>
      </trkpt>
      <trkpt lat="34.92466" lon="-116.8249">
        <ele>651.38</ele>
      </trkpt>
      <trkpt lat="34.92464" lon="-116.82492">
        <ele>651.11</ele>
      </trkpt>
      <trkpt lat="34.92462" lon="-116.82494">
        <ele>650.96</ele>
      </trkpt>
      <trkpt lat="34.92459" lon="-116.82495">
        <ele>650.8</ele>
      </trkpt>
      <trkpt lat="34.92455" lon="-116.82496">
        <ele>650.51</ele>
      </trkpt>
      <trkpt lat="34.92452" lon="-116.82497">
        <ele>650.14</ele>
      </trkpt>
      <trkpt lat="34.92449" lon="-116.82499">
        <ele>649.6</ele>
      </trkpt>
      <trkpt lat="34.92445" lon="-116.82501">
        <ele>649.06</ele>
      </trkpt>
      <trkpt lat="34.9244" lon="-116.825">
        <ele>648.52</ele>
      </trkpt>
      <trkpt lat="34.92436" lon="-116.82499">
        <ele>648.2</ele>
      </trkpt>
      <trkpt lat="34.92433" lon="-116.82497">
        <ele>648.01</ele>
      </trkpt>
      <trkpt lat="34.9243" lon="-116.82495">
        <ele>647.68</ele>
      </trkpt>
      <trkpt lat="34.92426" lon="-116.82494">
        <ele>647.01</ele>
      </trkpt>
      <trkpt lat="34.92423" lon="-116.82493">
        <ele>647.0</ele>
      </trkpt>
      <trkpt lat="34.9242" lon="-116.82491">
        <ele>647.0</ele>
      </trkpt>
      <trkpt lat="34.92416" lon="-116.8249">
        <ele>646.93</ele>
      </trkpt>
      <trkpt lat="34.92412" lon="-116.82489">
        <ele>646.5</ele>
      </trkpt>
      <trkpt lat="34.92408" lon="-116.82488">
        <ele>646.06</ele>
      </trkpt>
      <trkpt lat="34.92405" lon="-116.82487">
        <ele>646.0</ele>
      </trkpt>
      <trkpt lat="34.92401" lon="-116.82486">
        <ele>646.0</ele>
      </trkpt>
      <trkpt lat="34.92398" lon="-116.82486">
        <ele>645.98</ele>
      </trkpt>
      <trkpt lat="34.92394" lon="-116.82486">
        <ele>645.55</ele>
      </trkpt>
      <trkpt lat="34.92389" lon="-116.82487">
        <ele>645.01</ele>
      </trkpt>
      <trkpt lat="34.92387" lon="-116.82488">
        <ele>644.86</ele>
      </trkpt>
      <trkpt lat="34.92383" lon="-116.82489">
        <ele>644.48</ele>
      </trkpt>
      <trkpt lat="34.9238" lon="-116.82489">
        <ele>644.22</ele>
      </trkpt>
      <trkpt lat="34.92376" lon="-116.82489">
        <ele>644.11</ele>
      </trkpt>
      <trkpt lat="34.92373" lon="-116.82488">
        <ele>644.08</ele>
      </trkpt>
      <trkpt lat="34.9237" lon="-116.82487">
        <ele>643.96</ele>
      </trkpt>
      <trkpt lat="34.92367" lon="-116.82486">
        <ele>643.64</ele>
      </trkpt>
      <trkpt lat="34.92365" lon="-116.82485">
        <ele>643.42</ele>
      </trkpt>
      <trkpt lat="34.92362" lon="-116.82484">
        <ele>643.1</ele>
      </trkpt>
      <trkpt lat="34.92357" lon="-116.82484">
        <ele>642.56</ele>
      </trkpt>
      <trkpt lat="34.92352" lon="-116.82485">
        <ele>642.02</ele>
      </trkpt>
      <trkpt lat="34.92347" lon="-116.82486">
        <ele>641.74</ele>
      </trkpt>
      <trkpt lat="34.92342" lon="-116.82487">
        <ele>641.34</ele>
      </trkpt>
      <trkpt lat="34.92338" lon="-116.82487">
        <ele>640.91</ele>
      </trkpt>
      <trkpt lat="34.92332" lon="-116.82488">
        <ele>640.25</ele>
      </trkpt>
      <trkpt lat="34.9233" lon="-116.82488">
        <ele>640.19</ele>
      </trkpt>
      <trkpt lat="34.92327" lon="-116.82489">
        <ele>640.06</ele>
      </trkpt>
      <trkpt lat="34.92322" lon="-116.82492">
        <ele>639.64</ele>
      </trkpt>
      <trkpt lat="34.92318" lon="-116.82494">
        <ele>638.99</ele>
      </trkpt>
      <trkpt lat="34.92314" lon="-116.82495">
        <ele>638.45</ele>
      </trkpt>
      <trkpt lat="34.92311" lon="-116.82497">
        <ele>637.91</ele>
      </trkpt>
      <trkpt lat="34.92307" lon="-116.82498">
        <ele>637.37</ele>
      </trkpt>
      <trkpt lat="34.92302" lon="-116.825">
        <ele>636.62</ele>
      </trkpt>
      <trkpt lat="34.92297" lon="-116.82502">
        <ele>636.08</ele>
      </trkpt>
      <trkpt lat="34.92293" lon="-116.82504">
        <ele>635.64</ele>
      </trkpt>
      <trkpt lat="34.9229" lon="-116.82504">
        <ele>635.32</ele>
      </trkpt>
      <trkpt lat="34.92285" lon="-116.82505">
        <ele>634.78</ele>
      </trkpt>
      <trkpt lat="34.92281" lon="-116.82505">
        <ele>634.35</ele>
      </trkpt>
      <trkpt lat="34.92277" lon="-116.82505">
        <ele>633.92</ele>
      </trkpt>
      <trkpt lat="34.92273" lon="-116.82504">
        <ele>633.48</ele>
      </trkpt>
      <trkpt lat="34.92268" lon="-116.82503">
        <ele>632.98</ele>
      </trkpt>
      <trkpt lat="34.92264" lon="-116.82502">
        <ele>632.89</ele>
      </trkpt>
      <trkpt lat="34.9226" lon="-116.82501">
        <ele>632.9</ele>
      </trkpt>
      <trkpt lat="34.92256" lon="-116.825">
        <ele>632.65</ele>
      </trkpt>
      <trkpt lat="34.92252" lon="-116.82498">
        <ele>632.22</ele>
      </trkpt>
      <trkpt lat="34.92249" lon="-116.82496">
        <ele>631.89</ele>
      </trkpt>
      <trkpt lat="34.92246" lon="-116.82493">
        <ele>631.57</ele>
      </trkpt>
      <trkpt lat="34.92243" lon="-116.82491">
        <ele>631.24</ele>
      </trkpt>
      <trkpt lat="34.9224" lon="-116.82489">
        <ele>630.92</ele>
      </trkpt>
      <trkpt lat="34.92237" lon="-116.82488">
        <ele>630.6</ele>
      </trkpt>
      <trkpt lat="34.92234" lon="-116.82488">
        <ele>630.27</ele>
      </trkpt>
      <trkpt lat="34.92231" lon="-116.82487">
        <ele>630.0</ele>
      </trkpt>
      <trkpt lat="34.92228" lon="-116.82486">
        <ele>630.0</ele>
      </trkpt>
      <trkpt lat="34.92225" lon="-116.82485">
        <ele>630.0</ele>
      </trkpt>
      <trkpt lat="34.92222" lon="-116.82484">
        <ele>629.98</ele>
      </trkpt>
      <trkpt lat="34.92218" lon="-116.82479">
        <ele>629.54</ele>
      </trkpt>
      <trkpt lat="34.92216" lon="-116.82477">
        <ele>629.33</ele>
      </trkpt>
      <trkpt lat="34.92213" lon="-116.82474">
        <ele>629.0</ele>
      </trkpt>
      <trkpt lat="34.9221" lon="-116.82473">
        <ele>628.68</ele>
      </trkpt>
      <trkpt lat="34.92206" lon="-116.82473">
        <ele>628.25</ele>
      </trkpt>
      <trkpt lat="34.92201" lon="-116.82473">
        <ele>627.71</ele>
      </trkpt>
      <trkpt lat="34.92197" lon="-116.82474">
        <ele>627.28</ele>
      </trkpt>
      <trkpt lat="34.92194" lon="-116.82475">
        <ele>627.0</ele>
      </trkpt>
      <trkpt lat="34.9219" lon="-116.82476">
        <ele>627.0</ele>
      </trkpt>
      <trkpt lat="34.92187" lon="-116.82478">
        <ele>627.0</ele>
      </trkpt>
      <trkpt lat="34.92185" lon="-116.8248">
        <ele>626.98</ele>
      </trkpt>
      <trkpt lat="34.92182" lon="-116.82483">
        <ele>626.66</ele>
      </trkpt>
      <trkpt lat="34.9218" lon="-116.82485">
        <ele>626.44</ele>
      </trkpt>
      <trkpt lat="34.92177" lon="-116.82487">
        <ele>626.12</ele>
      </trkpt>
      <trkpt lat="34.92173" lon="-116.8249">
        <ele>625.68</ele>
      </trkpt>
      <trkpt lat="34.9217" lon="-116.82492">
        <ele>625.36</ele>
      </trkpt>
      <trkpt lat="34.92167" lon="-116.82494">
        <ele>625.04</ele>
      </trkpt>
      <trkpt lat="34.92165" lon="-116.82496">
        <ele>624.82</ele>
      </trkpt>
      <trkpt lat="34.92162" lon="-116.82498">
        <ele>624.5</ele>
      </trkpt>
      <trkpt lat="34.92159" lon="-116.82499">
        <ele>624.17</ele>
      </trkpt>
      <trkpt lat="34.92155" lon="-116.825">
        <ele>623.74</ele>
      </trkpt>
      <trkpt lat="34.92152" lon="-116.825">
        <ele>623.42</ele>
      </trkpt>
      <trkpt lat="34.92148" lon="-116.825">
        <ele>622.98</ele>
      </trkpt>
      <trkpt lat="34.92145" lon="-116.825">
        <ele>622.66</ele>
      </trkpt>
      <trkpt lat="34.92142" lon="-116.82499">
        <ele>622.34</ele>
      </trkpt>
      <trkpt lat="34.92138" lon="-116.82499">
        <ele>622.0</ele>
      </trkpt>
      <trkpt lat="34.92134" lon="-116.82498">
        <ele>622.0</ele>
      </trkpt>
      <trkpt lat="34.9213" lon="-116.82498">
        <ele>622.0</ele>
      </trkpt>
      <trkpt lat="34.92126" lon="-116.82498">
        <ele>622.0</ele>
      </trkpt>
      <trkpt lat="34.92122" lon="-116.82497">
        <ele>622.0</ele>
      </trkpt>
      <trkpt lat="34.92118" lon="-116.82497">
        <ele>621.74</ele>
      </trkpt>
      <trkpt lat="34.92113" lon="-116.82497">
        <ele>621.2</ele>
      </trkpt>
      <trkpt lat="34.92109" lon="-116.82496">
        <ele>620.77</ele>
      </trkpt>
      <trkpt lat="34.92105" lon="-116.82495">
        <ele>620.34</ele>
      </trkpt>
      <trkpt lat="34.92101" lon="-116.82495">
        <ele>620.0</ele>
      </trkpt>
      <trkpt lat="34.92098" lon="-116.82494">
        <ele>620.0</ele>
      </trkpt>
      <trkpt lat="34.92095" lon="-116.82494">
        <ele>620.0</ele>
      </trkpt>
      <trkpt lat="34.92092" lon="-116.82494">
        <ele>619.94</ele>
      </trkpt>
      <trkpt lat="34.92088" lon="-116.82495">
        <ele>619.5</ele>
      </trkpt>
      <trkpt lat="34.92084" lon="-116.82495">
        <ele>619.07</ele>
      </trkpt>
      <trkpt lat="34.9208" lon="-116.82496">
        <ele>619.0</ele>
      </trkpt>
      <trkpt lat="34.92076" lon="-116.82496">
        <ele>619.0</ele>
      </trkpt>
      <trkpt lat="34.92073" lon="-116.82497">
        <ele>618.88</ele>
      </trkpt>
      <trkpt lat="34.9207" lon="-116.82498">
        <ele>618.56</ele>
      </trkpt>
      <trkpt lat="34.92066" lon="-116.82499">
        <ele>618.13</ele>
      </trkpt>
      <trkpt lat="34.92062" lon="-116.82502">
        <ele>618.0</ele>
      </trkpt>
      <trkpt lat="34.92057" lon="-116.82504">
        <ele>618.0</ele>
      </trkpt>
      <trkpt lat="34.92053" lon="-116.82507">
        <ele>617.72</ele>
      </trkpt>
      <trkpt lat="34.92049" lon="-116.82509">
        <ele>617.29</ele>
      </trkpt>
      <trkpt lat="34.92044" lon="-116.82511">
        <ele>616.8</ele>
      </trkpt>
      <trkpt lat="34.9204" lon="-116.82513">
        <ele>616.59</ele>
      </trkpt>
      <trkpt lat="34.92035" lon="-116.82516">
        <ele>616.57</ele>
      </trkpt>
      <trkpt lat="34.92032" lon="-116.82516">
        <ele>616.33</ele>
      </trkpt>
      <trkpt lat="34.92027" lon="-116.82516">
        <ele>615.92</ele>
      </trkpt>
      <trkpt lat="34.92023" lon="-116.82514">
        <ele>615.48</ele>
      </trkpt>
      <trkpt lat="34.92019" lon="-116.82513">
        <ele>615.05</ele>
      </trkpt>
      <trkpt lat="34.92014" lon="-116.82512">
        <ele>615.0</ele>
      </trkpt>
      <trkpt lat="34.9201" lon="-116.82511">
        <ele>615.0</ele>
      </trkpt>
      <trkpt lat="34.92006" lon="-116.82511">
        <ele>614.65</ele>
      </trkpt>
      <trkpt lat="34.92003" lon="-116.82512">
        <ele>614.32</ele>
      </trkpt>
      <trkpt lat="34.91999" lon="-116.82512">
        <ele>613.89</ele>
      </trkpt>
      <trkpt lat="34.91995" lon="-116.82513">
        <ele>613.46</ele>
      </trkpt>
      <trkpt lat="34.91992" lon="-116.82515">
        <ele>613.14</ele>
      </trkpt>
      <trkpt lat="34.9199" lon="-116.82518">
        <ele>613.0</ele>
      </trkpt>
      <trkpt lat="34.9199" lon="-116.82521">
        <ele>613.0</ele>
      </trkpt>
      <trkpt lat="34.91989" lon="-116.82525">
        <ele>613.0</ele>
      </trkpt>
      <trkpt lat="34.91989" lon="-116.82529">
        <ele>613.0</ele>
      </trkpt>
      <trkpt lat="34.9199" lon="-116.82533">
        <ele>613.0</ele>
      </trkpt>
      <trkpt lat="34.9199" lon="-116.82538">
        <ele>613.0</ele>
      </trkpt>
      <trkpt lat="34.9199" lon="-116.82545">
        <ele>613.0</ele>
      </trkpt>
      <trkpt lat="34.91991" lon="-116.82552">
        <ele>613.03</ele>
      </trkpt>
      <trkpt lat="34.91991" lon="-116.82559">
        <ele>613.03</ele>
      </trkpt>
      <trkpt lat="34.91991" lon="-116.82567">
        <ele>613.03</ele>
      </trkpt>
      <trkpt lat="34.91991" lon="-116.82576">
        <ele>613.03</ele>
      </trkpt>
      <trkpt lat="34.91991" lon="-116.82584">
        <ele>613.03</ele>
      </trkpt>
      <trkpt lat="34.91991" lon="-116.82591">
        <ele>613.03</ele>
      </trkpt>
      <trkpt lat="34.91991" lon="-116.82596">
        <ele>613.03</ele>
      </trkpt>
      <trkpt lat="34.91991" lon="-116.826">
        <ele>613.03</ele>
      </trkpt>
      <trkpt lat="34.91992" lon="-116.82605">
        <ele>613.09</ele>
      </trkpt>
      <trkpt lat="34.91992" lon="-116.8261">
        <ele>613.02</ele>
      </trkpt>
      <trkpt lat="34.91993" lon="-116.82617">
        <ele>613.0</ele>
      </trkpt>
      <trkpt lat="34.91994" lon="-116.82625">
        <ele>612.68</ele>
      </trkpt>
      <trkpt lat="34.91996" lon="-116.82633">
        <ele>612.57</ele>
      </trkpt>
      <trkpt lat="34.91998" lon="-116.82643">
        <ele>612.44</ele>
      </trkpt>
      <trkpt lat="34.92001" lon="-116.82652">
        <ele>612.11</ele>
      </trkpt>
      <trkpt lat="34.92004" lon="-116.82661">
        <ele>612.43</ele>
      </trkpt>
      <trkpt lat="34.92007" lon="-116.82669">
        <ele>612.76</ele>
      </trkpt>
      <trkpt lat="34.92009" lon="-116.82674">
        <ele>612.97</ele>
      </trkpt>
      <trkpt lat="34.9201" lon="-116.82678">
        <ele>612.79</ele>
      </trkpt>
      <trkpt lat="34.92012" lon="-116.82681">
        <ele>612.61</ele>
      </trkpt>
      <trkpt lat="34.92015" lon="-116.82685">
        <ele>612.63</ele>
      </trkpt>
      <trkpt lat="34.92017" lon="-116.82691">
        <ele>612.84</ele>
      </trkpt>
      <trkpt lat="34.9202" lon="-116.82696">
        <ele>613.16</ele>
      </trkpt>
      <trkpt lat="34.92022" lon="-116.82702">
        <ele>613.38</ele>
      </trkpt>
      <trkpt lat="34.92025" lon="-116.82708">
        <ele>613.38</ele>
      </trkpt>
      <trkpt lat="34.92027" lon="-116.82714">
        <ele>612.99</ele>
      </trkpt>
      <trkpt lat="34.92029" lon="-116.8272">
        <ele>613.13</ele>
      </trkpt>
      <trkpt lat="34.92031" lon="-116.82724">
        <ele>613.28</ele>
      </trkpt>
      <trkpt lat="34.92033" lon="-116.82729">
        <ele>613.15</ele>
      </trkpt>
      <trkpt lat="34.92035" lon="-116.82734">
        <ele>613.0</ele>
      </trkpt>
      <trkpt lat="34.92038" lon="-116.82739">
        <ele>613.1</ele>
      </trkpt>
      <trkpt lat="34.92041" lon="-116.82745">
        <ele>613.23</ele>
      </trkpt>
      <trkpt lat="34.92043" lon="-116.82751">
        <ele>613.0</ele>
      </trkpt>
      <trkpt lat="34.92045" lon="-116.82756">
        <ele>613.0</ele>
      </trkpt>
      <trkpt lat="34.92048" lon="-116.82761">
        <ele>613.15</ele>
      </trkpt>
      <trkpt lat="34.92051" lon="-116.82767">
        <ele>613.08</ele>
      </trkpt>
      <trkpt lat="34.92054" lon="-116.82773">
        <ele>613.0</ele>
      </trkpt>
      <trkpt lat="34.92057" lon="-116.8278">
        <ele>613.12</ele>
      </trkpt>
      <trkpt lat="34.92061" lon="-116.82786">
        <ele>613.07</ele>
      </trkpt>
      <trkpt lat="34.92064" lon="-116.82792">
        <ele>613.0</ele>
      </trkpt>
      <trkpt lat="34.92066" lon="-116.82798">
        <ele>613.1</ele>
      </trkpt>
      <trkpt lat="34.92069" lon="-116.82804">
        <ele>613.08</ele>
      </trkpt>
      <trkpt lat="34.92072" lon="-116.82812">
        <ele>613.0</ele>
      </trkpt>
      <trkpt lat="34.92076" lon="-116.8282">
        <ele>613.09</ele>
      </trkpt>
      <trkpt lat="34.92079" lon="-116.82828">
        <ele>612.8</ele>
      </trkpt>
      <trkpt lat="34.92083" lon="-116.82835">
        <ele>612.96</ele>
      </trkpt>
      <trkpt lat="34.92086" lon="-116.82842">
        <ele>613.0</ele>
      </trkpt>
      <trkpt lat="34.92089" lon="-116.82848">
        <ele>612.77</ele>
      </trkpt>
      <trkpt lat="34.92091" lon="-116.82853">
        <ele>612.73</ele>
      </trkpt>
      <trkpt lat="34.92094" lon="-116.82857">
        <ele>612.53</ele>
      </trkpt>
      <trkpt lat="34.92096" lon="-116.82864">
        <ele>612.37</ele>
      </trkpt>
      <trkpt lat="34.92098" lon="-116.82869">
        <ele>612.58</ele>
      </trkpt>
      <trkpt lat="34.921" lon="-116.82876">
        <ele>612.8</ele>
      </trkpt>
      <trkpt lat="34.92104" lon="-116.82882">
        <ele>612.8</ele>
      </trkpt>
      <trkpt lat="34.92106" lon="-116.82887">
        <ele>612.56</ele>
      </trkpt>
      <trkpt lat="34.92108" lon="-116.82891">
        <ele>612.51</ele>
      </trkpt>
      <trkpt lat="34.92111" lon="-116.82897">
        <ele>612.12</ele>
      </trkpt>
      <trkpt lat="34.92113" lon="-116.82902">
        <ele>612.12</ele>
      </trkpt>
      <trkpt lat="34.92115" lon="-116.82906">
        <ele>612.06</ele>
      </trkpt>
      <trkpt lat="34.92117" lon="-116.82912">
        <ele>612.0</ele>
      </trkpt>
      <trkpt lat="34.9212" lon="-116.82917">
        <ele>612.0</ele>
      </trkpt>
      <trkpt lat="34.92123" lon="-116.82924">
        <ele>612.06</ele>
      </trkpt>
      <trkpt lat="34.92127" lon="-116.82932">
        <ele>611.81</ele>
      </trkpt>
      <trkpt lat="34.92132" lon="-116.8294">
        <ele>611.61</ele>
      </trkpt>
      <trkpt lat="34.92137" lon="-116.82948">
        <ele>611.8</ele>
      </trkpt>
      <trkpt lat="34.92143" lon="-116.82956">
        <ele>611.86</ele>
      </trkpt>
      <trkpt lat="34.9215" lon="-116.82963">
        <ele>612.0</ele>
      </trkpt>
      <trkpt lat="34.92157" lon="-116.8297">
        <ele>612.0</ele>
      </trkpt>
      <trkpt lat="34.92165" lon="-116.82977">
        <ele>612.4</ele>
      </trkpt>
      <trkpt lat="34.92173" lon="-116.82984">
        <ele>612.5</ele>
      </trkpt>
      <trkpt lat="34.92179" lon="-116.82991">
        <ele>612.32</ele>
      </trkpt>
      <trkpt lat="34.92186" lon="-116.82998">
        <ele>612.28</ele>
      </trkpt>
      <trkpt lat="34.92192" lon="-116.83004">
        <ele>612.42</ele>
      </trkpt>
      <trkpt lat="34.92197" lon="-116.83009">
        <ele>612.3</ele>
      </trkpt>
      <trkpt lat="34.92202" lon="-116.83014">
        <ele>612.4</ele>
      </trkpt>
      <trkpt lat="34.92205" lon="-116.83017">
        <ele>612.28</ele>
      </trkpt>
      <trkpt lat="34.92208" lon="-116.8302">
        <ele>612.39</ele>
      </trkpt>
      <trkpt lat="34.92211" lon="-116.83023">
        <ele>612.41</ele>
      </trkpt>
      <trkpt lat="34.92215" lon="-116.83026">
        <ele>612.37</ele>
      </trkpt>
      <trkpt lat="34.92218" lon="-116.83029">
        <ele>612.54</ele>
      </trkpt>
      <trkpt lat="34.92222" lon="-116.83033">
        <ele>612.98</ele>
      </trkpt>
      <trkpt lat="34.92225" lon="-116.83036">
        <ele>613.0</ele>
      </trkpt>
      <trkpt lat="34.92228" lon="-116.83038">
        <ele>612.96</ele>
      </trkpt>
      <trkpt lat="34.92232" lon="-116.83041">
        <ele>613.03</ele>
      </trkpt>
      <trkpt lat="34.92235" lon="-116.83042">
        <ele>613.18</ele>
      </trkpt>
      <trkpt lat="34.92238" lon="-116.83045">
        <ele>613.1</ele>
      </trkpt>
      <trkpt lat="34.92241" lon="-116.8305">
        <ele>613.02</ele>
      </trkpt>
      <trkpt lat="34.92243" lon="-116.83053">
        <ele>613.07</ele>
      </trkpt>
      <trkpt lat="34.92246" lon="-116.83056">
        <ele>613.0</ele>
      </trkpt>
      <trkpt lat="34.92249" lon="-116.8306">
        <ele>613.0</ele>
      </trkpt>
      <trkpt lat="34.92253" lon="-116.83063">
        <ele>613.06</ele>
      </trkpt>
      <trkpt lat="34.92256" lon="-116.83066">
        <ele>612.95</ele>
      </trkpt>
      <trkpt lat="34.92258" lon="-116.83068">
        <ele>612.95</ele>
      </trkpt>
      <trkpt lat="34.9226" lon="-116.8307">
        <ele>613.04</ele>
      </trkpt>
      <trkpt lat="34.92263" lon="-116.83073">
        <ele>613.05</ele>
      </trkpt>
      <trkpt lat="34.92267" lon="-116.83076">
        <ele>613.0</ele>
      </trkpt>
      <trkpt lat="34.9227" lon="-116.83079">
        <ele>613.07</ele>
      </trkpt>
      <trkpt lat="34.92273" lon="-116.83082">
        <ele>613.07</ele>
      </trkpt>
      <trkpt lat="34.92275" lon="-116.83084">
        <ele>613.0</ele>
      </trkpt>
      <trkpt lat="34.92279" lon="-116.83088">
        <ele>613.07</ele>
      </trkpt>
      <trkpt lat="34.92281" lon="-116.83091">
        <ele>613.06</ele>
      </trkpt>
      <trkpt lat="34.92284" lon="-116.83094">
        <ele>613.0</ele>
      </trkpt>
      <trkpt lat="34.92288" lon="-116.83098">
        <ele>613.04</ele>
      </trkpt>
      <trkpt lat="34.92293" lon="-116.83103">
        <ele>613.0</ele>
      </trkpt>
      <trkpt lat="34.92297" lon="-116.83107">
        <ele>613.03</ele>
      </trkpt>
      <trkpt lat="34.923" lon="-116.83111">
        <ele>613.0</ele>
      </trkpt>
      <trkpt lat="34.92303" lon="-116.83114">
        <ele>613.0</ele>
      </trkpt>
      <trkpt lat="34.92306" lon="-116.83116">
        <ele>613.0</ele>
      </trkpt>
      <trkpt lat="34.92309" lon="-116.83119">
        <ele>613.0</ele>
      </trkpt>
      <trkpt lat="34.92312" lon="-116.83122">
        <ele>613.0</ele>
      </trkpt>
      <trkpt lat="34.92315" lon="-116.83125">
        <ele>613.01</ele>
      </trkpt>
      <trkpt lat="34.92318" lon="-116.83129">
        <ele>613.02</ele>
      </trkpt>
      <trkpt lat="34.92321" lon="-116.83133">
        <ele>613.0</ele>
      </trkpt>
      <trkpt lat="34.92323" lon="-116.83135">
        <ele>613.0</ele>
      </trkpt>
      <trkpt lat="34.92326" lon="-116.83138">
        <ele>613.02</ele>
      </trkpt>
      <trkpt lat="34.9233" lon="-116.83142">
        <ele>612.88</ele>
      </trkpt>
      <trkpt lat="34.92335" lon="-116.83146">
        <ele>613.04</ele>
      </trkpt>
      <trkpt lat="34.9234" lon="-116.8315">
        <ele>612.94</ele>
      </trkpt>
      <trkpt lat="34.92344" lon="-116.83154">
        <ele>613.15</ele>
      </trkpt>
      <trkpt lat="34.92346" lon="-116.83156">
        <ele>613.37</ele>
      </trkpt>
      <trkpt lat="34.92348" lon="-116.83159">
        <ele>613.58</ele>
      </trkpt>
      <trkpt lat="34.92353" lon="-116.83163">
        <ele>614.0</ele>
      </trkpt>
      <trkpt lat="34.92357" lon="-116.83166">
        <ele>614.0</ele>
      </trkpt>
      <trkpt lat="34.92361" lon="-116.8317">
        <ele>614.0</ele>
      </trkpt>
      <trkpt lat="34.92365" lon="-116.83174">
        <ele>614.42</ele>
      </trkpt>
      <trkpt lat="34.92369" lon="-116.83181">
        <ele>614.39</ele>
      </trkpt>
      <trkpt lat="34.92373" lon="-116.83188">
        <ele>614.28</ele>
      </trkpt>
      <trkpt lat="34.92375" lon="-116.83194">
        <ele>614.5</ele>
      </trkpt>
      <trkpt lat="34.92376" lon="-116.832">
        <ele>614.61</ele>
      </trkpt>
      <trkpt lat="34.92376" lon="-116.83206">
        <ele>614.46</ele>
      </trkpt>
      <trkpt lat="34.92377" lon="-116.83211">
        <ele>614.15</ele>
      </trkpt>
      <trkpt lat="34.92378" lon="-116.83216">
        <ele>614.0</ele>
      </trkpt>
      <trkpt lat="34.92378" lon="-116.83221">
        <ele>614.0</ele>
      </trkpt>
      <trkpt lat="34.92378" lon="-116.83229">
        <ele>614.0</ele>
      </trkpt>
      <trkpt lat="34.92378" lon="-116.83236">
        <ele>614.0</ele>
      </trkpt>
      <trkpt lat="34.92378" lon="-116.83244">
        <ele>613.94</ele>
      </trkpt>
      <trkpt lat="34.92378" lon="-116.83254">
        <ele>613.82</ele>
      </trkpt>
      <trkpt lat="34.92378" lon="-116.83263">
        <ele>613.82</ele>
      </trkpt>
      <trkpt lat="34.92378" lon="-116.83274">
        <ele>613.82</ele>
      </trkpt>
      <trkpt lat="34.92378" lon="-116.83283">
        <ele>613.82</ele>
      </trkpt>
      <trkpt lat="34.92378" lon="-116.83291">
        <ele>613.82</ele>
      </trkpt>
      <trkpt lat="34.92377" lon="-116.833">
        <ele>613.83</ele>
      </trkpt>
      <trkpt lat="34.92377" lon="-116.83309">
        <ele>614.0</ele>
      </trkpt>
      <trkpt lat="34.92377" lon="-116.83318">
        <ele>614.0</ele>
      </trkpt>
      <trkpt lat="34.92377" lon="-116.83324">
        <ele>614.0</ele>
      </trkpt>
      <trkpt lat="34.92377" lon="-116.8333">
        <ele>614.0</ele>
      </trkpt>
      <trkpt lat="34.92377" lon="-116.83335">
        <ele>614.0</ele>
      </trkpt>
      <trkpt lat="34.92377" lon="-116.8334">
        <ele>614.0</ele>
      </trkpt>
      <trkpt lat="34.92378" lon="-116.83346">
        <ele>614.0</ele>
      </trkpt>
      <trkpt lat="34.92379" lon="-116.83353">
        <ele>614.0</ele>
      </trkpt>
      <trkpt lat="34.92379" lon="-116.8336">
        <ele>614.0</ele>
      </trkpt>
      <trkpt lat="34.92379" lon="-116.83365">
        <ele>614.39</ele>
      </trkpt>
      <trkpt lat="34.9238" lon="-116.83369">
        <ele>614.86</ele>
      </trkpt>
      <trkpt lat="34.9238" lon="-116.83374">
        <ele>615.0</ele>
      </trkpt>
      <trkpt lat="34.9238" lon="-116.83378">
        <ele>615.0</ele>
      </trkpt>
      <trkpt lat="34.92381" lon="-116.83384">
        <ele>615.0</ele>
      </trkpt>
      <trkpt lat="34.92381" lon="-116.8339">
        <ele>615.0</ele>
      </trkpt>
      <trkpt lat="34.92382" lon="-116.83396">
        <ele>615.0</ele>
      </trkpt>
      <trkpt lat="34.92382" lon="-116.83403">
        <ele>615.0</ele>
      </trkpt>
      <trkpt lat="34.92383" lon="-116.83411">
        <ele>615.0</ele>
      </trkpt>
      <trkpt lat="34.92385" lon="-116.83418">
        <ele>615.0</ele>
      </trkpt>
      <trkpt lat="34.92388" lon="-116.83424">
        <ele>615.0</ele>
      </trkpt>
      <trkpt lat="34.92391" lon="-116.83431">
        <ele>615.23</ele>
      </trkpt>
      <trkpt lat="34.92395" lon="-116.83438">
        <ele>615.66</ele>
      </trkpt>
      <trkpt lat="34.92399" lon="-116.83444">
        <ele>616.0</ele>
      </trkpt>
      <trkpt lat="34.92403" lon="-116.83449">
        <ele>616.0</ele>
      </trkpt>
      <trkpt lat="34.92408" lon="-116.83455">
        <ele>616.0</ele>
      </trkpt>
      <trkpt lat="34.92413" lon="-116.83459">
        <ele>616.0</ele>
      </trkpt>
      <trkpt lat="34.92418" lon="-116.83463">
        <ele>616.0</ele>
      </trkpt>
      <trkpt lat="34.92423" lon="-116.83467">
        <ele>616.0</ele>
      </trkpt>
      <trkpt lat="34.92428" lon="-116.83471">
        <ele>616.03</ele>
      </trkpt>
      <trkpt lat="34.92433" lon="-116.83475">
        <ele>616.0</ele>
      </trkpt>
      <trkpt lat="34.92438" lon="-116.83479">
        <ele>616.3</ele>
      </trkpt>
      <trkpt lat="34.92442" lon="-116.83482">
        <ele>616.69</ele>
      </trkpt>
      <trkpt lat="34.92446" lon="-116.83486">
        <ele>616.59</ele>
      </trkpt>
      <trkpt lat="34.92449" lon="-116.83489">
        <ele>616.59</ele>
      </trkpt>
      <trkpt lat="34.92452" lon="-116.83492">
        <ele>616.82</ele>
      </trkpt>
      <trkpt lat="34.92455" lon="-116.83494">
        <ele>617.0</ele>
      </trkpt>
      <trkpt lat="34.92458" lon="-116.83498">
        <ele>617.0</ele>
      </trkpt>
      <trkpt lat="34.92461" lon="-116.835">
        <ele>617.0</ele>
      </trkpt>
      <trkpt lat="34.92465" lon="-116.83501">
        <ele>617.0</ele>
      </trkpt>
      <trkpt lat="34.92468" lon="-116.835">
        <ele>617.0</ele>
      </trkpt>
      <trkpt lat="34.92471" lon="-116.83499">
        <ele>617.09</ele>
      </trkpt>
      <trkpt lat="34.92475" lon="-116.83495">
        <ele>617.68</ele>
      </trkpt>
      <trkpt lat="34.92477" lon="-116.83491">
        <ele>617.99</ele>
      </trkpt>
      <trkpt lat="34.92479" lon="-116.83485">
        <ele>618.45</ele>
      </trkpt>
      <trkpt lat="34.92481" lon="-116.83479">
        <ele>618.96</ele>
      </trkpt>
      <trkpt lat="34.92483" lon="-116.83472">
        <ele>619.18</ele>
      </trkpt>
      <trkpt lat="34.92485" lon="-116.83464">
        <ele>619.93</ele>
      </trkpt>
      <trkpt lat="34.92486" lon="-116.83456">
        <ele>620.0</ele>
      </trkpt>
      <trkpt lat="34.92489" lon="-116.83447">
        <ele>620.59</ele>
      </trkpt>
      <trkpt lat="34.92491" lon="-116.8344">
        <ele>621.03</ele>
      </trkpt>
      <trkpt lat="34.92492" lon="-116.83434">
        <ele>621.14</ele>
      </trkpt>
      <trkpt lat="34.92493" lon="-116.8343">
        <ele>621.24</ele>
      </trkpt>
      <trkpt lat="34.92493" lon="-116.83424">
        <ele>621.4</ele>
      </trkpt>
      <trkpt lat="34.92494" lon="-116.83418">
        <ele>621.91</ele>
      </trkpt>
      <trkpt lat="34.92494" lon="-116.8341">
        <ele>622.0</ele>
      </trkpt>
      <trkpt lat="34.92495" lon="-116.83403">
        <ele>622.22</ele>
      </trkpt>
      <trkpt lat="34.92498" lon="-116.83398">
        <ele>622.8</ele>
      </trkpt>
      <trkpt lat="34.925" lon="-116.83394">
        <ele>623.45</ele>
      </trkpt>
      <trkpt lat="34.92504" lon="-116.8339">
        <ele>625.61</ele>
      </trkpt>
      <trkpt lat="34.92507" lon="-116.83387">
        <ele>627.12</ele>
      </trkpt>
      <trkpt lat="34.92511" lon="-116.83384">
        <ele>628.56</ele>
      </trkpt>
      <trkpt lat="34.92514" lon="-116.83382">
        <ele>629.54</ele>
      </trkpt>
      <trkpt lat="34.92517" lon="-116.8338">
        <ele>630.51</ele>
      </trkpt>
      <trkpt lat="34.9252" lon="-116.83379">
        <ele>631.62</ele>
      </trkpt>
      <trkpt lat="34.92524" lon="-116.83378">
        <ele>633.16</ele>
      </trkpt>
      <trkpt lat="34.92529" lon="-116.83377">
        <ele>635.05</ele>
      </trkpt>
      <trkpt lat="34.92534" lon="-116.83376">
        <ele>637.31</ele>
      </trkpt>
      <trkpt lat="34.92537" lon="-116.83376">
        <ele>638.81</ele>
      </trkpt>
      <trkpt lat="34.9254" lon="-116.83375">
        <ele>639.3</ele>
      </trkpt>
      <trkpt lat="34.92538" lon="-116.83378">
        <ele>639.7</ele>
      </trkpt>
      <trkpt lat="34.92533" lon="-116.83378">
        <ele>637.37</ele>
      </trkpt>
      <trkpt lat="34.92528" lon="-116.83379">
        <ele>634.98</ele>
      </trkpt>
      <trkpt lat="34.92524" lon="-116.83379">
        <ele>633.29</ele>
      </trkpt>
      <trkpt lat="34.92521" lon="-116.83379">
        <ele>632.04</ele>
      </trkpt>
      <trkpt lat="34.92516" lon="-116.8338">
        <ele>630.18</ele>
      </trkpt>
      <trkpt lat="34.92513" lon="-116.83381">
        <ele>629.21</ele>
      </trkpt>
      <trkpt lat="34.92509" lon="-116.83383">
        <ele>627.92</ele>
      </trkpt>
      <trkpt lat="34.92506" lon="-116.83385">
        <ele>626.89</ele>
      </trkpt>
      <trkpt lat="34.92504" lon="-116.83388">
        <ele>625.84</ele>
      </trkpt>
      <trkpt lat="34.92501" lon="-116.83392">
        <ele>624.1</ele>
      </trkpt>
      <trkpt lat="34.92498" lon="-116.83398">
        <ele>622.8</ele>
      </trkpt>
      <trkpt lat="34.92496" lon="-116.83404">
        <ele>622.21</ele>
      </trkpt>
      <trkpt lat="34.92496" lon="-116.83412">
        <ele>622.0</ele>
      </trkpt>
      <trkpt lat="34.92496" lon="-116.8342">
        <ele>621.84</ele>
      </trkpt>
      <trkpt lat="34.92496" lon="-116.83427">
        <ele>621.57</ele>
      </trkpt>
      <trkpt lat="34.92498" lon="-116.83435">
        <ele>621.78</ele>
      </trkpt>
      <trkpt lat="34.92501" lon="-116.83443">
        <ele>622.02</ele>
      </trkpt>
      <trkpt lat="34.92504" lon="-116.83451">
        <ele>621.6</ele>
      </trkpt>
      <trkpt lat="34.92508" lon="-116.83459">
        <ele>621.37</ele>
      </trkpt>
      <trkpt lat="34.92511" lon="-116.83465">
        <ele>621.19</ele>
      </trkpt>
      <trkpt lat="34.92515" lon="-116.83471">
        <ele>621.62</ele>
      </trkpt>
      <trkpt lat="34.92518" lon="-116.83477">
        <ele>621.46</ele>
      </trkpt>
      <trkpt lat="34.92522" lon="-116.83484">
        <ele>621.0</ele>
      </trkpt>
      <trkpt lat="34.92525" lon="-116.83491">
        <ele>621.0</ele>
      </trkpt>
      <trkpt lat="34.92526" lon="-116.83497">
        <ele>621.0</ele>
      </trkpt>
      <trkpt lat="34.92528" lon="-116.83501">
        <ele>621.0</ele>
      </trkpt>
      <trkpt lat="34.92531" lon="-116.83505">
        <ele>621.0</ele>
      </trkpt>
      <trkpt lat="34.92534" lon="-116.8351">
        <ele>621.0</ele>
      </trkpt>
      <trkpt lat="34.92537" lon="-116.83517">
        <ele>621.0</ele>
      </trkpt>
      <trkpt lat="34.92541" lon="-116.83524">
        <ele>621.0</ele>
      </trkpt>
      <trkpt lat="34.92544" lon="-116.8353">
        <ele>621.0</ele>
      </trkpt>
      <trkpt lat="34.92546" lon="-116.83535">
        <ele>621.0</ele>
      </trkpt>
      <trkpt lat="34.92549" lon="-116.8354">
        <ele>621.0</ele>
      </trkpt>
      <trkpt lat="34.92551" lon="-116.83544">
        <ele>621.0</ele>
      </trkpt>
      <trkpt lat="34.92553" lon="-116.83548">
        <ele>621.0</ele>
      </trkpt>
      <trkpt lat="34.92555" lon="-116.83551">
        <ele>621.0</ele>
      </trkpt>
      <trkpt lat="34.92556" lon="-116.83555">
        <ele>621.05</ele>
      </trkpt>
      <trkpt lat="34.92557" lon="-116.83558">
        <ele>621.16</ele>
      </trkpt>
      <trkpt lat="34.92559" lon="-116.83562">
        <ele>621.37</ele>
      </trkpt>
      <trkpt lat="34.9256" lon="-116.83565">
        <ele>621.47</ele>
      </trkpt>
      <trkpt lat="34.92562" lon="-116.8357">
        <ele>621.31</ele>
      </trkpt>
      <trkpt lat="34.92564" lon="-116.83573">
        <ele>621.11</ele>
      </trkpt>
      <trkpt lat="34.92565" lon="-116.83577">
        <ele>621.02</ele>
      </trkpt>
      <trkpt lat="34.92566" lon="-116.8358">
        <ele>621.13</ele>
      </trkpt>
      <trkpt lat="34.92567" lon="-116.83584">
        <ele>621.24</ele>
      </trkpt>
      <trkpt lat="34.92569" lon="-116.83588">
        <ele>621.45</ele>
      </trkpt>
      <trkpt lat="34.9257" lon="-116.83592">
        <ele>621.56</ele>
      </trkpt>
      <trkpt lat="34.92572" lon="-116.83598">
        <ele>621.78</ele>
      </trkpt>
      <trkpt lat="34.92574" lon="-116.83603">
        <ele>621.99</ele>
      </trkpt>
      <trkpt lat="34.92578" lon="-116.83608">
        <ele>622.0</ele>
      </trkpt>
      <trkpt lat="34.92581" lon="-116.83614">
        <ele>622.0</ele>
      </trkpt>
      <trkpt lat="34.92584" lon="-116.8362">
        <ele>622.0</ele>
      </trkpt>
      <trkpt lat="34.92588" lon="-116.83626">
        <ele>622.0</ele>
      </trkpt>
      <trkpt lat="34.92592" lon="-116.83632">
        <ele>622.0</ele>
      </trkpt>
      <trkpt lat="34.92596" lon="-116.83638">
        <ele>622.0</ele>
      </trkpt>
      <trkpt lat="34.926" lon="-116.83647">
        <ele>622.0</ele>
      </trkpt>
      <trkpt lat="34.92604" lon="-116.83655">
        <ele>622.0</ele>
      </trkpt>
      <trkpt lat="34.92607" lon="-116.83663">
        <ele>622.34</ele>
      </trkpt>
      <trkpt lat="34.92608" lon="-116.83673">
        <ele>622.66</ele>
      </trkpt>
      <trkpt lat="34.9261" lon="-116.83684">
        <ele>622.88</ele>
      </trkpt>
      <trkpt lat="34.92611" lon="-116.83693">
        <ele>623.0</ele>
      </trkpt>
      <trkpt lat="34.92612" lon="-116.83703">
        <ele>624.03</ele>
      </trkpt>
      <trkpt lat="34.92614" lon="-116.83712">
        <ele>624.31</ele>
      </trkpt>
      <trkpt lat="34.92616" lon="-116.8372">
        <ele>624.89</ele>
      </trkpt>
      <trkpt lat="34.92618" lon="-116.8373">
        <ele>625.62</ele>
      </trkpt>
      <trkpt lat="34.9262" lon="-116.83739">
        <ele>625.99</ele>
      </trkpt>
      <trkpt lat="34.92621" lon="-116.83749">
        <ele>626.07</ele>
      </trkpt>
      <trkpt lat="34.92623" lon="-116.83759">
        <ele>626.28</ele>
      </trkpt>
      <trkpt lat="34.92624" lon="-116.83769">
        <ele>627.0</ele>
      </trkpt>
      <trkpt lat="34.92626" lon="-116.83778">
        <ele>627.01</ele>
      </trkpt>
      <trkpt lat="34.9263" lon="-116.83788">
        <ele>628.0</ele>
      </trkpt>
      <trkpt lat="34.92634" lon="-116.83797">
        <ele>628.0</ele>
      </trkpt>
      <trkpt lat="34.92639" lon="-116.83806">
        <ele>628.06</ele>
      </trkpt>
      <trkpt lat="34.92644" lon="-116.83816">
        <ele>629.0</ele>
      </trkpt>
      <trkpt lat="34.92649" lon="-116.83826">
        <ele>629.3</ele>
      </trkpt>
      <trkpt lat="34.92654" lon="-116.83835">
        <ele>630.7</ele>
      </trkpt>
      <trkpt lat="34.92658" lon="-116.83842">
        <ele>631.06</ele>
      </trkpt>
      <trkpt lat="34.92661" lon="-116.83849">
        <ele>631.81</ele>
      </trkpt>
      <trkpt lat="34.92664" lon="-116.83855">
        <ele>632.24</ele>
      </trkpt>
      <trkpt lat="34.92666" lon="-116.83862">
        <ele>632.93</ele>
      </trkpt>
      <trkpt lat="34.92669" lon="-116.83867">
        <ele>633.16</ele>
      </trkpt>
      <trkpt lat="34.92671" lon="-116.83872">
        <ele>633.47</ele>
      </trkpt>
      <trkpt lat="34.92672" lon="-116.83875">
        <ele>633.58</ele>
      </trkpt>
      <trkpt lat="34.92674" lon="-116.83879">
        <ele>633.79</ele>
      </trkpt>
      <trkpt lat="34.92677" lon="-116.83885">
        <ele>634.0</ele>
      </trkpt>
      <trkpt lat="34.92679" lon="-116.8389">
        <ele>634.0</ele>
      </trkpt>
      <trkpt lat="34.92681" lon="-116.83896">
        <ele>634.0</ele>
      </trkpt>
      <trkpt lat="34.92683" lon="-116.83902">
        <ele>634.0</ele>
      </trkpt>
      <trkpt lat="34.92686" lon="-116.83907">
        <ele>634.09</ele>
      </trkpt>
      <trkpt lat="34.92689" lon="-116.83913">
        <ele>634.41</ele>
      </trkpt>
      <trkpt lat="34.92693" lon="-116.83919">
        <ele>635.1</ele>
      </trkpt>
      <trkpt lat="34.92697" lon="-116.83926">
        <ele>636.55</ele>
      </trkpt>
      <trkpt lat="34.92699" lon="-116.83935">
        <ele>636.98</ele>
      </trkpt>
      <trkpt lat="34.92699" lon="-116.83943">
        <ele>637.83</ele>
      </trkpt>
      <trkpt lat="34.92699" lon="-116.83951">
        <ele>637.98</ele>
      </trkpt>
      <trkpt lat="34.92699" lon="-116.83957">
        <ele>638.16</ele>
      </trkpt>
      <trkpt lat="34.92697" lon="-116.83963">
        <ele>638.28</ele>
      </trkpt>
      <trkpt lat="34.92695" lon="-116.83968">
        <ele>638.6</ele>
      </trkpt>
      <trkpt lat="34.92694" lon="-116.83973">
        <ele>638.91</ele>
      </trkpt>
      <trkpt lat="34.92693" lon="-116.83978">
        <ele>638.79</ele>
      </trkpt>
      <trkpt lat="34.92693" lon="-116.83984">
        <ele>638.89</ele>
      </trkpt>
      <trkpt lat="34.92694" lon="-116.8399">
        <ele>639.0</ele>
      </trkpt>
      <trkpt lat="34.92695" lon="-116.83995">
        <ele>639.49</ele>
      </trkpt>
      <trkpt lat="34.92696" lon="-116.84001">
        <ele>640.0</ele>
      </trkpt>
      <trkpt lat="34.92699" lon="-116.84005">
        <ele>640.0</ele>
      </trkpt>
      <trkpt lat="34.92702" lon="-116.84009">
        <ele>640.0</ele>
      </trkpt>
      <trkpt lat="34.92705" lon="-116.84015">
        <ele>640.14</ele>
      </trkpt>
      <trkpt lat="34.92708" lon="-116.84021">
        <ele>640.61</ele>
      </trkpt>
      <trkpt lat="34.9271" lon="-116.84027">
        <ele>640.97</ele>
      </trkpt>
      <trkpt lat="34.92713" lon="-116.84033">
        <ele>641.57</ele>
      </trkpt>
      <trkpt lat="34.92715" lon="-116.84038">
        <ele>642.02</ele>
      </trkpt>
      <trkpt lat="34.92717" lon="-116.84044">
        <ele>642.33</ele>
      </trkpt>
      <trkpt lat="34.92719" lon="-116.84049">
        <ele>642.94</ele>
      </trkpt>
      <trkpt lat="34.92722" lon="-116.84053">
        <ele>643.7</ele>
      </trkpt>
      <trkpt lat="34.92725" lon="-116.84057">
        <ele>644.05</ele>
      </trkpt>
      <trkpt lat="34.9273" lon="-116.84061">
        <ele>644.49</ele>
      </trkpt>
      <trkpt lat="34.92734" lon="-116.84065">
        <ele>645.0</ele>
      </trkpt>
      <trkpt lat="34.92738" lon="-116.8407">
        <ele>645.0</ele>
      </trkpt>
      <trkpt lat="34.9274" lon="-116.84074">
        <ele>645.0</ele>
      </trkpt>
      <trkpt lat="34.92741" lon="-116.84077">
        <ele>645.03</ele>
      </trkpt>
      <trkpt lat="34.92742" lon="-116.8408">
        <ele>645.14</ele>
      </trkpt>
      <trkpt lat="34.92743" lon="-116.84084">
        <ele>645.24</ele>
      </trkpt>
      <trkpt lat="34.92744" lon="-116.84088">
        <ele>645.35</ele>
      </trkpt>
      <trkpt lat="34.92746" lon="-116.84091">
        <ele>645.57</ele>
      </trkpt>
      <trkpt lat="34.92747" lon="-116.84094">
        <ele>645.57</ele>
      </trkpt>
      <trkpt lat="34.9275" lon="-116.84097">
        <ele>645.52</ele>
      </trkpt>
      <trkpt lat="34.92754" lon="-116.84101">
        <ele>645.48</ele>
      </trkpt>
      <trkpt lat="34.92759" lon="-116.84105">
        <ele>645.97</ele>
      </trkpt>
      <trkpt lat="34.92766" lon="-116.84109">
        <ele>646.0</ele>
      </trkpt>
      <trkpt lat="34.92775" lon="-116.84112">
        <ele>646.0</ele>
      </trkpt>
      <trkpt lat="34.92786" lon="-116.84116">
        <ele>646.42</ele>
      </trkpt>
      <trkpt lat="34.92799" lon="-116.84119">
        <ele>646.3</ele>
      </trkpt>
      <trkpt lat="34.92812" lon="-116.84121">
        <ele>646.05</ele>
      </trkpt>
      <trkpt lat="34.92826" lon="-116.84123">
        <ele>647.51</ele>
      </trkpt>
      <trkpt lat="34.92842" lon="-116.84126">
        <ele>650.66</ele>
      </trkpt>
      <trkpt lat="34.92857" lon="-116.84129">
        <ele>651.07</ele>
      </trkpt>
      <trkpt lat="34.9287" lon="-116.84133">
        <ele>650.64</ele>
      </trkpt>
      <trkpt lat="34.92882" lon="-116.84136">
        <ele>650.31</ele>
      </trkpt>
      <trkpt lat="34.92892" lon="-116.84139">
        <ele>650.32</ele>
      </trkpt>
      <trkpt lat="34.92899" lon="-116.84142">
        <ele>650.66</ele>
      </trkpt>
      <trkpt lat="34.92903" lon="-116.84145">
        <ele>650.34</ele>
      </trkpt>
      <trkpt lat="34.92903" lon="-116.84149">
        <ele>649.96</ele>
      </trkpt>
      <trkpt lat="34.92902" lon="-116.84157">
        <ele>649.44</ele>
      </trkpt>
      <trkpt lat="34.929" lon="-116.84162">
        <ele>648.7</ele>
      </trkpt>
      <trkpt lat="34.92894" lon="-116.84167">
        <ele>647.98</ele>
      </trkpt>
      <trkpt lat="34.92887" lon="-116.84173">
        <ele>647.25</ele>
      </trkpt>
      <trkpt lat="34.92879" lon="-116.84178">
        <ele>646.72</ele>
      </trkpt>
      <trkpt lat="34.92871" lon="-116.84182">
        <ele>646.02</ele>
      </trkpt>
      <trkpt lat="34.92864" lon="-116.84186">
        <ele>646.0</ele>
      </trkpt>
      <trkpt lat="34.92859" lon="-116.8419">
        <ele>646.0</ele>
      </trkpt>
      <trkpt lat="34.92856" lon="-116.84196">
        <ele>646.0</ele>
      </trkpt>
      <trkpt lat="34.92856" lon="-116.84204">
        <ele>646.0</ele>
      </trkpt>
      <trkpt lat="34.92856" lon="-116.84212">
        <ele>646.0</ele>
      </trkpt>
      <trkpt lat="34.92858" lon="-116.8422">
        <ele>646.0</ele>
      </trkpt>
      <trkpt lat="34.92862" lon="-116.84228">
        <ele>646.04</ele>
      </trkpt>
      <trkpt lat="34.92868" lon="-116.84235">
        <ele>646.0</ele>
      </trkpt>
      <trkpt lat="34.92876" lon="-116.84241">
        <ele>646.0</ele>
      </trkpt>
      <trkpt lat="34.92882" lon="-116.84246">
        <ele>646.11</ele>
      </trkpt>
      <trkpt lat="34.92889" lon="-116.84252">
        <ele>646.01</ele>
      </trkpt>
      <trkpt lat="34.92894" lon="-116.84259">
        <ele>646.02</ele>
      </trkpt>
      <trkpt lat="34.92899" lon="-116.84267">
        <ele>646.02</ele>
      </trkpt>
      <trkpt lat="34.92905" lon="-116.84275">
        <ele>645.3</ele>
      </trkpt>
      <trkpt lat="34.92912" lon="-116.84281">
        <ele>644.65</ele>
      </trkpt>
      <trkpt lat="34.92919" lon="-116.84287">
        <ele>644.01</ele>
      </trkpt>
      <trkpt lat="34.92927" lon="-116.84292">
        <ele>643.52</ele>
      </trkpt>
      <trkpt lat="34.92935" lon="-116.84296">
        <ele>643.06</ele>
      </trkpt>
      <trkpt lat="34.92945" lon="-116.84297">
        <ele>643.98</ele>
      </trkpt>
      <trkpt lat="34.92956" lon="-116.84298">
        <ele>644.82</ele>
      </trkpt>
      <trkpt lat="34.92966" lon="-116.84299">
        <ele>644.8</ele>
      </trkpt>
      <trkpt lat="34.92978" lon="-116.84299">
        <ele>645.44</ele>
      </trkpt>
      <trkpt lat="34.9299" lon="-116.84299">
        <ele>645.71</ele>
      </trkpt>
      <trkpt lat="34.93002" lon="-116.84299">
        <ele>646.15</ele>
      </trkpt>
      <trkpt lat="34.93014" lon="-116.84298">
        <ele>646.82</ele>
      </trkpt>
      <trkpt lat="34.93024" lon="-116.84297">
        <ele>646.92</ele>
      </trkpt>
      <trkpt lat="34.93033" lon="-116.84293">
        <ele>647.36</ele>
      </trkpt>
      <trkpt lat="34.93044" lon="-116.84289">
        <ele>648.38</ele>
      </trkpt>
      <trkpt lat="34.93054" lon="-116.84287">
        <ele>649.01</ele>
      </trkpt>
      <trkpt lat="34.93062" lon="-116.84287">
        <ele>649.7</ele>
      </trkpt>
      <trkpt lat="34.93065" lon="-116.84288">
        <ele>649.79</ele>
      </trkpt>
      <trkpt lat="34.93065" lon="-116.84292">
        <ele>648.94</ele>
      </trkpt>
      <trkpt lat="34.93065" lon="-116.84298">
        <ele>647.84</ele>
      </trkpt>
      <trkpt lat="34.93063" lon="-116.84301">
        <ele>647.4</ele>
      </trkpt>
      <trkpt lat="34.93061" lon="-116.84303">
        <ele>647.16</ele>
      </trkpt>
      <trkpt lat="34.9306" lon="-116.843">
        <ele>647.29</ele>
      </trkpt>
    </trkseg>
  </trk>
</gpx>
