<?xml version="1.0"?>
<gpx xmlns="http://www.topografix.com/GPX/1/1" xmlns:xsi="http://www.w3.org/2001/XMLSchema-instance" version="1.1" creator="AllTrails.com" xsi:schemaLocation="http://www.topografix.com/GPX/1/1 http://www.topografix.com/GPX/1/1/gpx.xsd">
  <metadata>
    <name><![CDATA[Red Oak OHV Trail and Craycroft Ridge]]></name>
    <desc><![CDATA[]]></desc>
    <link href="http://www.alltrails.com">
      <text>AllTrails, LLC</text>
    </link>
    <bounds minlat="39.60512" minlon="-120.80952" maxlat="39.68448" maxlon="-120.77213"/>
  </metadata>
  <trk>
    <name><![CDATA[Red Oak OHV Trail and Craycroft Ridge]]></name>
    <src>AllTrails</src>
    <trkseg>
      <trkpt lat="39.61417" lon="-120.7777">
        <ele>1181.61</ele>
      </trkpt>
      <trkpt lat="39.61417" lon="-120.77769">
        <ele>1181.17</ele>
      </trkpt>
      <trkpt lat="39.61429" lon="-120.77771">
        <ele>1181.1</ele>
      </trkpt>
      <trkpt lat="39.61446" lon="-120.77777">
        <ele>1184.4</ele>
      </trkpt>
      <trkpt lat="39.61488" lon="-120.77794">
        <ele>1189.08</ele>
      </trkpt>
      <trkpt lat="39.61504" lon="-120.77799">
        <ele>1189.88</ele>
      </trkpt>
      <trkpt lat="39.61515" lon="-120.778">
        <ele>1190.2</ele>
      </trkpt>
      <trkpt lat="39.61536" lon="-120.77802">
        <ele>1190.85</ele>
      </trkpt>
      <trkpt lat="39.61547" lon="-120.77804">
        <ele>1191.56</ele>
      </trkpt>
      <trkpt lat="39.6156" lon="-120.77807">
        <ele>1195.38</ele>
      </trkpt>
      <trkpt lat="39.61568" lon="-120.7781">
        <ele>1199.91</ele>
      </trkpt>
      <trkpt lat="39.61573" lon="-120.7781">
        <ele>1201.53</ele>
      </trkpt>
      <trkpt lat="39.6158" lon="-120.77807">
        <ele>1201.86</ele>
      </trkpt>
      <trkpt lat="39.61594" lon="-120.778">
        <ele>1202.3</ele>
      </trkpt>
      <trkpt lat="39.61612" lon="-120.77786">
        <ele>1198.42</ele>
      </trkpt>
      <trkpt lat="39.61623" lon="-120.77777">
        <ele>1193.84</ele>
      </trkpt>
      <trkpt lat="39.61631" lon="-120.77771">
        <ele>1190.53</ele>
      </trkpt>
      <trkpt lat="39.61637" lon="-120.77769">
        <ele>1189.23</ele>
      </trkpt>
      <trkpt lat="39.61644" lon="-120.77769">
        <ele>1188.13</ele>
      </trkpt>
      <trkpt lat="39.61653" lon="-120.77774">
        <ele>1189.13</ele>
      </trkpt>
      <trkpt lat="39.6166" lon="-120.77781">
        <ele>1191.01</ele>
      </trkpt>
      <trkpt lat="39.61665" lon="-120.77783">
        <ele>1190.97</ele>
      </trkpt>
      <trkpt lat="39.61672" lon="-120.77785">
        <ele>1191.34</ele>
      </trkpt>
      <trkpt lat="39.61675" lon="-120.77784">
        <ele>1191.02</ele>
      </trkpt>
      <trkpt lat="39.61679" lon="-120.77783">
        <ele>1191.5</ele>
      </trkpt>
      <trkpt lat="39.61683" lon="-120.7778">
        <ele>1191.83</ele>
      </trkpt>
      <trkpt lat="39.61686" lon="-120.77778">
        <ele>1192.4</ele>
      </trkpt>
      <trkpt lat="39.61689" lon="-120.77774">
        <ele>1193.07</ele>
      </trkpt>
      <trkpt lat="39.61692" lon="-120.77767">
        <ele>1192.88</ele>
      </trkpt>
      <trkpt lat="39.61698" lon="-120.77752">
        <ele>1191.67</ele>
      </trkpt>
      <trkpt lat="39.61706" lon="-120.77737">
        <ele>1190.53</ele>
      </trkpt>
      <trkpt lat="39.61709" lon="-120.77733">
        <ele>1190.21</ele>
      </trkpt>
      <trkpt lat="39.61711" lon="-120.77731">
        <ele>1190.17</ele>
      </trkpt>
      <trkpt lat="39.61715" lon="-120.77728">
        <ele>1190.16</ele>
      </trkpt>
      <trkpt lat="39.6172" lon="-120.77726">
        <ele>1190.91</ele>
      </trkpt>
      <trkpt lat="39.61724" lon="-120.77726">
        <ele>1192.21</ele>
      </trkpt>
      <trkpt lat="39.61727" lon="-120.77726">
        <ele>1193.18</ele>
      </trkpt>
      <trkpt lat="39.61742" lon="-120.77728">
        <ele>1198.9</ele>
      </trkpt>
      <trkpt lat="39.61758" lon="-120.77731">
        <ele>1205.34</ele>
      </trkpt>
      <trkpt lat="39.61769" lon="-120.77733">
        <ele>1210.3</ele>
      </trkpt>
      <trkpt lat="39.61784" lon="-120.77734">
        <ele>1214.98</ele>
      </trkpt>
      <trkpt lat="39.61802" lon="-120.77734">
        <ele>1217.09</ele>
      </trkpt>
      <trkpt lat="39.61817" lon="-120.77734">
        <ele>1216.85</ele>
      </trkpt>
      <trkpt lat="39.61849" lon="-120.77731">
        <ele>1213.15</ele>
      </trkpt>
      <trkpt lat="39.6186" lon="-120.77732">
        <ele>1212.29</ele>
      </trkpt>
      <trkpt lat="39.61865" lon="-120.77732">
        <ele>1211.35</ele>
      </trkpt>
      <trkpt lat="39.6187" lon="-120.77735">
        <ele>1211.58</ele>
      </trkpt>
      <trkpt lat="39.61879" lon="-120.77742">
        <ele>1212.68</ele>
      </trkpt>
      <trkpt lat="39.61891" lon="-120.77755">
        <ele>1216.24</ele>
      </trkpt>
      <trkpt lat="39.61903" lon="-120.77769">
        <ele>1222.26</ele>
      </trkpt>
      <trkpt lat="39.61906" lon="-120.77771">
        <ele>1222.91</ele>
      </trkpt>
      <trkpt lat="39.61915" lon="-120.77775">
        <ele>1224.13</ele>
      </trkpt>
      <trkpt lat="39.61931" lon="-120.77779">
        <ele>1223.7</ele>
      </trkpt>
      <trkpt lat="39.61939" lon="-120.77782">
        <ele>1224.1</ele>
      </trkpt>
      <trkpt lat="39.61949" lon="-120.77787">
        <ele>1225.99</ele>
      </trkpt>
      <trkpt lat="39.61957" lon="-120.77792">
        <ele>1228.21</ele>
      </trkpt>
      <trkpt lat="39.61972" lon="-120.77799">
        <ele>1231.76</ele>
      </trkpt>
      <trkpt lat="39.61976" lon="-120.778">
        <ele>1232.4</ele>
      </trkpt>
      <trkpt lat="39.61983" lon="-120.778">
        <ele>1232.4</ele>
      </trkpt>
      <trkpt lat="39.61999" lon="-120.77797">
        <ele>1231.28</ele>
      </trkpt>
      <trkpt lat="39.62014" lon="-120.77791">
        <ele>1228.14</ele>
      </trkpt>
      <trkpt lat="39.62024" lon="-120.77786">
        <ele>1226.62</ele>
      </trkpt>
      <trkpt lat="39.62038" lon="-120.77781">
        <ele>1226.95</ele>
      </trkpt>
      <trkpt lat="39.62057" lon="-120.77775">
        <ele>1229.01</ele>
      </trkpt>
      <trkpt lat="39.62067" lon="-120.77772">
        <ele>1231.21</ele>
      </trkpt>
      <trkpt lat="39.62081" lon="-120.77767">
        <ele>1233.55</ele>
      </trkpt>
      <trkpt lat="39.62084" lon="-120.77765">
        <ele>1233.77</ele>
      </trkpt>
      <trkpt lat="39.6209" lon="-120.77761">
        <ele>1234.63</ele>
      </trkpt>
      <trkpt lat="39.62093" lon="-120.77758">
        <ele>1234.86</ele>
      </trkpt>
      <trkpt lat="39.62096" lon="-120.77753">
        <ele>1235.18</ele>
      </trkpt>
      <trkpt lat="39.62099" lon="-120.77745">
        <ele>1234.37</ele>
      </trkpt>
      <trkpt lat="39.62112" lon="-120.77709">
        <ele>1237.82</ele>
      </trkpt>
      <trkpt lat="39.62116" lon="-120.77698">
        <ele>1238.5</ele>
      </trkpt>
      <trkpt lat="39.62122" lon="-120.77686">
        <ele>1241.22</ele>
      </trkpt>
      <trkpt lat="39.62132" lon="-120.7766">
        <ele>1243.63</ele>
      </trkpt>
      <trkpt lat="39.62134" lon="-120.77651">
        <ele>1243.3</ele>
      </trkpt>
      <trkpt lat="39.62136" lon="-120.77641">
        <ele>1242.58</ele>
      </trkpt>
      <trkpt lat="39.62141" lon="-120.77607">
        <ele>1237.25</ele>
      </trkpt>
      <trkpt lat="39.62143" lon="-120.77599">
        <ele>1236.47</ele>
      </trkpt>
      <trkpt lat="39.62145" lon="-120.77596">
        <ele>1236.62</ele>
      </trkpt>
      <trkpt lat="39.62148" lon="-120.77591">
        <ele>1236.59</ele>
      </trkpt>
      <trkpt lat="39.62152" lon="-120.77589">
        <ele>1237.73</ele>
      </trkpt>
      <trkpt lat="39.62156" lon="-120.77586">
        <ele>1238.36</ele>
      </trkpt>
      <trkpt lat="39.62162" lon="-120.77584">
        <ele>1239.74</ele>
      </trkpt>
      <trkpt lat="39.62175" lon="-120.77582">
        <ele>1244.04</ele>
      </trkpt>
      <trkpt lat="39.62183" lon="-120.77582">
        <ele>1247.37</ele>
      </trkpt>
      <trkpt lat="39.62199" lon="-120.77584">
        <ele>1253.34</ele>
      </trkpt>
      <trkpt lat="39.62216" lon="-120.77584">
        <ele>1257.02</ele>
      </trkpt>
      <trkpt lat="39.62227" lon="-120.77584">
        <ele>1259.43</ele>
      </trkpt>
      <trkpt lat="39.62235" lon="-120.77582">
        <ele>1260.37</ele>
      </trkpt>
      <trkpt lat="39.62251" lon="-120.77576">
        <ele>1262.66</ele>
      </trkpt>
      <trkpt lat="39.62259" lon="-120.77572">
        <ele>1263.77</ele>
      </trkpt>
      <trkpt lat="39.62266" lon="-120.77568">
        <ele>1265.11</ele>
      </trkpt>
      <trkpt lat="39.62272" lon="-120.77562">
        <ele>1265.1</ele>
      </trkpt>
      <trkpt lat="39.6228" lon="-120.77554">
        <ele>1265.53</ele>
      </trkpt>
      <trkpt lat="39.62288" lon="-120.77545">
        <ele>1265.87</ele>
      </trkpt>
      <trkpt lat="39.62296" lon="-120.77535">
        <ele>1266.17</ele>
      </trkpt>
      <trkpt lat="39.62307" lon="-120.77517">
        <ele>1264.98</ele>
      </trkpt>
      <trkpt lat="39.62316" lon="-120.77498">
        <ele>1262.74</ele>
      </trkpt>
      <trkpt lat="39.6232" lon="-120.77483">
        <ele>1259.17</ele>
      </trkpt>
      <trkpt lat="39.62329" lon="-120.77451">
        <ele>1251.43</ele>
      </trkpt>
      <trkpt lat="39.62331" lon="-120.77447">
        <ele>1250.35</ele>
      </trkpt>
      <trkpt lat="39.62333" lon="-120.77444">
        <ele>1249.75</ele>
      </trkpt>
      <trkpt lat="39.62338" lon="-120.77439">
        <ele>1249.96</ele>
      </trkpt>
      <trkpt lat="39.62343" lon="-120.77438">
        <ele>1251.3</ele>
      </trkpt>
      <trkpt lat="39.62348" lon="-120.77437">
        <ele>1251.95</ele>
      </trkpt>
      <trkpt lat="39.62352" lon="-120.77438">
        <ele>1253.25</ele>
      </trkpt>
      <trkpt lat="39.62356" lon="-120.7744">
        <ele>1255.21</ele>
      </trkpt>
      <trkpt lat="39.62359" lon="-120.77443">
        <ele>1257.57</ele>
      </trkpt>
      <trkpt lat="39.62361" lon="-120.77448">
        <ele>1260.5</ele>
      </trkpt>
      <trkpt lat="39.62362" lon="-120.77453">
        <ele>1262.88</ele>
      </trkpt>
      <trkpt lat="39.62362" lon="-120.77459">
        <ele>1265.48</ele>
      </trkpt>
      <trkpt lat="39.62372" lon="-120.77445">
        <ele>1260.48</ele>
      </trkpt>
      <trkpt lat="39.6239" lon="-120.77443">
        <ele>1261.24</ele>
      </trkpt>
      <trkpt lat="39.6242" lon="-120.77443">
        <ele>1259.86</ele>
      </trkpt>
      <trkpt lat="39.62446" lon="-120.77446">
        <ele>1257.2</ele>
      </trkpt>
      <trkpt lat="39.62456" lon="-120.77447">
        <ele>1255.06</ele>
      </trkpt>
      <trkpt lat="39.62475" lon="-120.77454">
        <ele>1253.52</ele>
      </trkpt>
      <trkpt lat="39.62486" lon="-120.77464">
        <ele>1254.36</ele>
      </trkpt>
      <trkpt lat="39.62498" lon="-120.77484">
        <ele>1259.31</ele>
      </trkpt>
      <trkpt lat="39.62501" lon="-120.77499">
        <ele>1264.26</ele>
      </trkpt>
      <trkpt lat="39.62504" lon="-120.77512">
        <ele>1268.32</ele>
      </trkpt>
      <trkpt lat="39.62509" lon="-120.77523">
        <ele>1271.99</ele>
      </trkpt>
      <trkpt lat="39.62514" lon="-120.77532">
        <ele>1274.34</ele>
      </trkpt>
      <trkpt lat="39.62532" lon="-120.77546">
        <ele>1274.99</ele>
      </trkpt>
      <trkpt lat="39.6254" lon="-120.77558">
        <ele>1276.47</ele>
      </trkpt>
      <trkpt lat="39.62547" lon="-120.77575">
        <ele>1280.05</ele>
      </trkpt>
      <trkpt lat="39.62555" lon="-120.77585">
        <ele>1280.47</ele>
      </trkpt>
      <trkpt lat="39.62569" lon="-120.77592">
        <ele>1281.39</ele>
      </trkpt>
      <trkpt lat="39.62573" lon="-120.7759">
        <ele>1281.6</ele>
      </trkpt>
      <trkpt lat="39.62577" lon="-120.77582">
        <ele>1282.22</ele>
      </trkpt>
      <trkpt lat="39.62579" lon="-120.77572">
        <ele>1282.6</ele>
      </trkpt>
      <trkpt lat="39.62573" lon="-120.77534">
        <ele>1278.32</ele>
      </trkpt>
      <trkpt lat="39.62573" lon="-120.77522">
        <ele>1277.03</ele>
      </trkpt>
      <trkpt lat="39.62575" lon="-120.7751">
        <ele>1275.65</ele>
      </trkpt>
      <trkpt lat="39.6258" lon="-120.77504">
        <ele>1276.7</ele>
      </trkpt>
      <trkpt lat="39.62592" lon="-120.77501">
        <ele>1281.07</ele>
      </trkpt>
      <trkpt lat="39.62608" lon="-120.77504">
        <ele>1287.57</ele>
      </trkpt>
      <trkpt lat="39.62626" lon="-120.77502">
        <ele>1289.21</ele>
      </trkpt>
      <trkpt lat="39.62662" lon="-120.77497">
        <ele>1288.39</ele>
      </trkpt>
      <trkpt lat="39.627" lon="-120.77486">
        <ele>1284.31</ele>
      </trkpt>
      <trkpt lat="39.62721" lon="-120.77482">
        <ele>1284.18</ele>
      </trkpt>
      <trkpt lat="39.62739" lon="-120.77485">
        <ele>1286.35</ele>
      </trkpt>
      <trkpt lat="39.62763" lon="-120.77489">
        <ele>1286.84</ele>
      </trkpt>
      <trkpt lat="39.62781" lon="-120.77497">
        <ele>1287.8</ele>
      </trkpt>
      <trkpt lat="39.62806" lon="-120.77512">
        <ele>1288.68</ele>
      </trkpt>
      <trkpt lat="39.62819" lon="-120.77514">
        <ele>1288.07</ele>
      </trkpt>
      <trkpt lat="39.6283" lon="-120.77511">
        <ele>1287.17</ele>
      </trkpt>
      <trkpt lat="39.62839" lon="-120.77499">
        <ele>1283.9</ele>
      </trkpt>
      <trkpt lat="39.62851" lon="-120.77479">
        <ele>1279.74</ele>
      </trkpt>
      <trkpt lat="39.62863" lon="-120.77476">
        <ele>1279.84</ele>
      </trkpt>
      <trkpt lat="39.62872" lon="-120.77477">
        <ele>1281.24</ele>
      </trkpt>
      <trkpt lat="39.62888" lon="-120.77485">
        <ele>1286.08</ele>
      </trkpt>
      <trkpt lat="39.6292" lon="-120.77503">
        <ele>1294.05</ele>
      </trkpt>
      <trkpt lat="39.62939" lon="-120.77506">
        <ele>1294.62</ele>
      </trkpt>
      <trkpt lat="39.62954" lon="-120.7751">
        <ele>1296.45</ele>
      </trkpt>
      <trkpt lat="39.62972" lon="-120.77519">
        <ele>1303.31</ele>
      </trkpt>
      <trkpt lat="39.62986" lon="-120.77519">
        <ele>1303.34</ele>
      </trkpt>
      <trkpt lat="39.63004" lon="-120.77513">
        <ele>1301.95</ele>
      </trkpt>
      <trkpt lat="39.63028" lon="-120.77496">
        <ele>1300.91</ele>
      </trkpt>
      <trkpt lat="39.63055" lon="-120.77482">
        <ele>1302.1</ele>
      </trkpt>
      <trkpt lat="39.63062" lon="-120.77472">
        <ele>1299.27</ele>
      </trkpt>
      <trkpt lat="39.63073" lon="-120.7745">
        <ele>1290.65</ele>
      </trkpt>
      <trkpt lat="39.6308" lon="-120.77428">
        <ele>1281.32</ele>
      </trkpt>
      <trkpt lat="39.63087" lon="-120.77419">
        <ele>1278.5</ele>
      </trkpt>
      <trkpt lat="39.63098" lon="-120.77416">
        <ele>1278.3</ele>
      </trkpt>
      <trkpt lat="39.63106" lon="-120.7742">
        <ele>1280.44</ele>
      </trkpt>
      <trkpt lat="39.63122" lon="-120.77431">
        <ele>1283.84</ele>
      </trkpt>
      <trkpt lat="39.63138" lon="-120.77436">
        <ele>1282.63</ele>
      </trkpt>
      <trkpt lat="39.63153" lon="-120.77434">
        <ele>1280.49</ele>
      </trkpt>
      <trkpt lat="39.63168" lon="-120.77427">
        <ele>1278.48</ele>
      </trkpt>
      <trkpt lat="39.63176" lon="-120.77424">
        <ele>1277.38</ele>
      </trkpt>
      <trkpt lat="39.63176" lon="-120.77424">
        <ele>1277.38</ele>
      </trkpt>
      <trkpt lat="39.63182" lon="-120.77421">
        <ele>1276.71</ele>
      </trkpt>
      <trkpt lat="39.63194" lon="-120.77421">
        <ele>1276.87</ele>
      </trkpt>
      <trkpt lat="39.63206" lon="-120.77425">
        <ele>1278.6</ele>
      </trkpt>
      <trkpt lat="39.63217" lon="-120.77431">
        <ele>1281.5</ele>
      </trkpt>
      <trkpt lat="39.63228" lon="-120.77434">
        <ele>1282.41</ele>
      </trkpt>
      <trkpt lat="39.63237" lon="-120.77435">
        <ele>1282.3</ele>
      </trkpt>
      <trkpt lat="39.63253" lon="-120.77441">
        <ele>1283.7</ele>
      </trkpt>
      <trkpt lat="39.63263" lon="-120.77448">
        <ele>1286.11</ele>
      </trkpt>
      <trkpt lat="39.63284" lon="-120.77468">
        <ele>1295.59</ele>
      </trkpt>
      <trkpt lat="39.63296" lon="-120.77477">
        <ele>1300.58</ele>
      </trkpt>
      <trkpt lat="39.63305" lon="-120.77477">
        <ele>1300.58</ele>
      </trkpt>
      <trkpt lat="39.63316" lon="-120.77474">
        <ele>1300.22</ele>
      </trkpt>
      <trkpt lat="39.63335" lon="-120.77465">
        <ele>1300.24</ele>
      </trkpt>
      <trkpt lat="39.63352" lon="-120.77458">
        <ele>1299.88</ele>
      </trkpt>
      <trkpt lat="39.6337" lon="-120.77459">
        <ele>1303.78</ele>
      </trkpt>
      <trkpt lat="39.6339" lon="-120.77462">
        <ele>1307.59</ele>
      </trkpt>
      <trkpt lat="39.63426" lon="-120.77473">
        <ele>1314.5</ele>
      </trkpt>
      <trkpt lat="39.63445" lon="-120.77481">
        <ele>1318.58</ele>
      </trkpt>
      <trkpt lat="39.63462" lon="-120.77486">
        <ele>1320.03</ele>
      </trkpt>
      <trkpt lat="39.63492" lon="-120.77485">
        <ele>1317.28</ele>
      </trkpt>
      <trkpt lat="39.63507" lon="-120.77485">
        <ele>1316.52</ele>
      </trkpt>
      <trkpt lat="39.63533" lon="-120.77489">
        <ele>1320.44</ele>
      </trkpt>
      <trkpt lat="39.63553" lon="-120.775">
        <ele>1329.72</ele>
      </trkpt>
      <trkpt lat="39.63566" lon="-120.77506">
        <ele>1334.37</ele>
      </trkpt>
      <trkpt lat="39.63585" lon="-120.77506">
        <ele>1335.59</ele>
      </trkpt>
      <trkpt lat="39.63598" lon="-120.77502">
        <ele>1333.28</ele>
      </trkpt>
      <trkpt lat="39.63616" lon="-120.77489">
        <ele>1326.06</ele>
      </trkpt>
      <trkpt lat="39.63635" lon="-120.77482">
        <ele>1319.18</ele>
      </trkpt>
      <trkpt lat="39.63661" lon="-120.77481">
        <ele>1312.6</ele>
      </trkpt>
      <trkpt lat="39.63678" lon="-120.77479">
        <ele>1307.7</ele>
      </trkpt>
      <trkpt lat="39.63692" lon="-120.77472">
        <ele>1304.69</ele>
      </trkpt>
      <trkpt lat="39.63704" lon="-120.77459">
        <ele>1305.65</ele>
      </trkpt>
      <trkpt lat="39.63722" lon="-120.77445">
        <ele>1304.18</ele>
      </trkpt>
      <trkpt lat="39.63734" lon="-120.77443">
        <ele>1303.95</ele>
      </trkpt>
      <trkpt lat="39.63741" lon="-120.77444">
        <ele>1303.76</ele>
      </trkpt>
      <trkpt lat="39.63751" lon="-120.77457">
        <ele>1308.96</ele>
      </trkpt>
      <trkpt lat="39.63758" lon="-120.77468">
        <ele>1312.31</ele>
      </trkpt>
      <trkpt lat="39.63767" lon="-120.77474">
        <ele>1313.93</ele>
      </trkpt>
      <trkpt lat="39.63783" lon="-120.77482">
        <ele>1315.13</ele>
      </trkpt>
      <trkpt lat="39.63828" lon="-120.77495">
        <ele>1311.45</ele>
      </trkpt>
      <trkpt lat="39.63841" lon="-120.77502">
        <ele>1310.59</ele>
      </trkpt>
      <trkpt lat="39.63847" lon="-120.77512">
        <ele>1313.07</ele>
      </trkpt>
      <trkpt lat="39.63854" lon="-120.77539">
        <ele>1323.92</ele>
      </trkpt>
      <trkpt lat="39.63863" lon="-120.77567">
        <ele>1331.11</ele>
      </trkpt>
      <trkpt lat="39.63872" lon="-120.77584">
        <ele>1333.16</ele>
      </trkpt>
      <trkpt lat="39.63884" lon="-120.77601">
        <ele>1330.42</ele>
      </trkpt>
      <trkpt lat="39.63889" lon="-120.77613">
        <ele>1330.32</ele>
      </trkpt>
      <trkpt lat="39.63894" lon="-120.77632">
        <ele>1331.9</ele>
      </trkpt>
      <trkpt lat="39.63895" lon="-120.77654">
        <ele>1338.82</ele>
      </trkpt>
      <trkpt lat="39.63898" lon="-120.77661">
        <ele>1339.26</ele>
      </trkpt>
      <trkpt lat="39.63905" lon="-120.77673">
        <ele>1342.94</ele>
      </trkpt>
      <trkpt lat="39.63913" lon="-120.7768">
        <ele>1344.99</ele>
      </trkpt>
      <trkpt lat="39.63935" lon="-120.77688">
        <ele>1344.86</ele>
      </trkpt>
      <trkpt lat="39.63956" lon="-120.77702">
        <ele>1347.11</ele>
      </trkpt>
      <trkpt lat="39.63977" lon="-120.77721">
        <ele>1351.79</ele>
      </trkpt>
      <trkpt lat="39.63991" lon="-120.7773">
        <ele>1351.3</ele>
      </trkpt>
      <trkpt lat="39.64021" lon="-120.77739">
        <ele>1348.71</ele>
      </trkpt>
      <trkpt lat="39.64051" lon="-120.77743">
        <ele>1343.96</ele>
      </trkpt>
      <trkpt lat="39.64084" lon="-120.77749">
        <ele>1341.4</ele>
      </trkpt>
      <trkpt lat="39.64102" lon="-120.77754">
        <ele>1344.2</ele>
      </trkpt>
      <trkpt lat="39.64108" lon="-120.77752">
        <ele>1344.93</ele>
      </trkpt>
      <trkpt lat="39.64111" lon="-120.77747">
        <ele>1343.99</ele>
      </trkpt>
      <trkpt lat="39.64123" lon="-120.77727">
        <ele>1339.92</ele>
      </trkpt>
      <trkpt lat="39.64132" lon="-120.77722">
        <ele>1340.37</ele>
      </trkpt>
      <trkpt lat="39.64148" lon="-120.77721">
        <ele>1343.31</ele>
      </trkpt>
      <trkpt lat="39.64171" lon="-120.77729">
        <ele>1349.4</ele>
      </trkpt>
      <trkpt lat="39.64197" lon="-120.77735">
        <ele>1355.07</ele>
      </trkpt>
      <trkpt lat="39.64208" lon="-120.77734">
        <ele>1357.02</ele>
      </trkpt>
      <trkpt lat="39.64219" lon="-120.77726">
        <ele>1355.73</ele>
      </trkpt>
      <trkpt lat="39.64238" lon="-120.77701">
        <ele>1351.48</ele>
      </trkpt>
      <trkpt lat="39.64256" lon="-120.77671">
        <ele>1349.22</ele>
      </trkpt>
      <trkpt lat="39.64265" lon="-120.7765">
        <ele>1349.06</ele>
      </trkpt>
      <trkpt lat="39.64268" lon="-120.77631">
        <ele>1344.05</ele>
      </trkpt>
      <trkpt lat="39.64271" lon="-120.77597">
        <ele>1335.05</ele>
      </trkpt>
      <trkpt lat="39.64274" lon="-120.77587">
        <ele>1335.07</ele>
      </trkpt>
      <trkpt lat="39.64284" lon="-120.77577">
        <ele>1336.1</ele>
      </trkpt>
      <trkpt lat="39.64319" lon="-120.7755">
        <ele>1340.56</ele>
      </trkpt>
      <trkpt lat="39.64339" lon="-120.77536">
        <ele>1339.5</ele>
      </trkpt>
      <trkpt lat="39.64358" lon="-120.77533">
        <ele>1340.42</ele>
      </trkpt>
      <trkpt lat="39.64374" lon="-120.77535">
        <ele>1340.78</ele>
      </trkpt>
      <trkpt lat="39.64391" lon="-120.7754">
        <ele>1341.64</ele>
      </trkpt>
      <trkpt lat="39.64409" lon="-120.77544">
        <ele>1342.92</ele>
      </trkpt>
      <trkpt lat="39.64439" lon="-120.77542">
        <ele>1348.65</ele>
      </trkpt>
      <trkpt lat="39.64494" lon="-120.77544">
        <ele>1351.99</ele>
      </trkpt>
      <trkpt lat="39.64535" lon="-120.77548">
        <ele>1355.07</ele>
      </trkpt>
      <trkpt lat="39.64568" lon="-120.77547">
        <ele>1363.14</ele>
      </trkpt>
      <trkpt lat="39.64594" lon="-120.77545">
        <ele>1368.46</ele>
      </trkpt>
      <trkpt lat="39.64629" lon="-120.77535">
        <ele>1372.48</ele>
      </trkpt>
      <trkpt lat="39.64648" lon="-120.77524">
        <ele>1372.49</ele>
      </trkpt>
      <trkpt lat="39.6467" lon="-120.77504">
        <ele>1368.96</ele>
      </trkpt>
      <trkpt lat="39.64679" lon="-120.7749">
        <ele>1367.05</ele>
      </trkpt>
      <trkpt lat="39.6469" lon="-120.77481">
        <ele>1368.14</ele>
      </trkpt>
      <trkpt lat="39.64708" lon="-120.77472">
        <ele>1370.07</ele>
      </trkpt>
      <trkpt lat="39.64727" lon="-120.77471">
        <ele>1371.71</ele>
      </trkpt>
      <trkpt lat="39.64749" lon="-120.77473">
        <ele>1374.14</ele>
      </trkpt>
      <trkpt lat="39.64795" lon="-120.77477">
        <ele>1381.33</ele>
      </trkpt>
      <trkpt lat="39.64817" lon="-120.77477">
        <ele>1391.56</ele>
      </trkpt>
      <trkpt lat="39.6483" lon="-120.77473">
        <ele>1394.15</ele>
      </trkpt>
      <trkpt lat="39.64839" lon="-120.77466">
        <ele>1392.74</ele>
      </trkpt>
      <trkpt lat="39.64854" lon="-120.77445">
        <ele>1383.78</ele>
      </trkpt>
      <trkpt lat="39.64862" lon="-120.77434">
        <ele>1384.37</ele>
      </trkpt>
      <trkpt lat="39.64875" lon="-120.77424">
        <ele>1386.12</ele>
      </trkpt>
      <trkpt lat="39.64886" lon="-120.77418">
        <ele>1387.08</ele>
      </trkpt>
      <trkpt lat="39.64898" lon="-120.77417">
        <ele>1387.0</ele>
      </trkpt>
      <trkpt lat="39.64908" lon="-120.77423">
        <ele>1387.06</ele>
      </trkpt>
      <trkpt lat="39.64934" lon="-120.7745">
        <ele>1407.07</ele>
      </trkpt>
      <trkpt lat="39.64954" lon="-120.77468">
        <ele>1419.81</ele>
      </trkpt>
      <trkpt lat="39.64969" lon="-120.77479">
        <ele>1428.12</ele>
      </trkpt>
      <trkpt lat="39.64988" lon="-120.77483">
        <ele>1430.66</ele>
      </trkpt>
      <trkpt lat="39.65008" lon="-120.77489">
        <ele>1431.38</ele>
      </trkpt>
      <trkpt lat="39.65029" lon="-120.77496">
        <ele>1431.46</ele>
      </trkpt>
      <trkpt lat="39.65046" lon="-120.77502">
        <ele>1430.71</ele>
      </trkpt>
      <trkpt lat="39.65077" lon="-120.77506">
        <ele>1425.13</ele>
      </trkpt>
      <trkpt lat="39.65093" lon="-120.77506">
        <ele>1424.51</ele>
      </trkpt>
      <trkpt lat="39.65106" lon="-120.77502">
        <ele>1420.94</ele>
      </trkpt>
      <trkpt lat="39.6512" lon="-120.77495">
        <ele>1414.24</ele>
      </trkpt>
      <trkpt lat="39.65128" lon="-120.7749">
        <ele>1410.6</ele>
      </trkpt>
      <trkpt lat="39.6513" lon="-120.77491">
        <ele>1411.19</ele>
      </trkpt>
      <trkpt lat="39.65133" lon="-120.77496">
        <ele>1414.77</ele>
      </trkpt>
      <trkpt lat="39.65146" lon="-120.77501">
        <ele>1416.88</ele>
      </trkpt>
      <trkpt lat="39.65169" lon="-120.775">
        <ele>1419.5</ele>
      </trkpt>
      <trkpt lat="39.65194" lon="-120.77507">
        <ele>1428.12</ele>
      </trkpt>
      <trkpt lat="39.65222" lon="-120.77508">
        <ele>1434.54</ele>
      </trkpt>
      <trkpt lat="39.65237" lon="-120.77506">
        <ele>1441.01</ele>
      </trkpt>
      <trkpt lat="39.65262" lon="-120.77505">
        <ele>1450.99</ele>
      </trkpt>
      <trkpt lat="39.65277" lon="-120.77503">
        <ele>1453.1</ele>
      </trkpt>
      <trkpt lat="39.65305" lon="-120.77497">
        <ele>1456.61</ele>
      </trkpt>
      <trkpt lat="39.65329" lon="-120.7749">
        <ele>1453.97</ele>
      </trkpt>
      <trkpt lat="39.65346" lon="-120.77477">
        <ele>1445.1</ele>
      </trkpt>
      <trkpt lat="39.65362" lon="-120.77461">
        <ele>1437.67</ele>
      </trkpt>
      <trkpt lat="39.65382" lon="-120.77455">
        <ele>1438.9</ele>
      </trkpt>
      <trkpt lat="39.65407" lon="-120.77449">
        <ele>1444.31</ele>
      </trkpt>
      <trkpt lat="39.6542" lon="-120.77446">
        <ele>1446.09</ele>
      </trkpt>
      <trkpt lat="39.65452" lon="-120.77454">
        <ele>1460.65</ele>
      </trkpt>
      <trkpt lat="39.65476" lon="-120.7745">
        <ele>1464.18</ele>
      </trkpt>
      <trkpt lat="39.65507" lon="-120.77451">
        <ele>1472.05</ele>
      </trkpt>
      <trkpt lat="39.65541" lon="-120.77441">
        <ele>1474.16</ele>
      </trkpt>
      <trkpt lat="39.65578" lon="-120.77437">
        <ele>1480.83</ele>
      </trkpt>
      <trkpt lat="39.6561" lon="-120.7743">
        <ele>1490.04</ele>
      </trkpt>
      <trkpt lat="39.65636" lon="-120.774">
        <ele>1491.24</ele>
      </trkpt>
      <trkpt lat="39.65655" lon="-120.77363">
        <ele>1492.59</ele>
      </trkpt>
      <trkpt lat="39.65684" lon="-120.77327">
        <ele>1502.46</ele>
      </trkpt>
      <trkpt lat="39.65716" lon="-120.77321">
        <ele>1513.33</ele>
      </trkpt>
      <trkpt lat="39.65763" lon="-120.77318">
        <ele>1517.26</ele>
      </trkpt>
      <trkpt lat="39.65858" lon="-120.77295">
        <ele>1524.92</ele>
      </trkpt>
      <trkpt lat="39.65923" lon="-120.77247">
        <ele>1531.08</ele>
      </trkpt>
      <trkpt lat="39.65963" lon="-120.77217">
        <ele>1533.76</ele>
      </trkpt>
      <trkpt lat="39.66008" lon="-120.77214">
        <ele>1544.18</ele>
      </trkpt>
      <trkpt lat="39.66063" lon="-120.77213">
        <ele>1549.82</ele>
      </trkpt>
      <trkpt lat="39.66117" lon="-120.77219">
        <ele>1554.26</ele>
      </trkpt>
      <trkpt lat="39.66153" lon="-120.77223">
        <ele>1552.9</ele>
      </trkpt>
      <trkpt lat="39.66203" lon="-120.77224">
        <ele>1560.6</ele>
      </trkpt>
      <trkpt lat="39.66258" lon="-120.77235">
        <ele>1574.0</ele>
      </trkpt>
      <trkpt lat="39.66309" lon="-120.77235">
        <ele>1583.26</ele>
      </trkpt>
      <trkpt lat="39.66351" lon="-120.77227">
        <ele>1587.44</ele>
      </trkpt>
      <trkpt lat="39.66369" lon="-120.77226">
        <ele>1590.4</ele>
      </trkpt>
      <trkpt lat="39.66385" lon="-120.77234">
        <ele>1595.09</ele>
      </trkpt>
      <trkpt lat="39.66399" lon="-120.77243">
        <ele>1599.29</ele>
      </trkpt>
      <trkpt lat="39.6641" lon="-120.77252">
        <ele>1604.08</ele>
      </trkpt>
      <trkpt lat="39.66427" lon="-120.77264">
        <ele>1608.93</ele>
      </trkpt>
      <trkpt lat="39.66445" lon="-120.77278">
        <ele>1611.95</ele>
      </trkpt>
      <trkpt lat="39.66457" lon="-120.77294">
        <ele>1614.46</ele>
      </trkpt>
      <trkpt lat="39.66471" lon="-120.77313">
        <ele>1619.35</ele>
      </trkpt>
      <trkpt lat="39.66475" lon="-120.77312">
        <ele>1618.78</ele>
      </trkpt>
      <trkpt lat="39.66478" lon="-120.77308">
        <ele>1617.06</ele>
      </trkpt>
      <trkpt lat="39.66481" lon="-120.77298">
        <ele>1612.74</ele>
      </trkpt>
      <trkpt lat="39.66483" lon="-120.77295">
        <ele>1611.91</ele>
      </trkpt>
      <trkpt lat="39.66493" lon="-120.77291">
        <ele>1612.77</ele>
      </trkpt>
      <trkpt lat="39.66501" lon="-120.77294">
        <ele>1615.45</ele>
      </trkpt>
      <trkpt lat="39.6651" lon="-120.773">
        <ele>1619.23</ele>
      </trkpt>
      <trkpt lat="39.66513" lon="-120.77307">
        <ele>1621.96</ele>
      </trkpt>
      <trkpt lat="39.66519" lon="-120.77313">
        <ele>1624.4</ele>
      </trkpt>
      <trkpt lat="39.66529" lon="-120.77318">
        <ele>1626.24</ele>
      </trkpt>
      <trkpt lat="39.66537" lon="-120.77322">
        <ele>1627.11</ele>
      </trkpt>
      <trkpt lat="39.66543" lon="-120.77328">
        <ele>1628.78</ele>
      </trkpt>
      <trkpt lat="39.66558" lon="-120.7734">
        <ele>1631.23</ele>
      </trkpt>
      <trkpt lat="39.66573" lon="-120.7735">
        <ele>1634.48</ele>
      </trkpt>
      <trkpt lat="39.66583" lon="-120.77354">
        <ele>1637.4</ele>
      </trkpt>
      <trkpt lat="39.66601" lon="-120.77356">
        <ele>1640.71</ele>
      </trkpt>
      <trkpt lat="39.66622" lon="-120.77357">
        <ele>1643.94</ele>
      </trkpt>
      <trkpt lat="39.66638" lon="-120.7736">
        <ele>1647.42</ele>
      </trkpt>
      <trkpt lat="39.66656" lon="-120.77367">
        <ele>1651.39</ele>
      </trkpt>
      <trkpt lat="39.66665" lon="-120.77368">
        <ele>1651.98</ele>
      </trkpt>
      <trkpt lat="39.6668" lon="-120.77365">
        <ele>1652.74</ele>
      </trkpt>
      <trkpt lat="39.66693" lon="-120.7736">
        <ele>1654.78</ele>
      </trkpt>
      <trkpt lat="39.6671" lon="-120.77359">
        <ele>1661.81</ele>
      </trkpt>
      <trkpt lat="39.66738" lon="-120.77355">
        <ele>1672.13</ele>
      </trkpt>
      <trkpt lat="39.66762" lon="-120.77357">
        <ele>1677.13</ele>
      </trkpt>
      <trkpt lat="39.66777" lon="-120.7736">
        <ele>1680.44</ele>
      </trkpt>
      <trkpt lat="39.66794" lon="-120.77361">
        <ele>1683.45</ele>
      </trkpt>
      <trkpt lat="39.66806" lon="-120.77366">
        <ele>1686.69</ele>
      </trkpt>
      <trkpt lat="39.66819" lon="-120.77374">
        <ele>1692.41</ele>
      </trkpt>
      <trkpt lat="39.66853" lon="-120.77386">
        <ele>1699.44</ele>
      </trkpt>
      <trkpt lat="39.66882" lon="-120.77402">
        <ele>1703.72</ele>
      </trkpt>
      <trkpt lat="39.66892" lon="-120.77411">
        <ele>1706.6</ele>
      </trkpt>
      <trkpt lat="39.66909" lon="-120.77419">
        <ele>1712.45</ele>
      </trkpt>
      <trkpt lat="39.66931" lon="-120.77426">
        <ele>1720.59</ele>
      </trkpt>
      <trkpt lat="39.66953" lon="-120.77429">
        <ele>1724.58</ele>
      </trkpt>
      <trkpt lat="39.66974" lon="-120.77432">
        <ele>1728.47</ele>
      </trkpt>
      <trkpt lat="39.67015" lon="-120.77447">
        <ele>1738.83</ele>
      </trkpt>
      <trkpt lat="39.67043" lon="-120.77454">
        <ele>1744.18</ele>
      </trkpt>
      <trkpt lat="39.67043" lon="-120.77454">
        <ele>1744.18</ele>
      </trkpt>
      <trkpt lat="39.67051" lon="-120.77456">
        <ele>1745.87</ele>
      </trkpt>
      <trkpt lat="39.67083" lon="-120.77465">
        <ele>1750.35</ele>
      </trkpt>
      <trkpt lat="39.67111" lon="-120.77475">
        <ele>1754.81</ele>
      </trkpt>
      <trkpt lat="39.67123" lon="-120.77486">
        <ele>1761.16</ele>
      </trkpt>
      <trkpt lat="39.67135" lon="-120.77502">
        <ele>1768.86</ele>
      </trkpt>
      <trkpt lat="39.67139" lon="-120.77503">
        <ele>1769.3</ele>
      </trkpt>
      <trkpt lat="39.67143" lon="-120.775">
        <ele>1768.0</ele>
      </trkpt>
      <trkpt lat="39.6715" lon="-120.77496">
        <ele>1766.87</ele>
      </trkpt>
      <trkpt lat="39.67164" lon="-120.77492">
        <ele>1768.87</ele>
      </trkpt>
      <trkpt lat="39.67179" lon="-120.77492">
        <ele>1770.79</ele>
      </trkpt>
      <trkpt lat="39.67192" lon="-120.77493">
        <ele>1774.0</ele>
      </trkpt>
      <trkpt lat="39.67197" lon="-120.77492">
        <ele>1775.2</ele>
      </trkpt>
      <trkpt lat="39.67198" lon="-120.77488">
        <ele>1774.26</ele>
      </trkpt>
      <trkpt lat="39.672" lon="-120.77479">
        <ele>1772.0</ele>
      </trkpt>
      <trkpt lat="39.6721" lon="-120.77465">
        <ele>1772.16</ele>
      </trkpt>
      <trkpt lat="39.67223" lon="-120.77455">
        <ele>1774.67</ele>
      </trkpt>
      <trkpt lat="39.67252" lon="-120.77444">
        <ele>1780.46</ele>
      </trkpt>
      <trkpt lat="39.67274" lon="-120.77438">
        <ele>1784.1</ele>
      </trkpt>
      <trkpt lat="39.6729" lon="-120.77437">
        <ele>1786.1</ele>
      </trkpt>
      <trkpt lat="39.67303" lon="-120.77442">
        <ele>1789.67</ele>
      </trkpt>
      <trkpt lat="39.67331" lon="-120.77455">
        <ele>1795.42</ele>
      </trkpt>
      <trkpt lat="39.67362" lon="-120.77475">
        <ele>1801.83</ele>
      </trkpt>
      <trkpt lat="39.67401" lon="-120.77501">
        <ele>1811.12</ele>
      </trkpt>
      <trkpt lat="39.67411" lon="-120.7751">
        <ele>1813.54</ele>
      </trkpt>
      <trkpt lat="39.67417" lon="-120.77522">
        <ele>1817.43</ele>
      </trkpt>
      <trkpt lat="39.67429" lon="-120.77536">
        <ele>1820.93</ele>
      </trkpt>
      <trkpt lat="39.67445" lon="-120.77548">
        <ele>1821.43</ele>
      </trkpt>
      <trkpt lat="39.67452" lon="-120.77559">
        <ele>1823.86</ele>
      </trkpt>
      <trkpt lat="39.67455" lon="-120.77575">
        <ele>1829.06</ele>
      </trkpt>
      <trkpt lat="39.67457" lon="-120.77583">
        <ele>1830.57</ele>
      </trkpt>
      <trkpt lat="39.67463" lon="-120.77587">
        <ele>1831.19</ele>
      </trkpt>
      <trkpt lat="39.67465" lon="-120.77587">
        <ele>1831.19</ele>
      </trkpt>
      <trkpt lat="39.6747" lon="-120.77581">
        <ele>1829.5</ele>
      </trkpt>
      <trkpt lat="39.67482" lon="-120.77572">
        <ele>1828.71</ele>
      </trkpt>
      <trkpt lat="39.67511" lon="-120.7756">
        <ele>1830.63</ele>
      </trkpt>
      <trkpt lat="39.67524" lon="-120.77559">
        <ele>1831.71</ele>
      </trkpt>
      <trkpt lat="39.67546" lon="-120.77559">
        <ele>1833.48</ele>
      </trkpt>
      <trkpt lat="39.67558" lon="-120.77556">
        <ele>1833.14</ele>
      </trkpt>
      <trkpt lat="39.67571" lon="-120.77556">
        <ele>1833.78</ele>
      </trkpt>
      <trkpt lat="39.67588" lon="-120.77565">
        <ele>1836.06</ele>
      </trkpt>
      <trkpt lat="39.67603" lon="-120.77575">
        <ele>1839.19</ele>
      </trkpt>
      <trkpt lat="39.67616" lon="-120.7759">
        <ele>1844.01</ele>
      </trkpt>
      <trkpt lat="39.67634" lon="-120.77606">
        <ele>1849.77</ele>
      </trkpt>
      <trkpt lat="39.67666" lon="-120.77624">
        <ele>1852.64</ele>
      </trkpt>
      <trkpt lat="39.677" lon="-120.77645">
        <ele>1859.44</ele>
      </trkpt>
      <trkpt lat="39.67729" lon="-120.7766">
        <ele>1867.12</ele>
      </trkpt>
      <trkpt lat="39.67745" lon="-120.77667">
        <ele>1871.6</ele>
      </trkpt>
      <trkpt lat="39.67755" lon="-120.77667">
        <ele>1872.68</ele>
      </trkpt>
      <trkpt lat="39.67766" lon="-120.77661">
        <ele>1871.28</ele>
      </trkpt>
      <trkpt lat="39.67771" lon="-120.77662">
        <ele>1872.52</ele>
      </trkpt>
      <trkpt lat="39.67775" lon="-120.7766">
        <ele>1872.52</ele>
      </trkpt>
      <trkpt lat="39.67779" lon="-120.7766">
        <ele>1873.38</ele>
      </trkpt>
      <trkpt lat="39.67781" lon="-120.77661">
        <ele>1874.25</ele>
      </trkpt>
      <trkpt lat="39.67781" lon="-120.77664">
        <ele>1875.54</ele>
      </trkpt>
      <trkpt lat="39.67779" lon="-120.77668">
        <ele>1876.7</ele>
      </trkpt>
      <trkpt lat="39.67777" lon="-120.77675">
        <ele>1878.61</ele>
      </trkpt>
      <trkpt lat="39.67778" lon="-120.77677">
        <ele>1879.63</ele>
      </trkpt>
      <trkpt lat="39.6778" lon="-120.77677">
        <ele>1880.06</ele>
      </trkpt>
      <trkpt lat="39.67784" lon="-120.77671">
        <ele>1878.75</ele>
      </trkpt>
      <trkpt lat="39.67787" lon="-120.77666">
        <ele>1877.7</ele>
      </trkpt>
      <trkpt lat="39.6779" lon="-120.77664">
        <ele>1877.49</ele>
      </trkpt>
      <trkpt lat="39.67797" lon="-120.77666">
        <ele>1879.79</ele>
      </trkpt>
      <trkpt lat="39.67806" lon="-120.7767">
        <ele>1882.52</ele>
      </trkpt>
      <trkpt lat="39.67816" lon="-120.77677">
        <ele>1886.36</ele>
      </trkpt>
      <trkpt lat="39.67832" lon="-120.77682">
        <ele>1889.73</ele>
      </trkpt>
      <trkpt lat="39.67842" lon="-120.77689">
        <ele>1893.17</ele>
      </trkpt>
      <trkpt lat="39.67868" lon="-120.77696">
        <ele>1897.63</ele>
      </trkpt>
      <trkpt lat="39.67913" lon="-120.7771">
        <ele>1903.31</ele>
      </trkpt>
      <trkpt lat="39.67924" lon="-120.77713">
        <ele>1904.02</ele>
      </trkpt>
      <trkpt lat="39.67938" lon="-120.77713">
        <ele>1906.92</ele>
      </trkpt>
      <trkpt lat="39.67943" lon="-120.77715">
        <ele>1909.01</ele>
      </trkpt>
      <trkpt lat="39.67943" lon="-120.77719">
        <ele>1909.94</ele>
      </trkpt>
      <trkpt lat="39.67939" lon="-120.77723">
        <ele>1910.13</ele>
      </trkpt>
      <trkpt lat="39.67929" lon="-120.77732">
        <ele>1912.48</ele>
      </trkpt>
      <trkpt lat="39.67921" lon="-120.77738">
        <ele>1914.11</ele>
      </trkpt>
      <trkpt lat="39.67904" lon="-120.77745">
        <ele>1916.38</ele>
      </trkpt>
      <trkpt lat="39.67879" lon="-120.77751">
        <ele>1916.22</ele>
      </trkpt>
      <trkpt lat="39.67861" lon="-120.77759">
        <ele>1916.94</ele>
      </trkpt>
      <trkpt lat="39.67848" lon="-120.77764">
        <ele>1917.61</ele>
      </trkpt>
      <trkpt lat="39.67837" lon="-120.77772">
        <ele>1918.15</ele>
      </trkpt>
      <trkpt lat="39.6783" lon="-120.77782">
        <ele>1919.72</ele>
      </trkpt>
      <trkpt lat="39.67828" lon="-120.77798">
        <ele>1923.37</ele>
      </trkpt>
      <trkpt lat="39.67826" lon="-120.77806">
        <ele>1925.1</ele>
      </trkpt>
      <trkpt lat="39.67823" lon="-120.77814">
        <ele>1926.71</ele>
      </trkpt>
      <trkpt lat="39.67811" lon="-120.77828">
        <ele>1928.01</ele>
      </trkpt>
      <trkpt lat="39.67808" lon="-120.77833">
        <ele>1928.23</ele>
      </trkpt>
      <trkpt lat="39.67804" lon="-120.77835">
        <ele>1928.18</ele>
      </trkpt>
      <trkpt lat="39.67792" lon="-120.77836">
        <ele>1928.29</ele>
      </trkpt>
      <trkpt lat="39.67788" lon="-120.77836">
        <ele>1928.29</ele>
      </trkpt>
      <trkpt lat="39.67784" lon="-120.77839">
        <ele>1928.48</ele>
      </trkpt>
      <trkpt lat="39.67782" lon="-120.77846">
        <ele>1929.17</ele>
      </trkpt>
      <trkpt lat="39.67784" lon="-120.77852">
        <ele>1929.68</ele>
      </trkpt>
      <trkpt lat="39.6779" lon="-120.77855">
        <ele>1930.0</ele>
      </trkpt>
      <trkpt lat="39.67796" lon="-120.77854">
        <ele>1930.0</ele>
      </trkpt>
      <trkpt lat="39.67802" lon="-120.77852">
        <ele>1930.0</ele>
      </trkpt>
      <trkpt lat="39.67808" lon="-120.77853">
        <ele>1930.03</ele>
      </trkpt>
      <trkpt lat="39.6781" lon="-120.77856">
        <ele>1930.22</ele>
      </trkpt>
      <trkpt lat="39.67812" lon="-120.77865">
        <ele>1930.82</ele>
      </trkpt>
      <trkpt lat="39.67814" lon="-120.77868">
        <ele>1930.98</ele>
      </trkpt>
      <trkpt lat="39.6782" lon="-120.77868">
        <ele>1931.42</ele>
      </trkpt>
      <trkpt lat="39.67826" lon="-120.77866">
        <ele>1931.74</ele>
      </trkpt>
      <trkpt lat="39.67836" lon="-120.77866">
        <ele>1932.82</ele>
      </trkpt>
      <trkpt lat="39.67849" lon="-120.77866">
        <ele>1933.53</ele>
      </trkpt>
      <trkpt lat="39.67862" lon="-120.77862">
        <ele>1934.19</ele>
      </trkpt>
      <trkpt lat="39.67876" lon="-120.77857">
        <ele>1934.56</ele>
      </trkpt>
      <trkpt lat="39.67886" lon="-120.7785">
        <ele>1934.49</ele>
      </trkpt>
      <trkpt lat="39.67896" lon="-120.77844">
        <ele>1934.15</ele>
      </trkpt>
      <trkpt lat="39.679" lon="-120.77843">
        <ele>1934.24</ele>
      </trkpt>
      <trkpt lat="39.6791" lon="-120.77846">
        <ele>1935.37</ele>
      </trkpt>
      <trkpt lat="39.6792" lon="-120.77847">
        <ele>1935.65</ele>
      </trkpt>
      <trkpt lat="39.67927" lon="-120.77843">
        <ele>1935.2</ele>
      </trkpt>
      <trkpt lat="39.67935" lon="-120.77837">
        <ele>1934.78</ele>
      </trkpt>
      <trkpt lat="39.67941" lon="-120.77833">
        <ele>1934.59</ele>
      </trkpt>
      <trkpt lat="39.67946" lon="-120.77834">
        <ele>1935.08</ele>
      </trkpt>
      <trkpt lat="39.67951" lon="-120.77838">
        <ele>1935.86</ele>
      </trkpt>
      <trkpt lat="39.67954" lon="-120.77843">
        <ele>1937.04</ele>
      </trkpt>
      <trkpt lat="39.67954" lon="-120.77848">
        <ele>1937.58</ele>
      </trkpt>
      <trkpt lat="39.67951" lon="-120.77856">
        <ele>1938.29</ele>
      </trkpt>
      <trkpt lat="39.67944" lon="-120.77865">
        <ele>1939.39</ele>
      </trkpt>
      <trkpt lat="39.67941" lon="-120.77872">
        <ele>1940.18</ele>
      </trkpt>
      <trkpt lat="39.67938" lon="-120.77879">
        <ele>1940.93</ele>
      </trkpt>
      <trkpt lat="39.6793" lon="-120.77889">
        <ele>1942.01</ele>
      </trkpt>
      <trkpt lat="39.6792" lon="-120.77899">
        <ele>1942.45</ele>
      </trkpt>
      <trkpt lat="39.67914" lon="-120.77909">
        <ele>1942.88</ele>
      </trkpt>
      <trkpt lat="39.67913" lon="-120.77913">
        <ele>1943.21</ele>
      </trkpt>
      <trkpt lat="39.67915" lon="-120.77915">
        <ele>1943.64</ele>
      </trkpt>
      <trkpt lat="39.67919" lon="-120.77914">
        <ele>1943.96</ele>
      </trkpt>
      <trkpt lat="39.67927" lon="-120.77907">
        <ele>1943.96</ele>
      </trkpt>
      <trkpt lat="39.67934" lon="-120.77906">
        <ele>1943.85</ele>
      </trkpt>
      <trkpt lat="39.67951" lon="-120.77904">
        <ele>1945.08</ele>
      </trkpt>
      <trkpt lat="39.6796" lon="-120.77905">
        <ele>1945.66</ele>
      </trkpt>
      <trkpt lat="39.67968" lon="-120.77912">
        <ele>1947.54</ele>
      </trkpt>
      <trkpt lat="39.67975" lon="-120.77918">
        <ele>1949.19</ele>
      </trkpt>
      <trkpt lat="39.6798" lon="-120.77919">
        <ele>1949.46</ele>
      </trkpt>
      <trkpt lat="39.67987" lon="-120.77916">
        <ele>1949.48</ele>
      </trkpt>
      <trkpt lat="39.67993" lon="-120.77916">
        <ele>1950.1</ele>
      </trkpt>
      <trkpt lat="39.67998" lon="-120.77919">
        <ele>1951.29</ele>
      </trkpt>
      <trkpt lat="39.68005" lon="-120.77922">
        <ele>1952.15</ele>
      </trkpt>
      <trkpt lat="39.6801" lon="-120.77921">
        <ele>1951.97</ele>
      </trkpt>
      <trkpt lat="39.68019" lon="-120.77917">
        <ele>1951.16</ele>
      </trkpt>
      <trkpt lat="39.68027" lon="-120.77908">
        <ele>1950.04</ele>
      </trkpt>
      <trkpt lat="39.68041" lon="-120.77903">
        <ele>1949.25</ele>
      </trkpt>
      <trkpt lat="39.68059" lon="-120.77899">
        <ele>1949.18</ele>
      </trkpt>
      <trkpt lat="39.68066" lon="-120.77894">
        <ele>1948.62</ele>
      </trkpt>
      <trkpt lat="39.6807" lon="-120.77896">
        <ele>1949.2</ele>
      </trkpt>
      <trkpt lat="39.6807" lon="-120.779">
        <ele>1949.96</ele>
      </trkpt>
      <trkpt lat="39.68068" lon="-120.77903">
        <ele>1950.39</ele>
      </trkpt>
      <trkpt lat="39.68061" lon="-120.77904">
        <ele>1950.26</ele>
      </trkpt>
      <trkpt lat="39.68054" lon="-120.77906">
        <ele>1950.55</ele>
      </trkpt>
      <trkpt lat="39.68038" lon="-120.77919">
        <ele>1953.11</ele>
      </trkpt>
      <trkpt lat="39.68026" lon="-120.7793">
        <ele>1956.57</ele>
      </trkpt>
      <trkpt lat="39.68019" lon="-120.77936">
        <ele>1958.4</ele>
      </trkpt>
      <trkpt lat="39.68003" lon="-120.77944">
        <ele>1959.49</ele>
      </trkpt>
      <trkpt lat="39.67987" lon="-120.77953">
        <ele>1959.96</ele>
      </trkpt>
      <trkpt lat="39.67978" lon="-120.77963">
        <ele>1962.26</ele>
      </trkpt>
      <trkpt lat="39.67968" lon="-120.77982">
        <ele>1964.63</ele>
      </trkpt>
      <trkpt lat="39.67968" lon="-120.77986">
        <ele>1965.3</ele>
      </trkpt>
      <trkpt lat="39.6797" lon="-120.77987">
        <ele>1965.81</ele>
      </trkpt>
      <trkpt lat="39.67973" lon="-120.77984">
        <ele>1965.71</ele>
      </trkpt>
      <trkpt lat="39.67981" lon="-120.77978">
        <ele>1966.14</ele>
      </trkpt>
      <trkpt lat="39.67993" lon="-120.77973">
        <ele>1967.41</ele>
      </trkpt>
      <trkpt lat="39.68007" lon="-120.77972">
        <ele>1968.7</ele>
      </trkpt>
      <trkpt lat="39.6804" lon="-120.77971">
        <ele>1972.92</ele>
      </trkpt>
      <trkpt lat="39.68053" lon="-120.77972">
        <ele>1974.65</ele>
      </trkpt>
      <trkpt lat="39.68063" lon="-120.77968">
        <ele>1974.44</ele>
      </trkpt>
      <trkpt lat="39.68078" lon="-120.77966">
        <ele>1974.41</ele>
      </trkpt>
      <trkpt lat="39.68095" lon="-120.77962">
        <ele>1973.92</ele>
      </trkpt>
      <trkpt lat="39.68106" lon="-120.77961">
        <ele>1974.25</ele>
      </trkpt>
      <trkpt lat="39.68122" lon="-120.77965">
        <ele>1976.84</ele>
      </trkpt>
      <trkpt lat="39.68131" lon="-120.77967">
        <ele>1978.46</ele>
      </trkpt>
      <trkpt lat="39.68136" lon="-120.77966">
        <ele>1978.67</ele>
      </trkpt>
      <trkpt lat="39.6814" lon="-120.77962">
        <ele>1977.7</ele>
      </trkpt>
      <trkpt lat="39.68148" lon="-120.77955">
        <ele>1975.54</ele>
      </trkpt>
      <trkpt lat="39.68158" lon="-120.77953">
        <ele>1975.83</ele>
      </trkpt>
      <trkpt lat="39.6817" lon="-120.77954">
        <ele>1977.11</ele>
      </trkpt>
      <trkpt lat="39.68182" lon="-120.77954">
        <ele>1977.13</ele>
      </trkpt>
      <trkpt lat="39.68205" lon="-120.77951">
        <ele>1975.48</ele>
      </trkpt>
      <trkpt lat="39.68218" lon="-120.77949">
        <ele>1975.84</ele>
      </trkpt>
      <trkpt lat="39.68221" lon="-120.77951">
        <ele>1977.11</ele>
      </trkpt>
      <trkpt lat="39.68221" lon="-120.77954">
        <ele>1977.83</ele>
      </trkpt>
      <trkpt lat="39.68215" lon="-120.77959">
        <ele>1978.16</ele>
      </trkpt>
      <trkpt lat="39.68207" lon="-120.7796">
        <ele>1978.68</ele>
      </trkpt>
      <trkpt lat="39.68196" lon="-120.77964">
        <ele>1980.43</ele>
      </trkpt>
      <trkpt lat="39.6818" lon="-120.77976">
        <ele>1985.22</ele>
      </trkpt>
      <trkpt lat="39.68158" lon="-120.77992">
        <ele>1989.46</ele>
      </trkpt>
      <trkpt lat="39.68139" lon="-120.78005">
        <ele>1992.63</ele>
      </trkpt>
      <trkpt lat="39.68123" lon="-120.78014">
        <ele>1993.67</ele>
      </trkpt>
      <trkpt lat="39.68106" lon="-120.78021">
        <ele>1993.98</ele>
      </trkpt>
      <trkpt lat="39.6809" lon="-120.78031">
        <ele>1994.42</ele>
      </trkpt>
      <trkpt lat="39.68077" lon="-120.78042">
        <ele>1994.7</ele>
      </trkpt>
      <trkpt lat="39.68064" lon="-120.78063">
        <ele>1995.56</ele>
      </trkpt>
      <trkpt lat="39.6806" lon="-120.78069">
        <ele>1994.44</ele>
      </trkpt>
      <trkpt lat="39.6806" lon="-120.78074">
        <ele>1994.44</ele>
      </trkpt>
      <trkpt lat="39.68063" lon="-120.78078">
        <ele>1995.41</ele>
      </trkpt>
      <trkpt lat="39.68066" lon="-120.78078">
        <ele>1996.51</ele>
      </trkpt>
      <trkpt lat="39.68069" lon="-120.78074">
        <ele>1997.8</ele>
      </trkpt>
      <trkpt lat="39.68072" lon="-120.78066">
        <ele>1998.43</ele>
      </trkpt>
      <trkpt lat="39.68079" lon="-120.78059">
        <ele>1998.81</ele>
      </trkpt>
      <trkpt lat="39.68091" lon="-120.78054">
        <ele>2000.18</ele>
      </trkpt>
      <trkpt lat="39.68102" lon="-120.78049">
        <ele>2000.6</ele>
      </trkpt>
      <trkpt lat="39.68112" lon="-120.78045">
        <ele>2000.68</ele>
      </trkpt>
      <trkpt lat="39.68131" lon="-120.78043">
        <ele>2002.13</ele>
      </trkpt>
      <trkpt lat="39.68146" lon="-120.78043">
        <ele>2004.06</ele>
      </trkpt>
      <trkpt lat="39.68167" lon="-120.78041">
        <ele>2005.3</ele>
      </trkpt>
      <trkpt lat="39.68183" lon="-120.78035">
        <ele>2004.34</ele>
      </trkpt>
      <trkpt lat="39.68196" lon="-120.78035">
        <ele>2005.34</ele>
      </trkpt>
      <trkpt lat="39.68204" lon="-120.7804">
        <ele>2006.95</ele>
      </trkpt>
      <trkpt lat="39.68222" lon="-120.78053">
        <ele>2010.17</ele>
      </trkpt>
      <trkpt lat="39.68228" lon="-120.78057">
        <ele>2011.37</ele>
      </trkpt>
      <trkpt lat="39.68235" lon="-120.78058">
        <ele>2011.63</ele>
      </trkpt>
      <trkpt lat="39.6826" lon="-120.78056">
        <ele>2015.35</ele>
      </trkpt>
      <trkpt lat="39.68278" lon="-120.78058">
        <ele>2021.1</ele>
      </trkpt>
      <trkpt lat="39.68289" lon="-120.78061">
        <ele>2023.89</ele>
      </trkpt>
      <trkpt lat="39.68307" lon="-120.78068">
        <ele>2027.22</ele>
      </trkpt>
      <trkpt lat="39.68324" lon="-120.78075">
        <ele>2028.51</ele>
      </trkpt>
      <trkpt lat="39.68326" lon="-120.78078">
        <ele>2029.82</ele>
      </trkpt>
      <trkpt lat="39.68325" lon="-120.78081">
        <ele>2031.57</ele>
      </trkpt>
      <trkpt lat="39.68323" lon="-120.78083">
        <ele>2032.82</ele>
      </trkpt>
      <trkpt lat="39.68317" lon="-120.78083">
        <ele>2032.85</ele>
      </trkpt>
      <trkpt lat="39.68309" lon="-120.78087">
        <ele>2035.36</ele>
      </trkpt>
      <trkpt lat="39.68296" lon="-120.78092">
        <ele>2036.71</ele>
      </trkpt>
      <trkpt lat="39.68271" lon="-120.78098">
        <ele>2035.44</ele>
      </trkpt>
      <trkpt lat="39.68262" lon="-120.781">
        <ele>2033.15</ele>
      </trkpt>
      <trkpt lat="39.68256" lon="-120.78102">
        <ele>2031.66</ele>
      </trkpt>
      <trkpt lat="39.68256" lon="-120.78105">
        <ele>2032.95</ele>
      </trkpt>
      <trkpt lat="39.6826" lon="-120.78107">
        <ele>2035.46</ele>
      </trkpt>
      <trkpt lat="39.68272" lon="-120.78108">
        <ele>2040.03</ele>
      </trkpt>
      <trkpt lat="39.68287" lon="-120.78113">
        <ele>2046.02</ele>
      </trkpt>
      <trkpt lat="39.683" lon="-120.78124">
        <ele>2051.81</ele>
      </trkpt>
      <trkpt lat="39.68313" lon="-120.78142">
        <ele>2058.27</ele>
      </trkpt>
      <trkpt lat="39.6832" lon="-120.78158">
        <ele>2060.97</ele>
      </trkpt>
      <trkpt lat="39.68326" lon="-120.78167">
        <ele>2060.66</ele>
      </trkpt>
      <trkpt lat="39.68332" lon="-120.7817">
        <ele>2060.01</ele>
      </trkpt>
      <trkpt lat="39.68354" lon="-120.78176">
        <ele>2059.79</ele>
      </trkpt>
      <trkpt lat="39.68374" lon="-120.7818">
        <ele>2060.32</ele>
      </trkpt>
      <trkpt lat="39.68381" lon="-120.78179">
        <ele>2059.85</ele>
      </trkpt>
      <trkpt lat="39.68387" lon="-120.78174">
        <ele>2057.5</ele>
      </trkpt>
      <trkpt lat="39.68394" lon="-120.78173">
        <ele>2057.05</ele>
      </trkpt>
      <trkpt lat="39.68402" lon="-120.78173">
        <ele>2057.18</ele>
      </trkpt>
      <trkpt lat="39.68412" lon="-120.78172">
        <ele>2057.15</ele>
      </trkpt>
      <trkpt lat="39.6842" lon="-120.78168">
        <ele>2056.9</ele>
      </trkpt>
      <trkpt lat="39.68428" lon="-120.78162">
        <ele>2058.06</ele>
      </trkpt>
      <trkpt lat="39.68435" lon="-120.78158">
        <ele>2059.94</ele>
      </trkpt>
      <trkpt lat="39.68437" lon="-120.7816">
        <ele>2060.39</ele>
      </trkpt>
      <trkpt lat="39.68437" lon="-120.78164">
        <ele>2060.39</ele>
      </trkpt>
      <trkpt lat="39.68434" lon="-120.78171">
        <ele>2059.74</ele>
      </trkpt>
      <trkpt lat="39.68429" lon="-120.78175">
        <ele>2058.66</ele>
      </trkpt>
      <trkpt lat="39.68424" lon="-120.78181">
        <ele>2058.55</ele>
      </trkpt>
      <trkpt lat="39.68413" lon="-120.78195">
        <ele>2061.08</ele>
      </trkpt>
      <trkpt lat="39.68415" lon="-120.78212">
        <ele>2063.4</ele>
      </trkpt>
      <trkpt lat="39.68415" lon="-120.78217">
        <ele>2063.98</ele>
      </trkpt>
      <trkpt lat="39.6842" lon="-120.7823">
        <ele>2064.12</ele>
      </trkpt>
      <trkpt lat="39.68425" lon="-120.78246">
        <ele>2062.14</ele>
      </trkpt>
      <trkpt lat="39.68433" lon="-120.78267">
        <ele>2057.76</ele>
      </trkpt>
      <trkpt lat="39.68434" lon="-120.78285">
        <ele>2054.67</ele>
      </trkpt>
      <trkpt lat="39.68438" lon="-120.78296">
        <ele>2052.73</ele>
      </trkpt>
      <trkpt lat="39.68445" lon="-120.78321">
        <ele>2049.33</ele>
      </trkpt>
      <trkpt lat="39.68448" lon="-120.78336">
        <ele>2048.0</ele>
      </trkpt>
      <trkpt lat="39.68443" lon="-120.78367">
        <ele>2050.71</ele>
      </trkpt>
      <trkpt lat="39.6844" lon="-120.78389">
        <ele>2056.07</ele>
      </trkpt>
      <trkpt lat="39.68439" lon="-120.78411">
        <ele>2061.35</ele>
      </trkpt>
      <trkpt lat="39.68437" lon="-120.78424">
        <ele>2064.61</ele>
      </trkpt>
      <trkpt lat="39.68432" lon="-120.78435">
        <ele>2066.61</ele>
      </trkpt>
      <trkpt lat="39.68413" lon="-120.78459">
        <ele>2068.7</ele>
      </trkpt>
      <trkpt lat="39.68397" lon="-120.78482">
        <ele>2069.62</ele>
      </trkpt>
      <trkpt lat="39.68383" lon="-120.78513">
        <ele>2071.26</ele>
      </trkpt>
      <trkpt lat="39.68369" lon="-120.78547">
        <ele>2071.35</ele>
      </trkpt>
      <trkpt lat="39.68353" lon="-120.78573">
        <ele>2065.52</ele>
      </trkpt>
      <trkpt lat="39.68344" lon="-120.78582">
        <ele>2060.64</ele>
      </trkpt>
      <trkpt lat="39.6833" lon="-120.7859">
        <ele>2052.92</ele>
      </trkpt>
      <trkpt lat="39.6831" lon="-120.78607">
        <ele>2046.61</ele>
      </trkpt>
      <trkpt lat="39.683" lon="-120.78619">
        <ele>2049.72</ele>
      </trkpt>
      <trkpt lat="39.68293" lon="-120.78632">
        <ele>2054.76</ele>
      </trkpt>
      <trkpt lat="39.68286" lon="-120.78643">
        <ele>2059.6</ele>
      </trkpt>
      <trkpt lat="39.68265" lon="-120.78658">
        <ele>2062.88</ele>
      </trkpt>
      <trkpt lat="39.68251" lon="-120.7867">
        <ele>2065.09</ele>
      </trkpt>
      <trkpt lat="39.68238" lon="-120.7868">
        <ele>2066.31</ele>
      </trkpt>
      <trkpt lat="39.68225" lon="-120.78694">
        <ele>2069.41</ele>
      </trkpt>
      <trkpt lat="39.68205" lon="-120.78719">
        <ele>2074.94</ele>
      </trkpt>
      <trkpt lat="39.68185" lon="-120.78739">
        <ele>2076.38</ele>
      </trkpt>
      <trkpt lat="39.6816" lon="-120.78769">
        <ele>2077.22</ele>
      </trkpt>
      <trkpt lat="39.6815" lon="-120.78781">
        <ele>2075.84</ele>
      </trkpt>
      <trkpt lat="39.68147" lon="-120.7879">
        <ele>2077.14</ele>
      </trkpt>
      <trkpt lat="39.68147" lon="-120.78804">
        <ele>2080.9</ele>
      </trkpt>
      <trkpt lat="39.68144" lon="-120.78814">
        <ele>2081.99</ele>
      </trkpt>
      <trkpt lat="39.68138" lon="-120.78823">
        <ele>2081.38</ele>
      </trkpt>
      <trkpt lat="39.68128" lon="-120.78829">
        <ele>2078.36</ele>
      </trkpt>
      <trkpt lat="39.68118" lon="-120.7884">
        <ele>2076.42</ele>
      </trkpt>
      <trkpt lat="39.68108" lon="-120.78858">
        <ele>2075.98</ele>
      </trkpt>
      <trkpt lat="39.68099" lon="-120.78882">
        <ele>2077.28</ele>
      </trkpt>
      <trkpt lat="39.68088" lon="-120.78908">
        <ele>2077.62</ele>
      </trkpt>
      <trkpt lat="39.68083" lon="-120.78928">
        <ele>2079.52</ele>
      </trkpt>
      <trkpt lat="39.68081" lon="-120.78947">
        <ele>2083.36</ele>
      </trkpt>
      <trkpt lat="39.68069" lon="-120.78977">
        <ele>2085.57</ele>
      </trkpt>
      <trkpt lat="39.68062" lon="-120.7899">
        <ele>2085.3</ele>
      </trkpt>
      <trkpt lat="39.68053" lon="-120.78999">
        <ele>2083.3</ele>
      </trkpt>
      <trkpt lat="39.68041" lon="-120.79017">
        <ele>2082.65</ele>
      </trkpt>
      <trkpt lat="39.68021" lon="-120.79052">
        <ele>2084.02</ele>
      </trkpt>
      <trkpt lat="39.67993" lon="-120.79081">
        <ele>2082.22</ele>
      </trkpt>
      <trkpt lat="39.67968" lon="-120.79109">
        <ele>2083.72</ele>
      </trkpt>
      <trkpt lat="39.67936" lon="-120.79135">
        <ele>2083.2</ele>
      </trkpt>
      <trkpt lat="39.67885" lon="-120.79176">
        <ele>2085.78</ele>
      </trkpt>
      <trkpt lat="39.67858" lon="-120.79198">
        <ele>2088.66</ele>
      </trkpt>
      <trkpt lat="39.67825" lon="-120.79218">
        <ele>2091.46</ele>
      </trkpt>
      <trkpt lat="39.67793" lon="-120.79235">
        <ele>2094.83</ele>
      </trkpt>
      <trkpt lat="39.67772" lon="-120.79237">
        <ele>2091.51</ele>
      </trkpt>
      <trkpt lat="39.67754" lon="-120.79242">
        <ele>2090.98</ele>
      </trkpt>
      <trkpt lat="39.67731" lon="-120.79255">
        <ele>2092.11</ele>
      </trkpt>
      <trkpt lat="39.67703" lon="-120.79279">
        <ele>2096.18</ele>
      </trkpt>
      <trkpt lat="39.67664" lon="-120.79322">
        <ele>2099.4</ele>
      </trkpt>
      <trkpt lat="39.67637" lon="-120.7935">
        <ele>2101.79</ele>
      </trkpt>
      <trkpt lat="39.67617" lon="-120.79365">
        <ele>2102.53</ele>
      </trkpt>
      <trkpt lat="39.67594" lon="-120.79372">
        <ele>2100.81</ele>
      </trkpt>
      <trkpt lat="39.6757" lon="-120.79379">
        <ele>2099.95</ele>
      </trkpt>
      <trkpt lat="39.67553" lon="-120.79389">
        <ele>2100.75</ele>
      </trkpt>
      <trkpt lat="39.67539" lon="-120.794">
        <ele>2101.81</ele>
      </trkpt>
      <trkpt lat="39.67526" lon="-120.79405">
        <ele>2102.03</ele>
      </trkpt>
      <trkpt lat="39.67507" lon="-120.79412">
        <ele>2102.24</ele>
      </trkpt>
      <trkpt lat="39.67504" lon="-120.79406">
        <ele>2100.13</ele>
      </trkpt>
      <trkpt lat="39.67497" lon="-120.79401">
        <ele>2098.62</ele>
      </trkpt>
      <trkpt lat="39.67483" lon="-120.79398">
        <ele>2097.97</ele>
      </trkpt>
      <trkpt lat="39.67466" lon="-120.79392">
        <ele>2096.67</ele>
      </trkpt>
      <trkpt lat="39.67445" lon="-120.7939">
        <ele>2094.3</ele>
      </trkpt>
      <trkpt lat="39.67422" lon="-120.79383">
        <ele>2089.57</ele>
      </trkpt>
      <trkpt lat="39.67408" lon="-120.7938">
        <ele>2088.1</ele>
      </trkpt>
      <trkpt lat="39.67396" lon="-120.79378">
        <ele>2086.65</ele>
      </trkpt>
      <trkpt lat="39.6738" lon="-120.79379">
        <ele>2085.9</ele>
      </trkpt>
      <trkpt lat="39.67364" lon="-120.79381">
        <ele>2085.56</ele>
      </trkpt>
      <trkpt lat="39.67351" lon="-120.79381">
        <ele>2084.22</ele>
      </trkpt>
      <trkpt lat="39.67328" lon="-120.79377">
        <ele>2080.41</ele>
      </trkpt>
      <trkpt lat="39.67301" lon="-120.79378">
        <ele>2075.89</ele>
      </trkpt>
      <trkpt lat="39.67285" lon="-120.79379">
        <ele>2073.34</ele>
      </trkpt>
      <trkpt lat="39.67271" lon="-120.79383">
        <ele>2070.9</ele>
      </trkpt>
      <trkpt lat="39.67253" lon="-120.79387">
        <ele>2066.7</ele>
      </trkpt>
      <trkpt lat="39.67225" lon="-120.79391">
        <ele>2065.79</ele>
      </trkpt>
      <trkpt lat="39.67208" lon="-120.7939">
        <ele>2070.43</ele>
      </trkpt>
      <trkpt lat="39.67199" lon="-120.79386">
        <ele>2070.77</ele>
      </trkpt>
      <trkpt lat="39.67186" lon="-120.7938">
        <ele>2070.07</ele>
      </trkpt>
      <trkpt lat="39.67175" lon="-120.79374">
        <ele>2070.38</ele>
      </trkpt>
      <trkpt lat="39.67158" lon="-120.7937">
        <ele>2071.82</ele>
      </trkpt>
      <trkpt lat="39.67145" lon="-120.79365">
        <ele>2072.32</ele>
      </trkpt>
      <trkpt lat="39.67133" lon="-120.7936">
        <ele>2072.16</ele>
      </trkpt>
      <trkpt lat="39.67117" lon="-120.79355">
        <ele>2070.24</ele>
      </trkpt>
      <trkpt lat="39.67099" lon="-120.79352">
        <ele>2068.74</ele>
      </trkpt>
      <trkpt lat="39.67074" lon="-120.79353">
        <ele>2066.36</ele>
      </trkpt>
      <trkpt lat="39.67052" lon="-120.79357">
        <ele>2064.28</ele>
      </trkpt>
      <trkpt lat="39.67028" lon="-120.79362">
        <ele>2062.31</ele>
      </trkpt>
      <trkpt lat="39.67005" lon="-120.79367">
        <ele>2060.79</ele>
      </trkpt>
      <trkpt lat="39.66975" lon="-120.79382">
        <ele>2058.34</ele>
      </trkpt>
      <trkpt lat="39.6697" lon="-120.79383">
        <ele>2057.1</ele>
      </trkpt>
      <trkpt lat="39.66964" lon="-120.79382">
        <ele>2055.08</ele>
      </trkpt>
      <trkpt lat="39.66951" lon="-120.7937">
        <ele>2049.63</ele>
      </trkpt>
      <trkpt lat="39.6694" lon="-120.79364">
        <ele>2047.29</ele>
      </trkpt>
      <trkpt lat="39.66926" lon="-120.79362">
        <ele>2046.29</ele>
      </trkpt>
      <trkpt lat="39.66926" lon="-120.79362">
        <ele>2046.29</ele>
      </trkpt>
      <trkpt lat="39.6692" lon="-120.79362">
        <ele>2045.65</ele>
      </trkpt>
      <trkpt lat="39.66909" lon="-120.79363">
        <ele>2045.61</ele>
      </trkpt>
      <trkpt lat="39.66894" lon="-120.79368">
        <ele>2046.64</ele>
      </trkpt>
      <trkpt lat="39.66886" lon="-120.79372">
        <ele>2047.53</ele>
      </trkpt>
      <trkpt lat="39.66864" lon="-120.79373">
        <ele>2045.48</ele>
      </trkpt>
      <trkpt lat="39.66845" lon="-120.79373">
        <ele>2041.37</ele>
      </trkpt>
      <trkpt lat="39.66829" lon="-120.79376">
        <ele>2039.75</ele>
      </trkpt>
      <trkpt lat="39.66819" lon="-120.79382">
        <ele>2039.3</ele>
      </trkpt>
      <trkpt lat="39.66811" lon="-120.79391">
        <ele>2039.95</ele>
      </trkpt>
      <trkpt lat="39.66807" lon="-120.79394">
        <ele>2039.79</ele>
      </trkpt>
      <trkpt lat="39.66804" lon="-120.79393">
        <ele>2039.18</ele>
      </trkpt>
      <trkpt lat="39.66803" lon="-120.7939">
        <ele>2038.6</ele>
      </trkpt>
      <trkpt lat="39.66804" lon="-120.79383">
        <ele>2037.39</ele>
      </trkpt>
      <trkpt lat="39.66806" lon="-120.79376">
        <ele>2036.26</ele>
      </trkpt>
      <trkpt lat="39.66805" lon="-120.79372">
        <ele>2035.23</ele>
      </trkpt>
      <trkpt lat="39.66802" lon="-120.79373">
        <ele>2034.8</ele>
      </trkpt>
      <trkpt lat="39.66794" lon="-120.7938">
        <ele>2034.58</ele>
      </trkpt>
      <trkpt lat="39.66788" lon="-120.79387">
        <ele>2034.8</ele>
      </trkpt>
      <trkpt lat="39.66781" lon="-120.79398">
        <ele>2035.01</ele>
      </trkpt>
      <trkpt lat="39.66777" lon="-120.79405">
        <ele>2035.23</ele>
      </trkpt>
      <trkpt lat="39.66775" lon="-120.79405">
        <ele>2034.58</ele>
      </trkpt>
      <trkpt lat="39.66774" lon="-120.79396">
        <ele>2032.22</ele>
      </trkpt>
      <trkpt lat="39.66775" lon="-120.79386">
        <ele>2030.18</ele>
      </trkpt>
      <trkpt lat="39.66773" lon="-120.79383">
        <ele>2028.66</ele>
      </trkpt>
      <trkpt lat="39.66769" lon="-120.79383">
        <ele>2026.94</ele>
      </trkpt>
      <trkpt lat="39.66766" lon="-120.79387">
        <ele>2026.78</ele>
      </trkpt>
      <trkpt lat="39.66758" lon="-120.79399">
        <ele>2026.64</ele>
      </trkpt>
      <trkpt lat="39.66747" lon="-120.7942">
        <ele>2025.18</ele>
      </trkpt>
      <trkpt lat="39.66737" lon="-120.79438">
        <ele>2023.81</ele>
      </trkpt>
      <trkpt lat="39.6673" lon="-120.79456">
        <ele>2023.4</ele>
      </trkpt>
      <trkpt lat="39.66729" lon="-120.79465">
        <ele>2023.2</ele>
      </trkpt>
      <trkpt lat="39.66728" lon="-120.79473">
        <ele>2022.82</ele>
      </trkpt>
      <trkpt lat="39.66725" lon="-120.79478">
        <ele>2021.71</ele>
      </trkpt>
      <trkpt lat="39.66723" lon="-120.79477">
        <ele>2021.21</ele>
      </trkpt>
      <trkpt lat="39.66722" lon="-120.79472">
        <ele>2020.93</ele>
      </trkpt>
      <trkpt lat="39.66722" lon="-120.79461">
        <ele>2020.69</ele>
      </trkpt>
      <trkpt lat="39.66726" lon="-120.79439">
        <ele>2019.46</ele>
      </trkpt>
      <trkpt lat="39.66734" lon="-120.79411">
        <ele>2017.42</ele>
      </trkpt>
      <trkpt lat="39.66743" lon="-120.7938">
        <ele>2014.31</ele>
      </trkpt>
      <trkpt lat="39.66749" lon="-120.79366">
        <ele>2014.99</ele>
      </trkpt>
      <trkpt lat="39.66759" lon="-120.79347">
        <ele>2015.84</ele>
      </trkpt>
      <trkpt lat="39.66771" lon="-120.79328">
        <ele>2016.65</ele>
      </trkpt>
      <trkpt lat="39.6678" lon="-120.79312">
        <ele>2015.11</ele>
      </trkpt>
      <trkpt lat="39.66782" lon="-120.79306">
        <ele>2014.46</ele>
      </trkpt>
      <trkpt lat="39.66781" lon="-120.79304">
        <ele>2013.54</ele>
      </trkpt>
      <trkpt lat="39.66777" lon="-120.79306">
        <ele>2012.84</ele>
      </trkpt>
      <trkpt lat="39.66754" lon="-120.79328">
        <ele>2009.58</ele>
      </trkpt>
      <trkpt lat="39.66746" lon="-120.79343">
        <ele>2008.93</ele>
      </trkpt>
      <trkpt lat="39.66739" lon="-120.79356">
        <ele>2007.96</ele>
      </trkpt>
      <trkpt lat="39.66729" lon="-120.79375">
        <ele>2005.66</ele>
      </trkpt>
      <trkpt lat="39.66717" lon="-120.79395">
        <ele>2004.87</ele>
      </trkpt>
      <trkpt lat="39.66704" lon="-120.79415">
        <ele>2004.59</ele>
      </trkpt>
      <trkpt lat="39.66691" lon="-120.79435">
        <ele>2003.84</ele>
      </trkpt>
      <trkpt lat="39.66675" lon="-120.79459">
        <ele>2003.94</ele>
      </trkpt>
      <trkpt lat="39.66672" lon="-120.79469">
        <ele>2004.8</ele>
      </trkpt>
      <trkpt lat="39.66669" lon="-120.79488">
        <ele>2004.5</ele>
      </trkpt>
      <trkpt lat="39.66667" lon="-120.7949">
        <ele>2004.07</ele>
      </trkpt>
      <trkpt lat="39.66665" lon="-120.79489">
        <ele>2003.82</ele>
      </trkpt>
      <trkpt lat="39.66663" lon="-120.79481">
        <ele>2003.58</ele>
      </trkpt>
      <trkpt lat="39.6666" lon="-120.79478">
        <ele>2003.01</ele>
      </trkpt>
      <trkpt lat="39.66658" lon="-120.7948">
        <ele>2002.91</ele>
      </trkpt>
      <trkpt lat="39.66657" lon="-120.79487">
        <ele>2002.91</ele>
      </trkpt>
      <trkpt lat="39.66657" lon="-120.79496">
        <ele>2001.8</ele>
      </trkpt>
      <trkpt lat="39.66655" lon="-120.79498">
        <ele>2001.12</ele>
      </trkpt>
      <trkpt lat="39.66651" lon="-120.79493">
        <ele>2001.3</ele>
      </trkpt>
      <trkpt lat="39.66647" lon="-120.79484">
        <ele>2000.63</ele>
      </trkpt>
      <trkpt lat="39.66643" lon="-120.79474">
        <ele>1997.72</ele>
      </trkpt>
      <trkpt lat="39.66639" lon="-120.79468">
        <ele>1995.12</ele>
      </trkpt>
      <trkpt lat="39.66636" lon="-120.7947">
        <ele>1994.58</ele>
      </trkpt>
      <trkpt lat="39.66632" lon="-120.79475">
        <ele>1994.14</ele>
      </trkpt>
      <trkpt lat="39.66628" lon="-120.79487">
        <ele>1994.14</ele>
      </trkpt>
      <trkpt lat="39.66626" lon="-120.79493">
        <ele>1993.92</ele>
      </trkpt>
      <trkpt lat="39.66624" lon="-120.79494">
        <ele>1993.39</ele>
      </trkpt>
      <trkpt lat="39.66619" lon="-120.79491">
        <ele>1991.88</ele>
      </trkpt>
      <trkpt lat="39.66613" lon="-120.7948">
        <ele>1990.22</ele>
      </trkpt>
      <trkpt lat="39.66608" lon="-120.79471">
        <ele>1988.53</ele>
      </trkpt>
      <trkpt lat="39.66596" lon="-120.79465">
        <ele>1987.08</ele>
      </trkpt>
      <trkpt lat="39.66585" lon="-120.79466">
        <ele>1986.45</ele>
      </trkpt>
      <trkpt lat="39.66572" lon="-120.79471">
        <ele>1986.0</ele>
      </trkpt>
      <trkpt lat="39.6656" lon="-120.79469">
        <ele>1985.48</ele>
      </trkpt>
      <trkpt lat="39.66545" lon="-120.79467">
        <ele>1984.5</ele>
      </trkpt>
      <trkpt lat="39.66537" lon="-120.79469">
        <ele>1983.69</ele>
      </trkpt>
      <trkpt lat="39.66528" lon="-120.79472">
        <ele>1983.02</ele>
      </trkpt>
      <trkpt lat="39.66521" lon="-120.79477">
        <ele>1981.61</ele>
      </trkpt>
      <trkpt lat="39.66516" lon="-120.79481">
        <ele>1981.05</ele>
      </trkpt>
      <trkpt lat="39.6651" lon="-120.79483">
        <ele>1980.67</ele>
      </trkpt>
      <trkpt lat="39.66504" lon="-120.79481">
        <ele>1981.05</ele>
      </trkpt>
      <trkpt lat="39.66499" lon="-120.79476">
        <ele>1981.55</ele>
      </trkpt>
      <trkpt lat="39.66492" lon="-120.79472">
        <ele>1982.02</ele>
      </trkpt>
      <trkpt lat="39.66483" lon="-120.7947">
        <ele>1981.6</ele>
      </trkpt>
      <trkpt lat="39.66471" lon="-120.79474">
        <ele>1980.81</ele>
      </trkpt>
      <trkpt lat="39.66456" lon="-120.79482">
        <ele>1979.89</ele>
      </trkpt>
      <trkpt lat="39.66447" lon="-120.79485">
        <ele>1979.24</ele>
      </trkpt>
      <trkpt lat="39.66429" lon="-120.79482">
        <ele>1980.89</ele>
      </trkpt>
      <trkpt lat="39.66403" lon="-120.79479">
        <ele>1984.87</ele>
      </trkpt>
      <trkpt lat="39.66369" lon="-120.79479">
        <ele>1990.79</ele>
      </trkpt>
      <trkpt lat="39.66356" lon="-120.7948">
        <ele>1992.71</ele>
      </trkpt>
      <trkpt lat="39.66342" lon="-120.79475">
        <ele>1995.76</ele>
      </trkpt>
      <trkpt lat="39.66335" lon="-120.79472">
        <ele>1996.8</ele>
      </trkpt>
      <trkpt lat="39.66331" lon="-120.79465">
        <ele>1996.42</ele>
      </trkpt>
      <trkpt lat="39.66329" lon="-120.79456">
        <ele>1995.72</ele>
      </trkpt>
      <trkpt lat="39.66315" lon="-120.79446">
        <ele>1994.34</ele>
      </trkpt>
      <trkpt lat="39.66307" lon="-120.79445">
        <ele>1994.12</ele>
      </trkpt>
      <trkpt lat="39.66295" lon="-120.7945">
        <ele>1995.6</ele>
      </trkpt>
      <trkpt lat="39.66272" lon="-120.79459">
        <ele>1996.84</ele>
      </trkpt>
      <trkpt lat="39.66257" lon="-120.79463">
        <ele>1997.25</ele>
      </trkpt>
      <trkpt lat="39.66208" lon="-120.79399">
        <ele>1990.18</ele>
      </trkpt>
      <trkpt lat="39.66149" lon="-120.79421">
        <ele>1992.03</ele>
      </trkpt>
      <trkpt lat="39.66059" lon="-120.79464">
        <ele>1986.93</ele>
      </trkpt>
      <trkpt lat="39.65964" lon="-120.79496">
        <ele>1971.43</ele>
      </trkpt>
      <trkpt lat="39.6589" lon="-120.79537">
        <ele>1980.11</ele>
      </trkpt>
      <trkpt lat="39.65836" lon="-120.79567">
        <ele>1976.81</ele>
      </trkpt>
      <trkpt lat="39.65793" lon="-120.79578">
        <ele>1964.14</ele>
      </trkpt>
      <trkpt lat="39.65753" lon="-120.79619">
        <ele>1965.18</ele>
      </trkpt>
      <trkpt lat="39.65714" lon="-120.79628">
        <ele>1962.94</ele>
      </trkpt>
      <trkpt lat="39.65648" lon="-120.79617">
        <ele>1955.59</ele>
      </trkpt>
      <trkpt lat="39.65597" lon="-120.79619">
        <ele>1943.21</ele>
      </trkpt>
      <trkpt lat="39.6554" lon="-120.79631">
        <ele>1936.62</ele>
      </trkpt>
      <trkpt lat="39.65417" lon="-120.79648">
        <ele>1917.08</ele>
      </trkpt>
      <trkpt lat="39.65349" lon="-120.79693">
        <ele>1911.07</ele>
      </trkpt>
      <trkpt lat="39.65308" lon="-120.79726">
        <ele>1908.91</ele>
      </trkpt>
      <trkpt lat="39.65266" lon="-120.79673">
        <ele>1891.01</ele>
      </trkpt>
      <trkpt lat="39.65221" lon="-120.79669">
        <ele>1882.62</ele>
      </trkpt>
      <trkpt lat="39.65181" lon="-120.79693">
        <ele>1885.08</ele>
      </trkpt>
      <trkpt lat="39.65132" lon="-120.79702">
        <ele>1883.73</ele>
      </trkpt>
      <trkpt lat="39.65086" lon="-120.79731">
        <ele>1887.15</ele>
      </trkpt>
      <trkpt lat="39.65013" lon="-120.79795">
        <ele>1878.67</ele>
      </trkpt>
      <trkpt lat="39.64991" lon="-120.79794">
        <ele>1872.35</ele>
      </trkpt>
      <trkpt lat="39.64935" lon="-120.7979">
        <ele>1860.63</ele>
      </trkpt>
      <trkpt lat="39.64873" lon="-120.79755">
        <ele>1856.93</ele>
      </trkpt>
      <trkpt lat="39.64807" lon="-120.797">
        <ele>1856.6</ele>
      </trkpt>
      <trkpt lat="39.64679" lon="-120.79658">
        <ele>1852.13</ele>
      </trkpt>
      <trkpt lat="39.64613" lon="-120.79654">
        <ele>1845.18</ele>
      </trkpt>
      <trkpt lat="39.64555" lon="-120.79651">
        <ele>1847.37</ele>
      </trkpt>
      <trkpt lat="39.64482" lon="-120.79641">
        <ele>1847.73</ele>
      </trkpt>
      <trkpt lat="39.64386" lon="-120.79639">
        <ele>1841.71</ele>
      </trkpt>
      <trkpt lat="39.64301" lon="-120.79697">
        <ele>1841.7</ele>
      </trkpt>
      <trkpt lat="39.64219" lon="-120.79723">
        <ele>1841.77</ele>
      </trkpt>
      <trkpt lat="39.64163" lon="-120.79668">
        <ele>1836.73</ele>
      </trkpt>
      <trkpt lat="39.64129" lon="-120.79615">
        <ele>1843.14</ele>
      </trkpt>
      <trkpt lat="39.64091" lon="-120.7958">
        <ele>1853.34</ele>
      </trkpt>
      <trkpt lat="39.64066" lon="-120.79532">
        <ele>1858.74</ele>
      </trkpt>
      <trkpt lat="39.64061" lon="-120.79482">
        <ele>1858.44</ele>
      </trkpt>
      <trkpt lat="39.64048" lon="-120.79428">
        <ele>1854.26</ele>
      </trkpt>
      <trkpt lat="39.64005" lon="-120.79434">
        <ele>1860.2</ele>
      </trkpt>
      <trkpt lat="39.63959" lon="-120.79439">
        <ele>1863.82</ele>
      </trkpt>
      <trkpt lat="39.63922" lon="-120.7944">
        <ele>1865.04</ele>
      </trkpt>
      <trkpt lat="39.63865" lon="-120.79458">
        <ele>1869.46</ele>
      </trkpt>
      <trkpt lat="39.63775" lon="-120.79459">
        <ele>1857.53</ele>
      </trkpt>
      <trkpt lat="39.63749" lon="-120.7945">
        <ele>1853.89</ele>
      </trkpt>
      <trkpt lat="39.63711" lon="-120.79428">
        <ele>1851.39</ele>
      </trkpt>
      <trkpt lat="39.63658" lon="-120.79413">
        <ele>1855.94</ele>
      </trkpt>
      <trkpt lat="39.6362" lon="-120.79396">
        <ele>1858.77</ele>
      </trkpt>
      <trkpt lat="39.63552" lon="-120.79383">
        <ele>1856.36</ele>
      </trkpt>
      <trkpt lat="39.63544" lon="-120.79383">
        <ele>1856.21</ele>
      </trkpt>
      <trkpt lat="39.63544" lon="-120.79383">
        <ele>1856.21</ele>
      </trkpt>
      <trkpt lat="39.63483" lon="-120.79386">
        <ele>1857.38</ele>
      </trkpt>
      <trkpt lat="39.63436" lon="-120.79398">
        <ele>1867.78</ele>
      </trkpt>
      <trkpt lat="39.63358" lon="-120.79416">
        <ele>1873.54</ele>
      </trkpt>
      <trkpt lat="39.63299" lon="-120.79414">
        <ele>1868.51</ele>
      </trkpt>
      <trkpt lat="39.63194" lon="-120.79411">
        <ele>1854.34</ele>
      </trkpt>
      <trkpt lat="39.63088" lon="-120.79408">
        <ele>1831.07</ele>
      </trkpt>
      <trkpt lat="39.63001" lon="-120.79417">
        <ele>1818.14</ele>
      </trkpt>
      <trkpt lat="39.62864" lon="-120.79457">
        <ele>1793.87</ele>
      </trkpt>
      <trkpt lat="39.62805" lon="-120.79461">
        <ele>1787.73</ele>
      </trkpt>
      <trkpt lat="39.62803" lon="-120.79465">
        <ele>1787.78</ele>
      </trkpt>
      <trkpt lat="39.62765" lon="-120.79488">
        <ele>1786.18</ele>
      </trkpt>
      <trkpt lat="39.62683" lon="-120.79489">
        <ele>1788.42</ele>
      </trkpt>
      <trkpt lat="39.62642" lon="-120.79489">
        <ele>1790.31</ele>
      </trkpt>
      <trkpt lat="39.6249" lon="-120.79402">
        <ele>1772.0</ele>
      </trkpt>
      <trkpt lat="39.6245" lon="-120.79393">
        <ele>1774.4</ele>
      </trkpt>
      <trkpt lat="39.62427" lon="-120.79366">
        <ele>1775.47</ele>
      </trkpt>
      <trkpt lat="39.62309" lon="-120.79234">
        <ele>1768.64</ele>
      </trkpt>
      <trkpt lat="39.6229" lon="-120.79222">
        <ele>1765.3</ele>
      </trkpt>
      <trkpt lat="39.62257" lon="-120.79228">
        <ele>1759.51</ele>
      </trkpt>
      <trkpt lat="39.62248" lon="-120.79255">
        <ele>1758.57</ele>
      </trkpt>
      <trkpt lat="39.62227" lon="-120.79376">
        <ele>1747.42</ele>
      </trkpt>
      <trkpt lat="39.62211" lon="-120.79389">
        <ele>1741.56</ele>
      </trkpt>
      <trkpt lat="39.62197" lon="-120.794">
        <ele>1736.35</ele>
      </trkpt>
      <trkpt lat="39.62182" lon="-120.79391">
        <ele>1732.82</ele>
      </trkpt>
      <trkpt lat="39.62143" lon="-120.79365">
        <ele>1726.15</ele>
      </trkpt>
      <trkpt lat="39.62076" lon="-120.79356">
        <ele>1706.18</ele>
      </trkpt>
      <trkpt lat="39.62061" lon="-120.79338">
        <ele>1704.67</ele>
      </trkpt>
      <trkpt lat="39.62056" lon="-120.79331">
        <ele>1704.36</ele>
      </trkpt>
      <trkpt lat="39.62042" lon="-120.79309">
        <ele>1703.7</ele>
      </trkpt>
      <trkpt lat="39.6203" lon="-120.79296">
        <ele>1702.54</ele>
      </trkpt>
      <trkpt lat="39.62026" lon="-120.79292">
        <ele>1702.54</ele>
      </trkpt>
      <trkpt lat="39.62022" lon="-120.79289">
        <ele>1702.33</ele>
      </trkpt>
      <trkpt lat="39.62018" lon="-120.79287">
        <ele>1701.89</ele>
      </trkpt>
      <trkpt lat="39.61991" lon="-120.79283">
        <ele>1696.92</ele>
      </trkpt>
      <trkpt lat="39.61981" lon="-120.79283">
        <ele>1695.33</ele>
      </trkpt>
      <trkpt lat="39.61967" lon="-120.79285">
        <ele>1692.66</ele>
      </trkpt>
      <trkpt lat="39.61963" lon="-120.79285">
        <ele>1692.22</ele>
      </trkpt>
      <trkpt lat="39.61939" lon="-120.79279">
        <ele>1687.9</ele>
      </trkpt>
      <trkpt lat="39.61932" lon="-120.79281">
        <ele>1687.0</ele>
      </trkpt>
      <trkpt lat="39.61929" lon="-120.79283">
        <ele>1686.9</ele>
      </trkpt>
      <trkpt lat="39.61924" lon="-120.79288">
        <ele>1687.1</ele>
      </trkpt>
      <trkpt lat="39.61919" lon="-120.79296">
        <ele>1689.16</ele>
      </trkpt>
      <trkpt lat="39.61912" lon="-120.79314">
        <ele>1693.74</ele>
      </trkpt>
      <trkpt lat="39.61901" lon="-120.7933">
        <ele>1695.95</ele>
      </trkpt>
      <trkpt lat="39.6189" lon="-120.7935">
        <ele>1694.24</ele>
      </trkpt>
      <trkpt lat="39.61888" lon="-120.7936">
        <ele>1693.7</ele>
      </trkpt>
      <trkpt lat="39.61887" lon="-120.79368">
        <ele>1693.24</ele>
      </trkpt>
      <trkpt lat="39.61888" lon="-120.7938">
        <ele>1692.58</ele>
      </trkpt>
      <trkpt lat="39.6189" lon="-120.79391">
        <ele>1691.81</ele>
      </trkpt>
      <trkpt lat="39.61897" lon="-120.79419">
        <ele>1687.25</ele>
      </trkpt>
      <trkpt lat="39.619" lon="-120.79425">
        <ele>1686.6</ele>
      </trkpt>
      <trkpt lat="39.61905" lon="-120.79433">
        <ele>1686.72</ele>
      </trkpt>
      <trkpt lat="39.61914" lon="-120.79442">
        <ele>1686.76</ele>
      </trkpt>
      <trkpt lat="39.6192" lon="-120.79447">
        <ele>1686.91</ele>
      </trkpt>
      <trkpt lat="39.61927" lon="-120.79451">
        <ele>1687.41</ele>
      </trkpt>
      <trkpt lat="39.61939" lon="-120.79454">
        <ele>1688.38</ele>
      </trkpt>
      <trkpt lat="39.61945" lon="-120.79455">
        <ele>1688.92</ele>
      </trkpt>
      <trkpt lat="39.61952" lon="-120.79458">
        <ele>1689.35</ele>
      </trkpt>
      <trkpt lat="39.61959" lon="-120.79462">
        <ele>1689.68</ele>
      </trkpt>
      <trkpt lat="39.61964" lon="-120.79466">
        <ele>1690.22</ele>
      </trkpt>
      <trkpt lat="39.61966" lon="-120.79469">
        <ele>1690.66</ele>
      </trkpt>
      <trkpt lat="39.61967" lon="-120.79472">
        <ele>1690.87</ele>
      </trkpt>
      <trkpt lat="39.6197" lon="-120.79481">
        <ele>1691.52</ele>
      </trkpt>
      <trkpt lat="39.6197" lon="-120.79485">
        <ele>1691.52</ele>
      </trkpt>
      <trkpt lat="39.61969" lon="-120.79498">
        <ele>1691.3</ele>
      </trkpt>
      <trkpt lat="39.6197" lon="-120.79519">
        <ele>1691.27</ele>
      </trkpt>
      <trkpt lat="39.6197" lon="-120.79527">
        <ele>1691.06</ele>
      </trkpt>
      <trkpt lat="39.61976" lon="-120.79552">
        <ele>1691.97</ele>
      </trkpt>
      <trkpt lat="39.61983" lon="-120.79586">
        <ele>1693.49</ele>
      </trkpt>
      <trkpt lat="39.61984" lon="-120.79594">
        <ele>1693.97</ele>
      </trkpt>
      <trkpt lat="39.61984" lon="-120.79603">
        <ele>1694.82</ele>
      </trkpt>
      <trkpt lat="39.61982" lon="-120.7961">
        <ele>1694.17</ele>
      </trkpt>
      <trkpt lat="39.61977" lon="-120.79624">
        <ele>1693.74</ele>
      </trkpt>
      <trkpt lat="39.61969" lon="-120.79641">
        <ele>1693.84</ele>
      </trkpt>
      <trkpt lat="39.61964" lon="-120.79648">
        <ele>1695.07</ele>
      </trkpt>
      <trkpt lat="39.61959" lon="-120.79655">
        <ele>1696.37</ele>
      </trkpt>
      <trkpt lat="39.61954" lon="-120.79661">
        <ele>1697.79</ele>
      </trkpt>
      <trkpt lat="39.61925" lon="-120.79685">
        <ele>1701.86</ele>
      </trkpt>
      <trkpt lat="39.61922" lon="-120.79686">
        <ele>1701.75</ele>
      </trkpt>
      <trkpt lat="39.61915" lon="-120.79686">
        <ele>1700.82</ele>
      </trkpt>
      <trkpt lat="39.61913" lon="-120.79686">
        <ele>1700.38</ele>
      </trkpt>
      <trkpt lat="39.61903" lon="-120.79686">
        <ele>1698.7</ele>
      </trkpt>
      <trkpt lat="39.61899" lon="-120.79687">
        <ele>1698.48</ele>
      </trkpt>
      <trkpt lat="39.61894" lon="-120.7969">
        <ele>1698.14</ele>
      </trkpt>
      <trkpt lat="39.61887" lon="-120.79695">
        <ele>1697.51</ele>
      </trkpt>
      <trkpt lat="39.61871" lon="-120.79711">
        <ele>1695.78</ele>
      </trkpt>
      <trkpt lat="39.61866" lon="-120.79719">
        <ele>1695.42</ele>
      </trkpt>
      <trkpt lat="39.61865" lon="-120.79722">
        <ele>1695.63</ele>
      </trkpt>
      <trkpt lat="39.61863" lon="-120.7973">
        <ele>1696.5</ele>
      </trkpt>
      <trkpt lat="39.61841" lon="-120.79753">
        <ele>1693.57</ele>
      </trkpt>
      <trkpt lat="39.61825" lon="-120.7976">
        <ele>1690.46</ele>
      </trkpt>
      <trkpt lat="39.61812" lon="-120.79766">
        <ele>1686.24</ele>
      </trkpt>
      <trkpt lat="39.61811" lon="-120.79768">
        <ele>1686.24</ele>
      </trkpt>
      <trkpt lat="39.61806" lon="-120.79773">
        <ele>1685.16</ele>
      </trkpt>
      <trkpt lat="39.61804" lon="-120.79777">
        <ele>1685.33</ele>
      </trkpt>
      <trkpt lat="39.61802" lon="-120.79782">
        <ele>1685.76</ele>
      </trkpt>
      <trkpt lat="39.61801" lon="-120.79787">
        <ele>1686.52</ele>
      </trkpt>
      <trkpt lat="39.61801" lon="-120.79793">
        <ele>1688.46</ele>
      </trkpt>
      <trkpt lat="39.61798" lon="-120.7981">
        <ele>1691.03</ele>
      </trkpt>
      <trkpt lat="39.61796" lon="-120.79816">
        <ele>1691.16</ele>
      </trkpt>
      <trkpt lat="39.61793" lon="-120.79822">
        <ele>1691.48</ele>
      </trkpt>
      <trkpt lat="39.61788" lon="-120.79833">
        <ele>1691.28</ele>
      </trkpt>
      <trkpt lat="39.61778" lon="-120.79846">
        <ele>1690.44</ele>
      </trkpt>
      <trkpt lat="39.61772" lon="-120.79857">
        <ele>1689.68</ele>
      </trkpt>
      <trkpt lat="39.61768" lon="-120.79866">
        <ele>1689.36</ele>
      </trkpt>
      <trkpt lat="39.61764" lon="-120.79876">
        <ele>1688.83</ele>
      </trkpt>
      <trkpt lat="39.6176" lon="-120.79886">
        <ele>1688.22</ele>
      </trkpt>
      <trkpt lat="39.61758" lon="-120.79896">
        <ele>1688.39</ele>
      </trkpt>
      <trkpt lat="39.61758" lon="-120.79903">
        <ele>1689.12</ele>
      </trkpt>
      <trkpt lat="39.61758" lon="-120.79909">
        <ele>1689.76</ele>
      </trkpt>
      <trkpt lat="39.61758" lon="-120.79918">
        <ele>1690.61</ele>
      </trkpt>
      <trkpt lat="39.6176" lon="-120.79934">
        <ele>1692.04</ele>
      </trkpt>
      <trkpt lat="39.6176" lon="-120.79942">
        <ele>1692.9</ele>
      </trkpt>
      <trkpt lat="39.6176" lon="-120.79951">
        <ele>1693.87</ele>
      </trkpt>
      <trkpt lat="39.61759" lon="-120.79954">
        <ele>1693.98</ele>
      </trkpt>
      <trkpt lat="39.61757" lon="-120.79958">
        <ele>1693.98</ele>
      </trkpt>
      <trkpt lat="39.61751" lon="-120.79967">
        <ele>1693.65</ele>
      </trkpt>
      <trkpt lat="39.61749" lon="-120.79969">
        <ele>1693.51</ele>
      </trkpt>
      <trkpt lat="39.61746" lon="-120.79973">
        <ele>1693.65</ele>
      </trkpt>
      <trkpt lat="39.61742" lon="-120.79976">
        <ele>1693.54</ele>
      </trkpt>
      <trkpt lat="39.61737" lon="-120.79978">
        <ele>1693.07</ele>
      </trkpt>
      <trkpt lat="39.61732" lon="-120.79979">
        <ele>1692.54</ele>
      </trkpt>
      <trkpt lat="39.61718" lon="-120.79977">
        <ele>1690.36</ele>
      </trkpt>
      <trkpt lat="39.617" lon="-120.79974">
        <ele>1687.18</ele>
      </trkpt>
      <trkpt lat="39.6169" lon="-120.79973">
        <ele>1685.29</ele>
      </trkpt>
      <trkpt lat="39.61671" lon="-120.79973">
        <ele>1683.64</ele>
      </trkpt>
      <trkpt lat="39.6163" lon="-120.79974">
        <ele>1679.61</ele>
      </trkpt>
      <trkpt lat="39.61619" lon="-120.79974">
        <ele>1679.24</ele>
      </trkpt>
      <trkpt lat="39.6161" lon="-120.79972">
        <ele>1677.95</ele>
      </trkpt>
      <trkpt lat="39.61599" lon="-120.79969">
        <ele>1677.0</ele>
      </trkpt>
      <trkpt lat="39.6159" lon="-120.79963">
        <ele>1675.01</ele>
      </trkpt>
      <trkpt lat="39.61573" lon="-120.79953">
        <ele>1672.85</ele>
      </trkpt>
      <trkpt lat="39.61568" lon="-120.79951">
        <ele>1672.42</ele>
      </trkpt>
      <trkpt lat="39.61553" lon="-120.79947">
        <ele>1670.55</ele>
      </trkpt>
      <trkpt lat="39.61542" lon="-120.79945">
        <ele>1669.63</ele>
      </trkpt>
      <trkpt lat="39.61524" lon="-120.79943">
        <ele>1667.28</ele>
      </trkpt>
      <trkpt lat="39.61518" lon="-120.79943">
        <ele>1666.63</ele>
      </trkpt>
      <trkpt lat="39.61512" lon="-120.79944">
        <ele>1666.2</ele>
      </trkpt>
      <trkpt lat="39.61507" lon="-120.79946">
        <ele>1665.92</ele>
      </trkpt>
      <trkpt lat="39.61503" lon="-120.79948">
        <ele>1665.71</ele>
      </trkpt>
      <trkpt lat="39.61497" lon="-120.79954">
        <ele>1665.7</ele>
      </trkpt>
      <trkpt lat="39.61491" lon="-120.79961">
        <ele>1665.05</ele>
      </trkpt>
      <trkpt lat="39.61488" lon="-120.79967">
        <ele>1665.01</ele>
      </trkpt>
      <trkpt lat="39.61487" lon="-120.79971">
        <ele>1665.11</ele>
      </trkpt>
      <trkpt lat="39.61486" lon="-120.79977">
        <ele>1664.98</ele>
      </trkpt>
      <trkpt lat="39.61485" lon="-120.79982">
        <ele>1664.76</ele>
      </trkpt>
      <trkpt lat="39.61485" lon="-120.79988">
        <ele>1664.76</ele>
      </trkpt>
      <trkpt lat="39.61486" lon="-120.79993">
        <ele>1664.98</ele>
      </trkpt>
      <trkpt lat="39.61488" lon="-120.79999">
        <ele>1665.41</ele>
      </trkpt>
      <trkpt lat="39.61497" lon="-120.80016">
        <ele>1668.35</ele>
      </trkpt>
      <trkpt lat="39.61503" lon="-120.80029">
        <ele>1669.69</ele>
      </trkpt>
      <trkpt lat="39.61503" lon="-120.80029">
        <ele>1669.69</ele>
      </trkpt>
      <trkpt lat="39.61507" lon="-120.80038">
        <ele>1671.27</ele>
      </trkpt>
      <trkpt lat="39.61508" lon="-120.80044">
        <ele>1671.59</ele>
      </trkpt>
      <trkpt lat="39.61509" lon="-120.80055">
        <ele>1671.94</ele>
      </trkpt>
      <trkpt lat="39.61509" lon="-120.80061">
        <ele>1671.94</ele>
      </trkpt>
      <trkpt lat="39.61507" lon="-120.80068">
        <ele>1671.51</ele>
      </trkpt>
      <trkpt lat="39.61503" lon="-120.80076">
        <ele>1670.65</ele>
      </trkpt>
      <trkpt lat="39.61496" lon="-120.80086">
        <ele>1668.58</ele>
      </trkpt>
      <trkpt lat="39.6149" lon="-120.80097">
        <ele>1665.76</ele>
      </trkpt>
      <trkpt lat="39.61481" lon="-120.80111">
        <ele>1662.84</ele>
      </trkpt>
      <trkpt lat="39.61468" lon="-120.80135">
        <ele>1659.32</ele>
      </trkpt>
      <trkpt lat="39.61465" lon="-120.80143">
        <ele>1658.09</ele>
      </trkpt>
      <trkpt lat="39.6146" lon="-120.80157">
        <ele>1656.04</ele>
      </trkpt>
      <trkpt lat="39.61459" lon="-120.80164">
        <ele>1655.0</ele>
      </trkpt>
      <trkpt lat="39.61459" lon="-120.80169">
        <ele>1654.46</ele>
      </trkpt>
      <trkpt lat="39.61459" lon="-120.80174">
        <ele>1653.92</ele>
      </trkpt>
      <trkpt lat="39.61461" lon="-120.80184">
        <ele>1652.62</ele>
      </trkpt>
      <trkpt lat="39.61465" lon="-120.80192">
        <ele>1652.92</ele>
      </trkpt>
      <trkpt lat="39.61468" lon="-120.80198">
        <ele>1652.86</ele>
      </trkpt>
      <trkpt lat="39.61472" lon="-120.80206">
        <ele>1652.68</ele>
      </trkpt>
      <trkpt lat="39.61478" lon="-120.80213">
        <ele>1653.24</ele>
      </trkpt>
      <trkpt lat="39.61491" lon="-120.80227">
        <ele>1655.04</ele>
      </trkpt>
      <trkpt lat="39.61498" lon="-120.80241">
        <ele>1654.3</ele>
      </trkpt>
      <trkpt lat="39.61501" lon="-120.80251">
        <ele>1653.22</ele>
      </trkpt>
      <trkpt lat="39.61506" lon="-120.80272">
        <ele>1651.57</ele>
      </trkpt>
      <trkpt lat="39.61513" lon="-120.80293">
        <ele>1651.57</ele>
      </trkpt>
      <trkpt lat="39.61522" lon="-120.80312">
        <ele>1652.43</ele>
      </trkpt>
      <trkpt lat="39.61528" lon="-120.80326">
        <ele>1653.07</ele>
      </trkpt>
      <trkpt lat="39.61529" lon="-120.80335">
        <ele>1653.22</ele>
      </trkpt>
      <trkpt lat="39.61528" lon="-120.80343">
        <ele>1652.11</ele>
      </trkpt>
      <trkpt lat="39.61523" lon="-120.80352">
        <ele>1651.47</ele>
      </trkpt>
      <trkpt lat="39.61516" lon="-120.80356">
        <ele>1649.75</ele>
      </trkpt>
      <trkpt lat="39.61505" lon="-120.8036">
        <ele>1648.3</ele>
      </trkpt>
      <trkpt lat="39.6148" lon="-120.80362">
        <ele>1648.19</ele>
      </trkpt>
      <trkpt lat="39.61468" lon="-120.80361">
        <ele>1647.96</ele>
      </trkpt>
      <trkpt lat="39.61454" lon="-120.80358">
        <ele>1646.99</ele>
      </trkpt>
      <trkpt lat="39.61434" lon="-120.80351">
        <ele>1644.45</ele>
      </trkpt>
      <trkpt lat="39.61417" lon="-120.80346">
        <ele>1641.82</ele>
      </trkpt>
      <trkpt lat="39.61403" lon="-120.80345">
        <ele>1641.91</ele>
      </trkpt>
      <trkpt lat="39.61373" lon="-120.80344">
        <ele>1644.22</ele>
      </trkpt>
      <trkpt lat="39.61356" lon="-120.80345">
        <ele>1645.59</ele>
      </trkpt>
      <trkpt lat="39.61342" lon="-120.80344">
        <ele>1647.37</ele>
      </trkpt>
      <trkpt lat="39.61332" lon="-120.8034">
        <ele>1647.06</ele>
      </trkpt>
      <trkpt lat="39.61316" lon="-120.80333">
        <ele>1646.69</ele>
      </trkpt>
      <trkpt lat="39.613" lon="-120.80325">
        <ele>1644.0</ele>
      </trkpt>
      <trkpt lat="39.61287" lon="-120.80319">
        <ele>1641.72</ele>
      </trkpt>
      <trkpt lat="39.61277" lon="-120.80314">
        <ele>1639.31</ele>
      </trkpt>
      <trkpt lat="39.6127" lon="-120.80312">
        <ele>1637.29</ele>
      </trkpt>
      <trkpt lat="39.61264" lon="-120.8031">
        <ele>1635.88</ele>
      </trkpt>
      <trkpt lat="39.61254" lon="-120.80309">
        <ele>1634.45</ele>
      </trkpt>
      <trkpt lat="39.61244" lon="-120.80309">
        <ele>1632.56</ele>
      </trkpt>
      <trkpt lat="39.61232" lon="-120.80312">
        <ele>1631.88</ele>
      </trkpt>
      <trkpt lat="39.61216" lon="-120.80318">
        <ele>1631.14</ele>
      </trkpt>
      <trkpt lat="39.61199" lon="-120.80329">
        <ele>1630.6</ele>
      </trkpt>
      <trkpt lat="39.61187" lon="-120.80337">
        <ele>1629.69</ele>
      </trkpt>
      <trkpt lat="39.61175" lon="-120.80347">
        <ele>1629.6</ele>
      </trkpt>
      <trkpt lat="39.61159" lon="-120.80362">
        <ele>1630.13</ele>
      </trkpt>
      <trkpt lat="39.61141" lon="-120.80382">
        <ele>1631.88</ele>
      </trkpt>
      <trkpt lat="39.61127" lon="-120.80394">
        <ele>1633.36</ele>
      </trkpt>
      <trkpt lat="39.61112" lon="-120.80403">
        <ele>1632.38</ele>
      </trkpt>
      <trkpt lat="39.61094" lon="-120.80413">
        <ele>1631.44</ele>
      </trkpt>
      <trkpt lat="39.61071" lon="-120.80429">
        <ele>1630.45</ele>
      </trkpt>
      <trkpt lat="39.61055" lon="-120.80442">
        <ele>1627.66</ele>
      </trkpt>
      <trkpt lat="39.61044" lon="-120.8045">
        <ele>1625.26</ele>
      </trkpt>
      <trkpt lat="39.61035" lon="-120.80461">
        <ele>1625.1</ele>
      </trkpt>
      <trkpt lat="39.61028" lon="-120.80475">
        <ele>1625.72</ele>
      </trkpt>
      <trkpt lat="39.6102" lon="-120.80495">
        <ele>1625.88</ele>
      </trkpt>
      <trkpt lat="39.61015" lon="-120.80513">
        <ele>1626.28</ele>
      </trkpt>
      <trkpt lat="39.61011" lon="-120.80529">
        <ele>1626.07</ele>
      </trkpt>
      <trkpt lat="39.61001" lon="-120.80561">
        <ele>1623.6</ele>
      </trkpt>
      <trkpt lat="39.60996" lon="-120.80581">
        <ele>1620.55</ele>
      </trkpt>
      <trkpt lat="39.60995" lon="-120.80596">
        <ele>1618.76</ele>
      </trkpt>
      <trkpt lat="39.60994" lon="-120.80615">
        <ele>1616.69</ele>
      </trkpt>
      <trkpt lat="39.60994" lon="-120.80629">
        <ele>1616.11</ele>
      </trkpt>
      <trkpt lat="39.60993" lon="-120.80638">
        <ele>1616.83</ele>
      </trkpt>
      <trkpt lat="39.6099" lon="-120.80643">
        <ele>1616.56</ele>
      </trkpt>
      <trkpt lat="39.60986" lon="-120.80646">
        <ele>1615.76</ele>
      </trkpt>
      <trkpt lat="39.60979" lon="-120.80649">
        <ele>1614.83</ele>
      </trkpt>
      <trkpt lat="39.60972" lon="-120.80652">
        <ele>1614.6</ele>
      </trkpt>
      <trkpt lat="39.60961" lon="-120.80653">
        <ele>1612.2</ele>
      </trkpt>
      <trkpt lat="39.60948" lon="-120.80653">
        <ele>1609.39</ele>
      </trkpt>
      <trkpt lat="39.60925" lon="-120.80649">
        <ele>1602.26</ele>
      </trkpt>
      <trkpt lat="39.60913" lon="-120.80647">
        <ele>1599.45</ele>
      </trkpt>
      <trkpt lat="39.60899" lon="-120.80644">
        <ele>1597.26</ele>
      </trkpt>
      <trkpt lat="39.60886" lon="-120.80643">
        <ele>1596.16</ele>
      </trkpt>
      <trkpt lat="39.60877" lon="-120.80644">
        <ele>1595.92</ele>
      </trkpt>
      <trkpt lat="39.6086" lon="-120.80653">
        <ele>1596.91</ele>
      </trkpt>
      <trkpt lat="39.60817" lon="-120.80678">
        <ele>1599.14</ele>
      </trkpt>
      <trkpt lat="39.60805" lon="-120.80686">
        <ele>1598.08</ele>
      </trkpt>
      <trkpt lat="39.6079" lon="-120.80701">
        <ele>1598.31</ele>
      </trkpt>
      <trkpt lat="39.60777" lon="-120.80719">
        <ele>1599.62</ele>
      </trkpt>
      <trkpt lat="39.60769" lon="-120.80726">
        <ele>1598.43</ele>
      </trkpt>
      <trkpt lat="39.60757" lon="-120.80733">
        <ele>1595.31</ele>
      </trkpt>
      <trkpt lat="39.60744" lon="-120.80739">
        <ele>1591.13</ele>
      </trkpt>
      <trkpt lat="39.60725" lon="-120.80749">
        <ele>1586.88</ele>
      </trkpt>
      <trkpt lat="39.60692" lon="-120.80771">
        <ele>1583.28</ele>
      </trkpt>
      <trkpt lat="39.6068" lon="-120.80782">
        <ele>1584.14</ele>
      </trkpt>
      <trkpt lat="39.60669" lon="-120.80797">
        <ele>1587.81</ele>
      </trkpt>
      <trkpt lat="39.60659" lon="-120.80812">
        <ele>1592.13</ele>
      </trkpt>
      <trkpt lat="39.60638" lon="-120.80832">
        <ele>1595.23</ele>
      </trkpt>
      <trkpt lat="39.60627" lon="-120.80841">
        <ele>1595.92</ele>
      </trkpt>
      <trkpt lat="39.60594" lon="-120.80861">
        <ele>1596.12</ele>
      </trkpt>
      <trkpt lat="39.60589" lon="-120.80864">
        <ele>1596.24</ele>
      </trkpt>
      <trkpt lat="39.60581" lon="-120.80872">
        <ele>1597.1</ele>
      </trkpt>
      <trkpt lat="39.60576" lon="-120.80878">
        <ele>1597.86</ele>
      </trkpt>
      <trkpt lat="39.60572" lon="-120.80885">
        <ele>1598.94</ele>
      </trkpt>
      <trkpt lat="39.60568" lon="-120.80894">
        <ele>1599.9</ele>
      </trkpt>
      <trkpt lat="39.60565" lon="-120.80909">
        <ele>1601.19</ele>
      </trkpt>
      <trkpt lat="39.60561" lon="-120.80923">
        <ele>1601.19</ele>
      </trkpt>
      <trkpt lat="39.60559" lon="-120.80928">
        <ele>1600.86</ele>
      </trkpt>
      <trkpt lat="39.60556" lon="-120.80935">
        <ele>1600.07</ele>
      </trkpt>
      <trkpt lat="39.60552" lon="-120.8094">
        <ele>1599.3</ele>
      </trkpt>
      <trkpt lat="39.60548" lon="-120.80945">
        <ele>1598.95</ele>
      </trkpt>
      <trkpt lat="39.60543" lon="-120.80948">
        <ele>1598.26</ele>
      </trkpt>
      <trkpt lat="39.60538" lon="-120.8095">
        <ele>1597.5</ele>
      </trkpt>
      <trkpt lat="39.60534" lon="-120.80952">
        <ele>1596.8</ele>
      </trkpt>
      <trkpt lat="39.60529" lon="-120.80952">
        <ele>1596.16</ele>
      </trkpt>
      <trkpt lat="39.60525" lon="-120.80951">
        <ele>1595.61</ele>
      </trkpt>
      <trkpt lat="39.6052" lon="-120.8095">
        <ele>1594.82</ele>
      </trkpt>
      <trkpt lat="39.60517" lon="-120.80947">
        <ele>1593.78</ele>
      </trkpt>
      <trkpt lat="39.60514" lon="-120.80942">
        <ele>1592.54</ele>
      </trkpt>
      <trkpt lat="39.60513" lon="-120.80936">
        <ele>1592.21</ele>
      </trkpt>
      <trkpt lat="39.60512" lon="-120.80931">
        <ele>1591.44</ele>
      </trkpt>
      <trkpt lat="39.60512" lon="-120.80925">
        <ele>1590.89</ele>
      </trkpt>
      <trkpt lat="39.60513" lon="-120.80918">
        <ele>1591.21</ele>
      </trkpt>
      <trkpt lat="39.60517" lon="-120.80905">
        <ele>1591.51</ele>
      </trkpt>
      <trkpt lat="39.6052" lon="-120.80898">
        <ele>1592.46</ele>
      </trkpt>
      <trkpt lat="39.6053" lon="-120.80876">
        <ele>1591.99</ele>
      </trkpt>
      <trkpt lat="39.60535" lon="-120.80863">
        <ele>1590.19</ele>
      </trkpt>
      <trkpt lat="39.60542" lon="-120.80848">
        <ele>1587.75</ele>
      </trkpt>
      <trkpt lat="39.60555" lon="-120.80826">
        <ele>1578.98</ele>
      </trkpt>
      <trkpt lat="39.6056" lon="-120.80818">
        <ele>1575.2</ele>
      </trkpt>
      <trkpt lat="39.60565" lon="-120.80811">
        <ele>1572.39</ele>
      </trkpt>
      <trkpt lat="39.60571" lon="-120.80805">
        <ele>1571.1</ele>
      </trkpt>
      <trkpt lat="39.60578" lon="-120.80799">
        <ele>1569.59</ele>
      </trkpt>
      <trkpt lat="39.60589" lon="-120.80791">
        <ele>1567.94</ele>
      </trkpt>
      <trkpt lat="39.60601" lon="-120.80785">
        <ele>1567.74</ele>
      </trkpt>
      <trkpt lat="39.60613" lon="-120.80776">
        <ele>1565.64</ele>
      </trkpt>
      <trkpt lat="39.60658" lon="-120.80745">
        <ele>1560.49</ele>
      </trkpt>
      <trkpt lat="39.60676" lon="-120.80729">
        <ele>1556.42</ele>
      </trkpt>
      <trkpt lat="39.60707" lon="-120.80706">
        <ele>1556.59</ele>
      </trkpt>
      <trkpt lat="39.60717" lon="-120.80697">
        <ele>1557.21</ele>
      </trkpt>
      <trkpt lat="39.60724" lon="-120.80689">
        <ele>1557.43</ele>
      </trkpt>
      <trkpt lat="39.6074" lon="-120.80663">
        <ele>1558.81</ele>
      </trkpt>
      <trkpt lat="39.60769" lon="-120.80614">
        <ele>1561.09</ele>
      </trkpt>
      <trkpt lat="39.60779" lon="-120.80599">
        <ele>1559.47</ele>
      </trkpt>
      <trkpt lat="39.60786" lon="-120.80591">
        <ele>1559.0</ele>
      </trkpt>
      <trkpt lat="39.60802" lon="-120.80574">
        <ele>1555.2</ele>
      </trkpt>
      <trkpt lat="39.60815" lon="-120.80564">
        <ele>1552.69</ele>
      </trkpt>
      <trkpt lat="39.60824" lon="-120.80558">
        <ele>1551.31</ele>
      </trkpt>
      <trkpt lat="39.60837" lon="-120.80552">
        <ele>1550.63</ele>
      </trkpt>
      <trkpt lat="39.60844" lon="-120.8055">
        <ele>1550.84</ele>
      </trkpt>
      <trkpt lat="39.60882" lon="-120.8054">
        <ele>1553.73</ele>
      </trkpt>
      <trkpt lat="39.60887" lon="-120.80538">
        <ele>1554.7</ele>
      </trkpt>
      <trkpt lat="39.60893" lon="-120.80535">
        <ele>1555.77</ele>
      </trkpt>
      <trkpt lat="39.60897" lon="-120.80531">
        <ele>1556.24</ele>
      </trkpt>
      <trkpt lat="39.609" lon="-120.80526">
        <ele>1556.45</ele>
      </trkpt>
      <trkpt lat="39.60905" lon="-120.80516">
        <ele>1557.63</ele>
      </trkpt>
      <trkpt lat="39.60908" lon="-120.80509">
        <ele>1559.29</ele>
      </trkpt>
      <trkpt lat="39.60909" lon="-120.80501">
        <ele>1558.97</ele>
      </trkpt>
      <trkpt lat="39.6091" lon="-120.80493">
        <ele>1558.86</ele>
      </trkpt>
      <trkpt lat="39.60909" lon="-120.80479">
        <ele>1557.64</ele>
      </trkpt>
      <trkpt lat="39.60909" lon="-120.80469">
        <ele>1556.97</ele>
      </trkpt>
      <trkpt lat="39.60897" lon="-120.80376">
        <ele>1544.33</ele>
      </trkpt>
      <trkpt lat="39.60896" lon="-120.80361">
        <ele>1542.82</ele>
      </trkpt>
      <trkpt lat="39.60897" lon="-120.80351">
        <ele>1541.32</ele>
      </trkpt>
      <trkpt lat="39.60898" lon="-120.80344">
        <ele>1540.24</ele>
      </trkpt>
      <trkpt lat="39.609" lon="-120.80335">
        <ele>1539.0</ele>
      </trkpt>
      <trkpt lat="39.60902" lon="-120.80328">
        <ele>1538.1</ele>
      </trkpt>
      <trkpt lat="39.60906" lon="-120.80321">
        <ele>1537.22</ele>
      </trkpt>
      <trkpt lat="39.60914" lon="-120.80308">
        <ele>1534.4</ele>
      </trkpt>
      <trkpt lat="39.60919" lon="-120.80303">
        <ele>1533.47</ele>
      </trkpt>
      <trkpt lat="39.60924" lon="-120.80299">
        <ele>1533.31</ele>
      </trkpt>
      <trkpt lat="39.60929" lon="-120.80295">
        <ele>1532.82</ele>
      </trkpt>
      <trkpt lat="39.60939" lon="-120.8029">
        <ele>1532.5</ele>
      </trkpt>
      <trkpt lat="39.60975" lon="-120.8028">
        <ele>1534.26</ele>
      </trkpt>
      <trkpt lat="39.60993" lon="-120.80272">
        <ele>1534.99</ele>
      </trkpt>
      <trkpt lat="39.61026" lon="-120.80258">
        <ele>1537.88</ele>
      </trkpt>
      <trkpt lat="39.61059" lon="-120.80241">
        <ele>1541.57</ele>
      </trkpt>
      <trkpt lat="39.61065" lon="-120.80237">
        <ele>1542.47</ele>
      </trkpt>
      <trkpt lat="39.61072" lon="-120.8023">
        <ele>1543.28</ele>
      </trkpt>
      <trkpt lat="39.61075" lon="-120.80225">
        <ele>1542.7</ele>
      </trkpt>
      <trkpt lat="39.61078" lon="-120.80218">
        <ele>1541.3</ele>
      </trkpt>
      <trkpt lat="39.61086" lon="-120.80197">
        <ele>1538.27</ele>
      </trkpt>
      <trkpt lat="39.61095" lon="-120.80176">
        <ele>1536.06</ele>
      </trkpt>
      <trkpt lat="39.61108" lon="-120.80152">
        <ele>1534.18</ele>
      </trkpt>
      <trkpt lat="39.61146" lon="-120.80095">
        <ele>1520.58</ele>
      </trkpt>
      <trkpt lat="39.61151" lon="-120.80089">
        <ele>1519.57</ele>
      </trkpt>
      <trkpt lat="39.61156" lon="-120.80083">
        <ele>1519.54</ele>
      </trkpt>
      <trkpt lat="39.61162" lon="-120.80077">
        <ele>1520.99</ele>
      </trkpt>
      <trkpt lat="39.6118" lon="-120.80064">
        <ele>1527.43</ele>
      </trkpt>
      <trkpt lat="39.61184" lon="-120.8006">
        <ele>1530.47</ele>
      </trkpt>
      <trkpt lat="39.61186" lon="-120.80056">
        <ele>1532.34</ele>
      </trkpt>
      <trkpt lat="39.61187" lon="-120.80051">
        <ele>1534.36</ele>
      </trkpt>
      <trkpt lat="39.61188" lon="-120.80045">
        <ele>1536.64</ele>
      </trkpt>
      <trkpt lat="39.61188" lon="-120.8004">
        <ele>1538.26</ele>
      </trkpt>
      <trkpt lat="39.61185" lon="-120.80032">
        <ele>1539.55</ele>
      </trkpt>
      <trkpt lat="39.61181" lon="-120.80025">
        <ele>1540.09</ele>
      </trkpt>
      <trkpt lat="39.61173" lon="-120.80016">
        <ele>1539.87</ele>
      </trkpt>
      <trkpt lat="39.61169" lon="-120.80012">
        <ele>1539.87</ele>
      </trkpt>
      <trkpt lat="39.61164" lon="-120.8001">
        <ele>1538.61</ele>
      </trkpt>
      <trkpt lat="39.61158" lon="-120.80007">
        <ele>1536.97</ele>
      </trkpt>
      <trkpt lat="39.61131" lon="-120.79998">
        <ele>1528.02</ele>
      </trkpt>
      <trkpt lat="39.61123" lon="-120.79994">
        <ele>1525.9</ele>
      </trkpt>
      <trkpt lat="39.6111" lon="-120.79988">
        <ele>1522.03</ele>
      </trkpt>
      <trkpt lat="39.6109" lon="-120.79975">
        <ele>1514.0</ele>
      </trkpt>
      <trkpt lat="39.61081" lon="-120.79968">
        <ele>1510.2</ele>
      </trkpt>
      <trkpt lat="39.6107" lon="-120.79958">
        <ele>1505.87</ele>
      </trkpt>
      <trkpt lat="39.61063" lon="-120.7995">
        <ele>1503.42</ele>
      </trkpt>
      <trkpt lat="39.61055" lon="-120.79941">
        <ele>1500.44</ele>
      </trkpt>
      <trkpt lat="39.61053" lon="-120.79936">
        <ele>1500.44</ele>
      </trkpt>
      <trkpt lat="39.61049" lon="-120.79928">
        <ele>1499.46</ele>
      </trkpt>
      <trkpt lat="39.61042" lon="-120.799">
        <ele>1502.71</ele>
      </trkpt>
      <trkpt lat="39.61038" lon="-120.79888">
        <ele>1504.81</ele>
      </trkpt>
      <trkpt lat="39.61034" lon="-120.79881">
        <ele>1504.59</ele>
      </trkpt>
      <trkpt lat="39.61028" lon="-120.7987">
        <ele>1505.3</ele>
      </trkpt>
      <trkpt lat="39.61023" lon="-120.79863">
        <ele>1504.68</ele>
      </trkpt>
      <trkpt lat="39.61016" lon="-120.79852">
        <ele>1504.04</ele>
      </trkpt>
      <trkpt lat="39.60981" lon="-120.79802">
        <ele>1500.86</ele>
      </trkpt>
      <trkpt lat="39.60951" lon="-120.79755">
        <ele>1501.76</ele>
      </trkpt>
      <trkpt lat="39.60932" lon="-120.7973">
        <ele>1500.76</ele>
      </trkpt>
      <trkpt lat="39.60909" lon="-120.79703">
        <ele>1498.1</ele>
      </trkpt>
      <trkpt lat="39.60846" lon="-120.79638">
        <ele>1489.09</ele>
      </trkpt>
      <trkpt lat="39.60832" lon="-120.79624">
        <ele>1487.05</ele>
      </trkpt>
      <trkpt lat="39.60824" lon="-120.79614">
        <ele>1486.71</ele>
      </trkpt>
      <trkpt lat="39.60821" lon="-120.79609">
        <ele>1486.87</ele>
      </trkpt>
      <trkpt lat="39.60819" lon="-120.79604">
        <ele>1487.22</ele>
      </trkpt>
      <trkpt lat="39.60817" lon="-120.79597">
        <ele>1487.99</ele>
      </trkpt>
      <trkpt lat="39.60816" lon="-120.79592">
        <ele>1488.63</ele>
      </trkpt>
      <trkpt lat="39.60816" lon="-120.79586">
        <ele>1489.84</ele>
      </trkpt>
      <trkpt lat="39.60817" lon="-120.79575">
        <ele>1490.71</ele>
      </trkpt>
      <trkpt lat="39.60818" lon="-120.79569">
        <ele>1490.48</ele>
      </trkpt>
      <trkpt lat="39.6082" lon="-120.79562">
        <ele>1490.07</ele>
      </trkpt>
      <trkpt lat="39.60823" lon="-120.79556">
        <ele>1489.75</ele>
      </trkpt>
      <trkpt lat="39.60827" lon="-120.79548">
        <ele>1489.32</ele>
      </trkpt>
      <trkpt lat="39.60834" lon="-120.79537">
        <ele>1489.2</ele>
      </trkpt>
      <trkpt lat="39.60838" lon="-120.79532">
        <ele>1488.61</ele>
      </trkpt>
      <trkpt lat="39.60857" lon="-120.79513">
        <ele>1489.88</ele>
      </trkpt>
      <trkpt lat="39.60857" lon="-120.79513">
        <ele>1489.88</ele>
      </trkpt>
      <trkpt lat="39.60866" lon="-120.79502">
        <ele>1489.65</ele>
      </trkpt>
      <trkpt lat="39.60875" lon="-120.79488">
        <ele>1488.76</ele>
      </trkpt>
      <trkpt lat="39.6088" lon="-120.79477">
        <ele>1487.67</ele>
      </trkpt>
      <trkpt lat="39.60891" lon="-120.79453">
        <ele>1485.53</ele>
      </trkpt>
      <trkpt lat="39.60892" lon="-120.79447">
        <ele>1484.56</ele>
      </trkpt>
      <trkpt lat="39.60897" lon="-120.79426">
        <ele>1481.52</ele>
      </trkpt>
      <trkpt lat="39.60898" lon="-120.79405">
        <ele>1477.42</ele>
      </trkpt>
      <trkpt lat="39.60901" lon="-120.79392">
        <ele>1475.9</ele>
      </trkpt>
      <trkpt lat="39.60915" lon="-120.79344">
        <ele>1474.61</ele>
      </trkpt>
      <trkpt lat="39.60919" lon="-120.79321">
        <ele>1474.17</ele>
      </trkpt>
      <trkpt lat="39.60925" lon="-120.79283">
        <ele>1468.13</ele>
      </trkpt>
      <trkpt lat="39.60927" lon="-120.79272">
        <ele>1465.64</ele>
      </trkpt>
      <trkpt lat="39.60929" lon="-120.79267">
        <ele>1464.12</ele>
      </trkpt>
      <trkpt lat="39.60933" lon="-120.79261">
        <ele>1461.18</ele>
      </trkpt>
      <trkpt lat="39.60935" lon="-120.79258">
        <ele>1459.63</ele>
      </trkpt>
      <trkpt lat="39.60939" lon="-120.79255">
        <ele>1457.8</ele>
      </trkpt>
      <trkpt lat="39.60943" lon="-120.79252">
        <ele>1455.96</ele>
      </trkpt>
      <trkpt lat="39.60948" lon="-120.79251">
        <ele>1454.56</ele>
      </trkpt>
      <trkpt lat="39.60959" lon="-120.79251">
        <ele>1451.61</ele>
      </trkpt>
      <trkpt lat="39.60986" lon="-120.79257">
        <ele>1445.17</ele>
      </trkpt>
      <trkpt lat="39.60995" lon="-120.7926">
        <ele>1443.9</ele>
      </trkpt>
      <trkpt lat="39.61007" lon="-120.79265">
        <ele>1442.97</ele>
      </trkpt>
      <trkpt lat="39.61024" lon="-120.7927">
        <ele>1441.36</ele>
      </trkpt>
      <trkpt lat="39.6104" lon="-120.79272">
        <ele>1438.81</ele>
      </trkpt>
      <trkpt lat="39.61048" lon="-120.79272">
        <ele>1437.94</ele>
      </trkpt>
      <trkpt lat="39.61063" lon="-120.79269">
        <ele>1436.16</ele>
      </trkpt>
      <trkpt lat="39.61118" lon="-120.7926">
        <ele>1441.83</ele>
      </trkpt>
      <trkpt lat="39.61135" lon="-120.79259">
        <ele>1441.31</ele>
      </trkpt>
      <trkpt lat="39.61148" lon="-120.7926">
        <ele>1439.27</ele>
      </trkpt>
      <trkpt lat="39.61156" lon="-120.79264">
        <ele>1437.14</ele>
      </trkpt>
      <trkpt lat="39.61161" lon="-120.79267">
        <ele>1435.96</ele>
      </trkpt>
      <trkpt lat="39.61168" lon="-120.79276">
        <ele>1435.7</ele>
      </trkpt>
      <trkpt lat="39.61193" lon="-120.79306">
        <ele>1432.76</ele>
      </trkpt>
      <trkpt lat="39.61212" lon="-120.79328">
        <ele>1432.58</ele>
      </trkpt>
      <trkpt lat="39.61222" lon="-120.79338">
        <ele>1432.58</ele>
      </trkpt>
      <trkpt lat="39.61244" lon="-120.79356">
        <ele>1434.09</ele>
      </trkpt>
      <trkpt lat="39.61251" lon="-120.79361">
        <ele>1434.84</ele>
      </trkpt>
      <trkpt lat="39.61259" lon="-120.79364">
        <ele>1435.28</ele>
      </trkpt>
      <trkpt lat="39.61269" lon="-120.79364">
        <ele>1435.04</ele>
      </trkpt>
      <trkpt lat="39.61272" lon="-120.79363">
        <ele>1435.36</ele>
      </trkpt>
      <trkpt lat="39.6128" lon="-120.7936">
        <ele>1436.69</ele>
      </trkpt>
      <trkpt lat="39.61284" lon="-120.79356">
        <ele>1437.21</ele>
      </trkpt>
      <trkpt lat="39.61288" lon="-120.79352">
        <ele>1437.46</ele>
      </trkpt>
      <trkpt lat="39.6129" lon="-120.79348">
        <ele>1437.31</ele>
      </trkpt>
      <trkpt lat="39.61292" lon="-120.79343">
        <ele>1436.72</ele>
      </trkpt>
      <trkpt lat="39.61297" lon="-120.79316">
        <ele>1428.74</ele>
      </trkpt>
      <trkpt lat="39.613" lon="-120.79305">
        <ele>1424.96</ele>
      </trkpt>
      <trkpt lat="39.61311" lon="-120.79267">
        <ele>1410.52</ele>
      </trkpt>
      <trkpt lat="39.61315" lon="-120.79261">
        <ele>1408.78</ele>
      </trkpt>
      <trkpt lat="39.61317" lon="-120.79258">
        <ele>1407.72</ele>
      </trkpt>
      <trkpt lat="39.61323" lon="-120.79254">
        <ele>1407.11</ele>
      </trkpt>
      <trkpt lat="39.61338" lon="-120.79248">
        <ele>1407.25</ele>
      </trkpt>
      <trkpt lat="39.61346" lon="-120.79246">
        <ele>1407.64</ele>
      </trkpt>
      <trkpt lat="39.61362" lon="-120.79243">
        <ele>1408.1</ele>
      </trkpt>
      <trkpt lat="39.61388" lon="-120.79241">
        <ele>1410.07</ele>
      </trkpt>
      <trkpt lat="39.61415" lon="-120.79238">
        <ele>1411.34</ele>
      </trkpt>
      <trkpt lat="39.61428" lon="-120.79234">
        <ele>1410.58</ele>
      </trkpt>
      <trkpt lat="39.61433" lon="-120.79232">
        <ele>1410.04</ele>
      </trkpt>
      <trkpt lat="39.61437" lon="-120.79229">
        <ele>1409.32</ele>
      </trkpt>
      <trkpt lat="39.6144" lon="-120.79226">
        <ele>1408.67</ele>
      </trkpt>
      <trkpt lat="39.61442" lon="-120.79222">
        <ele>1407.41</ele>
      </trkpt>
      <trkpt lat="39.61444" lon="-120.79217">
        <ele>1406.72</ele>
      </trkpt>
      <trkpt lat="39.61446" lon="-120.79211">
        <ele>1406.53</ele>
      </trkpt>
      <trkpt lat="39.61446" lon="-120.79206">
        <ele>1406.17</ele>
      </trkpt>
      <trkpt lat="39.61446" lon="-120.79201">
        <ele>1406.3</ele>
      </trkpt>
      <trkpt lat="39.61445" lon="-120.79196">
        <ele>1406.19</ele>
      </trkpt>
      <trkpt lat="39.61443" lon="-120.7919">
        <ele>1405.63</ele>
      </trkpt>
      <trkpt lat="39.61435" lon="-120.79174">
        <ele>1403.33</ele>
      </trkpt>
      <trkpt lat="39.61425" lon="-120.79152">
        <ele>1402.61</ele>
      </trkpt>
      <trkpt lat="39.61387" lon="-120.7905">
        <ele>1396.38</ele>
      </trkpt>
      <trkpt lat="39.61383" lon="-120.79035">
        <ele>1394.69</ele>
      </trkpt>
      <trkpt lat="39.61381" lon="-120.79026">
        <ele>1393.92</ele>
      </trkpt>
      <trkpt lat="39.61379" lon="-120.79017">
        <ele>1392.59</ele>
      </trkpt>
      <trkpt lat="39.61378" lon="-120.79009">
        <ele>1391.92</ele>
      </trkpt>
      <trkpt lat="39.61378" lon="-120.79002">
        <ele>1391.16</ele>
      </trkpt>
      <trkpt lat="39.61379" lon="-120.78994">
        <ele>1390.34</ele>
      </trkpt>
      <trkpt lat="39.61381" lon="-120.78987">
        <ele>1389.53</ele>
      </trkpt>
      <trkpt lat="39.61386" lon="-120.78978">
        <ele>1389.17</ele>
      </trkpt>
      <trkpt lat="39.61394" lon="-120.78969">
        <ele>1389.52</ele>
      </trkpt>
      <trkpt lat="39.61403" lon="-120.78962">
        <ele>1390.68</ele>
      </trkpt>
      <trkpt lat="39.61409" lon="-120.78959">
        <ele>1392.07</ele>
      </trkpt>
      <trkpt lat="39.61432" lon="-120.7895">
        <ele>1397.62</ele>
      </trkpt>
      <trkpt lat="39.61453" lon="-120.7894">
        <ele>1400.3</ele>
      </trkpt>
      <trkpt lat="39.61459" lon="-120.78936">
        <ele>1400.16</ele>
      </trkpt>
      <trkpt lat="39.61472" lon="-120.78925">
        <ele>1398.43</ele>
      </trkpt>
      <trkpt lat="39.61488" lon="-120.78908">
        <ele>1396.09</ele>
      </trkpt>
      <trkpt lat="39.61497" lon="-120.78897">
        <ele>1393.53</ele>
      </trkpt>
      <trkpt lat="39.61501" lon="-120.78891">
        <ele>1392.37</ele>
      </trkpt>
      <trkpt lat="39.61506" lon="-120.78883">
        <ele>1391.05</ele>
      </trkpt>
      <trkpt lat="39.61508" lon="-120.78877">
        <ele>1389.89</ele>
      </trkpt>
      <trkpt lat="39.61509" lon="-120.78873">
        <ele>1389.46</ele>
      </trkpt>
      <trkpt lat="39.61508" lon="-120.78865">
        <ele>1387.88</ele>
      </trkpt>
      <trkpt lat="39.61507" lon="-120.78861">
        <ele>1387.05</ele>
      </trkpt>
      <trkpt lat="39.61505" lon="-120.78855">
        <ele>1387.18</ele>
      </trkpt>
      <trkpt lat="39.61498" lon="-120.7884">
        <ele>1386.7</ele>
      </trkpt>
      <trkpt lat="39.61469" lon="-120.78792">
        <ele>1381.72</ele>
      </trkpt>
      <trkpt lat="39.61465" lon="-120.78783">
        <ele>1381.07</ele>
      </trkpt>
      <trkpt lat="39.61454" lon="-120.78752">
        <ele>1379.79</ele>
      </trkpt>
      <trkpt lat="39.61441" lon="-120.7871">
        <ele>1378.84</ele>
      </trkpt>
      <trkpt lat="39.6143" lon="-120.78674">
        <ele>1377.94</ele>
      </trkpt>
      <trkpt lat="39.61422" lon="-120.78646">
        <ele>1377.69</ele>
      </trkpt>
      <trkpt lat="39.6142" lon="-120.78632">
        <ele>1378.65</ele>
      </trkpt>
      <trkpt lat="39.61414" lon="-120.78595">
        <ele>1380.83</ele>
      </trkpt>
      <trkpt lat="39.61412" lon="-120.78588">
        <ele>1380.72</ele>
      </trkpt>
      <trkpt lat="39.6141" lon="-120.7858">
        <ele>1380.76</ele>
      </trkpt>
      <trkpt lat="39.61403" lon="-120.78562">
        <ele>1379.08</ele>
      </trkpt>
      <trkpt lat="39.61391" lon="-120.78539">
        <ele>1375.94</ele>
      </trkpt>
      <trkpt lat="39.61377" lon="-120.78513">
        <ele>1370.78</ele>
      </trkpt>
      <trkpt lat="39.61367" lon="-120.78494">
        <ele>1367.34</ele>
      </trkpt>
      <trkpt lat="39.61358" lon="-120.78469">
        <ele>1366.11</ele>
      </trkpt>
      <trkpt lat="39.61348" lon="-120.78438">
        <ele>1365.07</ele>
      </trkpt>
      <trkpt lat="39.61348" lon="-120.78438">
        <ele>1365.07</ele>
      </trkpt>
      <trkpt lat="39.61345" lon="-120.78427">
        <ele>1365.33</ele>
      </trkpt>
      <trkpt lat="39.61328" lon="-120.7839">
        <ele>1358.78</ele>
      </trkpt>
      <trkpt lat="39.61324" lon="-120.78381">
        <ele>1356.8</ele>
      </trkpt>
      <trkpt lat="39.61322" lon="-120.78372">
        <ele>1357.12</ele>
      </trkpt>
      <trkpt lat="39.6132" lon="-120.78365">
        <ele>1356.43</ele>
      </trkpt>
      <trkpt lat="39.61319" lon="-120.78354">
        <ele>1357.03</ele>
      </trkpt>
      <trkpt lat="39.61318" lon="-120.78344">
        <ele>1356.72</ele>
      </trkpt>
      <trkpt lat="39.61319" lon="-120.78334">
        <ele>1357.26</ele>
      </trkpt>
      <trkpt lat="39.61319" lon="-120.78326">
        <ele>1357.26</ele>
      </trkpt>
      <trkpt lat="39.61321" lon="-120.78317">
        <ele>1357.58</ele>
      </trkpt>
      <trkpt lat="39.61323" lon="-120.78304">
        <ele>1356.35</ele>
      </trkpt>
      <trkpt lat="39.61328" lon="-120.78286">
        <ele>1355.96</ele>
      </trkpt>
      <trkpt lat="39.61334" lon="-120.78271">
        <ele>1355.9</ele>
      </trkpt>
      <trkpt lat="39.61339" lon="-120.78261">
        <ele>1355.94</ele>
      </trkpt>
      <trkpt lat="39.61343" lon="-120.78254">
        <ele>1355.47</ele>
      </trkpt>
      <trkpt lat="39.61351" lon="-120.78244">
        <ele>1355.04</ele>
      </trkpt>
      <trkpt lat="39.61357" lon="-120.78237">
        <ele>1354.61</ele>
      </trkpt>
      <trkpt lat="39.61362" lon="-120.78232">
        <ele>1354.51</ele>
      </trkpt>
      <trkpt lat="39.6137" lon="-120.78226">
        <ele>1353.9</ele>
      </trkpt>
      <trkpt lat="39.61408" lon="-120.78204">
        <ele>1351.19</ele>
      </trkpt>
      <trkpt lat="39.61457" lon="-120.78179">
        <ele>1340.33</ele>
      </trkpt>
      <trkpt lat="39.61472" lon="-120.78174">
        <ele>1338.38</ele>
      </trkpt>
      <trkpt lat="39.61491" lon="-120.7817">
        <ele>1336.07</ele>
      </trkpt>
      <trkpt lat="39.61499" lon="-120.7817">
        <ele>1335.76</ele>
      </trkpt>
      <trkpt lat="39.61508" lon="-120.78173">
        <ele>1336.37</ele>
      </trkpt>
      <trkpt lat="39.61514" lon="-120.78175">
        <ele>1336.8</ele>
      </trkpt>
      <trkpt lat="39.61539" lon="-120.78193">
        <ele>1341.35</ele>
      </trkpt>
      <trkpt lat="39.61549" lon="-120.78199">
        <ele>1343.12</ele>
      </trkpt>
      <trkpt lat="39.61558" lon="-120.78204">
        <ele>1345.13</ele>
      </trkpt>
      <trkpt lat="39.61572" lon="-120.78209">
        <ele>1348.06</ele>
      </trkpt>
      <trkpt lat="39.61577" lon="-120.7821">
        <ele>1348.82</ele>
      </trkpt>
      <trkpt lat="39.61585" lon="-120.7821">
        <ele>1349.16</ele>
      </trkpt>
      <trkpt lat="39.61593" lon="-120.78209">
        <ele>1349.33</ele>
      </trkpt>
      <trkpt lat="39.61607" lon="-120.78205">
        <ele>1349.12</ele>
      </trkpt>
      <trkpt lat="39.61614" lon="-120.78202">
        <ele>1348.76</ele>
      </trkpt>
      <trkpt lat="39.61629" lon="-120.78193">
        <ele>1347.46</ele>
      </trkpt>
      <trkpt lat="39.61646" lon="-120.78179">
        <ele>1344.76</ele>
      </trkpt>
      <trkpt lat="39.61654" lon="-120.78173">
        <ele>1343.68</ele>
      </trkpt>
      <trkpt lat="39.61665" lon="-120.78167">
        <ele>1342.93</ele>
      </trkpt>
      <trkpt lat="39.61679" lon="-120.78159">
        <ele>1340.52</ele>
      </trkpt>
      <trkpt lat="39.61695" lon="-120.78152">
        <ele>1337.64</ele>
      </trkpt>
      <trkpt lat="39.61705" lon="-120.78149">
        <ele>1336.15</ele>
      </trkpt>
      <trkpt lat="39.61716" lon="-120.78147">
        <ele>1334.18</ele>
      </trkpt>
      <trkpt lat="39.61724" lon="-120.78149">
        <ele>1334.18</ele>
      </trkpt>
      <trkpt lat="39.61731" lon="-120.78151">
        <ele>1334.28</ele>
      </trkpt>
      <trkpt lat="39.61784" lon="-120.78179">
        <ele>1336.31</ele>
      </trkpt>
      <trkpt lat="39.61794" lon="-120.78183">
        <ele>1335.55</ele>
      </trkpt>
      <trkpt lat="39.61808" lon="-120.78187">
        <ele>1332.58</ele>
      </trkpt>
      <trkpt lat="39.61824" lon="-120.78191">
        <ele>1329.16</ele>
      </trkpt>
      <trkpt lat="39.61835" lon="-120.78192">
        <ele>1326.45</ele>
      </trkpt>
      <trkpt lat="39.61845" lon="-120.78192">
        <ele>1325.61</ele>
      </trkpt>
      <trkpt lat="39.61877" lon="-120.78188">
        <ele>1324.71</ele>
      </trkpt>
      <trkpt lat="39.61881" lon="-120.78187">
        <ele>1324.15</ele>
      </trkpt>
      <trkpt lat="39.61884" lon="-120.78185">
        <ele>1322.91</ele>
      </trkpt>
      <trkpt lat="39.61887" lon="-120.78183">
        <ele>1322.15</ele>
      </trkpt>
      <trkpt lat="39.6189" lon="-120.78179">
        <ele>1321.48</ele>
      </trkpt>
      <trkpt lat="39.61892" lon="-120.78175">
        <ele>1321.61</ele>
      </trkpt>
      <trkpt lat="39.61893" lon="-120.78169">
        <ele>1321.8</ele>
      </trkpt>
      <trkpt lat="39.61894" lon="-120.78163">
        <ele>1322.13</ele>
      </trkpt>
      <trkpt lat="39.61894" lon="-120.78158">
        <ele>1321.89</ele>
      </trkpt>
      <trkpt lat="39.6189" lon="-120.78144">
        <ele>1319.29</ele>
      </trkpt>
      <trkpt lat="39.61882" lon="-120.78099">
        <ele>1317.36</ele>
      </trkpt>
      <trkpt lat="39.61879" lon="-120.78079">
        <ele>1316.59</ele>
      </trkpt>
      <trkpt lat="39.61875" lon="-120.78035">
        <ele>1312.78</ele>
      </trkpt>
      <trkpt lat="39.61872" lon="-120.77976">
        <ele>1306.88</ele>
      </trkpt>
      <trkpt lat="39.61872" lon="-120.77958">
        <ele>1305.17</ele>
      </trkpt>
      <trkpt lat="39.61874" lon="-120.77949">
        <ele>1304.55</ele>
      </trkpt>
      <trkpt lat="39.61875" lon="-120.77943">
        <ele>1303.69</ele>
      </trkpt>
      <trkpt lat="39.61879" lon="-120.77934">
        <ele>1303.35</ele>
      </trkpt>
      <trkpt lat="39.61882" lon="-120.77931">
        <ele>1303.27</ele>
      </trkpt>
      <trkpt lat="39.61885" lon="-120.77928">
        <ele>1303.28</ele>
      </trkpt>
      <trkpt lat="39.61889" lon="-120.77927">
        <ele>1304.26</ele>
      </trkpt>
      <trkpt lat="39.61896" lon="-120.77925">
        <ele>1305.24</ele>
      </trkpt>
      <trkpt lat="39.61908" lon="-120.77925">
        <ele>1307.66</ele>
      </trkpt>
      <trkpt lat="39.61917" lon="-120.77925">
        <ele>1308.6</ele>
      </trkpt>
      <trkpt lat="39.61926" lon="-120.77926">
        <ele>1309.02</ele>
      </trkpt>
      <trkpt lat="39.61941" lon="-120.77929">
        <ele>1310.33</ele>
      </trkpt>
      <trkpt lat="39.61972" lon="-120.77938">
        <ele>1313.24</ele>
      </trkpt>
      <trkpt lat="39.61984" lon="-120.77941">
        <ele>1314.41</ele>
      </trkpt>
      <trkpt lat="39.61997" lon="-120.77941">
        <ele>1314.14</ele>
      </trkpt>
      <trkpt lat="39.62001" lon="-120.77941">
        <ele>1314.18</ele>
      </trkpt>
      <trkpt lat="39.62009" lon="-120.77938">
        <ele>1313.2</ele>
      </trkpt>
      <trkpt lat="39.62013" lon="-120.77936">
        <ele>1312.39</ele>
      </trkpt>
      <trkpt lat="39.62019" lon="-120.77931">
        <ele>1310.3</ele>
      </trkpt>
      <trkpt lat="39.62045" lon="-120.77905">
        <ele>1298.94</ele>
      </trkpt>
      <trkpt lat="39.62051" lon="-120.779">
        <ele>1296.42</ele>
      </trkpt>
      <trkpt lat="39.62068" lon="-120.77889">
        <ele>1294.1</ele>
      </trkpt>
      <trkpt lat="39.62085" lon="-120.77882">
        <ele>1294.69</ele>
      </trkpt>
      <trkpt lat="39.62119" lon="-120.77869">
        <ele>1296.96</ele>
      </trkpt>
      <trkpt lat="39.62133" lon="-120.77864">
        <ele>1298.54</ele>
      </trkpt>
      <trkpt lat="39.6214" lon="-120.77861">
        <ele>1299.19</ele>
      </trkpt>
      <trkpt lat="39.62144" lon="-120.77858">
        <ele>1298.76</ele>
      </trkpt>
      <trkpt lat="39.62151" lon="-120.77852">
        <ele>1297.99</ele>
      </trkpt>
      <trkpt lat="39.62153" lon="-120.77848">
        <ele>1297.32</ele>
      </trkpt>
      <trkpt lat="39.62156" lon="-120.77842">
        <ele>1296.29</ele>
      </trkpt>
      <trkpt lat="39.62158" lon="-120.77835">
        <ele>1293.96</ele>
      </trkpt>
      <trkpt lat="39.6216" lon="-120.77825">
        <ele>1291.67</ele>
      </trkpt>
      <trkpt lat="39.62162" lon="-120.7781">
        <ele>1289.44</ele>
      </trkpt>
      <trkpt lat="39.62167" lon="-120.77764">
        <ele>1284.19</ele>
      </trkpt>
      <trkpt lat="39.6217" lon="-120.77748">
        <ele>1283.09</ele>
      </trkpt>
      <trkpt lat="39.62172" lon="-120.77741">
        <ele>1282.92</ele>
      </trkpt>
      <trkpt lat="39.62178" lon="-120.77727">
        <ele>1283.53</ele>
      </trkpt>
      <trkpt lat="39.62187" lon="-120.77709">
        <ele>1285.47</ele>
      </trkpt>
      <trkpt lat="39.62198" lon="-120.77693">
        <ele>1288.61</ele>
      </trkpt>
      <trkpt lat="39.62215" lon="-120.77666">
        <ele>1292.22</ele>
      </trkpt>
      <trkpt lat="39.62222" lon="-120.77658">
        <ele>1291.14</ele>
      </trkpt>
      <trkpt lat="39.62228" lon="-120.77651">
        <ele>1289.91</ele>
      </trkpt>
      <trkpt lat="39.62264" lon="-120.77624">
        <ele>1285.79</ele>
      </trkpt>
      <trkpt lat="39.62271" lon="-120.77617">
        <ele>1284.52</ele>
      </trkpt>
      <trkpt lat="39.62278" lon="-120.77609">
        <ele>1283.18</ele>
      </trkpt>
      <trkpt lat="39.62289" lon="-120.77594">
        <ele>1281.46</ele>
      </trkpt>
      <trkpt lat="39.62299" lon="-120.77577">
        <ele>1280.02</ele>
      </trkpt>
      <trkpt lat="39.62318" lon="-120.77542">
        <ele>1276.98</ele>
      </trkpt>
      <trkpt lat="39.62324" lon="-120.77532">
        <ele>1276.34</ele>
      </trkpt>
      <trkpt lat="39.62346" lon="-120.77498">
        <ele>1274.82</ele>
      </trkpt>
      <trkpt lat="39.62351" lon="-120.77489">
        <ele>1273.9</ele>
      </trkpt>
      <trkpt lat="39.62359" lon="-120.77474">
        <ele>1270.89</ele>
      </trkpt>
      <trkpt lat="39.6236" lon="-120.77469">
        <ele>1269.25</ele>
      </trkpt>
      <trkpt lat="39.62362" lon="-120.77459">
        <ele>1265.48</ele>
      </trkpt>
      <trkpt lat="39.62362" lon="-120.77453">
        <ele>1262.88</ele>
      </trkpt>
      <trkpt lat="39.62361" lon="-120.77448">
        <ele>1260.5</ele>
      </trkpt>
      <trkpt lat="39.62359" lon="-120.77443">
        <ele>1257.57</ele>
      </trkpt>
      <trkpt lat="39.62356" lon="-120.7744">
        <ele>1255.21</ele>
      </trkpt>
      <trkpt lat="39.62352" lon="-120.77438">
        <ele>1253.25</ele>
      </trkpt>
      <trkpt lat="39.62348" lon="-120.77437">
        <ele>1251.95</ele>
      </trkpt>
      <trkpt lat="39.62343" lon="-120.77438">
        <ele>1251.3</ele>
      </trkpt>
      <trkpt lat="39.62338" lon="-120.77439">
        <ele>1249.96</ele>
      </trkpt>
      <trkpt lat="39.62333" lon="-120.77444">
        <ele>1249.75</ele>
      </trkpt>
      <trkpt lat="39.62331" lon="-120.77447">
        <ele>1250.35</ele>
      </trkpt>
      <trkpt lat="39.62329" lon="-120.77451">
        <ele>1251.43</ele>
      </trkpt>
      <trkpt lat="39.6232" lon="-120.77483">
        <ele>1259.17</ele>
      </trkpt>
      <trkpt lat="39.62316" lon="-120.77498">
        <ele>1262.74</ele>
      </trkpt>
      <trkpt lat="39.62307" lon="-120.77517">
        <ele>1264.98</ele>
      </trkpt>
      <trkpt lat="39.62296" lon="-120.77535">
        <ele>1266.17</ele>
      </trkpt>
      <trkpt lat="39.62288" lon="-120.77545">
        <ele>1265.87</ele>
      </trkpt>
      <trkpt lat="39.6228" lon="-120.77554">
        <ele>1265.53</ele>
      </trkpt>
      <trkpt lat="39.62272" lon="-120.77562">
        <ele>1265.1</ele>
      </trkpt>
      <trkpt lat="39.62266" lon="-120.77568">
        <ele>1265.11</ele>
      </trkpt>
      <trkpt lat="39.62259" lon="-120.77572">
        <ele>1263.77</ele>
      </trkpt>
      <trkpt lat="39.62251" lon="-120.77576">
        <ele>1262.66</ele>
      </trkpt>
      <trkpt lat="39.62235" lon="-120.77582">
        <ele>1260.37</ele>
      </trkpt>
      <trkpt lat="39.62227" lon="-120.77584">
        <ele>1259.43</ele>
      </trkpt>
      <trkpt lat="39.62216" lon="-120.77584">
        <ele>1257.02</ele>
      </trkpt>
      <trkpt lat="39.62199" lon="-120.77584">
        <ele>1253.34</ele>
      </trkpt>
      <trkpt lat="39.62183" lon="-120.77582">
        <ele>1247.37</ele>
      </trkpt>
      <trkpt lat="39.62175" lon="-120.77582">
        <ele>1244.04</ele>
      </trkpt>
      <trkpt lat="39.62162" lon="-120.77584">
        <ele>1239.74</ele>
      </trkpt>
      <trkpt lat="39.62156" lon="-120.77586">
        <ele>1238.36</ele>
      </trkpt>
      <trkpt lat="39.62152" lon="-120.77589">
        <ele>1237.73</ele>
      </trkpt>
      <trkpt lat="39.62148" lon="-120.77591">
        <ele>1236.59</ele>
      </trkpt>
      <trkpt lat="39.62145" lon="-120.77596">
        <ele>1236.62</ele>
      </trkpt>
      <trkpt lat="39.62143" lon="-120.77599">
        <ele>1236.47</ele>
      </trkpt>
      <trkpt lat="39.62141" lon="-120.77607">
        <ele>1237.25</ele>
      </trkpt>
      <trkpt lat="39.62136" lon="-120.77641">
        <ele>1242.58</ele>
      </trkpt>
      <trkpt lat="39.62134" lon="-120.77651">
        <ele>1243.3</ele>
      </trkpt>
      <trkpt lat="39.62132" lon="-120.7766">
        <ele>1243.63</ele>
      </trkpt>
      <trkpt lat="39.62122" lon="-120.77686">
        <ele>1241.22</ele>
      </trkpt>
      <trkpt lat="39.62116" lon="-120.77698">
        <ele>1238.5</ele>
      </trkpt>
      <trkpt lat="39.62112" lon="-120.77709">
        <ele>1237.82</ele>
      </trkpt>
      <trkpt lat="39.62099" lon="-120.77745">
        <ele>1234.37</ele>
      </trkpt>
      <trkpt lat="39.62096" lon="-120.77753">
        <ele>1235.18</ele>
      </trkpt>
      <trkpt lat="39.62093" lon="-120.77758">
        <ele>1234.86</ele>
      </trkpt>
      <trkpt lat="39.6209" lon="-120.77761">
        <ele>1234.63</ele>
      </trkpt>
      <trkpt lat="39.62084" lon="-120.77765">
        <ele>1233.77</ele>
      </trkpt>
      <trkpt lat="39.62081" lon="-120.77767">
        <ele>1233.55</ele>
      </trkpt>
      <trkpt lat="39.62067" lon="-120.77772">
        <ele>1231.21</ele>
      </trkpt>
      <trkpt lat="39.62057" lon="-120.77775">
        <ele>1229.01</ele>
      </trkpt>
      <trkpt lat="39.62038" lon="-120.77781">
        <ele>1226.95</ele>
      </trkpt>
      <trkpt lat="39.62024" lon="-120.77786">
        <ele>1226.62</ele>
      </trkpt>
      <trkpt lat="39.62014" lon="-120.77791">
        <ele>1228.14</ele>
      </trkpt>
      <trkpt lat="39.61999" lon="-120.77797">
        <ele>1231.28</ele>
      </trkpt>
      <trkpt lat="39.61983" lon="-120.778">
        <ele>1232.4</ele>
      </trkpt>
      <trkpt lat="39.61976" lon="-120.778">
        <ele>1232.4</ele>
      </trkpt>
      <trkpt lat="39.61972" lon="-120.77799">
        <ele>1231.76</ele>
      </trkpt>
      <trkpt lat="39.61957" lon="-120.77792">
        <ele>1228.21</ele>
      </trkpt>
      <trkpt lat="39.61949" lon="-120.77787">
        <ele>1225.99</ele>
      </trkpt>
      <trkpt lat="39.61939" lon="-120.77782">
        <ele>1224.1</ele>
      </trkpt>
      <trkpt lat="39.61931" lon="-120.77779">
        <ele>1223.7</ele>
      </trkpt>
      <trkpt lat="39.61915" lon="-120.77775">
        <ele>1224.13</ele>
      </trkpt>
      <trkpt lat="39.61906" lon="-120.77771">
        <ele>1222.91</ele>
      </trkpt>
      <trkpt lat="39.61903" lon="-120.77769">
        <ele>1222.26</ele>
      </trkpt>
      <trkpt lat="39.61891" lon="-120.77755">
        <ele>1216.24</ele>
      </trkpt>
      <trkpt lat="39.61879" lon="-120.77742">
        <ele>1212.68</ele>
      </trkpt>
      <trkpt lat="39.6187" lon="-120.77735">
        <ele>1211.58</ele>
      </trkpt>
      <trkpt lat="39.61865" lon="-120.77732">
        <ele>1211.35</ele>
      </trkpt>
      <trkpt lat="39.6186" lon="-120.77732">
        <ele>1212.29</ele>
      </trkpt>
      <trkpt lat="39.61849" lon="-120.77731">
        <ele>1213.15</ele>
      </trkpt>
      <trkpt lat="39.61817" lon="-120.77734">
        <ele>1216.85</ele>
      </trkpt>
      <trkpt lat="39.61802" lon="-120.77734">
        <ele>1217.09</ele>
      </trkpt>
      <trkpt lat="39.61784" lon="-120.77734">
        <ele>1214.98</ele>
      </trkpt>
      <trkpt lat="39.61769" lon="-120.77733">
        <ele>1210.3</ele>
      </trkpt>
      <trkpt lat="39.61758" lon="-120.77731">
        <ele>1205.34</ele>
      </trkpt>
      <trkpt lat="39.61742" lon="-120.77728">
        <ele>1198.9</ele>
      </trkpt>
      <trkpt lat="39.61727" lon="-120.77726">
        <ele>1193.18</ele>
      </trkpt>
      <trkpt lat="39.61724" lon="-120.77726">
        <ele>1192.21</ele>
      </trkpt>
      <trkpt lat="39.6172" lon="-120.77726">
        <ele>1190.91</ele>
      </trkpt>
      <trkpt lat="39.61715" lon="-120.77728">
        <ele>1190.16</ele>
      </trkpt>
      <trkpt lat="39.61711" lon="-120.77731">
        <ele>1190.17</ele>
      </trkpt>
      <trkpt lat="39.61709" lon="-120.77733">
        <ele>1190.21</ele>
      </trkpt>
      <trkpt lat="39.61706" lon="-120.77737">
        <ele>1190.53</ele>
      </trkpt>
      <trkpt lat="39.61698" lon="-120.77752">
        <ele>1191.67</ele>
      </trkpt>
      <trkpt lat="39.61692" lon="-120.77767">
        <ele>1192.88</ele>
      </trkpt>
      <trkpt lat="39.61689" lon="-120.77774">
        <ele>1193.07</ele>
      </trkpt>
      <trkpt lat="39.61686" lon="-120.77778">
        <ele>1192.4</ele>
      </trkpt>
      <trkpt lat="39.61683" lon="-120.7778">
        <ele>1191.83</ele>
      </trkpt>
      <trkpt lat="39.61679" lon="-120.77783">
        <ele>1191.5</ele>
      </trkpt>
      <trkpt lat="39.61675" lon="-120.77784">
        <ele>1191.02</ele>
      </trkpt>
      <trkpt lat="39.61672" lon="-120.77785">
        <ele>1191.34</ele>
      </trkpt>
      <trkpt lat="39.61665" lon="-120.77783">
        <ele>1190.97</ele>
      </trkpt>
      <trkpt lat="39.6166" lon="-120.77781">
        <ele>1191.01</ele>
      </trkpt>
      <trkpt lat="39.61653" lon="-120.77774">
        <ele>1189.13</ele>
      </trkpt>
      <trkpt lat="39.61644" lon="-120.77769">
        <ele>1188.13</ele>
      </trkpt>
      <trkpt lat="39.61637" lon="-120.77769">
        <ele>1189.23</ele>
      </trkpt>
      <trkpt lat="39.61631" lon="-120.77771">
        <ele>1190.53</ele>
      </trkpt>
      <trkpt lat="39.61623" lon="-120.77777">
        <ele>1193.84</ele>
      </trkpt>
      <trkpt lat="39.61612" lon="-120.77786">
        <ele>1198.42</ele>
      </trkpt>
      <trkpt lat="39.61594" lon="-120.778">
        <ele>1202.3</ele>
      </trkpt>
      <trkpt lat="39.6158" lon="-120.77807">
        <ele>1201.86</ele>
      </trkpt>
      <trkpt lat="39.61573" lon="-120.7781">
        <ele>1201.53</ele>
      </trkpt>
      <trkpt lat="39.61568" lon="-120.7781">
        <ele>1199.91</ele>
      </trkpt>
      <trkpt lat="39.6156" lon="-120.77807">
        <ele>1195.38</ele>
      </trkpt>
      <trkpt lat="39.61547" lon="-120.77804">
        <ele>1191.56</ele>
      </trkpt>
      <trkpt lat="39.61536" lon="-120.77802">
        <ele>1190.85</ele>
      </trkpt>
      <trkpt lat="39.61515" lon="-120.778">
        <ele>1190.2</ele>
      </trkpt>
      <trkpt lat="39.61504" lon="-120.77799">
        <ele>1189.88</ele>
      </trkpt>
      <trkpt lat="39.61488" lon="-120.77794">
        <ele>1189.08</ele>
      </trkpt>
      <trkpt lat="39.61446" lon="-120.77777">
        <ele>1184.4</ele>
      </trkpt>
      <trkpt lat="39.61429" lon="-120.77771">
        <ele>1181.1</ele>
      </trkpt>
      <trkpt lat="39.61417" lon="-120.77769">
        <ele>1181.17</ele>
      </trkpt>
      <trkpt lat="39.61417" lon="-120.7777">
        <ele>1181.61</ele>
      </trkpt>
    </trkseg>
  </trk>
</gpx>
