<?xml version="1.0"?>
<gpx xmlns="http://www.topografix.com/GPX/1/1" xmlns:xsi="http://www.w3.org/2001/XMLSchema-instance" version="1.1" creator="AllTrails.com" xsi:schemaLocation="http://www.topografix.com/GPX/1/1 http://www.topografix.com/GPX/1/1/gpx.xsd">
  <metadata>
    <name><![CDATA[Gold Fever OHV Trail]]></name>
    <desc><![CDATA[]]></desc>
    <link href="http://www.alltrails.com">
      <text>AllTrails, LLC</text>
    </link>
    <bounds minlat="34.26429" minlon="-116.92694" maxlat="34.30765" maxlon="-116.81381"/>
  </metadata>
  <trk>
    <name><![CDATA[Gold Fever OHV Trail]]></name>
    <src>AllTrails</src>
    <trkseg>
      <trkpt lat="34.265" lon="-116.92096">
        <ele>2085.37</ele>
      </trkpt>
      <trkpt lat="34.26499" lon="-116.92097">
        <ele>2085.42</ele>
      </trkpt>
      <trkpt lat="34.26512" lon="-116.92107">
        <ele>2086.3</ele>
      </trkpt>
      <trkpt lat="34.2653" lon="-116.92123">
        <ele>2087.24</ele>
      </trkpt>
      <trkpt lat="34.26538" lon="-116.92141">
        <ele>2088.0</ele>
      </trkpt>
      <trkpt lat="34.26539" lon="-116.92162">
        <ele>2087.21</ele>
      </trkpt>
      <trkpt lat="34.26539" lon="-116.92178">
        <ele>2086.82</ele>
      </trkpt>
      <trkpt lat="34.26539" lon="-116.92189">
        <ele>2086.21</ele>
      </trkpt>
      <trkpt lat="34.26539" lon="-116.92197">
        <ele>2086.21</ele>
      </trkpt>
      <trkpt lat="34.26538" lon="-116.92204">
        <ele>2086.07</ele>
      </trkpt>
      <trkpt lat="34.26538" lon="-116.9221">
        <ele>2085.42</ele>
      </trkpt>
      <trkpt lat="34.26537" lon="-116.92215">
        <ele>2084.77</ele>
      </trkpt>
      <trkpt lat="34.26537" lon="-116.92224">
        <ele>2083.8</ele>
      </trkpt>
      <trkpt lat="34.26536" lon="-116.9223">
        <ele>2083.12</ele>
      </trkpt>
      <trkpt lat="34.26536" lon="-116.92241">
        <ele>2084.03</ele>
      </trkpt>
      <trkpt lat="34.26535" lon="-116.92247">
        <ele>2084.68</ele>
      </trkpt>
      <trkpt lat="34.26535" lon="-116.92253">
        <ele>2085.58</ele>
      </trkpt>
      <trkpt lat="34.26533" lon="-116.92265">
        <ele>2087.8</ele>
      </trkpt>
      <trkpt lat="34.26531" lon="-116.92269">
        <ele>2088.43</ele>
      </trkpt>
      <trkpt lat="34.26527" lon="-116.92276">
        <ele>2089.53</ele>
      </trkpt>
      <trkpt lat="34.26523" lon="-116.92282">
        <ele>2089.94</ele>
      </trkpt>
      <trkpt lat="34.26517" lon="-116.9229">
        <ele>2090.42</ele>
      </trkpt>
      <trkpt lat="34.26509" lon="-116.92299">
        <ele>2090.55</ele>
      </trkpt>
      <trkpt lat="34.26499" lon="-116.92311">
        <ele>2090.96</ele>
      </trkpt>
      <trkpt lat="34.26491" lon="-116.92317">
        <ele>2090.99</ele>
      </trkpt>
      <trkpt lat="34.26487" lon="-116.9232">
        <ele>2092.01</ele>
      </trkpt>
      <trkpt lat="34.2648" lon="-116.92322">
        <ele>2092.33</ele>
      </trkpt>
      <trkpt lat="34.26457" lon="-116.92325">
        <ele>2091.59</ele>
      </trkpt>
      <trkpt lat="34.2645" lon="-116.92329">
        <ele>2091.45</ele>
      </trkpt>
      <trkpt lat="34.26445" lon="-116.92332">
        <ele>2090.97</ele>
      </trkpt>
      <trkpt lat="34.2644" lon="-116.92338">
        <ele>2091.29</ele>
      </trkpt>
      <trkpt lat="34.26436" lon="-116.92346">
        <ele>2091.91</ele>
      </trkpt>
      <trkpt lat="34.26432" lon="-116.92354">
        <ele>2092.54</ele>
      </trkpt>
      <trkpt lat="34.2643" lon="-116.92364">
        <ele>2093.33</ele>
      </trkpt>
      <trkpt lat="34.2643" lon="-116.92368">
        <ele>2093.95</ele>
      </trkpt>
      <trkpt lat="34.26429" lon="-116.92374">
        <ele>2094.65</ele>
      </trkpt>
      <trkpt lat="34.26429" lon="-116.92384">
        <ele>2096.14</ele>
      </trkpt>
      <trkpt lat="34.2643" lon="-116.92389">
        <ele>2096.89</ele>
      </trkpt>
      <trkpt lat="34.2643" lon="-116.92414">
        <ele>2098.63</ele>
      </trkpt>
      <trkpt lat="34.26431" lon="-116.92419">
        <ele>2099.44</ele>
      </trkpt>
      <trkpt lat="34.26431" lon="-116.92425">
        <ele>2100.09</ele>
      </trkpt>
      <trkpt lat="34.26432" lon="-116.92429">
        <ele>2100.96</ele>
      </trkpt>
      <trkpt lat="34.26432" lon="-116.92434">
        <ele>2101.5</ele>
      </trkpt>
      <trkpt lat="34.26433" lon="-116.92443">
        <ele>2102.9</ele>
      </trkpt>
      <trkpt lat="34.26435" lon="-116.92456">
        <ele>2103.92</ele>
      </trkpt>
      <trkpt lat="34.26437" lon="-116.92474">
        <ele>2104.59</ele>
      </trkpt>
      <trkpt lat="34.26438" lon="-116.92483">
        <ele>2104.91</ele>
      </trkpt>
      <trkpt lat="34.26442" lon="-116.92492">
        <ele>2106.21</ele>
      </trkpt>
      <trkpt lat="34.26448" lon="-116.92502">
        <ele>2107.69</ele>
      </trkpt>
      <trkpt lat="34.26451" lon="-116.92505">
        <ele>2108.03</ele>
      </trkpt>
      <trkpt lat="34.26455" lon="-116.92509">
        <ele>2108.31</ele>
      </trkpt>
      <trkpt lat="34.26459" lon="-116.92512">
        <ele>2108.68</ele>
      </trkpt>
      <trkpt lat="34.26466" lon="-116.92515">
        <ele>2109.09</ele>
      </trkpt>
      <trkpt lat="34.26471" lon="-116.92516">
        <ele>2109.41</ele>
      </trkpt>
      <trkpt lat="34.26476" lon="-116.92517">
        <ele>2109.33</ele>
      </trkpt>
      <trkpt lat="34.26482" lon="-116.92518">
        <ele>2109.17</ele>
      </trkpt>
      <trkpt lat="34.26489" lon="-116.92518">
        <ele>2109.92</ele>
      </trkpt>
      <trkpt lat="34.26496" lon="-116.92517">
        <ele>2109.85</ele>
      </trkpt>
      <trkpt lat="34.26501" lon="-116.92517">
        <ele>2109.47</ele>
      </trkpt>
      <trkpt lat="34.26505" lon="-116.92516">
        <ele>2109.67</ele>
      </trkpt>
      <trkpt lat="34.26508" lon="-116.92516">
        <ele>2109.58</ele>
      </trkpt>
      <trkpt lat="34.26524" lon="-116.92513">
        <ele>2110.43</ele>
      </trkpt>
      <trkpt lat="34.26542" lon="-116.92508">
        <ele>2119.08</ele>
      </trkpt>
      <trkpt lat="34.26558" lon="-116.92505">
        <ele>2123.18</ele>
      </trkpt>
      <trkpt lat="34.26571" lon="-116.92503">
        <ele>2125.02</ele>
      </trkpt>
      <trkpt lat="34.26579" lon="-116.92504">
        <ele>2125.97</ele>
      </trkpt>
      <trkpt lat="34.26589" lon="-116.92506">
        <ele>2126.67</ele>
      </trkpt>
      <trkpt lat="34.26595" lon="-116.92511">
        <ele>2125.7</ele>
      </trkpt>
      <trkpt lat="34.26597" lon="-116.92513">
        <ele>2125.26</ele>
      </trkpt>
      <trkpt lat="34.266" lon="-116.92516">
        <ele>2124.62</ele>
      </trkpt>
      <trkpt lat="34.2661" lon="-116.92537">
        <ele>2117.89</ele>
      </trkpt>
      <trkpt lat="34.26612" lon="-116.92543">
        <ele>2116.35</ele>
      </trkpt>
      <trkpt lat="34.26614" lon="-116.92551">
        <ele>2115.74</ele>
      </trkpt>
      <trkpt lat="34.26613" lon="-116.92563">
        <ele>2115.46</ele>
      </trkpt>
      <trkpt lat="34.26612" lon="-116.92572">
        <ele>2117.62</ele>
      </trkpt>
      <trkpt lat="34.26608" lon="-116.9258">
        <ele>2118.79</ele>
      </trkpt>
      <trkpt lat="34.26605" lon="-116.92586">
        <ele>2119.79</ele>
      </trkpt>
      <trkpt lat="34.26601" lon="-116.92591">
        <ele>2120.19</ele>
      </trkpt>
      <trkpt lat="34.26597" lon="-116.92594">
        <ele>2119.81</ele>
      </trkpt>
      <trkpt lat="34.26588" lon="-116.926">
        <ele>2119.31</ele>
      </trkpt>
      <trkpt lat="34.2657" lon="-116.92611">
        <ele>2117.64</ele>
      </trkpt>
      <trkpt lat="34.26562" lon="-116.92617">
        <ele>2117.11</ele>
      </trkpt>
      <trkpt lat="34.26558" lon="-116.9262">
        <ele>2116.7</ele>
      </trkpt>
      <trkpt lat="34.26551" lon="-116.92628">
        <ele>2117.49</ele>
      </trkpt>
      <trkpt lat="34.26548" lon="-116.92635">
        <ele>2118.53</ele>
      </trkpt>
      <trkpt lat="34.26546" lon="-116.92639">
        <ele>2118.96</ele>
      </trkpt>
      <trkpt lat="34.26545" lon="-116.92643">
        <ele>2119.61</ele>
      </trkpt>
      <trkpt lat="34.26545" lon="-116.92651">
        <ele>2121.29</ele>
      </trkpt>
      <trkpt lat="34.26545" lon="-116.9266">
        <ele>2122.86</ele>
      </trkpt>
      <trkpt lat="34.26546" lon="-116.92669">
        <ele>2123.91</ele>
      </trkpt>
      <trkpt lat="34.26548" lon="-116.92675">
        <ele>2124.18</ele>
      </trkpt>
      <trkpt lat="34.26549" lon="-116.92679">
        <ele>2123.96</ele>
      </trkpt>
      <trkpt lat="34.26551" lon="-116.92682">
        <ele>2123.85</ele>
      </trkpt>
      <trkpt lat="34.26555" lon="-116.92685">
        <ele>2123.96</ele>
      </trkpt>
      <trkpt lat="34.2656" lon="-116.92689">
        <ele>2123.87</ele>
      </trkpt>
      <trkpt lat="34.26565" lon="-116.92692">
        <ele>2123.54</ele>
      </trkpt>
      <trkpt lat="34.26573" lon="-116.92694">
        <ele>2123.94</ele>
      </trkpt>
      <trkpt lat="34.2659" lon="-116.92694">
        <ele>2124.08</ele>
      </trkpt>
      <trkpt lat="34.26597" lon="-116.92691">
        <ele>2124.74</ele>
      </trkpt>
      <trkpt lat="34.26602" lon="-116.92688">
        <ele>2125.39</ele>
      </trkpt>
      <trkpt lat="34.26608" lon="-116.92684">
        <ele>2126.26</ele>
      </trkpt>
      <trkpt lat="34.26616" lon="-116.92677">
        <ele>2128.23</ele>
      </trkpt>
      <trkpt lat="34.26629" lon="-116.92667">
        <ele>2131.83</ele>
      </trkpt>
      <trkpt lat="34.26648" lon="-116.92649">
        <ele>2135.82</ele>
      </trkpt>
      <trkpt lat="34.26658" lon="-116.92641">
        <ele>2136.76</ele>
      </trkpt>
      <trkpt lat="34.26668" lon="-116.92634">
        <ele>2136.93</ele>
      </trkpt>
      <trkpt lat="34.26676" lon="-116.92628">
        <ele>2137.18</ele>
      </trkpt>
      <trkpt lat="34.26688" lon="-116.92619">
        <ele>2138.15</ele>
      </trkpt>
      <trkpt lat="34.26697" lon="-116.92611">
        <ele>2138.74</ele>
      </trkpt>
      <trkpt lat="34.26708" lon="-116.92601">
        <ele>2139.71</ele>
      </trkpt>
      <trkpt lat="34.26714" lon="-116.92596">
        <ele>2140.85</ele>
      </trkpt>
      <trkpt lat="34.2674" lon="-116.92578">
        <ele>2144.52</ele>
      </trkpt>
      <trkpt lat="34.26747" lon="-116.92573">
        <ele>2146.07</ele>
      </trkpt>
      <trkpt lat="34.26754" lon="-116.92569">
        <ele>2146.56</ele>
      </trkpt>
      <trkpt lat="34.26762" lon="-116.92564">
        <ele>2147.99</ele>
      </trkpt>
      <trkpt lat="34.26773" lon="-116.92559">
        <ele>2149.21</ele>
      </trkpt>
      <trkpt lat="34.26787" lon="-116.92554">
        <ele>2150.34</ele>
      </trkpt>
      <trkpt lat="34.26804" lon="-116.9255">
        <ele>2152.7</ele>
      </trkpt>
      <trkpt lat="34.26819" lon="-116.92545">
        <ele>2155.42</ele>
      </trkpt>
      <trkpt lat="34.26832" lon="-116.9254">
        <ele>2156.18</ele>
      </trkpt>
      <trkpt lat="34.26846" lon="-116.92535">
        <ele>2156.29</ele>
      </trkpt>
      <trkpt lat="34.26857" lon="-116.92533">
        <ele>2155.75</ele>
      </trkpt>
      <trkpt lat="34.26872" lon="-116.92529">
        <ele>2154.43</ele>
      </trkpt>
      <trkpt lat="34.26879" lon="-116.92526">
        <ele>2154.64</ele>
      </trkpt>
      <trkpt lat="34.26886" lon="-116.92522">
        <ele>2154.24</ele>
      </trkpt>
      <trkpt lat="34.26891" lon="-116.92517">
        <ele>2154.97</ele>
      </trkpt>
      <trkpt lat="34.26895" lon="-116.92511">
        <ele>2156.27</ele>
      </trkpt>
      <trkpt lat="34.26908" lon="-116.92493">
        <ele>2158.0</ele>
      </trkpt>
      <trkpt lat="34.26912" lon="-116.92489">
        <ele>2157.2</ele>
      </trkpt>
      <trkpt lat="34.26916" lon="-116.92484">
        <ele>2156.64</ele>
      </trkpt>
      <trkpt lat="34.26921" lon="-116.92482">
        <ele>2155.46</ele>
      </trkpt>
      <trkpt lat="34.26929" lon="-116.92479">
        <ele>2154.62</ele>
      </trkpt>
      <trkpt lat="34.26938" lon="-116.92477">
        <ele>2155.45</ele>
      </trkpt>
      <trkpt lat="34.26948" lon="-116.92476">
        <ele>2155.55</ele>
      </trkpt>
      <trkpt lat="34.26953" lon="-116.92476">
        <ele>2155.23</ele>
      </trkpt>
      <trkpt lat="34.26958" lon="-116.92475">
        <ele>2154.94</ele>
      </trkpt>
      <trkpt lat="34.26979" lon="-116.92475">
        <ele>2153.67</ele>
      </trkpt>
      <trkpt lat="34.2699" lon="-116.92474">
        <ele>2152.7</ele>
      </trkpt>
      <trkpt lat="34.27001" lon="-116.92474">
        <ele>2151.51</ele>
      </trkpt>
      <trkpt lat="34.2701" lon="-116.92473">
        <ele>2150.75</ele>
      </trkpt>
      <trkpt lat="34.27016" lon="-116.92471">
        <ele>2150.44</ele>
      </trkpt>
      <trkpt lat="34.27021" lon="-116.92469">
        <ele>2150.08</ele>
      </trkpt>
      <trkpt lat="34.27027" lon="-116.92464">
        <ele>2149.97</ele>
      </trkpt>
      <trkpt lat="34.27033" lon="-116.92458">
        <ele>2150.23</ele>
      </trkpt>
      <trkpt lat="34.27044" lon="-116.92448">
        <ele>2149.38</ele>
      </trkpt>
      <trkpt lat="34.27052" lon="-116.92443">
        <ele>2148.78</ele>
      </trkpt>
      <trkpt lat="34.27057" lon="-116.9244">
        <ele>2148.83</ele>
      </trkpt>
      <trkpt lat="34.27065" lon="-116.92438">
        <ele>2150.33</ele>
      </trkpt>
      <trkpt lat="34.27075" lon="-116.92438">
        <ele>2151.71</ele>
      </trkpt>
      <trkpt lat="34.2708" lon="-116.92439">
        <ele>2152.46</ele>
      </trkpt>
      <trkpt lat="34.27085" lon="-116.92441">
        <ele>2153.26</ele>
      </trkpt>
      <trkpt lat="34.27092" lon="-116.92445">
        <ele>2154.18</ele>
      </trkpt>
      <trkpt lat="34.27099" lon="-116.92447">
        <ele>2156.02</ele>
      </trkpt>
      <trkpt lat="34.27106" lon="-116.92449">
        <ele>2156.98</ele>
      </trkpt>
      <trkpt lat="34.27112" lon="-116.92449">
        <ele>2157.08</ele>
      </trkpt>
      <trkpt lat="34.27118" lon="-116.92445">
        <ele>2156.86</ele>
      </trkpt>
      <trkpt lat="34.27124" lon="-116.92439">
        <ele>2157.43</ele>
      </trkpt>
      <trkpt lat="34.27128" lon="-116.92435">
        <ele>2158.46</ele>
      </trkpt>
      <trkpt lat="34.27134" lon="-116.92425">
        <ele>2158.84</ele>
      </trkpt>
      <trkpt lat="34.27142" lon="-116.92411">
        <ele>2159.06</ele>
      </trkpt>
      <trkpt lat="34.27149" lon="-116.92398">
        <ele>2158.17</ele>
      </trkpt>
      <trkpt lat="34.27157" lon="-116.92387">
        <ele>2158.91</ele>
      </trkpt>
      <trkpt lat="34.27163" lon="-116.92382">
        <ele>2161.42</ele>
      </trkpt>
      <trkpt lat="34.2717" lon="-116.92375">
        <ele>2162.68</ele>
      </trkpt>
      <trkpt lat="34.27179" lon="-116.92373">
        <ele>2162.9</ele>
      </trkpt>
      <trkpt lat="34.27186" lon="-116.92372">
        <ele>2163.35</ele>
      </trkpt>
      <trkpt lat="34.27196" lon="-116.92373">
        <ele>2163.57</ele>
      </trkpt>
      <trkpt lat="34.272" lon="-116.92375">
        <ele>2164.0</ele>
      </trkpt>
      <trkpt lat="34.27211" lon="-116.92382">
        <ele>2163.94</ele>
      </trkpt>
      <trkpt lat="34.27219" lon="-116.92389">
        <ele>2162.42</ele>
      </trkpt>
      <trkpt lat="34.27225" lon="-116.92392">
        <ele>2160.77</ele>
      </trkpt>
      <trkpt lat="34.27231" lon="-116.92395">
        <ele>2159.48</ele>
      </trkpt>
      <trkpt lat="34.27238" lon="-116.92397">
        <ele>2159.75</ele>
      </trkpt>
      <trkpt lat="34.27243" lon="-116.92397">
        <ele>2160.7</ele>
      </trkpt>
      <trkpt lat="34.27248" lon="-116.92396">
        <ele>2162.49</ele>
      </trkpt>
      <trkpt lat="34.27264" lon="-116.92388">
        <ele>2163.22</ele>
      </trkpt>
      <trkpt lat="34.27269" lon="-116.92387">
        <ele>2163.48</ele>
      </trkpt>
      <trkpt lat="34.27279" lon="-116.92386">
        <ele>2164.75</ele>
      </trkpt>
      <trkpt lat="34.27289" lon="-116.92388">
        <ele>2165.64</ele>
      </trkpt>
      <trkpt lat="34.27293" lon="-116.92389">
        <ele>2166.05</ele>
      </trkpt>
      <trkpt lat="34.27308" lon="-116.92395">
        <ele>2168.9</ele>
      </trkpt>
      <trkpt lat="34.27319" lon="-116.92399">
        <ele>2169.54</ele>
      </trkpt>
      <trkpt lat="34.27327" lon="-116.92403">
        <ele>2170.69</ele>
      </trkpt>
      <trkpt lat="34.27341" lon="-116.92407">
        <ele>2171.12</ele>
      </trkpt>
      <trkpt lat="34.2736" lon="-116.92413">
        <ele>2172.74</ele>
      </trkpt>
      <trkpt lat="34.27376" lon="-116.92415">
        <ele>2173.64</ele>
      </trkpt>
      <trkpt lat="34.27382" lon="-116.92415">
        <ele>2173.85</ele>
      </trkpt>
      <trkpt lat="34.27392" lon="-116.92417">
        <ele>2175.43</ele>
      </trkpt>
      <trkpt lat="34.27401" lon="-116.92417">
        <ele>2176.98</ele>
      </trkpt>
      <trkpt lat="34.27409" lon="-116.92418">
        <ele>2179.46</ele>
      </trkpt>
      <trkpt lat="34.27416" lon="-116.92418">
        <ele>2180.87</ele>
      </trkpt>
      <trkpt lat="34.27424" lon="-116.92416">
        <ele>2181.78</ele>
      </trkpt>
      <trkpt lat="34.27432" lon="-116.92414">
        <ele>2183.12</ele>
      </trkpt>
      <trkpt lat="34.27437" lon="-116.92412">
        <ele>2183.69</ele>
      </trkpt>
      <trkpt lat="34.27442" lon="-116.92407">
        <ele>2183.69</ele>
      </trkpt>
      <trkpt lat="34.27446" lon="-116.92402">
        <ele>2183.65</ele>
      </trkpt>
      <trkpt lat="34.27448" lon="-116.92398">
        <ele>2183.37</ele>
      </trkpt>
      <trkpt lat="34.2745" lon="-116.92393">
        <ele>2183.04</ele>
      </trkpt>
      <trkpt lat="34.27451" lon="-116.92388">
        <ele>2182.74</ele>
      </trkpt>
      <trkpt lat="34.27451" lon="-116.92374">
        <ele>2183.61</ele>
      </trkpt>
      <trkpt lat="34.2745" lon="-116.92366">
        <ele>2184.94</ele>
      </trkpt>
      <trkpt lat="34.27448" lon="-116.92362">
        <ele>2185.81</ele>
      </trkpt>
      <trkpt lat="34.27445" lon="-116.92357">
        <ele>2186.47</ele>
      </trkpt>
      <trkpt lat="34.27441" lon="-116.92351">
        <ele>2186.72</ele>
      </trkpt>
      <trkpt lat="34.27436" lon="-116.92343">
        <ele>2187.04</ele>
      </trkpt>
      <trkpt lat="34.27434" lon="-116.92337">
        <ele>2186.87</ele>
      </trkpt>
      <trkpt lat="34.27432" lon="-116.9233">
        <ele>2186.66</ele>
      </trkpt>
      <trkpt lat="34.27432" lon="-116.92322">
        <ele>2186.43</ele>
      </trkpt>
      <trkpt lat="34.27434" lon="-116.92312">
        <ele>2185.61</ele>
      </trkpt>
      <trkpt lat="34.27436" lon="-116.92306">
        <ele>2185.05</ele>
      </trkpt>
      <trkpt lat="34.27438" lon="-116.92303">
        <ele>2184.45</ele>
      </trkpt>
      <trkpt lat="34.27442" lon="-116.92299">
        <ele>2183.58</ele>
      </trkpt>
      <trkpt lat="34.27451" lon="-116.92291">
        <ele>2182.97</ele>
      </trkpt>
      <trkpt lat="34.27457" lon="-116.92284">
        <ele>2183.2</ele>
      </trkpt>
      <trkpt lat="34.27465" lon="-116.92275">
        <ele>2184.28</ele>
      </trkpt>
      <trkpt lat="34.27473" lon="-116.92267">
        <ele>2186.02</ele>
      </trkpt>
      <trkpt lat="34.27479" lon="-116.92259">
        <ele>2187.61</ele>
      </trkpt>
      <trkpt lat="34.27487" lon="-116.92252">
        <ele>2189.82</ele>
      </trkpt>
      <trkpt lat="34.27498" lon="-116.92241">
        <ele>2191.41</ele>
      </trkpt>
      <trkpt lat="34.27508" lon="-116.92231">
        <ele>2193.48</ele>
      </trkpt>
      <trkpt lat="34.27522" lon="-116.92219">
        <ele>2194.84</ele>
      </trkpt>
      <trkpt lat="34.27528" lon="-116.92216">
        <ele>2195.7</ele>
      </trkpt>
      <trkpt lat="34.27534" lon="-116.92214">
        <ele>2196.57</ele>
      </trkpt>
      <trkpt lat="34.27544" lon="-116.92213">
        <ele>2198.51</ele>
      </trkpt>
      <trkpt lat="34.27552" lon="-116.92212">
        <ele>2199.96</ele>
      </trkpt>
      <trkpt lat="34.27557" lon="-116.92211">
        <ele>2200.68</ele>
      </trkpt>
      <trkpt lat="34.27563" lon="-116.92211">
        <ele>2201.97</ele>
      </trkpt>
      <trkpt lat="34.27569" lon="-116.9221">
        <ele>2202.94</ele>
      </trkpt>
      <trkpt lat="34.27578" lon="-116.92206">
        <ele>2203.49</ele>
      </trkpt>
      <trkpt lat="34.27585" lon="-116.92202">
        <ele>2203.81</ele>
      </trkpt>
      <trkpt lat="34.27594" lon="-116.92195">
        <ele>2203.33</ele>
      </trkpt>
      <trkpt lat="34.27604" lon="-116.92186">
        <ele>2202.43</ele>
      </trkpt>
      <trkpt lat="34.27611" lon="-116.92181">
        <ele>2201.63</ele>
      </trkpt>
      <trkpt lat="34.27615" lon="-116.92179">
        <ele>2201.42</ele>
      </trkpt>
      <trkpt lat="34.27623" lon="-116.92177">
        <ele>2201.66</ele>
      </trkpt>
      <trkpt lat="34.27628" lon="-116.92176">
        <ele>2201.85</ele>
      </trkpt>
      <trkpt lat="34.27634" lon="-116.92176">
        <ele>2202.5</ele>
      </trkpt>
      <trkpt lat="34.27641" lon="-116.92175">
        <ele>2202.91</ele>
      </trkpt>
      <trkpt lat="34.27648" lon="-116.92175">
        <ele>2203.59</ele>
      </trkpt>
      <trkpt lat="34.27656" lon="-116.92176">
        <ele>2204.87</ele>
      </trkpt>
      <trkpt lat="34.27663" lon="-116.92176">
        <ele>2205.02</ele>
      </trkpt>
      <trkpt lat="34.27681" lon="-116.92178">
        <ele>2205.25</ele>
      </trkpt>
      <trkpt lat="34.27699" lon="-116.92182">
        <ele>2205.31</ele>
      </trkpt>
      <trkpt lat="34.27713" lon="-116.92185">
        <ele>2204.92</ele>
      </trkpt>
      <trkpt lat="34.27723" lon="-116.92186">
        <ele>2204.18</ele>
      </trkpt>
      <trkpt lat="34.27729" lon="-116.92186">
        <ele>2203.53</ele>
      </trkpt>
      <trkpt lat="34.27737" lon="-116.92186">
        <ele>2203.21</ele>
      </trkpt>
      <trkpt lat="34.27745" lon="-116.92185">
        <ele>2203.43</ele>
      </trkpt>
      <trkpt lat="34.27748" lon="-116.92183">
        <ele>2203.63</ele>
      </trkpt>
      <trkpt lat="34.27752" lon="-116.9218">
        <ele>2204.53</ele>
      </trkpt>
      <trkpt lat="34.27753" lon="-116.92176">
        <ele>2204.65</ele>
      </trkpt>
      <trkpt lat="34.27755" lon="-116.92173">
        <ele>2204.62</ele>
      </trkpt>
      <trkpt lat="34.27758" lon="-116.92159">
        <ele>2202.94</ele>
      </trkpt>
      <trkpt lat="34.27761" lon="-116.92148">
        <ele>2200.53</ele>
      </trkpt>
      <trkpt lat="34.27764" lon="-116.92143">
        <ele>2200.14</ele>
      </trkpt>
      <trkpt lat="34.27768" lon="-116.9214">
        <ele>2200.24</ele>
      </trkpt>
      <trkpt lat="34.27772" lon="-116.92138">
        <ele>2200.12</ele>
      </trkpt>
      <trkpt lat="34.27781" lon="-116.92138">
        <ele>2201.16</ele>
      </trkpt>
      <trkpt lat="34.27786" lon="-116.92139">
        <ele>2201.94</ele>
      </trkpt>
      <trkpt lat="34.2779" lon="-116.92141">
        <ele>2203.16</ele>
      </trkpt>
      <trkpt lat="34.27794" lon="-116.92144">
        <ele>2204.54</ele>
      </trkpt>
      <trkpt lat="34.27799" lon="-116.92147">
        <ele>2205.66</ele>
      </trkpt>
      <trkpt lat="34.27803" lon="-116.9215">
        <ele>2206.46</ele>
      </trkpt>
      <trkpt lat="34.27807" lon="-116.92149">
        <ele>2206.17</ele>
      </trkpt>
      <trkpt lat="34.27809" lon="-116.92148">
        <ele>2205.97</ele>
      </trkpt>
      <trkpt lat="34.27812" lon="-116.92144">
        <ele>2205.1</ele>
      </trkpt>
      <trkpt lat="34.27819" lon="-116.9213">
        <ele>2204.45</ele>
      </trkpt>
      <trkpt lat="34.27835" lon="-116.92102">
        <ele>2206.54</ele>
      </trkpt>
      <trkpt lat="34.27843" lon="-116.92088">
        <ele>2208.64</ele>
      </trkpt>
      <trkpt lat="34.27848" lon="-116.92078">
        <ele>2209.42</ele>
      </trkpt>
      <trkpt lat="34.27851" lon="-116.92072">
        <ele>2209.84</ele>
      </trkpt>
      <trkpt lat="34.27854" lon="-116.92066">
        <ele>2210.7</ele>
      </trkpt>
      <trkpt lat="34.27858" lon="-116.9206">
        <ele>2212.0</ele>
      </trkpt>
      <trkpt lat="34.27863" lon="-116.92053">
        <ele>2213.2</ele>
      </trkpt>
      <trkpt lat="34.27871" lon="-116.92045">
        <ele>2215.32</ele>
      </trkpt>
      <trkpt lat="34.27879" lon="-116.92039">
        <ele>2217.12</ele>
      </trkpt>
      <trkpt lat="34.27883" lon="-116.92037">
        <ele>2217.73</ele>
      </trkpt>
      <trkpt lat="34.2789" lon="-116.92035">
        <ele>2219.24</ele>
      </trkpt>
      <trkpt lat="34.27896" lon="-116.92033">
        <ele>2220.54</ele>
      </trkpt>
      <trkpt lat="34.2791" lon="-116.9203">
        <ele>2222.35</ele>
      </trkpt>
      <trkpt lat="34.2792" lon="-116.92028">
        <ele>2223.38</ele>
      </trkpt>
      <trkpt lat="34.27927" lon="-116.92025">
        <ele>2224.12</ele>
      </trkpt>
      <trkpt lat="34.27932" lon="-116.92022">
        <ele>2224.66</ele>
      </trkpt>
      <trkpt lat="34.27936" lon="-116.9202">
        <ele>2225.1</ele>
      </trkpt>
      <trkpt lat="34.27955" lon="-116.92004">
        <ele>2227.14</ele>
      </trkpt>
      <trkpt lat="34.27969" lon="-116.91994">
        <ele>2229.11</ele>
      </trkpt>
      <trkpt lat="34.27978" lon="-116.91986">
        <ele>2230.12</ele>
      </trkpt>
      <trkpt lat="34.27985" lon="-116.9198">
        <ele>2230.8</ele>
      </trkpt>
      <trkpt lat="34.2799" lon="-116.91973">
        <ele>2231.07</ele>
      </trkpt>
      <trkpt lat="34.27995" lon="-116.91966">
        <ele>2231.97</ele>
      </trkpt>
      <trkpt lat="34.27999" lon="-116.91959">
        <ele>2232.52</ele>
      </trkpt>
      <trkpt lat="34.28007" lon="-116.9195">
        <ele>2234.15</ele>
      </trkpt>
      <trkpt lat="34.28017" lon="-116.91939">
        <ele>2235.13</ele>
      </trkpt>
      <trkpt lat="34.28024" lon="-116.91931">
        <ele>2236.29</ele>
      </trkpt>
      <trkpt lat="34.28032" lon="-116.9192">
        <ele>2237.26</ele>
      </trkpt>
      <trkpt lat="34.28043" lon="-116.91903">
        <ele>2238.98</ele>
      </trkpt>
      <trkpt lat="34.28052" lon="-116.9189">
        <ele>2241.19</ele>
      </trkpt>
      <trkpt lat="34.2806" lon="-116.91879">
        <ele>2242.93</ele>
      </trkpt>
      <trkpt lat="34.28065" lon="-116.91872">
        <ele>2243.23</ele>
      </trkpt>
      <trkpt lat="34.2807" lon="-116.91863">
        <ele>2244.23</ele>
      </trkpt>
      <trkpt lat="34.28083" lon="-116.91827">
        <ele>2246.7</ele>
      </trkpt>
      <trkpt lat="34.28087" lon="-116.91819">
        <ele>2248.12</ele>
      </trkpt>
      <trkpt lat="34.28089" lon="-116.91811">
        <ele>2249.02</ele>
      </trkpt>
      <trkpt lat="34.28091" lon="-116.918">
        <ele>2249.93</ele>
      </trkpt>
      <trkpt lat="34.28092" lon="-116.91795">
        <ele>2250.15</ele>
      </trkpt>
      <trkpt lat="34.28093" lon="-116.91788">
        <ele>2251.03</ele>
      </trkpt>
      <trkpt lat="34.28095" lon="-116.91781">
        <ele>2253.08</ele>
      </trkpt>
      <trkpt lat="34.28098" lon="-116.9177">
        <ele>2254.75</ele>
      </trkpt>
      <trkpt lat="34.28103" lon="-116.91754">
        <ele>2255.37</ele>
      </trkpt>
      <trkpt lat="34.28105" lon="-116.91746">
        <ele>2256.31</ele>
      </trkpt>
      <trkpt lat="34.28108" lon="-116.91725">
        <ele>2258.4</ele>
      </trkpt>
      <trkpt lat="34.28111" lon="-116.91711">
        <ele>2261.44</ele>
      </trkpt>
      <trkpt lat="34.28115" lon="-116.91697">
        <ele>2263.3</ele>
      </trkpt>
      <trkpt lat="34.28119" lon="-116.91686">
        <ele>2264.19</ele>
      </trkpt>
      <trkpt lat="34.28122" lon="-116.91677">
        <ele>2264.73</ele>
      </trkpt>
      <trkpt lat="34.28127" lon="-116.91668">
        <ele>2265.14</ele>
      </trkpt>
      <trkpt lat="34.28134" lon="-116.91657">
        <ele>2265.55</ele>
      </trkpt>
      <trkpt lat="34.28154" lon="-116.91631">
        <ele>2266.31</ele>
      </trkpt>
      <trkpt lat="34.28159" lon="-116.91626">
        <ele>2266.22</ele>
      </trkpt>
      <trkpt lat="34.2817" lon="-116.91613">
        <ele>2266.44</ele>
      </trkpt>
      <trkpt lat="34.28177" lon="-116.91604">
        <ele>2266.0</ele>
      </trkpt>
      <trkpt lat="34.28183" lon="-116.91595">
        <ele>2266.0</ele>
      </trkpt>
      <trkpt lat="34.28188" lon="-116.91586">
        <ele>2266.0</ele>
      </trkpt>
      <trkpt lat="34.28192" lon="-116.91576">
        <ele>2266.0</ele>
      </trkpt>
      <trkpt lat="34.28195" lon="-116.91561">
        <ele>2266.0</ele>
      </trkpt>
      <trkpt lat="34.28195" lon="-116.91556">
        <ele>2266.0</ele>
      </trkpt>
      <trkpt lat="34.28197" lon="-116.91542">
        <ele>2266.0</ele>
      </trkpt>
      <trkpt lat="34.28199" lon="-116.91536">
        <ele>2266.06</ele>
      </trkpt>
      <trkpt lat="34.28201" lon="-116.91532">
        <ele>2266.16</ele>
      </trkpt>
      <trkpt lat="34.28204" lon="-116.91529">
        <ele>2266.0</ele>
      </trkpt>
      <trkpt lat="34.2821" lon="-116.91527">
        <ele>2266.05</ele>
      </trkpt>
      <trkpt lat="34.28219" lon="-116.91527">
        <ele>2266.0</ele>
      </trkpt>
      <trkpt lat="34.28221" lon="-116.91529">
        <ele>2266.0</ele>
      </trkpt>
      <trkpt lat="34.28225" lon="-116.91533">
        <ele>2266.0</ele>
      </trkpt>
      <trkpt lat="34.28228" lon="-116.91537">
        <ele>2266.0</ele>
      </trkpt>
      <trkpt lat="34.28231" lon="-116.91541">
        <ele>2266.0</ele>
      </trkpt>
      <trkpt lat="34.28233" lon="-116.91545">
        <ele>2266.16</ele>
      </trkpt>
      <trkpt lat="34.28235" lon="-116.9155">
        <ele>2266.78</ele>
      </trkpt>
      <trkpt lat="34.28239" lon="-116.91561">
        <ele>2268.4</ele>
      </trkpt>
      <trkpt lat="34.28241" lon="-116.9157">
        <ele>2269.6</ele>
      </trkpt>
      <trkpt lat="34.28243" lon="-116.91583">
        <ele>2271.45</ele>
      </trkpt>
      <trkpt lat="34.28243" lon="-116.9159">
        <ele>2272.21</ele>
      </trkpt>
      <trkpt lat="34.28245" lon="-116.91606">
        <ele>2273.46</ele>
      </trkpt>
      <trkpt lat="34.28246" lon="-116.91618">
        <ele>2273.57</ele>
      </trkpt>
      <trkpt lat="34.28248" lon="-116.9163">
        <ele>2273.82</ele>
      </trkpt>
      <trkpt lat="34.28251" lon="-116.91642">
        <ele>2275.44</ele>
      </trkpt>
      <trkpt lat="34.28254" lon="-116.91648">
        <ele>2276.42</ele>
      </trkpt>
      <trkpt lat="34.28257" lon="-116.91652">
        <ele>2277.17</ele>
      </trkpt>
      <trkpt lat="34.28261" lon="-116.91655">
        <ele>2277.79</ele>
      </trkpt>
      <trkpt lat="34.28265" lon="-116.91657">
        <ele>2277.98</ele>
      </trkpt>
      <trkpt lat="34.2827" lon="-116.91658">
        <ele>2278.16</ele>
      </trkpt>
      <trkpt lat="34.28274" lon="-116.91657">
        <ele>2278.59</ele>
      </trkpt>
      <trkpt lat="34.28279" lon="-116.91657">
        <ele>2279.14</ele>
      </trkpt>
      <trkpt lat="34.28284" lon="-116.91655">
        <ele>2279.85</ele>
      </trkpt>
      <trkpt lat="34.28287" lon="-116.91653">
        <ele>2280.47</ele>
      </trkpt>
      <trkpt lat="34.2829" lon="-116.91647">
        <ele>2281.96</ele>
      </trkpt>
      <trkpt lat="34.28291" lon="-116.91641">
        <ele>2282.28</ele>
      </trkpt>
      <trkpt lat="34.28291" lon="-116.91621">
        <ele>2283.28</ele>
      </trkpt>
      <trkpt lat="34.2829" lon="-116.91611">
        <ele>2283.64</ele>
      </trkpt>
      <trkpt lat="34.28289" lon="-116.91602">
        <ele>2283.42</ele>
      </trkpt>
      <trkpt lat="34.28289" lon="-116.91595">
        <ele>2283.42</ele>
      </trkpt>
      <trkpt lat="34.2829" lon="-116.91589">
        <ele>2283.64</ele>
      </trkpt>
      <trkpt lat="34.2829" lon="-116.91584">
        <ele>2283.64</ele>
      </trkpt>
      <trkpt lat="34.28293" lon="-116.91582">
        <ele>2284.29</ele>
      </trkpt>
      <trkpt lat="34.28301" lon="-116.91581">
        <ele>2286.52</ele>
      </trkpt>
      <trkpt lat="34.28307" lon="-116.91583">
        <ele>2288.32</ele>
      </trkpt>
      <trkpt lat="34.2832" lon="-116.91602">
        <ele>2291.14</ele>
      </trkpt>
      <trkpt lat="34.28329" lon="-116.91617">
        <ele>2294.7</ele>
      </trkpt>
      <trkpt lat="34.28333" lon="-116.91628">
        <ele>2295.93</ele>
      </trkpt>
      <trkpt lat="34.28337" lon="-116.91638">
        <ele>2297.19</ele>
      </trkpt>
      <trkpt lat="34.28343" lon="-116.91659">
        <ele>2298.13</ele>
      </trkpt>
      <trkpt lat="34.28351" lon="-116.91682">
        <ele>2299.82</ele>
      </trkpt>
      <trkpt lat="34.28359" lon="-116.91707">
        <ele>2300.54</ele>
      </trkpt>
      <trkpt lat="34.28366" lon="-116.91723">
        <ele>2301.48</ele>
      </trkpt>
      <trkpt lat="34.28368" lon="-116.91733">
        <ele>2301.0</ele>
      </trkpt>
      <trkpt lat="34.2837" lon="-116.91741">
        <ele>2301.0</ele>
      </trkpt>
      <trkpt lat="34.2837" lon="-116.91752">
        <ele>2300.79</ele>
      </trkpt>
      <trkpt lat="34.28367" lon="-116.91768">
        <ele>2300.36</ele>
      </trkpt>
      <trkpt lat="34.28364" lon="-116.91791">
        <ele>2301.8</ele>
      </trkpt>
      <trkpt lat="34.28363" lon="-116.91797">
        <ele>2302.74</ele>
      </trkpt>
      <trkpt lat="34.28364" lon="-116.91803">
        <ele>2303.82</ele>
      </trkpt>
      <trkpt lat="34.28365" lon="-116.91805">
        <ele>2304.04</ele>
      </trkpt>
      <trkpt lat="34.28367" lon="-116.91807">
        <ele>2303.73</ele>
      </trkpt>
      <trkpt lat="34.2837" lon="-116.91808">
        <ele>2303.08</ele>
      </trkpt>
      <trkpt lat="34.28376" lon="-116.91808">
        <ele>2300.73</ele>
      </trkpt>
      <trkpt lat="34.28389" lon="-116.91805">
        <ele>2296.86</ele>
      </trkpt>
      <trkpt lat="34.28399" lon="-116.91802">
        <ele>2294.23</ele>
      </trkpt>
      <trkpt lat="34.28411" lon="-116.91798">
        <ele>2293.76</ele>
      </trkpt>
      <trkpt lat="34.28425" lon="-116.91794">
        <ele>2293.73</ele>
      </trkpt>
      <trkpt lat="34.28441" lon="-116.91791">
        <ele>2293.43</ele>
      </trkpt>
      <trkpt lat="34.28453" lon="-116.9179">
        <ele>2293.32</ele>
      </trkpt>
      <trkpt lat="34.28462" lon="-116.9179">
        <ele>2292.42</ele>
      </trkpt>
      <trkpt lat="34.28474" lon="-116.91788">
        <ele>2289.91</ele>
      </trkpt>
      <trkpt lat="34.28486" lon="-116.91786">
        <ele>2287.8</ele>
      </trkpt>
      <trkpt lat="34.28497" lon="-116.91784">
        <ele>2285.67</ele>
      </trkpt>
      <trkpt lat="34.2851" lon="-116.91782">
        <ele>2284.83</ele>
      </trkpt>
      <trkpt lat="34.2853" lon="-116.91779">
        <ele>2283.26</ele>
      </trkpt>
      <trkpt lat="34.28535" lon="-116.91777">
        <ele>2282.83</ele>
      </trkpt>
      <trkpt lat="34.28538" lon="-116.91775">
        <ele>2282.47</ele>
      </trkpt>
      <trkpt lat="34.28541" lon="-116.91771">
        <ele>2281.65</ele>
      </trkpt>
      <trkpt lat="34.28547" lon="-116.91763">
        <ele>2279.29</ele>
      </trkpt>
      <trkpt lat="34.28554" lon="-116.91748">
        <ele>2272.97</ele>
      </trkpt>
      <trkpt lat="34.28559" lon="-116.91742">
        <ele>2271.29</ele>
      </trkpt>
      <trkpt lat="34.28563" lon="-116.91736">
        <ele>2270.17</ele>
      </trkpt>
      <trkpt lat="34.28569" lon="-116.91727">
        <ele>2269.2</ele>
      </trkpt>
      <trkpt lat="34.28575" lon="-116.91718">
        <ele>2268.6</ele>
      </trkpt>
      <trkpt lat="34.28582" lon="-116.91709">
        <ele>2267.57</ele>
      </trkpt>
      <trkpt lat="34.28595" lon="-116.91688">
        <ele>2267.0</ele>
      </trkpt>
      <trkpt lat="34.28609" lon="-116.91669">
        <ele>2267.0</ele>
      </trkpt>
      <trkpt lat="34.28611" lon="-116.91666">
        <ele>2267.0</ele>
      </trkpt>
      <trkpt lat="34.28617" lon="-116.9166">
        <ele>2267.0</ele>
      </trkpt>
      <trkpt lat="34.28623" lon="-116.91655">
        <ele>2266.72</ele>
      </trkpt>
      <trkpt lat="34.28628" lon="-116.9165">
        <ele>2266.18</ele>
      </trkpt>
      <trkpt lat="34.28636" lon="-116.91645">
        <ele>2265.31</ele>
      </trkpt>
      <trkpt lat="34.28645" lon="-116.91639">
        <ele>2264.34</ele>
      </trkpt>
      <trkpt lat="34.2867" lon="-116.91627">
        <ele>2260.9</ele>
      </trkpt>
      <trkpt lat="34.28677" lon="-116.91625">
        <ele>2260.44</ele>
      </trkpt>
      <trkpt lat="34.2869" lon="-116.9162">
        <ele>2259.46</ele>
      </trkpt>
      <trkpt lat="34.28702" lon="-116.91616">
        <ele>2259.0</ele>
      </trkpt>
      <trkpt lat="34.28714" lon="-116.91612">
        <ele>2258.0</ele>
      </trkpt>
      <trkpt lat="34.28725" lon="-116.91607">
        <ele>2257.87</ele>
      </trkpt>
      <trkpt lat="34.2874" lon="-116.91602">
        <ele>2256.1</ele>
      </trkpt>
      <trkpt lat="34.28746" lon="-116.916">
        <ele>2255.43</ele>
      </trkpt>
      <trkpt lat="34.28759" lon="-116.91596">
        <ele>2254.03</ele>
      </trkpt>
      <trkpt lat="34.28793" lon="-116.91586">
        <ele>2248.36</ele>
      </trkpt>
      <trkpt lat="34.288" lon="-116.91584">
        <ele>2247.97</ele>
      </trkpt>
      <trkpt lat="34.2884" lon="-116.91577">
        <ele>2246.0</ele>
      </trkpt>
      <trkpt lat="34.2887" lon="-116.91572">
        <ele>2246.0</ele>
      </trkpt>
      <trkpt lat="34.28891" lon="-116.9157">
        <ele>2244.77</ele>
      </trkpt>
      <trkpt lat="34.28901" lon="-116.91569">
        <ele>2243.86</ele>
      </trkpt>
      <trkpt lat="34.28913" lon="-116.91567">
        <ele>2243.3</ele>
      </trkpt>
      <trkpt lat="34.28929" lon="-116.91564">
        <ele>2240.67</ele>
      </trkpt>
      <trkpt lat="34.28944" lon="-116.9156">
        <ele>2239.05</ele>
      </trkpt>
      <trkpt lat="34.28959" lon="-116.91554">
        <ele>2237.36</ele>
      </trkpt>
      <trkpt lat="34.28968" lon="-116.9155">
        <ele>2236.67</ele>
      </trkpt>
      <trkpt lat="34.28974" lon="-116.91546">
        <ele>2236.0</ele>
      </trkpt>
      <trkpt lat="34.28982" lon="-116.91539">
        <ele>2235.94</ele>
      </trkpt>
      <trkpt lat="34.28993" lon="-116.91529">
        <ele>2235.0</ele>
      </trkpt>
      <trkpt lat="34.29011" lon="-116.91511">
        <ele>2234.81</ele>
      </trkpt>
      <trkpt lat="34.29014" lon="-116.91509">
        <ele>2234.5</ele>
      </trkpt>
      <trkpt lat="34.29024" lon="-116.91498">
        <ele>2235.0</ele>
      </trkpt>
      <trkpt lat="34.29034" lon="-116.91488">
        <ele>2235.0</ele>
      </trkpt>
      <trkpt lat="34.29043" lon="-116.91479">
        <ele>2235.0</ele>
      </trkpt>
      <trkpt lat="34.29047" lon="-116.91474">
        <ele>2234.99</ele>
      </trkpt>
      <trkpt lat="34.29057" lon="-116.91464">
        <ele>2234.98</ele>
      </trkpt>
      <trkpt lat="34.29062" lon="-116.91458">
        <ele>2235.0</ele>
      </trkpt>
      <trkpt lat="34.29069" lon="-116.91451">
        <ele>2235.0</ele>
      </trkpt>
      <trkpt lat="34.29075" lon="-116.91446">
        <ele>2234.98</ele>
      </trkpt>
      <trkpt lat="34.2908" lon="-116.9144">
        <ele>2235.0</ele>
      </trkpt>
      <trkpt lat="34.29088" lon="-116.91433">
        <ele>2235.0</ele>
      </trkpt>
      <trkpt lat="34.29099" lon="-116.91423">
        <ele>2234.53</ele>
      </trkpt>
      <trkpt lat="34.29108" lon="-116.91413">
        <ele>2235.0</ele>
      </trkpt>
      <trkpt lat="34.29116" lon="-116.91406">
        <ele>2235.07</ele>
      </trkpt>
      <trkpt lat="34.29121" lon="-116.91401">
        <ele>2235.0</ele>
      </trkpt>
      <trkpt lat="34.29129" lon="-116.91394">
        <ele>2235.45</ele>
      </trkpt>
      <trkpt lat="34.29132" lon="-116.91391">
        <ele>2235.57</ele>
      </trkpt>
      <trkpt lat="34.29135" lon="-116.91387">
        <ele>2235.54</ele>
      </trkpt>
      <trkpt lat="34.29151" lon="-116.91372">
        <ele>2235.95</ele>
      </trkpt>
      <trkpt lat="34.29156" lon="-116.91367">
        <ele>2236.06</ele>
      </trkpt>
      <trkpt lat="34.29171" lon="-116.91353">
        <ele>2236.0</ele>
      </trkpt>
      <trkpt lat="34.2918" lon="-116.91343">
        <ele>2236.54</ele>
      </trkpt>
      <trkpt lat="34.29188" lon="-116.91336">
        <ele>2236.71</ele>
      </trkpt>
      <trkpt lat="34.29195" lon="-116.91328">
        <ele>2236.97</ele>
      </trkpt>
      <trkpt lat="34.29202" lon="-116.91321">
        <ele>2237.0</ele>
      </trkpt>
      <trkpt lat="34.29214" lon="-116.91309">
        <ele>2237.0</ele>
      </trkpt>
      <trkpt lat="34.29237" lon="-116.91286">
        <ele>2237.11</ele>
      </trkpt>
      <trkpt lat="34.29239" lon="-116.91284">
        <ele>2237.33</ele>
      </trkpt>
      <trkpt lat="34.29249" lon="-116.91275">
        <ele>2237.38</ele>
      </trkpt>
      <trkpt lat="34.29255" lon="-116.91269">
        <ele>2237.44</ele>
      </trkpt>
      <trkpt lat="34.29294" lon="-116.91231">
        <ele>2239.05</ele>
      </trkpt>
      <trkpt lat="34.29317" lon="-116.91208">
        <ele>2240.54</ele>
      </trkpt>
      <trkpt lat="34.29326" lon="-116.912">
        <ele>2241.32</ele>
      </trkpt>
      <trkpt lat="34.29333" lon="-116.91193">
        <ele>2241.19</ele>
      </trkpt>
      <trkpt lat="34.29339" lon="-116.91187">
        <ele>2241.92</ele>
      </trkpt>
      <trkpt lat="34.29351" lon="-116.91174">
        <ele>2243.0</ele>
      </trkpt>
      <trkpt lat="34.29363" lon="-116.91163">
        <ele>2243.4</ele>
      </trkpt>
      <trkpt lat="34.29373" lon="-116.91152">
        <ele>2244.0</ele>
      </trkpt>
      <trkpt lat="34.2938" lon="-116.91145">
        <ele>2244.0</ele>
      </trkpt>
      <trkpt lat="34.29386" lon="-116.91138">
        <ele>2244.0</ele>
      </trkpt>
      <trkpt lat="34.29396" lon="-116.91128">
        <ele>2243.37</ele>
      </trkpt>
      <trkpt lat="34.29408" lon="-116.91116">
        <ele>2243.44</ele>
      </trkpt>
      <trkpt lat="34.29425" lon="-116.91098">
        <ele>2243.1</ele>
      </trkpt>
      <trkpt lat="34.29432" lon="-116.91091">
        <ele>2243.06</ele>
      </trkpt>
      <trkpt lat="34.29446" lon="-116.91079">
        <ele>2243.47</ele>
      </trkpt>
      <trkpt lat="34.29456" lon="-116.9107">
        <ele>2243.86</ele>
      </trkpt>
      <trkpt lat="34.29471" lon="-116.91059">
        <ele>2244.0</ele>
      </trkpt>
      <trkpt lat="34.29487" lon="-116.91049">
        <ele>2244.0</ele>
      </trkpt>
      <trkpt lat="34.29507" lon="-116.91037">
        <ele>2244.0</ele>
      </trkpt>
      <trkpt lat="34.29518" lon="-116.91031">
        <ele>2244.0</ele>
      </trkpt>
      <trkpt lat="34.29529" lon="-116.91027">
        <ele>2243.88</ele>
      </trkpt>
      <trkpt lat="34.29538" lon="-116.91024">
        <ele>2243.41</ele>
      </trkpt>
      <trkpt lat="34.29549" lon="-116.91022">
        <ele>2243.44</ele>
      </trkpt>
      <trkpt lat="34.29562" lon="-116.91019">
        <ele>2242.96</ele>
      </trkpt>
      <trkpt lat="34.29579" lon="-116.91016">
        <ele>2241.47</ele>
      </trkpt>
      <trkpt lat="34.29586" lon="-116.91016">
        <ele>2240.79</ele>
      </trkpt>
      <trkpt lat="34.29604" lon="-116.91014">
        <ele>2239.37</ele>
      </trkpt>
      <trkpt lat="34.2963" lon="-116.91014">
        <ele>2237.0</ele>
      </trkpt>
      <trkpt lat="34.29639" lon="-116.91014">
        <ele>2236.99</ele>
      </trkpt>
      <trkpt lat="34.29658" lon="-116.91013">
        <ele>2236.0</ele>
      </trkpt>
      <trkpt lat="34.29719" lon="-116.91013">
        <ele>2235.0</ele>
      </trkpt>
      <trkpt lat="34.29752" lon="-116.91013">
        <ele>2234.91</ele>
      </trkpt>
      <trkpt lat="34.29784" lon="-116.91013">
        <ele>2234.0</ele>
      </trkpt>
      <trkpt lat="34.29833" lon="-116.91013">
        <ele>2233.0</ele>
      </trkpt>
      <trkpt lat="34.29858" lon="-116.91013">
        <ele>2231.6</ele>
      </trkpt>
      <trkpt lat="34.2988" lon="-116.91012">
        <ele>2230.26</ele>
      </trkpt>
      <trkpt lat="34.29896" lon="-116.91012">
        <ele>2229.3</ele>
      </trkpt>
      <trkpt lat="34.29926" lon="-116.91012">
        <ele>2225.29</ele>
      </trkpt>
      <trkpt lat="34.29954" lon="-116.91012">
        <ele>2221.29</ele>
      </trkpt>
      <trkpt lat="34.29975" lon="-116.91013">
        <ele>2221.0</ele>
      </trkpt>
      <trkpt lat="34.2999" lon="-116.91013">
        <ele>2221.0</ele>
      </trkpt>
      <trkpt lat="34.30009" lon="-116.91013">
        <ele>2221.58</ele>
      </trkpt>
      <trkpt lat="34.30028" lon="-116.91013">
        <ele>2222.0</ele>
      </trkpt>
      <trkpt lat="34.30048" lon="-116.91012">
        <ele>2221.95</ele>
      </trkpt>
      <trkpt lat="34.30062" lon="-116.91012">
        <ele>2221.7</ele>
      </trkpt>
      <trkpt lat="34.3007" lon="-116.91011">
        <ele>2221.36</ele>
      </trkpt>
      <trkpt lat="34.30078" lon="-116.91011">
        <ele>2221.0</ele>
      </trkpt>
      <trkpt lat="34.30089" lon="-116.91011">
        <ele>2220.39</ele>
      </trkpt>
      <trkpt lat="34.30098" lon="-116.91011">
        <ele>2220.0</ele>
      </trkpt>
      <trkpt lat="34.30104" lon="-116.9101">
        <ele>2220.0</ele>
      </trkpt>
      <trkpt lat="34.30107" lon="-116.9101">
        <ele>2220.0</ele>
      </trkpt>
      <trkpt lat="34.30162" lon="-116.9101">
        <ele>2219.92</ele>
      </trkpt>
      <trkpt lat="34.30167" lon="-116.91009">
        <ele>2220.0</ele>
      </trkpt>
      <trkpt lat="34.3017" lon="-116.9101">
        <ele>2219.92</ele>
      </trkpt>
      <trkpt lat="34.30178" lon="-116.9101">
        <ele>2219.71</ele>
      </trkpt>
      <trkpt lat="34.30208" lon="-116.91009">
        <ele>2219.02</ele>
      </trkpt>
      <trkpt lat="34.30238" lon="-116.91009">
        <ele>2219.0</ele>
      </trkpt>
      <trkpt lat="34.30273" lon="-116.91008">
        <ele>2219.55</ele>
      </trkpt>
      <trkpt lat="34.30286" lon="-116.91008">
        <ele>2220.0</ele>
      </trkpt>
      <trkpt lat="34.30298" lon="-116.91007">
        <ele>2220.38</ele>
      </trkpt>
      <trkpt lat="34.30312" lon="-116.91007">
        <ele>2221.0</ele>
      </trkpt>
      <trkpt lat="34.3032" lon="-116.91006">
        <ele>2221.2</ele>
      </trkpt>
      <trkpt lat="34.30331" lon="-116.91006">
        <ele>2221.84</ele>
      </trkpt>
      <trkpt lat="34.30342" lon="-116.91005">
        <ele>2222.43</ele>
      </trkpt>
      <trkpt lat="34.30351" lon="-116.91005">
        <ele>2222.95</ele>
      </trkpt>
      <trkpt lat="34.3036" lon="-116.91005">
        <ele>2223.4</ele>
      </trkpt>
      <trkpt lat="34.30377" lon="-116.91004">
        <ele>2224.72</ele>
      </trkpt>
      <trkpt lat="34.30401" lon="-116.91004">
        <ele>2227.31</ele>
      </trkpt>
      <trkpt lat="34.30421" lon="-116.91003">
        <ele>2228.47</ele>
      </trkpt>
      <trkpt lat="34.30436" lon="-116.91003">
        <ele>2229.03</ele>
      </trkpt>
      <trkpt lat="34.30448" lon="-116.91003">
        <ele>2229.58</ele>
      </trkpt>
      <trkpt lat="34.30455" lon="-116.91003">
        <ele>2230.0</ele>
      </trkpt>
      <trkpt lat="34.30462" lon="-116.91002">
        <ele>2230.0</ele>
      </trkpt>
      <trkpt lat="34.30464" lon="-116.91001">
        <ele>2230.01</ele>
      </trkpt>
      <trkpt lat="34.30466" lon="-116.90999">
        <ele>2230.0</ele>
      </trkpt>
      <trkpt lat="34.30466" lon="-116.90992">
        <ele>2230.0</ele>
      </trkpt>
      <trkpt lat="34.30465" lon="-116.90983">
        <ele>2230.0</ele>
      </trkpt>
      <trkpt lat="34.30461" lon="-116.90969">
        <ele>2229.79</ele>
      </trkpt>
      <trkpt lat="34.30461" lon="-116.90965">
        <ele>2229.79</ele>
      </trkpt>
      <trkpt lat="34.30458" lon="-116.90957">
        <ele>2229.46</ele>
      </trkpt>
      <trkpt lat="34.30456" lon="-116.90946">
        <ele>2229.25</ele>
      </trkpt>
      <trkpt lat="34.30453" lon="-116.90934">
        <ele>2229.93</ele>
      </trkpt>
      <trkpt lat="34.30451" lon="-116.90924">
        <ele>2230.0</ele>
      </trkpt>
      <trkpt lat="34.30449" lon="-116.90916">
        <ele>2230.0</ele>
      </trkpt>
      <trkpt lat="34.30447" lon="-116.90908">
        <ele>2230.0</ele>
      </trkpt>
      <trkpt lat="34.30445" lon="-116.909">
        <ele>2230.8</ele>
      </trkpt>
      <trkpt lat="34.30436" lon="-116.90858">
        <ele>2233.03</ele>
      </trkpt>
      <trkpt lat="34.3043" lon="-116.90828">
        <ele>2234.25</ele>
      </trkpt>
      <trkpt lat="34.30425" lon="-116.9081">
        <ele>2234.95</ele>
      </trkpt>
      <trkpt lat="34.30423" lon="-116.90798">
        <ele>2235.0</ele>
      </trkpt>
      <trkpt lat="34.3042" lon="-116.90784">
        <ele>2235.36</ele>
      </trkpt>
      <trkpt lat="34.30416" lon="-116.9077">
        <ele>2234.93</ele>
      </trkpt>
      <trkpt lat="34.3041" lon="-116.90738">
        <ele>2234.77</ele>
      </trkpt>
      <trkpt lat="34.30405" lon="-116.90716">
        <ele>2234.74</ele>
      </trkpt>
      <trkpt lat="34.30402" lon="-116.90701">
        <ele>2233.83</ele>
      </trkpt>
      <trkpt lat="34.30399" lon="-116.90684">
        <ele>2233.09</ele>
      </trkpt>
      <trkpt lat="34.30394" lon="-116.90663">
        <ele>2232.73</ele>
      </trkpt>
      <trkpt lat="34.30392" lon="-116.90651">
        <ele>2233.0</ele>
      </trkpt>
      <trkpt lat="34.30383" lon="-116.90613">
        <ele>2234.93</ele>
      </trkpt>
      <trkpt lat="34.30381" lon="-116.90608">
        <ele>2235.0</ele>
      </trkpt>
      <trkpt lat="34.3038" lon="-116.906">
        <ele>2235.19</ele>
      </trkpt>
      <trkpt lat="34.30367" lon="-116.90542">
        <ele>2239.17</ele>
      </trkpt>
      <trkpt lat="34.30358" lon="-116.90507">
        <ele>2242.0</ele>
      </trkpt>
      <trkpt lat="34.30355" lon="-116.90496">
        <ele>2242.43</ele>
      </trkpt>
      <trkpt lat="34.30353" lon="-116.90484">
        <ele>2243.73</ele>
      </trkpt>
      <trkpt lat="34.30349" lon="-116.90465">
        <ele>2244.54</ele>
      </trkpt>
      <trkpt lat="34.30346" lon="-116.90448">
        <ele>2245.23</ele>
      </trkpt>
      <trkpt lat="34.30343" lon="-116.90426">
        <ele>2246.99</ele>
      </trkpt>
      <trkpt lat="34.30343" lon="-116.90417">
        <ele>2247.0</ele>
      </trkpt>
      <trkpt lat="34.30344" lon="-116.9041">
        <ele>2247.72</ele>
      </trkpt>
      <trkpt lat="34.30344" lon="-116.90404">
        <ele>2248.37</ele>
      </trkpt>
      <trkpt lat="34.30345" lon="-116.90398">
        <ele>2249.01</ele>
      </trkpt>
      <trkpt lat="34.30347" lon="-116.90388">
        <ele>2249.57</ele>
      </trkpt>
      <trkpt lat="34.3035" lon="-116.90378">
        <ele>2250.18</ele>
      </trkpt>
      <trkpt lat="34.30354" lon="-116.90364">
        <ele>2250.93</ele>
      </trkpt>
      <trkpt lat="34.30358" lon="-116.9035">
        <ele>2252.07</ele>
      </trkpt>
      <trkpt lat="34.30361" lon="-116.90329">
        <ele>2253.01</ele>
      </trkpt>
      <trkpt lat="34.30361" lon="-116.90309">
        <ele>2254.01</ele>
      </trkpt>
      <trkpt lat="34.30358" lon="-116.90302">
        <ele>2254.34</ele>
      </trkpt>
      <trkpt lat="34.30357" lon="-116.90296">
        <ele>2254.46</ele>
      </trkpt>
      <trkpt lat="34.30355" lon="-116.9029">
        <ele>2254.89</ele>
      </trkpt>
      <trkpt lat="34.30353" lon="-116.90282">
        <ele>2255.0</ele>
      </trkpt>
      <trkpt lat="34.30351" lon="-116.90274">
        <ele>2255.46</ele>
      </trkpt>
      <trkpt lat="34.30349" lon="-116.90266">
        <ele>2256.0</ele>
      </trkpt>
      <trkpt lat="34.30346" lon="-116.90253">
        <ele>2256.0</ele>
      </trkpt>
      <trkpt lat="34.30344" lon="-116.90238">
        <ele>2256.0</ele>
      </trkpt>
      <trkpt lat="34.30341" lon="-116.90222">
        <ele>2256.17</ele>
      </trkpt>
      <trkpt lat="34.3034" lon="-116.9021">
        <ele>2256.0</ele>
      </trkpt>
      <trkpt lat="34.30338" lon="-116.90199">
        <ele>2256.0</ele>
      </trkpt>
      <trkpt lat="34.30336" lon="-116.90189">
        <ele>2255.83</ele>
      </trkpt>
      <trkpt lat="34.30335" lon="-116.90182">
        <ele>2255.54</ele>
      </trkpt>
      <trkpt lat="34.30333" lon="-116.90167">
        <ele>2255.04</ele>
      </trkpt>
      <trkpt lat="34.30328" lon="-116.9014">
        <ele>2254.07</ele>
      </trkpt>
      <trkpt lat="34.30325" lon="-116.90129">
        <ele>2253.99</ele>
      </trkpt>
      <trkpt lat="34.30321" lon="-116.90106">
        <ele>2253.33</ele>
      </trkpt>
      <trkpt lat="34.30319" lon="-116.9009">
        <ele>2253.0</ele>
      </trkpt>
      <trkpt lat="34.30318" lon="-116.90079">
        <ele>2253.0</ele>
      </trkpt>
      <trkpt lat="34.30315" lon="-116.90067">
        <ele>2253.0</ele>
      </trkpt>
      <trkpt lat="34.3031" lon="-116.90052">
        <ele>2253.0</ele>
      </trkpt>
      <trkpt lat="34.30304" lon="-116.90033">
        <ele>2253.0</ele>
      </trkpt>
      <trkpt lat="34.30297" lon="-116.90016">
        <ele>2253.0</ele>
      </trkpt>
      <trkpt lat="34.3029" lon="-116.89993">
        <ele>2253.0</ele>
      </trkpt>
      <trkpt lat="34.30287" lon="-116.89984">
        <ele>2252.27</ele>
      </trkpt>
      <trkpt lat="34.30285" lon="-116.89977">
        <ele>2252.0</ele>
      </trkpt>
      <trkpt lat="34.30283" lon="-116.89971">
        <ele>2252.0</ele>
      </trkpt>
      <trkpt lat="34.30281" lon="-116.89962">
        <ele>2252.0</ele>
      </trkpt>
      <trkpt lat="34.30277" lon="-116.8995">
        <ele>2252.0</ele>
      </trkpt>
      <trkpt lat="34.30277" lon="-116.89947">
        <ele>2252.0</ele>
      </trkpt>
      <trkpt lat="34.30273" lon="-116.89933">
        <ele>2252.0</ele>
      </trkpt>
      <trkpt lat="34.30267" lon="-116.89916">
        <ele>2251.93</ele>
      </trkpt>
      <trkpt lat="34.30261" lon="-116.89893">
        <ele>2251.0</ele>
      </trkpt>
      <trkpt lat="34.30257" lon="-116.89878">
        <ele>2251.0</ele>
      </trkpt>
      <trkpt lat="34.30254" lon="-116.89867">
        <ele>2251.0</ele>
      </trkpt>
      <trkpt lat="34.30251" lon="-116.89857">
        <ele>2251.0</ele>
      </trkpt>
      <trkpt lat="34.30249" lon="-116.89846">
        <ele>2250.37</ele>
      </trkpt>
      <trkpt lat="34.30247" lon="-116.89838">
        <ele>2250.0</ele>
      </trkpt>
      <trkpt lat="34.30245" lon="-116.89824">
        <ele>2250.0</ele>
      </trkpt>
      <trkpt lat="34.30242" lon="-116.89809">
        <ele>2250.0</ele>
      </trkpt>
      <trkpt lat="34.30237" lon="-116.89788">
        <ele>2250.0</ele>
      </trkpt>
      <trkpt lat="34.30233" lon="-116.89773">
        <ele>2249.0</ele>
      </trkpt>
      <trkpt lat="34.30231" lon="-116.89764">
        <ele>2249.0</ele>
      </trkpt>
      <trkpt lat="34.30227" lon="-116.89747">
        <ele>2249.0</ele>
      </trkpt>
      <trkpt lat="34.30221" lon="-116.89723">
        <ele>2249.0</ele>
      </trkpt>
      <trkpt lat="34.30215" lon="-116.89708">
        <ele>2248.0</ele>
      </trkpt>
      <trkpt lat="34.30206" lon="-116.8969">
        <ele>2248.0</ele>
      </trkpt>
      <trkpt lat="34.30198" lon="-116.89673">
        <ele>2248.0</ele>
      </trkpt>
      <trkpt lat="34.30194" lon="-116.89666">
        <ele>2248.0</ele>
      </trkpt>
      <trkpt lat="34.30171" lon="-116.89616">
        <ele>2247.0</ele>
      </trkpt>
      <trkpt lat="34.30157" lon="-116.89584">
        <ele>2246.0</ele>
      </trkpt>
      <trkpt lat="34.30151" lon="-116.8957">
        <ele>2245.56</ele>
      </trkpt>
      <trkpt lat="34.30147" lon="-116.89558">
        <ele>2245.0</ele>
      </trkpt>
      <trkpt lat="34.30141" lon="-116.89542">
        <ele>2245.0</ele>
      </trkpt>
      <trkpt lat="34.30133" lon="-116.89519">
        <ele>2244.05</ele>
      </trkpt>
      <trkpt lat="34.30125" lon="-116.89499">
        <ele>2244.0</ele>
      </trkpt>
      <trkpt lat="34.30123" lon="-116.8949">
        <ele>2244.0</ele>
      </trkpt>
      <trkpt lat="34.3012" lon="-116.89479">
        <ele>2244.03</ele>
      </trkpt>
      <trkpt lat="34.30118" lon="-116.8947">
        <ele>2244.0</ele>
      </trkpt>
      <trkpt lat="34.30114" lon="-116.89458">
        <ele>2244.0</ele>
      </trkpt>
      <trkpt lat="34.30109" lon="-116.8944">
        <ele>2244.0</ele>
      </trkpt>
      <trkpt lat="34.30105" lon="-116.89431">
        <ele>2244.0</ele>
      </trkpt>
      <trkpt lat="34.30102" lon="-116.89424">
        <ele>2244.0</ele>
      </trkpt>
      <trkpt lat="34.30098" lon="-116.89415">
        <ele>2244.0</ele>
      </trkpt>
      <trkpt lat="34.30096" lon="-116.89401">
        <ele>2244.0</ele>
      </trkpt>
      <trkpt lat="34.30094" lon="-116.89396">
        <ele>2244.0</ele>
      </trkpt>
      <trkpt lat="34.30093" lon="-116.89391">
        <ele>2244.0</ele>
      </trkpt>
      <trkpt lat="34.30091" lon="-116.89384">
        <ele>2244.0</ele>
      </trkpt>
      <trkpt lat="34.30089" lon="-116.89376">
        <ele>2244.0</ele>
      </trkpt>
      <trkpt lat="34.30088" lon="-116.89368">
        <ele>2244.0</ele>
      </trkpt>
      <trkpt lat="34.30087" lon="-116.8936">
        <ele>2244.0</ele>
      </trkpt>
      <trkpt lat="34.30085" lon="-116.8935">
        <ele>2244.0</ele>
      </trkpt>
      <trkpt lat="34.30085" lon="-116.89338">
        <ele>2244.0</ele>
      </trkpt>
      <trkpt lat="34.30085" lon="-116.89331">
        <ele>2244.0</ele>
      </trkpt>
      <trkpt lat="34.30085" lon="-116.89326">
        <ele>2244.0</ele>
      </trkpt>
      <trkpt lat="34.30085" lon="-116.89316">
        <ele>2244.0</ele>
      </trkpt>
      <trkpt lat="34.30086" lon="-116.89306">
        <ele>2244.95</ele>
      </trkpt>
      <trkpt lat="34.30086" lon="-116.89294">
        <ele>2245.0</ele>
      </trkpt>
      <trkpt lat="34.30085" lon="-116.89281">
        <ele>2245.0</ele>
      </trkpt>
      <trkpt lat="34.30084" lon="-116.89269">
        <ele>2245.0</ele>
      </trkpt>
      <trkpt lat="34.30082" lon="-116.89261">
        <ele>2245.0</ele>
      </trkpt>
      <trkpt lat="34.3008" lon="-116.89252">
        <ele>2245.0</ele>
      </trkpt>
      <trkpt lat="34.30077" lon="-116.89242">
        <ele>2244.14</ele>
      </trkpt>
      <trkpt lat="34.30072" lon="-116.89232">
        <ele>2244.0</ele>
      </trkpt>
      <trkpt lat="34.30069" lon="-116.89224">
        <ele>2244.0</ele>
      </trkpt>
      <trkpt lat="34.30066" lon="-116.89218">
        <ele>2244.0</ele>
      </trkpt>
      <trkpt lat="34.30061" lon="-116.89204">
        <ele>2243.03</ele>
      </trkpt>
      <trkpt lat="34.30056" lon="-116.89185">
        <ele>2242.0</ele>
      </trkpt>
      <trkpt lat="34.30052" lon="-116.8917">
        <ele>2241.22</ele>
      </trkpt>
      <trkpt lat="34.30049" lon="-116.89156">
        <ele>2240.25</ele>
      </trkpt>
      <trkpt lat="34.30045" lon="-116.89142">
        <ele>2239.34</ele>
      </trkpt>
      <trkpt lat="34.30041" lon="-116.89124">
        <ele>2238.17</ele>
      </trkpt>
      <trkpt lat="34.30035" lon="-116.891">
        <ele>2236.62</ele>
      </trkpt>
      <trkpt lat="34.30028" lon="-116.89079">
        <ele>2235.01</ele>
      </trkpt>
      <trkpt lat="34.30023" lon="-116.89065">
        <ele>2234.48</ele>
      </trkpt>
      <trkpt lat="34.30015" lon="-116.89046">
        <ele>2233.6</ele>
      </trkpt>
      <trkpt lat="34.30006" lon="-116.89024">
        <ele>2232.65</ele>
      </trkpt>
      <trkpt lat="34.29994" lon="-116.88996">
        <ele>2233.0</ele>
      </trkpt>
      <trkpt lat="34.29989" lon="-116.88979">
        <ele>2233.41</ele>
      </trkpt>
      <trkpt lat="34.29985" lon="-116.88967">
        <ele>2234.0</ele>
      </trkpt>
      <trkpt lat="34.29984" lon="-116.88961">
        <ele>2234.0</ele>
      </trkpt>
      <trkpt lat="34.29982" lon="-116.88952">
        <ele>2234.0</ele>
      </trkpt>
      <trkpt lat="34.29979" lon="-116.88937">
        <ele>2234.86</ele>
      </trkpt>
      <trkpt lat="34.29974" lon="-116.88901">
        <ele>2235.94</ele>
      </trkpt>
      <trkpt lat="34.29972" lon="-116.88877">
        <ele>2237.0</ele>
      </trkpt>
      <trkpt lat="34.29971" lon="-116.88863">
        <ele>2237.11</ele>
      </trkpt>
      <trkpt lat="34.29971" lon="-116.88854">
        <ele>2237.8</ele>
      </trkpt>
      <trkpt lat="34.29971" lon="-116.88848">
        <ele>2238.0</ele>
      </trkpt>
      <trkpt lat="34.29971" lon="-116.88838">
        <ele>2238.0</ele>
      </trkpt>
      <trkpt lat="34.29972" lon="-116.88824">
        <ele>2238.03</ele>
      </trkpt>
      <trkpt lat="34.29976" lon="-116.88792">
        <ele>2239.0</ele>
      </trkpt>
      <trkpt lat="34.29981" lon="-116.88775">
        <ele>2240.0</ele>
      </trkpt>
      <trkpt lat="34.29986" lon="-116.88759">
        <ele>2240.0</ele>
      </trkpt>
      <trkpt lat="34.29995" lon="-116.88728">
        <ele>2240.71</ele>
      </trkpt>
      <trkpt lat="34.30005" lon="-116.88701">
        <ele>2241.0</ele>
      </trkpt>
      <trkpt lat="34.30015" lon="-116.88674">
        <ele>2242.0</ele>
      </trkpt>
      <trkpt lat="34.30022" lon="-116.88656">
        <ele>2242.0</ele>
      </trkpt>
      <trkpt lat="34.3003" lon="-116.8864">
        <ele>2242.0</ele>
      </trkpt>
      <trkpt lat="34.30037" lon="-116.88625">
        <ele>2242.5</ele>
      </trkpt>
      <trkpt lat="34.30046" lon="-116.88608">
        <ele>2242.36</ele>
      </trkpt>
      <trkpt lat="34.30062" lon="-116.88582">
        <ele>2242.4</ele>
      </trkpt>
      <trkpt lat="34.3007" lon="-116.88571">
        <ele>2242.63</ele>
      </trkpt>
      <trkpt lat="34.30075" lon="-116.88564">
        <ele>2242.9</ele>
      </trkpt>
      <trkpt lat="34.30079" lon="-116.8856">
        <ele>2242.47</ele>
      </trkpt>
      <trkpt lat="34.30085" lon="-116.88554">
        <ele>2242.14</ele>
      </trkpt>
      <trkpt lat="34.30092" lon="-116.88546">
        <ele>2242.06</ele>
      </trkpt>
      <trkpt lat="34.30102" lon="-116.88533">
        <ele>2242.0</ele>
      </trkpt>
      <trkpt lat="34.30108" lon="-116.8852">
        <ele>2242.28</ele>
      </trkpt>
      <trkpt lat="34.30111" lon="-116.88511">
        <ele>2242.01</ele>
      </trkpt>
      <trkpt lat="34.30112" lon="-116.88504">
        <ele>2242.0</ele>
      </trkpt>
      <trkpt lat="34.30112" lon="-116.88499">
        <ele>2242.1</ele>
      </trkpt>
      <trkpt lat="34.30111" lon="-116.88496">
        <ele>2242.44</ele>
      </trkpt>
      <trkpt lat="34.30111" lon="-116.88493">
        <ele>2242.76</ele>
      </trkpt>
      <trkpt lat="34.30111" lon="-116.88489">
        <ele>2243.0</ele>
      </trkpt>
      <trkpt lat="34.30109" lon="-116.88479">
        <ele>2243.0</ele>
      </trkpt>
      <trkpt lat="34.30108" lon="-116.8847">
        <ele>2243.08</ele>
      </trkpt>
      <trkpt lat="34.30106" lon="-116.88461">
        <ele>2243.55</ele>
      </trkpt>
      <trkpt lat="34.30104" lon="-116.88448">
        <ele>2243.91</ele>
      </trkpt>
      <trkpt lat="34.30099" lon="-116.88429">
        <ele>2244.0</ele>
      </trkpt>
      <trkpt lat="34.30096" lon="-116.88415">
        <ele>2244.7</ele>
      </trkpt>
      <trkpt lat="34.30092" lon="-116.88398">
        <ele>2245.06</ele>
      </trkpt>
      <trkpt lat="34.30089" lon="-116.88388">
        <ele>2245.45</ele>
      </trkpt>
      <trkpt lat="34.30087" lon="-116.88376">
        <ele>2246.0</ele>
      </trkpt>
      <trkpt lat="34.30085" lon="-116.88367">
        <ele>2246.3</ele>
      </trkpt>
      <trkpt lat="34.30084" lon="-116.88356">
        <ele>2246.93</ele>
      </trkpt>
      <trkpt lat="34.30084" lon="-116.88346">
        <ele>2246.97</ele>
      </trkpt>
      <trkpt lat="34.30085" lon="-116.88335">
        <ele>2247.0</ele>
      </trkpt>
      <trkpt lat="34.30085" lon="-116.88306">
        <ele>2247.99</ele>
      </trkpt>
      <trkpt lat="34.30084" lon="-116.88296">
        <ele>2248.0</ele>
      </trkpt>
      <trkpt lat="34.30082" lon="-116.88286">
        <ele>2248.24</ele>
      </trkpt>
      <trkpt lat="34.3008" lon="-116.8828">
        <ele>2248.85</ele>
      </trkpt>
      <trkpt lat="34.30075" lon="-116.8827">
        <ele>2249.0</ele>
      </trkpt>
      <trkpt lat="34.30071" lon="-116.88262">
        <ele>2249.23</ele>
      </trkpt>
      <trkpt lat="34.30068" lon="-116.88255">
        <ele>2249.81</ele>
      </trkpt>
      <trkpt lat="34.30065" lon="-116.88249">
        <ele>2250.0</ele>
      </trkpt>
      <trkpt lat="34.30063" lon="-116.88242">
        <ele>2250.0</ele>
      </trkpt>
      <trkpt lat="34.30061" lon="-116.88236">
        <ele>2250.21</ele>
      </trkpt>
      <trkpt lat="34.30059" lon="-116.88223">
        <ele>2250.97</ele>
      </trkpt>
      <trkpt lat="34.30059" lon="-116.88217">
        <ele>2251.0</ele>
      </trkpt>
      <trkpt lat="34.30058" lon="-116.88204">
        <ele>2251.0</ele>
      </trkpt>
      <trkpt lat="34.30053" lon="-116.88182">
        <ele>2252.0</ele>
      </trkpt>
      <trkpt lat="34.30051" lon="-116.88171">
        <ele>2252.0</ele>
      </trkpt>
      <trkpt lat="34.30051" lon="-116.8816">
        <ele>2252.35</ele>
      </trkpt>
      <trkpt lat="34.30051" lon="-116.8815">
        <ele>2252.49</ele>
      </trkpt>
      <trkpt lat="34.30051" lon="-116.88144">
        <ele>2252.72</ele>
      </trkpt>
      <trkpt lat="34.3005" lon="-116.88138">
        <ele>2253.0</ele>
      </trkpt>
      <trkpt lat="34.30051" lon="-116.88134">
        <ele>2253.0</ele>
      </trkpt>
      <trkpt lat="34.30046" lon="-116.88088">
        <ele>2254.0</ele>
      </trkpt>
      <trkpt lat="34.30042" lon="-116.88069">
        <ele>2254.0</ele>
      </trkpt>
      <trkpt lat="34.3004" lon="-116.8806">
        <ele>2254.35</ele>
      </trkpt>
      <trkpt lat="34.30037" lon="-116.88052">
        <ele>2255.0</ele>
      </trkpt>
      <trkpt lat="34.30034" lon="-116.88041">
        <ele>2255.0</ele>
      </trkpt>
      <trkpt lat="34.30031" lon="-116.88032">
        <ele>2255.0</ele>
      </trkpt>
      <trkpt lat="34.30028" lon="-116.88023">
        <ele>2255.5</ele>
      </trkpt>
      <trkpt lat="34.30026" lon="-116.88018">
        <ele>2256.0</ele>
      </trkpt>
      <trkpt lat="34.30021" lon="-116.88001">
        <ele>2256.0</ele>
      </trkpt>
      <trkpt lat="34.30016" lon="-116.87991">
        <ele>2256.98</ele>
      </trkpt>
      <trkpt lat="34.3001" lon="-116.8798">
        <ele>2257.0</ele>
      </trkpt>
      <trkpt lat="34.3" lon="-116.87965">
        <ele>2258.0</ele>
      </trkpt>
      <trkpt lat="34.29993" lon="-116.87955">
        <ele>2258.0</ele>
      </trkpt>
      <trkpt lat="34.2999" lon="-116.87946">
        <ele>2258.08</ele>
      </trkpt>
      <trkpt lat="34.29988" lon="-116.87937">
        <ele>2258.3</ele>
      </trkpt>
      <trkpt lat="34.29986" lon="-116.87927">
        <ele>2258.51</ele>
      </trkpt>
      <trkpt lat="34.29986" lon="-116.87897">
        <ele>2259.51</ele>
      </trkpt>
      <trkpt lat="34.29986" lon="-116.87892">
        <ele>2259.51</ele>
      </trkpt>
      <trkpt lat="34.29986" lon="-116.87876">
        <ele>2259.51</ele>
      </trkpt>
      <trkpt lat="34.29985" lon="-116.87863">
        <ele>2260.42</ele>
      </trkpt>
      <trkpt lat="34.29984" lon="-116.87852">
        <ele>2261.0</ele>
      </trkpt>
      <trkpt lat="34.29985" lon="-116.87843">
        <ele>2261.59</ele>
      </trkpt>
      <trkpt lat="34.29986" lon="-116.87834">
        <ele>2261.96</ele>
      </trkpt>
      <trkpt lat="34.29987" lon="-116.87824">
        <ele>2262.41</ele>
      </trkpt>
      <trkpt lat="34.29987" lon="-116.87819">
        <ele>2262.95</ele>
      </trkpt>
      <trkpt lat="34.29988" lon="-116.87813">
        <ele>2263.43</ele>
      </trkpt>
      <trkpt lat="34.29988" lon="-116.87808">
        <ele>2263.81</ele>
      </trkpt>
      <trkpt lat="34.29987" lon="-116.87804">
        <ele>2264.07</ele>
      </trkpt>
      <trkpt lat="34.29984" lon="-116.87797">
        <ele>2264.67</ele>
      </trkpt>
      <trkpt lat="34.29982" lon="-116.87793">
        <ele>2265.3</ele>
      </trkpt>
      <trkpt lat="34.29977" lon="-116.8779">
        <ele>2265.68</ele>
      </trkpt>
      <trkpt lat="34.29971" lon="-116.87787">
        <ele>2266.0</ele>
      </trkpt>
      <trkpt lat="34.2996" lon="-116.87782">
        <ele>2266.54</ele>
      </trkpt>
      <trkpt lat="34.29952" lon="-116.87777">
        <ele>2267.0</ele>
      </trkpt>
      <trkpt lat="34.29945" lon="-116.87772">
        <ele>2267.0</ele>
      </trkpt>
      <trkpt lat="34.29939" lon="-116.87767">
        <ele>2267.16</ele>
      </trkpt>
      <trkpt lat="34.29934" lon="-116.8776">
        <ele>2267.92</ele>
      </trkpt>
      <trkpt lat="34.29928" lon="-116.87752">
        <ele>2268.61</ele>
      </trkpt>
      <trkpt lat="34.29922" lon="-116.87743">
        <ele>2269.0</ele>
      </trkpt>
      <trkpt lat="34.29914" lon="-116.87727">
        <ele>2270.48</ele>
      </trkpt>
      <trkpt lat="34.29905" lon="-116.87713">
        <ele>2272.0</ele>
      </trkpt>
      <trkpt lat="34.299" lon="-116.87707">
        <ele>2272.64</ele>
      </trkpt>
      <trkpt lat="34.29893" lon="-116.87697">
        <ele>2274.13</ele>
      </trkpt>
      <trkpt lat="34.29891" lon="-116.87691">
        <ele>2275.23</ele>
      </trkpt>
      <trkpt lat="34.29888" lon="-116.87686">
        <ele>2276.0</ele>
      </trkpt>
      <trkpt lat="34.29886" lon="-116.8768">
        <ele>2276.87</ele>
      </trkpt>
      <trkpt lat="34.29885" lon="-116.87674">
        <ele>2277.63</ele>
      </trkpt>
      <trkpt lat="34.29884" lon="-116.87666">
        <ele>2278.6</ele>
      </trkpt>
      <trkpt lat="34.29883" lon="-116.87661">
        <ele>2279.25</ele>
      </trkpt>
      <trkpt lat="34.29883" lon="-116.87626">
        <ele>2283.28</ele>
      </trkpt>
      <trkpt lat="34.29887" lon="-116.87604">
        <ele>2285.97</ele>
      </trkpt>
      <trkpt lat="34.29891" lon="-116.87591">
        <ele>2286.9</ele>
      </trkpt>
      <trkpt lat="34.29894" lon="-116.87582">
        <ele>2286.9</ele>
      </trkpt>
      <trkpt lat="34.29896" lon="-116.87573">
        <ele>2286.46</ele>
      </trkpt>
      <trkpt lat="34.29896" lon="-116.87565">
        <ele>2286.46</ele>
      </trkpt>
      <trkpt lat="34.29895" lon="-116.87556">
        <ele>2286.05</ele>
      </trkpt>
      <trkpt lat="34.2989" lon="-116.87542">
        <ele>2285.77</ele>
      </trkpt>
      <trkpt lat="34.29884" lon="-116.87531">
        <ele>2285.28</ele>
      </trkpt>
      <trkpt lat="34.29883" lon="-116.87526">
        <ele>2284.4</ele>
      </trkpt>
      <trkpt lat="34.29883" lon="-116.87517">
        <ele>2282.06</ele>
      </trkpt>
      <trkpt lat="34.29883" lon="-116.87509">
        <ele>2281.0</ele>
      </trkpt>
      <trkpt lat="34.29884" lon="-116.87504">
        <ele>2281.0</ele>
      </trkpt>
      <trkpt lat="34.29887" lon="-116.87497">
        <ele>2281.0</ele>
      </trkpt>
      <trkpt lat="34.29891" lon="-116.87489">
        <ele>2281.19</ele>
      </trkpt>
      <trkpt lat="34.29896" lon="-116.87482">
        <ele>2281.94</ele>
      </trkpt>
      <trkpt lat="34.29902" lon="-116.87467">
        <ele>2284.31</ele>
      </trkpt>
      <trkpt lat="34.29907" lon="-116.87455">
        <ele>2285.9</ele>
      </trkpt>
      <trkpt lat="34.29912" lon="-116.87442">
        <ele>2286.77</ele>
      </trkpt>
      <trkpt lat="34.29913" lon="-116.87437">
        <ele>2287.2</ele>
      </trkpt>
      <trkpt lat="34.29918" lon="-116.87424">
        <ele>2288.21</ele>
      </trkpt>
      <trkpt lat="34.29923" lon="-116.87414">
        <ele>2289.09</ele>
      </trkpt>
      <trkpt lat="34.29927" lon="-116.87408">
        <ele>2288.99</ele>
      </trkpt>
      <trkpt lat="34.29934" lon="-116.87397">
        <ele>2290.02</ele>
      </trkpt>
      <trkpt lat="34.29936" lon="-116.87391">
        <ele>2289.98</ele>
      </trkpt>
      <trkpt lat="34.29939" lon="-116.87384">
        <ele>2290.31</ele>
      </trkpt>
      <trkpt lat="34.29941" lon="-116.87374">
        <ele>2290.37</ele>
      </trkpt>
      <trkpt lat="34.29943" lon="-116.87365">
        <ele>2290.65</ele>
      </trkpt>
      <trkpt lat="34.29944" lon="-116.87357">
        <ele>2291.0</ele>
      </trkpt>
      <trkpt lat="34.29946" lon="-116.87346">
        <ele>2290.94</ele>
      </trkpt>
      <trkpt lat="34.29946" lon="-116.87342">
        <ele>2291.0</ele>
      </trkpt>
      <trkpt lat="34.29947" lon="-116.87335">
        <ele>2291.0</ele>
      </trkpt>
      <trkpt lat="34.29947" lon="-116.8733">
        <ele>2291.0</ele>
      </trkpt>
      <trkpt lat="34.29947" lon="-116.87328">
        <ele>2291.0</ele>
      </trkpt>
      <trkpt lat="34.29947" lon="-116.87326">
        <ele>2291.0</ele>
      </trkpt>
      <trkpt lat="34.29947" lon="-116.87313">
        <ele>2291.0</ele>
      </trkpt>
      <trkpt lat="34.29945" lon="-116.87302">
        <ele>2291.0</ele>
      </trkpt>
      <trkpt lat="34.2994" lon="-116.87287">
        <ele>2292.0</ele>
      </trkpt>
      <trkpt lat="34.29937" lon="-116.87277">
        <ele>2291.98</ele>
      </trkpt>
      <trkpt lat="34.29936" lon="-116.87269">
        <ele>2291.92</ele>
      </trkpt>
      <trkpt lat="34.29935" lon="-116.87256">
        <ele>2292.02</ele>
      </trkpt>
      <trkpt lat="34.29934" lon="-116.87239">
        <ele>2292.13</ele>
      </trkpt>
      <trkpt lat="34.29933" lon="-116.87225">
        <ele>2292.24</ele>
      </trkpt>
      <trkpt lat="34.29933" lon="-116.87217">
        <ele>2292.1</ele>
      </trkpt>
      <trkpt lat="34.29934" lon="-116.87213">
        <ele>2292.0</ele>
      </trkpt>
      <trkpt lat="34.29934" lon="-116.87207">
        <ele>2292.0</ele>
      </trkpt>
      <trkpt lat="34.29938" lon="-116.87185">
        <ele>2290.7</ele>
      </trkpt>
      <trkpt lat="34.2994" lon="-116.8717">
        <ele>2290.48</ele>
      </trkpt>
      <trkpt lat="34.29941" lon="-116.87161">
        <ele>2290.37</ele>
      </trkpt>
      <trkpt lat="34.29941" lon="-116.87149">
        <ele>2290.03</ele>
      </trkpt>
      <trkpt lat="34.2994" lon="-116.87137">
        <ele>2289.48</ele>
      </trkpt>
      <trkpt lat="34.29938" lon="-116.87125">
        <ele>2289.35</ele>
      </trkpt>
      <trkpt lat="34.29938" lon="-116.87116">
        <ele>2289.0</ele>
      </trkpt>
      <trkpt lat="34.29937" lon="-116.87112">
        <ele>2289.0</ele>
      </trkpt>
      <trkpt lat="34.29937" lon="-116.87098">
        <ele>2288.92</ele>
      </trkpt>
      <trkpt lat="34.29938" lon="-116.87085">
        <ele>2288.7</ele>
      </trkpt>
      <trkpt lat="34.29938" lon="-116.87081">
        <ele>2288.7</ele>
      </trkpt>
      <trkpt lat="34.29939" lon="-116.87072">
        <ele>2288.59</ele>
      </trkpt>
      <trkpt lat="34.29939" lon="-116.87064">
        <ele>2288.59</ele>
      </trkpt>
      <trkpt lat="34.2994" lon="-116.87053">
        <ele>2288.48</ele>
      </trkpt>
      <trkpt lat="34.2994" lon="-116.87045">
        <ele>2288.48</ele>
      </trkpt>
      <trkpt lat="34.29941" lon="-116.87037">
        <ele>2288.37</ele>
      </trkpt>
      <trkpt lat="34.29941" lon="-116.87031">
        <ele>2288.37</ele>
      </trkpt>
      <trkpt lat="34.29945" lon="-116.87004">
        <ele>2287.37</ele>
      </trkpt>
      <trkpt lat="34.29947" lon="-116.86991">
        <ele>2286.72</ele>
      </trkpt>
      <trkpt lat="34.29952" lon="-116.86973">
        <ele>2285.2</ele>
      </trkpt>
      <trkpt lat="34.29955" lon="-116.8696">
        <ele>2284.54</ele>
      </trkpt>
      <trkpt lat="34.29957" lon="-116.86951">
        <ele>2283.64</ele>
      </trkpt>
      <trkpt lat="34.29958" lon="-116.86941">
        <ele>2283.16</ele>
      </trkpt>
      <trkpt lat="34.29958" lon="-116.86928">
        <ele>2282.54</ele>
      </trkpt>
      <trkpt lat="34.29957" lon="-116.8692">
        <ele>2282.23</ele>
      </trkpt>
      <trkpt lat="34.29955" lon="-116.86915">
        <ele>2281.97</ele>
      </trkpt>
      <trkpt lat="34.29948" lon="-116.869">
        <ele>2282.62</ele>
      </trkpt>
      <trkpt lat="34.29943" lon="-116.86884">
        <ele>2282.71</ele>
      </trkpt>
      <trkpt lat="34.29939" lon="-116.86869">
        <ele>2283.09</ele>
      </trkpt>
      <trkpt lat="34.29937" lon="-116.86856">
        <ele>2282.8</ele>
      </trkpt>
      <trkpt lat="34.29935" lon="-116.86842">
        <ele>2283.1</ele>
      </trkpt>
      <trkpt lat="34.29933" lon="-116.86832">
        <ele>2284.27</ele>
      </trkpt>
      <trkpt lat="34.29932" lon="-116.86823">
        <ele>2284.76</ele>
      </trkpt>
      <trkpt lat="34.29925" lon="-116.86791">
        <ele>2286.1</ele>
      </trkpt>
      <trkpt lat="34.2992" lon="-116.86766">
        <ele>2286.64</ele>
      </trkpt>
      <trkpt lat="34.29917" lon="-116.86749">
        <ele>2286.96</ele>
      </trkpt>
      <trkpt lat="34.29915" lon="-116.8674">
        <ele>2287.0</ele>
      </trkpt>
      <trkpt lat="34.29912" lon="-116.86728">
        <ele>2287.0</ele>
      </trkpt>
      <trkpt lat="34.29907" lon="-116.86712">
        <ele>2287.04</ele>
      </trkpt>
      <trkpt lat="34.29906" lon="-116.86706">
        <ele>2287.15</ele>
      </trkpt>
      <trkpt lat="34.29906" lon="-116.86702">
        <ele>2287.15</ele>
      </trkpt>
      <trkpt lat="34.29905" lon="-116.86698">
        <ele>2287.26</ele>
      </trkpt>
      <trkpt lat="34.29905" lon="-116.8668">
        <ele>2287.26</ele>
      </trkpt>
      <trkpt lat="34.29906" lon="-116.86674">
        <ele>2287.15</ele>
      </trkpt>
      <trkpt lat="34.29906" lon="-116.86669">
        <ele>2287.15</ele>
      </trkpt>
      <trkpt lat="34.29907" lon="-116.86654">
        <ele>2288.0</ele>
      </trkpt>
      <trkpt lat="34.29908" lon="-116.86642">
        <ele>2287.98</ele>
      </trkpt>
      <trkpt lat="34.29908" lon="-116.86634">
        <ele>2288.0</ele>
      </trkpt>
      <trkpt lat="34.29909" lon="-116.86623">
        <ele>2288.0</ele>
      </trkpt>
      <trkpt lat="34.29909" lon="-116.86608">
        <ele>2288.83</ele>
      </trkpt>
      <trkpt lat="34.29916" lon="-116.86572">
        <ele>2289.02</ele>
      </trkpt>
      <trkpt lat="34.29916" lon="-116.86565">
        <ele>2289.07</ele>
      </trkpt>
      <trkpt lat="34.29917" lon="-116.8656">
        <ele>2289.0</ele>
      </trkpt>
      <trkpt lat="34.29917" lon="-116.86544">
        <ele>2289.0</ele>
      </trkpt>
      <trkpt lat="34.29916" lon="-116.86533">
        <ele>2289.07</ele>
      </trkpt>
      <trkpt lat="34.29915" lon="-116.86521">
        <ele>2289.78</ele>
      </trkpt>
      <trkpt lat="34.29916" lon="-116.86503">
        <ele>2290.0</ele>
      </trkpt>
      <trkpt lat="34.29918" lon="-116.8648">
        <ele>2289.72</ele>
      </trkpt>
      <trkpt lat="34.29918" lon="-116.86464">
        <ele>2289.0</ele>
      </trkpt>
      <trkpt lat="34.29919" lon="-116.86441">
        <ele>2289.0</ele>
      </trkpt>
      <trkpt lat="34.2992" lon="-116.86427">
        <ele>2289.0</ele>
      </trkpt>
      <trkpt lat="34.29922" lon="-116.86421">
        <ele>2289.0</ele>
      </trkpt>
      <trkpt lat="34.29924" lon="-116.86417">
        <ele>2289.0</ele>
      </trkpt>
      <trkpt lat="34.29927" lon="-116.86411">
        <ele>2289.0</ele>
      </trkpt>
      <trkpt lat="34.29932" lon="-116.86402">
        <ele>2289.0</ele>
      </trkpt>
      <trkpt lat="34.29936" lon="-116.86389">
        <ele>2289.0</ele>
      </trkpt>
      <trkpt lat="34.29936" lon="-116.86385">
        <ele>2289.0</ele>
      </trkpt>
      <trkpt lat="34.29939" lon="-116.86376">
        <ele>2289.0</ele>
      </trkpt>
      <trkpt lat="34.29943" lon="-116.86358">
        <ele>2289.05</ele>
      </trkpt>
      <trkpt lat="34.29944" lon="-116.86344">
        <ele>2289.86</ele>
      </trkpt>
      <trkpt lat="34.29946" lon="-116.86329">
        <ele>2290.0</ele>
      </trkpt>
      <trkpt lat="34.29947" lon="-116.86324">
        <ele>2290.0</ele>
      </trkpt>
      <trkpt lat="34.29949" lon="-116.8632">
        <ele>2290.0</ele>
      </trkpt>
      <trkpt lat="34.2995" lon="-116.86318">
        <ele>2290.0</ele>
      </trkpt>
      <trkpt lat="34.29953" lon="-116.86313">
        <ele>2290.0</ele>
      </trkpt>
      <trkpt lat="34.29958" lon="-116.86306">
        <ele>2290.0</ele>
      </trkpt>
      <trkpt lat="34.29962" lon="-116.86299">
        <ele>2290.0</ele>
      </trkpt>
      <trkpt lat="34.2997" lon="-116.86282">
        <ele>2290.54</ele>
      </trkpt>
      <trkpt lat="34.29973" lon="-116.86274">
        <ele>2290.95</ele>
      </trkpt>
      <trkpt lat="34.29979" lon="-116.8626">
        <ele>2291.0</ele>
      </trkpt>
      <trkpt lat="34.29985" lon="-116.8625">
        <ele>2291.0</ele>
      </trkpt>
      <trkpt lat="34.29989" lon="-116.86238">
        <ele>2291.0</ele>
      </trkpt>
      <trkpt lat="34.29993" lon="-116.86229">
        <ele>2291.0</ele>
      </trkpt>
      <trkpt lat="34.29995" lon="-116.86221">
        <ele>2291.13</ele>
      </trkpt>
      <trkpt lat="34.29999" lon="-116.86209">
        <ele>2292.0</ele>
      </trkpt>
      <trkpt lat="34.30004" lon="-116.86192">
        <ele>2292.0</ele>
      </trkpt>
      <trkpt lat="34.30012" lon="-116.86168">
        <ele>2292.86</ele>
      </trkpt>
      <trkpt lat="34.30016" lon="-116.86152">
        <ele>2293.0</ele>
      </trkpt>
      <trkpt lat="34.30021" lon="-116.86138">
        <ele>2293.1</ele>
      </trkpt>
      <trkpt lat="34.30024" lon="-116.86128">
        <ele>2294.0</ele>
      </trkpt>
      <trkpt lat="34.30027" lon="-116.86119">
        <ele>2294.15</ele>
      </trkpt>
      <trkpt lat="34.30033" lon="-116.86105">
        <ele>2295.0</ele>
      </trkpt>
      <trkpt lat="34.30049" lon="-116.86074">
        <ele>2296.01</ele>
      </trkpt>
      <trkpt lat="34.30062" lon="-116.86049">
        <ele>2297.0</ele>
      </trkpt>
      <trkpt lat="34.30072" lon="-116.86029">
        <ele>2297.0</ele>
      </trkpt>
      <trkpt lat="34.30075" lon="-116.86022">
        <ele>2297.0</ele>
      </trkpt>
      <trkpt lat="34.30079" lon="-116.86014">
        <ele>2297.0</ele>
      </trkpt>
      <trkpt lat="34.30085" lon="-116.85996">
        <ele>2296.82</ele>
      </trkpt>
      <trkpt lat="34.30093" lon="-116.85967">
        <ele>2296.0</ele>
      </trkpt>
      <trkpt lat="34.301" lon="-116.85946">
        <ele>2296.0</ele>
      </trkpt>
      <trkpt lat="34.30104" lon="-116.85933">
        <ele>2296.0</ele>
      </trkpt>
      <trkpt lat="34.30107" lon="-116.85923">
        <ele>2296.0</ele>
      </trkpt>
      <trkpt lat="34.3011" lon="-116.85911">
        <ele>2295.39</ele>
      </trkpt>
      <trkpt lat="34.30115" lon="-116.85898">
        <ele>2295.0</ele>
      </trkpt>
      <trkpt lat="34.30122" lon="-116.85877">
        <ele>2294.0</ele>
      </trkpt>
      <trkpt lat="34.30132" lon="-116.85857">
        <ele>2294.0</ele>
      </trkpt>
      <trkpt lat="34.3014" lon="-116.85841">
        <ele>2293.1</ele>
      </trkpt>
      <trkpt lat="34.30147" lon="-116.85828">
        <ele>2292.93</ele>
      </trkpt>
      <trkpt lat="34.3015" lon="-116.8582">
        <ele>2292.45</ele>
      </trkpt>
      <trkpt lat="34.30154" lon="-116.85809">
        <ele>2291.37</ele>
      </trkpt>
      <trkpt lat="34.30158" lon="-116.8579">
        <ele>2289.36</ele>
      </trkpt>
      <trkpt lat="34.3016" lon="-116.85779">
        <ele>2289.04</ele>
      </trkpt>
      <trkpt lat="34.30161" lon="-116.85769">
        <ele>2288.05</ele>
      </trkpt>
      <trkpt lat="34.30161" lon="-116.85762">
        <ele>2287.57</ele>
      </trkpt>
      <trkpt lat="34.30162" lon="-116.85756">
        <ele>2287.32</ele>
      </trkpt>
      <trkpt lat="34.30162" lon="-116.85741">
        <ele>2286.03</ele>
      </trkpt>
      <trkpt lat="34.30161" lon="-116.85731">
        <ele>2284.95</ele>
      </trkpt>
      <trkpt lat="34.3016" lon="-116.85714">
        <ele>2283.11</ele>
      </trkpt>
      <trkpt lat="34.30158" lon="-116.85697">
        <ele>2281.95</ele>
      </trkpt>
      <trkpt lat="34.30156" lon="-116.85679">
        <ele>2281.0</ele>
      </trkpt>
      <trkpt lat="34.30152" lon="-116.85663">
        <ele>2280.0</ele>
      </trkpt>
      <trkpt lat="34.30151" lon="-116.85646">
        <ele>2280.0</ele>
      </trkpt>
      <trkpt lat="34.3015" lon="-116.85631">
        <ele>2280.0</ele>
      </trkpt>
      <trkpt lat="34.3015" lon="-116.85616">
        <ele>2279.91</ele>
      </trkpt>
      <trkpt lat="34.30149" lon="-116.85602">
        <ele>2279.01</ele>
      </trkpt>
      <trkpt lat="34.30149" lon="-116.8558">
        <ele>2278.64</ele>
      </trkpt>
      <trkpt lat="34.3015" lon="-116.85567">
        <ele>2278.0</ele>
      </trkpt>
      <trkpt lat="34.30152" lon="-116.85559">
        <ele>2278.0</ele>
      </trkpt>
      <trkpt lat="34.30154" lon="-116.85553">
        <ele>2277.72</ele>
      </trkpt>
      <trkpt lat="34.3016" lon="-116.85539">
        <ele>2277.0</ele>
      </trkpt>
      <trkpt lat="34.30165" lon="-116.85526">
        <ele>2276.0</ele>
      </trkpt>
      <trkpt lat="34.30172" lon="-116.85509">
        <ele>2275.0</ele>
      </trkpt>
      <trkpt lat="34.30177" lon="-116.85493">
        <ele>2274.24</ele>
      </trkpt>
      <trkpt lat="34.30185" lon="-116.8547">
        <ele>2272.76</ele>
      </trkpt>
      <trkpt lat="34.30192" lon="-116.85452">
        <ele>2272.0</ele>
      </trkpt>
      <trkpt lat="34.302" lon="-116.85435">
        <ele>2272.0</ele>
      </trkpt>
      <trkpt lat="34.30206" lon="-116.85422">
        <ele>2271.86</ele>
      </trkpt>
      <trkpt lat="34.30209" lon="-116.85417">
        <ele>2271.98</ele>
      </trkpt>
      <trkpt lat="34.30214" lon="-116.85407">
        <ele>2272.0</ele>
      </trkpt>
      <trkpt lat="34.30221" lon="-116.85393">
        <ele>2272.0</ele>
      </trkpt>
      <trkpt lat="34.30229" lon="-116.8538">
        <ele>2271.27</ele>
      </trkpt>
      <trkpt lat="34.30233" lon="-116.85375">
        <ele>2270.84</ele>
      </trkpt>
      <trkpt lat="34.30237" lon="-116.85371">
        <ele>2270.4</ele>
      </trkpt>
      <trkpt lat="34.3025" lon="-116.8536">
        <ele>2269.12</ele>
      </trkpt>
      <trkpt lat="34.30262" lon="-116.85351">
        <ele>2269.06</ele>
      </trkpt>
      <trkpt lat="34.30279" lon="-116.85339">
        <ele>2268.87</ele>
      </trkpt>
      <trkpt lat="34.30289" lon="-116.85331">
        <ele>2268.2</ele>
      </trkpt>
      <trkpt lat="34.30301" lon="-116.85323">
        <ele>2268.12</ele>
      </trkpt>
      <trkpt lat="34.30313" lon="-116.85313">
        <ele>2268.39</ele>
      </trkpt>
      <trkpt lat="34.30331" lon="-116.85298">
        <ele>2268.21</ele>
      </trkpt>
      <trkpt lat="34.3034" lon="-116.85291">
        <ele>2268.16</ele>
      </trkpt>
      <trkpt lat="34.30347" lon="-116.85286">
        <ele>2267.64</ele>
      </trkpt>
      <trkpt lat="34.30355" lon="-116.8528">
        <ele>2267.42</ele>
      </trkpt>
      <trkpt lat="34.30366" lon="-116.85274">
        <ele>2267.41</ele>
      </trkpt>
      <trkpt lat="34.3038" lon="-116.85266">
        <ele>2268.24</ele>
      </trkpt>
      <trkpt lat="34.30391" lon="-116.85261">
        <ele>2268.4</ele>
      </trkpt>
      <trkpt lat="34.30412" lon="-116.85256">
        <ele>2267.7</ele>
      </trkpt>
      <trkpt lat="34.30426" lon="-116.85253">
        <ele>2268.34</ele>
      </trkpt>
      <trkpt lat="34.30437" lon="-116.85251">
        <ele>2267.76</ele>
      </trkpt>
      <trkpt lat="34.30447" lon="-116.85249">
        <ele>2267.94</ele>
      </trkpt>
      <trkpt lat="34.30458" lon="-116.85247">
        <ele>2267.18</ele>
      </trkpt>
      <trkpt lat="34.30476" lon="-116.85238">
        <ele>2268.01</ele>
      </trkpt>
      <trkpt lat="34.30485" lon="-116.85233">
        <ele>2267.91</ele>
      </trkpt>
      <trkpt lat="34.30492" lon="-116.85228">
        <ele>2267.62</ele>
      </trkpt>
      <trkpt lat="34.30501" lon="-116.8522">
        <ele>2268.02</ele>
      </trkpt>
      <trkpt lat="34.30505" lon="-116.85214">
        <ele>2267.81</ele>
      </trkpt>
      <trkpt lat="34.30508" lon="-116.85209">
        <ele>2267.64</ele>
      </trkpt>
      <trkpt lat="34.3051" lon="-116.85206">
        <ele>2267.59</ele>
      </trkpt>
      <trkpt lat="34.30511" lon="-116.85202">
        <ele>2267.66</ele>
      </trkpt>
      <trkpt lat="34.30513" lon="-116.85196">
        <ele>2267.53</ele>
      </trkpt>
      <trkpt lat="34.30514" lon="-116.85189">
        <ele>2267.77</ele>
      </trkpt>
      <trkpt lat="34.30514" lon="-116.85179">
        <ele>2267.98</ele>
      </trkpt>
      <trkpt lat="34.30515" lon="-116.85173">
        <ele>2267.64</ele>
      </trkpt>
      <trkpt lat="34.30515" lon="-116.85152">
        <ele>2266.8</ele>
      </trkpt>
      <trkpt lat="34.30516" lon="-116.85132">
        <ele>2266.27</ele>
      </trkpt>
      <trkpt lat="34.30516" lon="-116.85114">
        <ele>2266.27</ele>
      </trkpt>
      <trkpt lat="34.30516" lon="-116.85101">
        <ele>2265.27</ele>
      </trkpt>
      <trkpt lat="34.30516" lon="-116.85092">
        <ele>2265.21</ele>
      </trkpt>
      <trkpt lat="34.30515" lon="-116.85086">
        <ele>2264.67</ele>
      </trkpt>
      <trkpt lat="34.30515" lon="-116.85078">
        <ele>2264.38</ele>
      </trkpt>
      <trkpt lat="34.30513" lon="-116.8506">
        <ele>2263.79</ele>
      </trkpt>
      <trkpt lat="34.30513" lon="-116.85043">
        <ele>2262.86</ele>
      </trkpt>
      <trkpt lat="34.30513" lon="-116.85038">
        <ele>2262.64</ele>
      </trkpt>
      <trkpt lat="34.30514" lon="-116.85017">
        <ele>2261.41</ele>
      </trkpt>
      <trkpt lat="34.30515" lon="-116.85">
        <ele>2260.38</ele>
      </trkpt>
      <trkpt lat="34.30519" lon="-116.84967">
        <ele>2258.44</ele>
      </trkpt>
      <trkpt lat="34.30522" lon="-116.84943">
        <ele>2257.0</ele>
      </trkpt>
      <trkpt lat="34.30524" lon="-116.84918">
        <ele>2255.14</ele>
      </trkpt>
      <trkpt lat="34.30525" lon="-116.84904">
        <ele>2254.74</ele>
      </trkpt>
      <trkpt lat="34.30525" lon="-116.84891">
        <ele>2254.07</ele>
      </trkpt>
      <trkpt lat="34.30524" lon="-116.8488">
        <ele>2254.0</ele>
      </trkpt>
      <trkpt lat="34.30524" lon="-116.84875">
        <ele>2253.7</ele>
      </trkpt>
      <trkpt lat="34.30524" lon="-116.84872">
        <ele>2253.51</ele>
      </trkpt>
      <trkpt lat="34.30521" lon="-116.84859">
        <ele>2253.57</ele>
      </trkpt>
      <trkpt lat="34.30519" lon="-116.84852">
        <ele>2253.02</ele>
      </trkpt>
      <trkpt lat="34.30517" lon="-116.84847">
        <ele>2253.16</ele>
      </trkpt>
      <trkpt lat="34.30514" lon="-116.84838">
        <ele>2253.49</ele>
      </trkpt>
      <trkpt lat="34.30511" lon="-116.84833">
        <ele>2253.81</ele>
      </trkpt>
      <trkpt lat="34.30508" lon="-116.84822">
        <ele>2254.14</ele>
      </trkpt>
      <trkpt lat="34.30507" lon="-116.84812">
        <ele>2254.24</ele>
      </trkpt>
      <trkpt lat="34.30507" lon="-116.84793">
        <ele>2253.4</ele>
      </trkpt>
      <trkpt lat="34.30508" lon="-116.8478">
        <ele>2252.48</ele>
      </trkpt>
      <trkpt lat="34.30508" lon="-116.84769">
        <ele>2251.32</ele>
      </trkpt>
      <trkpt lat="34.30507" lon="-116.84754">
        <ele>2250.92</ele>
      </trkpt>
      <trkpt lat="34.30504" lon="-116.84734">
        <ele>2249.82</ele>
      </trkpt>
      <trkpt lat="34.30502" lon="-116.84724">
        <ele>2249.72</ele>
      </trkpt>
      <trkpt lat="34.30497" lon="-116.8471">
        <ele>2249.65</ele>
      </trkpt>
      <trkpt lat="34.30492" lon="-116.84693">
        <ele>2249.57</ele>
      </trkpt>
      <trkpt lat="34.30491" lon="-116.84687">
        <ele>2249.14</ele>
      </trkpt>
      <trkpt lat="34.30489" lon="-116.84679">
        <ele>2248.9</ele>
      </trkpt>
      <trkpt lat="34.30488" lon="-116.84673">
        <ele>2248.57</ele>
      </trkpt>
      <trkpt lat="34.30487" lon="-116.84668">
        <ele>2248.36</ele>
      </trkpt>
      <trkpt lat="34.30484" lon="-116.84661">
        <ele>2248.57</ele>
      </trkpt>
      <trkpt lat="34.30481" lon="-116.84653">
        <ele>2248.18</ele>
      </trkpt>
      <trkpt lat="34.30471" lon="-116.84637">
        <ele>2248.88</ele>
      </trkpt>
      <trkpt lat="34.30467" lon="-116.84629">
        <ele>2248.59</ele>
      </trkpt>
      <trkpt lat="34.30459" lon="-116.84619">
        <ele>2248.56</ele>
      </trkpt>
      <trkpt lat="34.30452" lon="-116.84611">
        <ele>2248.54</ele>
      </trkpt>
      <trkpt lat="34.30442" lon="-116.84603">
        <ele>2248.87</ele>
      </trkpt>
      <trkpt lat="34.30434" lon="-116.84597">
        <ele>2249.21</ele>
      </trkpt>
      <trkpt lat="34.30424" lon="-116.8459">
        <ele>2249.43</ele>
      </trkpt>
      <trkpt lat="34.30414" lon="-116.84581">
        <ele>2249.07</ele>
      </trkpt>
      <trkpt lat="34.30401" lon="-116.84569">
        <ele>2249.29</ele>
      </trkpt>
      <trkpt lat="34.30393" lon="-116.8456">
        <ele>2248.23</ele>
      </trkpt>
      <trkpt lat="34.3039" lon="-116.84555">
        <ele>2246.88</ele>
      </trkpt>
      <trkpt lat="34.30386" lon="-116.84547">
        <ele>2245.49</ele>
      </trkpt>
      <trkpt lat="34.30384" lon="-116.84542">
        <ele>2244.6</ele>
      </trkpt>
      <trkpt lat="34.30383" lon="-116.84535">
        <ele>2243.42</ele>
      </trkpt>
      <trkpt lat="34.30383" lon="-116.84522">
        <ele>2242.01</ele>
      </trkpt>
      <trkpt lat="34.30384" lon="-116.84512">
        <ele>2241.9</ele>
      </trkpt>
      <trkpt lat="34.30386" lon="-116.84505">
        <ele>2241.77</ele>
      </trkpt>
      <trkpt lat="34.30388" lon="-116.84496">
        <ele>2241.68</ele>
      </trkpt>
      <trkpt lat="34.30389" lon="-116.84486">
        <ele>2241.46</ele>
      </trkpt>
      <trkpt lat="34.30387" lon="-116.84472">
        <ele>2241.38</ele>
      </trkpt>
      <trkpt lat="34.30385" lon="-116.84466">
        <ele>2241.17</ele>
      </trkpt>
      <trkpt lat="34.30371" lon="-116.84438">
        <ele>2241.12</ele>
      </trkpt>
      <trkpt lat="34.30367" lon="-116.84431">
        <ele>2241.48</ele>
      </trkpt>
      <trkpt lat="34.3036" lon="-116.84423">
        <ele>2241.61</ele>
      </trkpt>
      <trkpt lat="34.30355" lon="-116.84417">
        <ele>2241.39</ele>
      </trkpt>
      <trkpt lat="34.30352" lon="-116.84411">
        <ele>2241.36</ele>
      </trkpt>
      <trkpt lat="34.3035" lon="-116.84404">
        <ele>2241.03</ele>
      </trkpt>
      <trkpt lat="34.30348" lon="-116.84396">
        <ele>2240.6</ele>
      </trkpt>
      <trkpt lat="34.30327" lon="-116.84356">
        <ele>2241.44</ele>
      </trkpt>
      <trkpt lat="34.30321" lon="-116.8435">
        <ele>2241.4</ele>
      </trkpt>
      <trkpt lat="34.30309" lon="-116.84343">
        <ele>2241.74</ele>
      </trkpt>
      <trkpt lat="34.30301" lon="-116.84337">
        <ele>2241.48</ele>
      </trkpt>
      <trkpt lat="34.30296" lon="-116.84333">
        <ele>2240.99</ele>
      </trkpt>
      <trkpt lat="34.30291" lon="-116.84329">
        <ele>2241.21</ele>
      </trkpt>
      <trkpt lat="34.30285" lon="-116.84323">
        <ele>2241.21</ele>
      </trkpt>
      <trkpt lat="34.30274" lon="-116.84307">
        <ele>2240.63</ele>
      </trkpt>
      <trkpt lat="34.30263" lon="-116.84294">
        <ele>2241.19</ele>
      </trkpt>
      <trkpt lat="34.3026" lon="-116.8429">
        <ele>2241.84</ele>
      </trkpt>
      <trkpt lat="34.3026" lon="-116.84288">
        <ele>2241.84</ele>
      </trkpt>
      <trkpt lat="34.30258" lon="-116.84283">
        <ele>2243.1</ele>
      </trkpt>
      <trkpt lat="34.30258" lon="-116.84279">
        <ele>2243.65</ele>
      </trkpt>
      <trkpt lat="34.30258" lon="-116.84271">
        <ele>2244.75</ele>
      </trkpt>
      <trkpt lat="34.30259" lon="-116.84265">
        <ele>2245.01</ele>
      </trkpt>
      <trkpt lat="34.30263" lon="-116.84256">
        <ele>2244.54</ele>
      </trkpt>
      <trkpt lat="34.30265" lon="-116.84248">
        <ele>2244.79</ele>
      </trkpt>
      <trkpt lat="34.30275" lon="-116.84225">
        <ele>2243.9</ele>
      </trkpt>
      <trkpt lat="34.30285" lon="-116.84199">
        <ele>2242.5</ele>
      </trkpt>
      <trkpt lat="34.30296" lon="-116.84171">
        <ele>2241.63</ele>
      </trkpt>
      <trkpt lat="34.30297" lon="-116.84166">
        <ele>2241.77</ele>
      </trkpt>
      <trkpt lat="34.30299" lon="-116.84158">
        <ele>2241.12</ele>
      </trkpt>
      <trkpt lat="34.30299" lon="-116.8415">
        <ele>2241.36</ele>
      </trkpt>
      <trkpt lat="34.30299" lon="-116.84142">
        <ele>2241.89</ele>
      </trkpt>
      <trkpt lat="34.30298" lon="-116.8413">
        <ele>2242.45</ele>
      </trkpt>
      <trkpt lat="34.30296" lon="-116.84113">
        <ele>2243.16</ele>
      </trkpt>
      <trkpt lat="34.30296" lon="-116.84061">
        <ele>2242.1</ele>
      </trkpt>
      <trkpt lat="34.30295" lon="-116.84053">
        <ele>2242.14</ele>
      </trkpt>
      <trkpt lat="34.30295" lon="-116.84048">
        <ele>2241.6</ele>
      </trkpt>
      <trkpt lat="34.30294" lon="-116.84042">
        <ele>2241.28</ele>
      </trkpt>
      <trkpt lat="34.30291" lon="-116.84032">
        <ele>2241.72</ele>
      </trkpt>
      <trkpt lat="34.30285" lon="-116.84013">
        <ele>2242.06</ele>
      </trkpt>
      <trkpt lat="34.30276" lon="-116.83983">
        <ele>2241.77</ele>
      </trkpt>
      <trkpt lat="34.30266" lon="-116.83962">
        <ele>2242.68</ele>
      </trkpt>
      <trkpt lat="34.30262" lon="-116.83953">
        <ele>2242.31</ele>
      </trkpt>
      <trkpt lat="34.30258" lon="-116.83945">
        <ele>2242.34</ele>
      </trkpt>
      <trkpt lat="34.30253" lon="-116.83937">
        <ele>2241.74</ele>
      </trkpt>
      <trkpt lat="34.30248" lon="-116.83931">
        <ele>2241.53</ele>
      </trkpt>
      <trkpt lat="34.30242" lon="-116.83923">
        <ele>2240.82</ele>
      </trkpt>
      <trkpt lat="34.30238" lon="-116.8392">
        <ele>2240.27</ele>
      </trkpt>
      <trkpt lat="34.30232" lon="-116.83916">
        <ele>2239.8</ele>
      </trkpt>
      <trkpt lat="34.30225" lon="-116.83914">
        <ele>2240.12</ele>
      </trkpt>
      <trkpt lat="34.30212" lon="-116.83911">
        <ele>2240.86</ele>
      </trkpt>
      <trkpt lat="34.30195" lon="-116.83909">
        <ele>2241.63</ele>
      </trkpt>
      <trkpt lat="34.30181" lon="-116.83907">
        <ele>2242.28</ele>
      </trkpt>
      <trkpt lat="34.30169" lon="-116.83905">
        <ele>2242.15</ele>
      </trkpt>
      <trkpt lat="34.30158" lon="-116.83902">
        <ele>2242.18</ele>
      </trkpt>
      <trkpt lat="34.30142" lon="-116.83898">
        <ele>2241.61</ele>
      </trkpt>
      <trkpt lat="34.30119" lon="-116.83892">
        <ele>2240.29</ele>
      </trkpt>
      <trkpt lat="34.30104" lon="-116.8389">
        <ele>2239.27</ele>
      </trkpt>
      <trkpt lat="34.30092" lon="-116.8389">
        <ele>2239.18</ele>
      </trkpt>
      <trkpt lat="34.30082" lon="-116.8389">
        <ele>2238.38</ele>
      </trkpt>
      <trkpt lat="34.30075" lon="-116.83889">
        <ele>2238.92</ele>
      </trkpt>
      <trkpt lat="34.30068" lon="-116.83889">
        <ele>2240.34</ele>
      </trkpt>
      <trkpt lat="34.30063" lon="-116.83887">
        <ele>2240.83</ele>
      </trkpt>
      <trkpt lat="34.30059" lon="-116.83885">
        <ele>2241.05</ele>
      </trkpt>
      <trkpt lat="34.30055" lon="-116.83882">
        <ele>2241.32</ele>
      </trkpt>
      <trkpt lat="34.3005" lon="-116.83876">
        <ele>2241.05</ele>
      </trkpt>
      <trkpt lat="34.30047" lon="-116.83872">
        <ele>2241.04</ele>
      </trkpt>
      <trkpt lat="34.30044" lon="-116.83864">
        <ele>2241.74</ele>
      </trkpt>
      <trkpt lat="34.30042" lon="-116.83855">
        <ele>2242.39</ele>
      </trkpt>
      <trkpt lat="34.30042" lon="-116.83843">
        <ele>2242.84</ele>
      </trkpt>
      <trkpt lat="34.30043" lon="-116.8383">
        <ele>2242.07</ele>
      </trkpt>
      <trkpt lat="34.30044" lon="-116.83821">
        <ele>2241.41</ele>
      </trkpt>
      <trkpt lat="34.30043" lon="-116.83814">
        <ele>2240.92</ele>
      </trkpt>
      <trkpt lat="34.30042" lon="-116.8381">
        <ele>2240.59</ele>
      </trkpt>
      <trkpt lat="34.30042" lon="-116.83806">
        <ele>2239.93</ele>
      </trkpt>
      <trkpt lat="34.3004" lon="-116.83803">
        <ele>2240.26</ele>
      </trkpt>
      <trkpt lat="34.3003" lon="-116.83791">
        <ele>2241.14</ele>
      </trkpt>
      <trkpt lat="34.30023" lon="-116.83784">
        <ele>2241.05</ele>
      </trkpt>
      <trkpt lat="34.3001" lon="-116.83774">
        <ele>2240.62</ele>
      </trkpt>
      <trkpt lat="34.29993" lon="-116.83763">
        <ele>2239.97</ele>
      </trkpt>
      <trkpt lat="34.29983" lon="-116.83758">
        <ele>2239.56</ele>
      </trkpt>
      <trkpt lat="34.29975" lon="-116.83755">
        <ele>2239.78</ele>
      </trkpt>
      <trkpt lat="34.29969" lon="-116.83752">
        <ele>2239.7</ele>
      </trkpt>
      <trkpt lat="34.29954" lon="-116.83745">
        <ele>2239.35</ele>
      </trkpt>
      <trkpt lat="34.29931" lon="-116.83735">
        <ele>2240.59</ele>
      </trkpt>
      <trkpt lat="34.29925" lon="-116.83732">
        <ele>2240.37</ele>
      </trkpt>
      <trkpt lat="34.29921" lon="-116.8373">
        <ele>2240.66</ele>
      </trkpt>
      <trkpt lat="34.29915" lon="-116.83724">
        <ele>2239.72</ele>
      </trkpt>
      <trkpt lat="34.2991" lon="-116.83717">
        <ele>2239.0</ele>
      </trkpt>
      <trkpt lat="34.29908" lon="-116.83707">
        <ele>2239.47</ele>
      </trkpt>
      <trkpt lat="34.29907" lon="-116.83699">
        <ele>2241.17</ele>
      </trkpt>
      <trkpt lat="34.29907" lon="-116.83692">
        <ele>2242.72</ele>
      </trkpt>
      <trkpt lat="34.2991" lon="-116.83686">
        <ele>2242.73</ele>
      </trkpt>
      <trkpt lat="34.29914" lon="-116.83678">
        <ele>2242.7</ele>
      </trkpt>
      <trkpt lat="34.29922" lon="-116.83669">
        <ele>2241.02</ele>
      </trkpt>
      <trkpt lat="34.29929" lon="-116.83662">
        <ele>2239.84</ele>
      </trkpt>
      <trkpt lat="34.29936" lon="-116.83657">
        <ele>2238.91</ele>
      </trkpt>
      <trkpt lat="34.29947" lon="-116.8365">
        <ele>2237.25</ele>
      </trkpt>
      <trkpt lat="34.2995" lon="-116.83649">
        <ele>2236.71</ele>
      </trkpt>
      <trkpt lat="34.29963" lon="-116.83642">
        <ele>2232.33</ele>
      </trkpt>
      <trkpt lat="34.29972" lon="-116.83637">
        <ele>2230.26</ele>
      </trkpt>
      <trkpt lat="34.29978" lon="-116.83634">
        <ele>2228.66</ele>
      </trkpt>
      <trkpt lat="34.29983" lon="-116.83629">
        <ele>2227.86</ele>
      </trkpt>
      <trkpt lat="34.29991" lon="-116.83622">
        <ele>2227.59</ele>
      </trkpt>
      <trkpt lat="34.30006" lon="-116.83606">
        <ele>2227.52</ele>
      </trkpt>
      <trkpt lat="34.30011" lon="-116.83599">
        <ele>2228.05</ele>
      </trkpt>
      <trkpt lat="34.30017" lon="-116.83591">
        <ele>2227.84</ele>
      </trkpt>
      <trkpt lat="34.3002" lon="-116.83586">
        <ele>2227.94</ele>
      </trkpt>
      <trkpt lat="34.30022" lon="-116.83581">
        <ele>2228.38</ele>
      </trkpt>
      <trkpt lat="34.30029" lon="-116.83567">
        <ele>2229.13</ele>
      </trkpt>
      <trkpt lat="34.30033" lon="-116.83557">
        <ele>2229.15</ele>
      </trkpt>
      <trkpt lat="34.30039" lon="-116.83544">
        <ele>2228.61</ele>
      </trkpt>
      <trkpt lat="34.30045" lon="-116.83533">
        <ele>2227.86</ele>
      </trkpt>
      <trkpt lat="34.30053" lon="-116.83518">
        <ele>2227.66</ele>
      </trkpt>
      <trkpt lat="34.30059" lon="-116.83508">
        <ele>2228.53</ele>
      </trkpt>
      <trkpt lat="34.30065" lon="-116.83501">
        <ele>2228.72</ele>
      </trkpt>
      <trkpt lat="34.30077" lon="-116.83489">
        <ele>2228.49</ele>
      </trkpt>
      <trkpt lat="34.30087" lon="-116.8348">
        <ele>2228.2</ele>
      </trkpt>
      <trkpt lat="34.30097" lon="-116.8347">
        <ele>2228.17</ele>
      </trkpt>
      <trkpt lat="34.30108" lon="-116.83459">
        <ele>2227.86</ele>
      </trkpt>
      <trkpt lat="34.30124" lon="-116.83443">
        <ele>2227.62</ele>
      </trkpt>
      <trkpt lat="34.30136" lon="-116.83429">
        <ele>2227.27</ele>
      </trkpt>
      <trkpt lat="34.30142" lon="-116.83421">
        <ele>2227.59</ele>
      </trkpt>
      <trkpt lat="34.30145" lon="-116.83417">
        <ele>2227.91</ele>
      </trkpt>
      <trkpt lat="34.3015" lon="-116.83407">
        <ele>2227.49</ele>
      </trkpt>
      <trkpt lat="34.30153" lon="-116.834">
        <ele>2228.03</ele>
      </trkpt>
      <trkpt lat="34.30155" lon="-116.83395">
        <ele>2228.12</ele>
      </trkpt>
      <trkpt lat="34.30156" lon="-116.83392">
        <ele>2228.12</ele>
      </trkpt>
      <trkpt lat="34.30162" lon="-116.83374">
        <ele>2228.12</ele>
      </trkpt>
      <trkpt lat="34.30172" lon="-116.83341">
        <ele>2227.27</ele>
      </trkpt>
      <trkpt lat="34.30179" lon="-116.83319">
        <ele>2227.1</ele>
      </trkpt>
      <trkpt lat="34.30183" lon="-116.83301">
        <ele>2228.2</ele>
      </trkpt>
      <trkpt lat="34.30186" lon="-116.83284">
        <ele>2229.06</ele>
      </trkpt>
      <trkpt lat="34.30188" lon="-116.83271">
        <ele>2229.09</ele>
      </trkpt>
      <trkpt lat="34.30191" lon="-116.83256">
        <ele>2229.34</ele>
      </trkpt>
      <trkpt lat="34.30195" lon="-116.83232">
        <ele>2229.82</ele>
      </trkpt>
      <trkpt lat="34.30198" lon="-116.8322">
        <ele>2229.47</ele>
      </trkpt>
      <trkpt lat="34.30202" lon="-116.83207">
        <ele>2229.25</ele>
      </trkpt>
      <trkpt lat="34.30206" lon="-116.83195">
        <ele>2228.75</ele>
      </trkpt>
      <trkpt lat="34.3021" lon="-116.83186">
        <ele>2227.41</ele>
      </trkpt>
      <trkpt lat="34.30213" lon="-116.83181">
        <ele>2227.0</ele>
      </trkpt>
      <trkpt lat="34.30217" lon="-116.83175">
        <ele>2226.41</ele>
      </trkpt>
      <trkpt lat="34.3023" lon="-116.83162">
        <ele>2224.92</ele>
      </trkpt>
      <trkpt lat="34.30236" lon="-116.83155">
        <ele>2224.87</ele>
      </trkpt>
      <trkpt lat="34.30237" lon="-116.83152">
        <ele>2224.76</ele>
      </trkpt>
      <trkpt lat="34.3024" lon="-116.83145">
        <ele>2224.92</ele>
      </trkpt>
      <trkpt lat="34.30242" lon="-116.83135">
        <ele>2224.72</ele>
      </trkpt>
      <trkpt lat="34.30243" lon="-116.83122">
        <ele>2224.24</ele>
      </trkpt>
      <trkpt lat="34.30245" lon="-116.8311">
        <ele>2223.86</ele>
      </trkpt>
      <trkpt lat="34.30248" lon="-116.831">
        <ele>2223.74</ele>
      </trkpt>
      <trkpt lat="34.3025" lon="-116.8309">
        <ele>2223.72</ele>
      </trkpt>
      <trkpt lat="34.30252" lon="-116.83082">
        <ele>2223.29</ele>
      </trkpt>
      <trkpt lat="34.30254" lon="-116.83075">
        <ele>2222.96</ele>
      </trkpt>
      <trkpt lat="34.30254" lon="-116.83072">
        <ele>2222.64</ele>
      </trkpt>
      <trkpt lat="34.30255" lon="-116.83067">
        <ele>2222.32</ele>
      </trkpt>
      <trkpt lat="34.30255" lon="-116.83062">
        <ele>2222.08</ele>
      </trkpt>
      <trkpt lat="34.30256" lon="-116.83057">
        <ele>2222.3</ele>
      </trkpt>
      <trkpt lat="34.30256" lon="-116.83054">
        <ele>2222.13</ele>
      </trkpt>
      <trkpt lat="34.30257" lon="-116.83048">
        <ele>2221.7</ele>
      </trkpt>
      <trkpt lat="34.30257" lon="-116.83039">
        <ele>2220.72</ele>
      </trkpt>
      <trkpt lat="34.30258" lon="-116.83034">
        <ele>2220.07</ele>
      </trkpt>
      <trkpt lat="34.30258" lon="-116.8303">
        <ele>2219.21</ele>
      </trkpt>
      <trkpt lat="34.30259" lon="-116.83025">
        <ele>2218.35</ele>
      </trkpt>
      <trkpt lat="34.30259" lon="-116.8302">
        <ele>2217.29</ele>
      </trkpt>
      <trkpt lat="34.3026" lon="-116.83015">
        <ele>2216.7</ele>
      </trkpt>
      <trkpt lat="34.3026" lon="-116.83004">
        <ele>2215.56</ele>
      </trkpt>
      <trkpt lat="34.30261" lon="-116.82999">
        <ele>2215.27</ele>
      </trkpt>
      <trkpt lat="34.30261" lon="-116.82995">
        <ele>2214.84</ele>
      </trkpt>
      <trkpt lat="34.30262" lon="-116.8299">
        <ele>2214.51</ele>
      </trkpt>
      <trkpt lat="34.30264" lon="-116.82985">
        <ele>2214.4</ele>
      </trkpt>
      <trkpt lat="34.30265" lon="-116.82979">
        <ele>2213.97</ele>
      </trkpt>
      <trkpt lat="34.30267" lon="-116.82973">
        <ele>2213.76</ele>
      </trkpt>
      <trkpt lat="34.30269" lon="-116.82963">
        <ele>2212.11</ele>
      </trkpt>
      <trkpt lat="34.30272" lon="-116.82955">
        <ele>2211.89</ele>
      </trkpt>
      <trkpt lat="34.30274" lon="-116.82951">
        <ele>2211.89</ele>
      </trkpt>
      <trkpt lat="34.30278" lon="-116.82945">
        <ele>2212.11</ele>
      </trkpt>
      <trkpt lat="34.30286" lon="-116.82937">
        <ele>2212.17</ele>
      </trkpt>
      <trkpt lat="34.30295" lon="-116.8293">
        <ele>2211.36</ele>
      </trkpt>
      <trkpt lat="34.30303" lon="-116.82926">
        <ele>2211.73</ele>
      </trkpt>
      <trkpt lat="34.30307" lon="-116.82925">
        <ele>2211.8</ele>
      </trkpt>
      <trkpt lat="34.30311" lon="-116.82925">
        <ele>2211.8</ele>
      </trkpt>
      <trkpt lat="34.30316" lon="-116.82923">
        <ele>2211.28</ele>
      </trkpt>
      <trkpt lat="34.3032" lon="-116.82921">
        <ele>2210.67</ele>
      </trkpt>
      <trkpt lat="34.30324" lon="-116.82919">
        <ele>2210.25</ele>
      </trkpt>
      <trkpt lat="34.3033" lon="-116.82917">
        <ele>2208.76</ele>
      </trkpt>
      <trkpt lat="34.30337" lon="-116.82916">
        <ele>2207.11</ele>
      </trkpt>
      <trkpt lat="34.3035" lon="-116.82916">
        <ele>2205.06</ele>
      </trkpt>
      <trkpt lat="34.30359" lon="-116.82919">
        <ele>2204.73</ele>
      </trkpt>
      <trkpt lat="34.30372" lon="-116.82928">
        <ele>2205.27</ele>
      </trkpt>
      <trkpt lat="34.30383" lon="-116.82938">
        <ele>2206.44</ele>
      </trkpt>
      <trkpt lat="34.30388" lon="-116.82941">
        <ele>2206.41</ele>
      </trkpt>
      <trkpt lat="34.30395" lon="-116.82947">
        <ele>2206.33</ele>
      </trkpt>
      <trkpt lat="34.304" lon="-116.82952">
        <ele>2206.43</ele>
      </trkpt>
      <trkpt lat="34.30409" lon="-116.82959">
        <ele>2206.87</ele>
      </trkpt>
      <trkpt lat="34.30421" lon="-116.82966">
        <ele>2206.5</ele>
      </trkpt>
      <trkpt lat="34.30435" lon="-116.82974">
        <ele>2206.4</ele>
      </trkpt>
      <trkpt lat="34.30446" lon="-116.82978">
        <ele>2206.46</ele>
      </trkpt>
      <trkpt lat="34.30447" lon="-116.82978">
        <ele>2206.35</ele>
      </trkpt>
      <trkpt lat="34.30449" lon="-116.82977">
        <ele>2206.02</ele>
      </trkpt>
      <trkpt lat="34.30451" lon="-116.82978">
        <ele>2205.92</ele>
      </trkpt>
      <trkpt lat="34.30454" lon="-116.82977">
        <ele>2205.52</ele>
      </trkpt>
      <trkpt lat="34.30455" lon="-116.82978">
        <ele>2205.62</ele>
      </trkpt>
      <trkpt lat="34.30459" lon="-116.82975">
        <ele>2205.3</ele>
      </trkpt>
      <trkpt lat="34.30461" lon="-116.82972">
        <ele>2204.99</ele>
      </trkpt>
      <trkpt lat="34.30462" lon="-116.82969">
        <ele>2204.96</ele>
      </trkpt>
      <trkpt lat="34.30463" lon="-116.82964">
        <ele>2205.0</ele>
      </trkpt>
      <trkpt lat="34.30464" lon="-116.82955">
        <ele>2204.24</ele>
      </trkpt>
      <trkpt lat="34.30465" lon="-116.82946">
        <ele>2203.39</ele>
      </trkpt>
      <trkpt lat="34.30469" lon="-116.82927">
        <ele>2202.34</ele>
      </trkpt>
      <trkpt lat="34.30473" lon="-116.82908">
        <ele>2201.23</ele>
      </trkpt>
      <trkpt lat="34.30478" lon="-116.82886">
        <ele>2199.56</ele>
      </trkpt>
      <trkpt lat="34.30484" lon="-116.82856">
        <ele>2196.99</ele>
      </trkpt>
      <trkpt lat="34.30484" lon="-116.82851">
        <ele>2196.45</ele>
      </trkpt>
      <trkpt lat="34.30485" lon="-116.82843">
        <ele>2195.8</ele>
      </trkpt>
      <trkpt lat="34.30486" lon="-116.82838">
        <ele>2195.24</ele>
      </trkpt>
      <trkpt lat="34.30488" lon="-116.82831">
        <ele>2194.13</ele>
      </trkpt>
      <trkpt lat="34.30492" lon="-116.82822">
        <ele>2192.58</ele>
      </trkpt>
      <trkpt lat="34.30498" lon="-116.82808">
        <ele>2190.31</ele>
      </trkpt>
      <trkpt lat="34.305" lon="-116.82804">
        <ele>2189.83</ele>
      </trkpt>
      <trkpt lat="34.3051" lon="-116.82781">
        <ele>2188.83</ele>
      </trkpt>
      <trkpt lat="34.30519" lon="-116.8276">
        <ele>2187.18</ele>
      </trkpt>
      <trkpt lat="34.30525" lon="-116.82745">
        <ele>2186.16</ele>
      </trkpt>
      <trkpt lat="34.30531" lon="-116.82731">
        <ele>2185.3</ele>
      </trkpt>
      <trkpt lat="34.30536" lon="-116.82717">
        <ele>2184.26</ele>
      </trkpt>
      <trkpt lat="34.30542" lon="-116.82701">
        <ele>2180.8</ele>
      </trkpt>
      <trkpt lat="34.30548" lon="-116.82689">
        <ele>2178.12</ele>
      </trkpt>
      <trkpt lat="34.30554" lon="-116.82676">
        <ele>2176.85</ele>
      </trkpt>
      <trkpt lat="34.30559" lon="-116.82669">
        <ele>2175.88</ele>
      </trkpt>
      <trkpt lat="34.30562" lon="-116.82665">
        <ele>2175.46</ele>
      </trkpt>
      <trkpt lat="34.3057" lon="-116.82657">
        <ele>2175.47</ele>
      </trkpt>
      <trkpt lat="34.30576" lon="-116.82652">
        <ele>2175.16</ele>
      </trkpt>
      <trkpt lat="34.30581" lon="-116.82645">
        <ele>2174.9</ele>
      </trkpt>
      <trkpt lat="34.30588" lon="-116.82635">
        <ele>2173.88</ele>
      </trkpt>
      <trkpt lat="34.30598" lon="-116.82622">
        <ele>2172.83</ele>
      </trkpt>
      <trkpt lat="34.30602" lon="-116.82618">
        <ele>2172.49</ele>
      </trkpt>
      <trkpt lat="34.30617" lon="-116.82606">
        <ele>2170.61</ele>
      </trkpt>
      <trkpt lat="34.30624" lon="-116.82598">
        <ele>2168.52</ele>
      </trkpt>
      <trkpt lat="34.30627" lon="-116.82594">
        <ele>2167.35</ele>
      </trkpt>
      <trkpt lat="34.3063" lon="-116.82584">
        <ele>2165.18</ele>
      </trkpt>
      <trkpt lat="34.30633" lon="-116.82575">
        <ele>2164.46</ele>
      </trkpt>
      <trkpt lat="34.30639" lon="-116.82559">
        <ele>2162.38</ele>
      </trkpt>
      <trkpt lat="34.30644" lon="-116.82545">
        <ele>2161.41</ele>
      </trkpt>
      <trkpt lat="34.30649" lon="-116.82531">
        <ele>2160.38</ele>
      </trkpt>
      <trkpt lat="34.30653" lon="-116.82521">
        <ele>2158.92</ele>
      </trkpt>
      <trkpt lat="34.30666" lon="-116.82493">
        <ele>2154.49</ele>
      </trkpt>
      <trkpt lat="34.30674" lon="-116.82476">
        <ele>2152.28</ele>
      </trkpt>
      <trkpt lat="34.30677" lon="-116.82469">
        <ele>2151.34</ele>
      </trkpt>
      <trkpt lat="34.3068" lon="-116.82465">
        <ele>2150.78</ele>
      </trkpt>
      <trkpt lat="34.30682" lon="-116.82461">
        <ele>2150.44</ele>
      </trkpt>
      <trkpt lat="34.30687" lon="-116.82455">
        <ele>2150.14</ele>
      </trkpt>
      <trkpt lat="34.30691" lon="-116.82451">
        <ele>2149.71</ele>
      </trkpt>
      <trkpt lat="34.30699" lon="-116.82446">
        <ele>2149.17</ele>
      </trkpt>
      <trkpt lat="34.3071" lon="-116.82444">
        <ele>2148.95</ele>
      </trkpt>
      <trkpt lat="34.30718" lon="-116.82445">
        <ele>2149.03</ele>
      </trkpt>
      <trkpt lat="34.30725" lon="-116.82448">
        <ele>2148.82</ele>
      </trkpt>
      <trkpt lat="34.30738" lon="-116.82457">
        <ele>2148.05</ele>
      </trkpt>
      <trkpt lat="34.30748" lon="-116.82463">
        <ele>2146.22</ele>
      </trkpt>
      <trkpt lat="34.30755" lon="-116.82467">
        <ele>2145.46</ele>
      </trkpt>
      <trkpt lat="34.30758" lon="-116.82467">
        <ele>2145.14</ele>
      </trkpt>
      <trkpt lat="34.30762" lon="-116.82467">
        <ele>2145.0</ele>
      </trkpt>
      <trkpt lat="34.30763" lon="-116.82466">
        <ele>2145.0</ele>
      </trkpt>
      <trkpt lat="34.30765" lon="-116.82462">
        <ele>2145.0</ele>
      </trkpt>
      <trkpt lat="34.30765" lon="-116.82453">
        <ele>2144.92</ele>
      </trkpt>
      <trkpt lat="34.30762" lon="-116.82436">
        <ele>2143.73</ele>
      </trkpt>
      <trkpt lat="34.30759" lon="-116.82426">
        <ele>2143.01</ele>
      </trkpt>
      <trkpt lat="34.30755" lon="-116.82407">
        <ele>2138.89</ele>
      </trkpt>
      <trkpt lat="34.30752" lon="-116.8239">
        <ele>2135.34</ele>
      </trkpt>
      <trkpt lat="34.30751" lon="-116.82383">
        <ele>2134.47</ele>
      </trkpt>
      <trkpt lat="34.3075" lon="-116.82377">
        <ele>2134.0</ele>
      </trkpt>
      <trkpt lat="34.30748" lon="-116.82366">
        <ele>2133.53</ele>
      </trkpt>
      <trkpt lat="34.30745" lon="-116.82354">
        <ele>2133.0</ele>
      </trkpt>
      <trkpt lat="34.3074" lon="-116.82339">
        <ele>2132.13</ele>
      </trkpt>
      <trkpt lat="34.30739" lon="-116.82336">
        <ele>2132.24</ele>
      </trkpt>
      <trkpt lat="34.30736" lon="-116.82331">
        <ele>2132.13</ele>
      </trkpt>
      <trkpt lat="34.30724" lon="-116.82312">
        <ele>2129.2</ele>
      </trkpt>
      <trkpt lat="34.30712" lon="-116.82295">
        <ele>2123.76</ele>
      </trkpt>
      <trkpt lat="34.30704" lon="-116.82286">
        <ele>2121.92</ele>
      </trkpt>
      <trkpt lat="34.30699" lon="-116.82283">
        <ele>2121.56</ele>
      </trkpt>
      <trkpt lat="34.30689" lon="-116.8228">
        <ele>2121.24</ele>
      </trkpt>
      <trkpt lat="34.30672" lon="-116.82276">
        <ele>2119.73</ele>
      </trkpt>
      <trkpt lat="34.30652" lon="-116.82275">
        <ele>2117.41</ele>
      </trkpt>
      <trkpt lat="34.30641" lon="-116.82276">
        <ele>2115.89</ele>
      </trkpt>
      <trkpt lat="34.30628" lon="-116.82278">
        <ele>2114.85</ele>
      </trkpt>
      <trkpt lat="34.3062" lon="-116.82281">
        <ele>2114.31</ele>
      </trkpt>
      <trkpt lat="34.30614" lon="-116.82283">
        <ele>2113.88</ele>
      </trkpt>
      <trkpt lat="34.30609" lon="-116.82286">
        <ele>2113.43</ele>
      </trkpt>
      <trkpt lat="34.30604" lon="-116.82289">
        <ele>2112.68</ele>
      </trkpt>
      <trkpt lat="34.30598" lon="-116.82292">
        <ele>2112.12</ele>
      </trkpt>
      <trkpt lat="34.30591" lon="-116.82294">
        <ele>2111.45</ele>
      </trkpt>
      <trkpt lat="34.30584" lon="-116.82295">
        <ele>2110.13</ele>
      </trkpt>
      <trkpt lat="34.30574" lon="-116.82295">
        <ele>2108.85</ele>
      </trkpt>
      <trkpt lat="34.30557" lon="-116.82293">
        <ele>2107.16</ele>
      </trkpt>
      <trkpt lat="34.30539" lon="-116.82289">
        <ele>2105.42</ele>
      </trkpt>
      <trkpt lat="34.30534" lon="-116.82288">
        <ele>2105.1</ele>
      </trkpt>
      <trkpt lat="34.30528" lon="-116.82287">
        <ele>2105.0</ele>
      </trkpt>
      <trkpt lat="34.30519" lon="-116.82286">
        <ele>2103.94</ele>
      </trkpt>
      <trkpt lat="34.30504" lon="-116.82283">
        <ele>2102.0</ele>
      </trkpt>
      <trkpt lat="34.30483" lon="-116.82278">
        <ele>2099.05</ele>
      </trkpt>
      <trkpt lat="34.30474" lon="-116.82277">
        <ele>2098.92</ele>
      </trkpt>
      <trkpt lat="34.30458" lon="-116.82277">
        <ele>2098.92</ele>
      </trkpt>
      <trkpt lat="34.30449" lon="-116.8228">
        <ele>2098.85</ele>
      </trkpt>
      <trkpt lat="34.3044" lon="-116.82282">
        <ele>2098.69</ele>
      </trkpt>
      <trkpt lat="34.30433" lon="-116.82285">
        <ele>2098.78</ele>
      </trkpt>
      <trkpt lat="34.30427" lon="-116.82287">
        <ele>2099.0</ele>
      </trkpt>
      <trkpt lat="34.30419" lon="-116.8229">
        <ele>2098.81</ele>
      </trkpt>
      <trkpt lat="34.3041" lon="-116.8229">
        <ele>2098.41</ele>
      </trkpt>
      <trkpt lat="34.30403" lon="-116.82289">
        <ele>2098.21</ele>
      </trkpt>
      <trkpt lat="34.30399" lon="-116.82288">
        <ele>2098.1</ele>
      </trkpt>
      <trkpt lat="34.30397" lon="-116.82286">
        <ele>2097.78</ele>
      </trkpt>
      <trkpt lat="34.30388" lon="-116.8228">
        <ele>2096.93</ele>
      </trkpt>
      <trkpt lat="34.30379" lon="-116.82271">
        <ele>2096.0</ele>
      </trkpt>
      <trkpt lat="34.30369" lon="-116.82265">
        <ele>2095.62</ele>
      </trkpt>
      <trkpt lat="34.30362" lon="-116.82263">
        <ele>2095.4</ele>
      </trkpt>
      <trkpt lat="34.30356" lon="-116.82262">
        <ele>2095.3</ele>
      </trkpt>
      <trkpt lat="34.30347" lon="-116.82264">
        <ele>2094.99</ele>
      </trkpt>
      <trkpt lat="34.30328" lon="-116.82268">
        <ele>2094.94</ele>
      </trkpt>
      <trkpt lat="34.30299" lon="-116.82275">
        <ele>2093.99</ele>
      </trkpt>
      <trkpt lat="34.30289" lon="-116.82279">
        <ele>2093.48</ele>
      </trkpt>
      <trkpt lat="34.30283" lon="-116.82282">
        <ele>2093.48</ele>
      </trkpt>
      <trkpt lat="34.30276" lon="-116.82285">
        <ele>2093.37</ele>
      </trkpt>
      <trkpt lat="34.30269" lon="-116.82289">
        <ele>2093.26</ele>
      </trkpt>
      <trkpt lat="34.30258" lon="-116.82296">
        <ele>2092.8</ele>
      </trkpt>
      <trkpt lat="34.30245" lon="-116.82304">
        <ele>2092.29</ele>
      </trkpt>
      <trkpt lat="34.30231" lon="-116.82312">
        <ele>2091.61</ele>
      </trkpt>
      <trkpt lat="34.30227" lon="-116.82314">
        <ele>2090.99</ele>
      </trkpt>
      <trkpt lat="34.30216" lon="-116.82317">
        <ele>2089.56</ele>
      </trkpt>
      <trkpt lat="34.30206" lon="-116.8232">
        <ele>2089.14</ele>
      </trkpt>
      <trkpt lat="34.30196" lon="-116.82321">
        <ele>2089.28</ele>
      </trkpt>
      <trkpt lat="34.30186" lon="-116.82322">
        <ele>2089.22</ele>
      </trkpt>
      <trkpt lat="34.3017" lon="-116.82323">
        <ele>2089.12</ele>
      </trkpt>
      <trkpt lat="34.30152" lon="-116.82323">
        <ele>2088.53</ele>
      </trkpt>
      <trkpt lat="34.30135" lon="-116.82322">
        <ele>2088.22</ele>
      </trkpt>
      <trkpt lat="34.30111" lon="-116.82316">
        <ele>2087.86</ele>
      </trkpt>
      <trkpt lat="34.30104" lon="-116.82313">
        <ele>2087.38</ele>
      </trkpt>
      <trkpt lat="34.30096" lon="-116.82309">
        <ele>2087.0</ele>
      </trkpt>
      <trkpt lat="34.30086" lon="-116.82303">
        <ele>2086.56</ele>
      </trkpt>
      <trkpt lat="34.30071" lon="-116.82293">
        <ele>2086.79</ele>
      </trkpt>
      <trkpt lat="34.30053" lon="-116.82281">
        <ele>2086.65</ele>
      </trkpt>
      <trkpt lat="34.30032" lon="-116.8227">
        <ele>2086.84</ele>
      </trkpt>
      <trkpt lat="34.30015" lon="-116.82262">
        <ele>2086.44</ele>
      </trkpt>
      <trkpt lat="34.30002" lon="-116.82256">
        <ele>2086.08</ele>
      </trkpt>
      <trkpt lat="34.29985" lon="-116.8225">
        <ele>2084.38</ele>
      </trkpt>
      <trkpt lat="34.29962" lon="-116.82243">
        <ele>2081.9</ele>
      </trkpt>
      <trkpt lat="34.29946" lon="-116.82237">
        <ele>2080.5</ele>
      </trkpt>
      <trkpt lat="34.29939" lon="-116.82234">
        <ele>2080.3</ele>
      </trkpt>
      <trkpt lat="34.29931" lon="-116.82229">
        <ele>2079.55</ele>
      </trkpt>
      <trkpt lat="34.29922" lon="-116.82221">
        <ele>2079.0</ele>
      </trkpt>
      <trkpt lat="34.29914" lon="-116.8221">
        <ele>2078.71</ele>
      </trkpt>
      <trkpt lat="34.29907" lon="-116.82198">
        <ele>2078.0</ele>
      </trkpt>
      <trkpt lat="34.29904" lon="-116.8219">
        <ele>2078.0</ele>
      </trkpt>
      <trkpt lat="34.29902" lon="-116.82184">
        <ele>2078.0</ele>
      </trkpt>
      <trkpt lat="34.29896" lon="-116.8216">
        <ele>2077.0</ele>
      </trkpt>
      <trkpt lat="34.29891" lon="-116.8214">
        <ele>2076.23</ele>
      </trkpt>
      <trkpt lat="34.29885" lon="-116.82115">
        <ele>2074.76</ele>
      </trkpt>
      <trkpt lat="34.29879" lon="-116.82092">
        <ele>2073.94</ele>
      </trkpt>
      <trkpt lat="34.29873" lon="-116.82068">
        <ele>2074.19</ele>
      </trkpt>
      <trkpt lat="34.29868" lon="-116.82047">
        <ele>2074.69</ele>
      </trkpt>
      <trkpt lat="34.29864" lon="-116.8203">
        <ele>2075.24</ele>
      </trkpt>
      <trkpt lat="34.29859" lon="-116.82018">
        <ele>2075.04</ele>
      </trkpt>
      <trkpt lat="34.29854" lon="-116.82004">
        <ele>2075.23</ele>
      </trkpt>
      <trkpt lat="34.29848" lon="-116.81992">
        <ele>2075.0</ele>
      </trkpt>
      <trkpt lat="34.29837" lon="-116.81977">
        <ele>2075.0</ele>
      </trkpt>
      <trkpt lat="34.29824" lon="-116.81964">
        <ele>2075.0</ele>
      </trkpt>
      <trkpt lat="34.29811" lon="-116.81952">
        <ele>2074.66</ele>
      </trkpt>
      <trkpt lat="34.29797" lon="-116.8194">
        <ele>2074.52</ele>
      </trkpt>
      <trkpt lat="34.29787" lon="-116.81932">
        <ele>2074.0</ele>
      </trkpt>
      <trkpt lat="34.29778" lon="-116.81925">
        <ele>2074.0</ele>
      </trkpt>
      <trkpt lat="34.29761" lon="-116.81911">
        <ele>2073.0</ele>
      </trkpt>
      <trkpt lat="34.29754" lon="-116.81907">
        <ele>2072.43</ele>
      </trkpt>
      <trkpt lat="34.29733" lon="-116.81891">
        <ele>2071.16</ele>
      </trkpt>
      <trkpt lat="34.29721" lon="-116.81881">
        <ele>2071.0</ele>
      </trkpt>
      <trkpt lat="34.29681" lon="-116.8185">
        <ele>2070.0</ele>
      </trkpt>
      <trkpt lat="34.29657" lon="-116.8183">
        <ele>2069.03</ele>
      </trkpt>
      <trkpt lat="34.29649" lon="-116.81821">
        <ele>2069.0</ele>
      </trkpt>
      <trkpt lat="34.29637" lon="-116.81807">
        <ele>2068.16</ele>
      </trkpt>
      <trkpt lat="34.29623" lon="-116.81788">
        <ele>2067.1</ele>
      </trkpt>
      <trkpt lat="34.29607" lon="-116.81764">
        <ele>2065.28</ele>
      </trkpt>
      <trkpt lat="34.29604" lon="-116.81759">
        <ele>2064.97</ele>
      </trkpt>
      <trkpt lat="34.296" lon="-116.81749">
        <ele>2063.69</ele>
      </trkpt>
      <trkpt lat="34.29593" lon="-116.81733">
        <ele>2062.04</ele>
      </trkpt>
      <trkpt lat="34.29586" lon="-116.81713">
        <ele>2062.0</ele>
      </trkpt>
      <trkpt lat="34.29579" lon="-116.81692">
        <ele>2061.0</ele>
      </trkpt>
      <trkpt lat="34.29577" lon="-116.81682">
        <ele>2060.76</ele>
      </trkpt>
      <trkpt lat="34.2957" lon="-116.81664">
        <ele>2059.87</ele>
      </trkpt>
      <trkpt lat="34.29564" lon="-116.81647">
        <ele>2059.0</ele>
      </trkpt>
      <trkpt lat="34.2956" lon="-116.81635">
        <ele>2059.0</ele>
      </trkpt>
      <trkpt lat="34.29555" lon="-116.81623">
        <ele>2059.0</ele>
      </trkpt>
      <trkpt lat="34.2955" lon="-116.8161">
        <ele>2059.0</ele>
      </trkpt>
      <trkpt lat="34.29538" lon="-116.81586">
        <ele>2058.07</ele>
      </trkpt>
      <trkpt lat="34.2953" lon="-116.81572">
        <ele>2058.0</ele>
      </trkpt>
      <trkpt lat="34.29523" lon="-116.81564">
        <ele>2058.0</ele>
      </trkpt>
      <trkpt lat="34.29515" lon="-116.81554">
        <ele>2057.68</ele>
      </trkpt>
      <trkpt lat="34.29504" lon="-116.81543">
        <ele>2057.43</ele>
      </trkpt>
      <trkpt lat="34.2949" lon="-116.81529">
        <ele>2057.0</ele>
      </trkpt>
      <trkpt lat="34.29474" lon="-116.81513">
        <ele>2056.67</ele>
      </trkpt>
      <trkpt lat="34.29469" lon="-116.81506">
        <ele>2056.65</ele>
      </trkpt>
      <trkpt lat="34.29466" lon="-116.81502">
        <ele>2056.33</ele>
      </trkpt>
      <trkpt lat="34.29463" lon="-116.81498">
        <ele>2056.0</ele>
      </trkpt>
      <trkpt lat="34.29459" lon="-116.81492">
        <ele>2056.0</ele>
      </trkpt>
      <trkpt lat="34.29453" lon="-116.81483">
        <ele>2055.92</ele>
      </trkpt>
      <trkpt lat="34.2944" lon="-116.81464">
        <ele>2055.52</ele>
      </trkpt>
      <trkpt lat="34.29425" lon="-116.81442">
        <ele>2054.93</ele>
      </trkpt>
      <trkpt lat="34.29409" lon="-116.81417">
        <ele>2054.17</ele>
      </trkpt>
      <trkpt lat="34.29404" lon="-116.81409">
        <ele>2054.0</ele>
      </trkpt>
      <trkpt lat="34.29403" lon="-116.81409">
        <ele>2054.0</ele>
      </trkpt>
      <trkpt lat="34.29384" lon="-116.81381">
        <ele>2053.47</ele>
      </trkpt>
    </trkseg>
  </trk>
</gpx>
