<?xml version="1.0"?>
<gpx xmlns="http://www.topografix.com/GPX/1/1" xmlns:xsi="http://www.w3.org/2001/XMLSchema-instance" version="1.1" creator="AllTrails.com" xsi:schemaLocation="http://www.topografix.com/GPX/1/1 http://www.topografix.com/GPX/1/1/gpx.xsd">
  <metadata>
    <name><![CDATA[Coxey OHV Road]]></name>
    <desc><![CDATA[]]></desc>
    <link href="http://www.alltrails.com">
      <text>AllTrails, LLC</text>
    </link>
    <bounds minlat="34.26947" minlon="-117.12536" maxlat="34.39558" maxlon="-116.94704"/>
  </metadata>
  <trk>
    <name><![CDATA[Coxey OHV Road]]></name>
    <src>AllTrails</src>
    <trkseg>
      <trkpt lat="34.39558" lon="-117.12536">
        <ele>1202.35</ele>
      </trkpt>
      <trkpt lat="34.39539" lon="-117.12506">
        <ele>1202.93</ele>
      </trkpt>
      <trkpt lat="34.39508" lon="-117.1248">
        <ele>1203.3</ele>
      </trkpt>
      <trkpt lat="34.39491" lon="-117.12465">
        <ele>1205.75</ele>
      </trkpt>
      <trkpt lat="34.39482" lon="-117.12458">
        <ele>1205.09</ele>
      </trkpt>
      <trkpt lat="34.3947" lon="-117.1245">
        <ele>1205.24</ele>
      </trkpt>
      <trkpt lat="34.39456" lon="-117.1244">
        <ele>1206.75</ele>
      </trkpt>
      <trkpt lat="34.3943" lon="-117.12424">
        <ele>1210.12</ele>
      </trkpt>
      <trkpt lat="34.39421" lon="-117.12417">
        <ele>1210.98</ele>
      </trkpt>
      <trkpt lat="34.39414" lon="-117.12412">
        <ele>1212.08</ele>
      </trkpt>
      <trkpt lat="34.39409" lon="-117.12408">
        <ele>1213.59</ele>
      </trkpt>
      <trkpt lat="34.39403" lon="-117.12403">
        <ele>1214.95</ele>
      </trkpt>
      <trkpt lat="34.39396" lon="-117.124">
        <ele>1216.03</ele>
      </trkpt>
      <trkpt lat="34.39379" lon="-117.12392">
        <ele>1217.66</ele>
      </trkpt>
      <trkpt lat="34.39371" lon="-117.12387">
        <ele>1218.01</ele>
      </trkpt>
      <trkpt lat="34.39366" lon="-117.12383">
        <ele>1218.0</ele>
      </trkpt>
      <trkpt lat="34.3936" lon="-117.12375">
        <ele>1218.12</ele>
      </trkpt>
      <trkpt lat="34.39354" lon="-117.12364">
        <ele>1218.93</ele>
      </trkpt>
      <trkpt lat="34.39349" lon="-117.12353">
        <ele>1219.31</ele>
      </trkpt>
      <trkpt lat="34.39343" lon="-117.12339">
        <ele>1220.39</ele>
      </trkpt>
      <trkpt lat="34.39337" lon="-117.12325">
        <ele>1221.96</ele>
      </trkpt>
      <trkpt lat="34.39329" lon="-117.12306">
        <ele>1224.42</ele>
      </trkpt>
      <trkpt lat="34.39322" lon="-117.12286">
        <ele>1226.03</ele>
      </trkpt>
      <trkpt lat="34.39316" lon="-117.12269">
        <ele>1226.87</ele>
      </trkpt>
      <trkpt lat="34.39311" lon="-117.12255">
        <ele>1228.19</ele>
      </trkpt>
      <trkpt lat="34.39306" lon="-117.12245">
        <ele>1228.98</ele>
      </trkpt>
      <trkpt lat="34.39303" lon="-117.1224">
        <ele>1229.41</ele>
      </trkpt>
      <trkpt lat="34.393" lon="-117.12237">
        <ele>1230.17</ele>
      </trkpt>
      <trkpt lat="34.39295" lon="-117.12234">
        <ele>1230.77</ele>
      </trkpt>
      <trkpt lat="34.39293" lon="-117.12234">
        <ele>1230.82</ele>
      </trkpt>
      <trkpt lat="34.3926" lon="-117.12228">
        <ele>1234.27</ele>
      </trkpt>
      <trkpt lat="34.39254" lon="-117.12228">
        <ele>1235.51</ele>
      </trkpt>
      <trkpt lat="34.39248" lon="-117.12227">
        <ele>1236.92</ele>
      </trkpt>
      <trkpt lat="34.39242" lon="-117.12227">
        <ele>1238.21</ele>
      </trkpt>
      <trkpt lat="34.39236" lon="-117.12226">
        <ele>1239.1</ele>
      </trkpt>
      <trkpt lat="34.3923" lon="-117.12226">
        <ele>1239.75</ele>
      </trkpt>
      <trkpt lat="34.39224" lon="-117.12225">
        <ele>1240.51</ele>
      </trkpt>
      <trkpt lat="34.39209" lon="-117.12225">
        <ele>1242.26</ele>
      </trkpt>
      <trkpt lat="34.39191" lon="-117.12226">
        <ele>1245.34</ele>
      </trkpt>
      <trkpt lat="34.39169" lon="-117.12227">
        <ele>1250.73</ele>
      </trkpt>
      <trkpt lat="34.39154" lon="-117.12232">
        <ele>1253.68</ele>
      </trkpt>
      <trkpt lat="34.39141" lon="-117.12236">
        <ele>1255.66</ele>
      </trkpt>
      <trkpt lat="34.39128" lon="-117.1224">
        <ele>1258.26</ele>
      </trkpt>
      <trkpt lat="34.39119" lon="-117.1224">
        <ele>1259.24</ele>
      </trkpt>
      <trkpt lat="34.3911" lon="-117.1224">
        <ele>1260.28</ele>
      </trkpt>
      <trkpt lat="34.39102" lon="-117.12238">
        <ele>1261.58</ele>
      </trkpt>
      <trkpt lat="34.39088" lon="-117.12233">
        <ele>1264.33</ele>
      </trkpt>
      <trkpt lat="34.39083" lon="-117.12233">
        <ele>1264.87</ele>
      </trkpt>
      <trkpt lat="34.39069" lon="-117.12232">
        <ele>1266.49</ele>
      </trkpt>
      <trkpt lat="34.39055" lon="-117.12232">
        <ele>1268.12</ele>
      </trkpt>
      <trkpt lat="34.3904" lon="-117.12233">
        <ele>1271.88</ele>
      </trkpt>
      <trkpt lat="34.39035" lon="-117.12234">
        <ele>1273.17</ele>
      </trkpt>
      <trkpt lat="34.39028" lon="-117.12237">
        <ele>1274.36</ele>
      </trkpt>
      <trkpt lat="34.39022" lon="-117.12239">
        <ele>1274.93</ele>
      </trkpt>
      <trkpt lat="34.39015" lon="-117.12239">
        <ele>1275.76</ele>
      </trkpt>
      <trkpt lat="34.3901" lon="-117.12239">
        <ele>1276.3</ele>
      </trkpt>
      <trkpt lat="34.39007" lon="-117.12238">
        <ele>1276.76</ele>
      </trkpt>
      <trkpt lat="34.39005" lon="-117.12237">
        <ele>1277.08</ele>
      </trkpt>
      <trkpt lat="34.38997" lon="-117.12231">
        <ele>1278.36</ele>
      </trkpt>
      <trkpt lat="34.38982" lon="-117.12215">
        <ele>1281.71</ele>
      </trkpt>
      <trkpt lat="34.3897" lon="-117.12204">
        <ele>1286.46</ele>
      </trkpt>
      <trkpt lat="34.38963" lon="-117.12198">
        <ele>1288.61</ele>
      </trkpt>
      <trkpt lat="34.38957" lon="-117.12193">
        <ele>1289.7</ele>
      </trkpt>
      <trkpt lat="34.38949" lon="-117.12186">
        <ele>1290.04</ele>
      </trkpt>
      <trkpt lat="34.38937" lon="-117.12176">
        <ele>1292.0</ele>
      </trkpt>
      <trkpt lat="34.3893" lon="-117.12172">
        <ele>1294.29</ele>
      </trkpt>
      <trkpt lat="34.38908" lon="-117.12165">
        <ele>1300.83</ele>
      </trkpt>
      <trkpt lat="34.38891" lon="-117.12158">
        <ele>1302.89</ele>
      </trkpt>
      <trkpt lat="34.38878" lon="-117.12151">
        <ele>1305.12</ele>
      </trkpt>
      <trkpt lat="34.38868" lon="-117.12145">
        <ele>1308.77</ele>
      </trkpt>
      <trkpt lat="34.38855" lon="-117.12139">
        <ele>1312.01</ele>
      </trkpt>
      <trkpt lat="34.38833" lon="-117.12128">
        <ele>1315.07</ele>
      </trkpt>
      <trkpt lat="34.38815" lon="-117.12117">
        <ele>1318.95</ele>
      </trkpt>
      <trkpt lat="34.38809" lon="-117.12116">
        <ele>1320.59</ele>
      </trkpt>
      <trkpt lat="34.38803" lon="-117.12115">
        <ele>1322.09</ele>
      </trkpt>
      <trkpt lat="34.38796" lon="-117.12116">
        <ele>1324.12</ele>
      </trkpt>
      <trkpt lat="34.38788" lon="-117.12116">
        <ele>1325.8</ele>
      </trkpt>
      <trkpt lat="34.38779" lon="-117.12117">
        <ele>1326.87</ele>
      </trkpt>
      <trkpt lat="34.38775" lon="-117.12116">
        <ele>1327.44</ele>
      </trkpt>
      <trkpt lat="34.38771" lon="-117.12114">
        <ele>1328.24</ele>
      </trkpt>
      <trkpt lat="34.38763" lon="-117.12104">
        <ele>1330.96</ele>
      </trkpt>
      <trkpt lat="34.38755" lon="-117.12088">
        <ele>1334.34</ele>
      </trkpt>
      <trkpt lat="34.38749" lon="-117.1208">
        <ele>1335.93</ele>
      </trkpt>
      <trkpt lat="34.38741" lon="-117.12072">
        <ele>1336.95</ele>
      </trkpt>
      <trkpt lat="34.38734" lon="-117.12065">
        <ele>1338.47</ele>
      </trkpt>
      <trkpt lat="34.38721" lon="-117.12054">
        <ele>1339.24</ele>
      </trkpt>
      <trkpt lat="34.3871" lon="-117.12044">
        <ele>1340.81</ele>
      </trkpt>
      <trkpt lat="34.38698" lon="-117.12033">
        <ele>1342.62</ele>
      </trkpt>
      <trkpt lat="34.38693" lon="-117.12027">
        <ele>1343.14</ele>
      </trkpt>
      <trkpt lat="34.38688" lon="-117.12021">
        <ele>1343.19</ele>
      </trkpt>
      <trkpt lat="34.38683" lon="-117.1201">
        <ele>1341.84</ele>
      </trkpt>
      <trkpt lat="34.38678" lon="-117.12001">
        <ele>1340.33</ele>
      </trkpt>
      <trkpt lat="34.38675" lon="-117.11991">
        <ele>1338.93</ele>
      </trkpt>
      <trkpt lat="34.38673" lon="-117.11984">
        <ele>1338.45</ele>
      </trkpt>
      <trkpt lat="34.38671" lon="-117.11979">
        <ele>1337.79</ele>
      </trkpt>
      <trkpt lat="34.38666" lon="-117.11968">
        <ele>1335.75</ele>
      </trkpt>
      <trkpt lat="34.38658" lon="-117.1195">
        <ele>1332.19</ele>
      </trkpt>
      <trkpt lat="34.38652" lon="-117.11937">
        <ele>1331.17</ele>
      </trkpt>
      <trkpt lat="34.38647" lon="-117.11928">
        <ele>1330.53</ele>
      </trkpt>
      <trkpt lat="34.3864" lon="-117.1192">
        <ele>1329.16</ele>
      </trkpt>
      <trkpt lat="34.38633" lon="-117.11915">
        <ele>1328.36</ele>
      </trkpt>
      <trkpt lat="34.38625" lon="-117.11912">
        <ele>1328.0</ele>
      </trkpt>
      <trkpt lat="34.38617" lon="-117.11909">
        <ele>1328.36</ele>
      </trkpt>
      <trkpt lat="34.38606" lon="-117.11904">
        <ele>1328.84</ele>
      </trkpt>
      <trkpt lat="34.38589" lon="-117.11896">
        <ele>1329.39</ele>
      </trkpt>
      <trkpt lat="34.38564" lon="-117.11885">
        <ele>1332.09</ele>
      </trkpt>
      <trkpt lat="34.38553" lon="-117.11879">
        <ele>1333.28</ele>
      </trkpt>
      <trkpt lat="34.38543" lon="-117.11874">
        <ele>1334.36</ele>
      </trkpt>
      <trkpt lat="34.38534" lon="-117.11869">
        <ele>1335.43</ele>
      </trkpt>
      <trkpt lat="34.38524" lon="-117.11863">
        <ele>1335.59</ele>
      </trkpt>
      <trkpt lat="34.38514" lon="-117.11855">
        <ele>1335.34</ele>
      </trkpt>
      <trkpt lat="34.38502" lon="-117.11845">
        <ele>1335.12</ele>
      </trkpt>
      <trkpt lat="34.38484" lon="-117.11822">
        <ele>1337.22</ele>
      </trkpt>
      <trkpt lat="34.3847" lon="-117.11804">
        <ele>1339.0</ele>
      </trkpt>
      <trkpt lat="34.38457" lon="-117.11784">
        <ele>1340.21</ele>
      </trkpt>
      <trkpt lat="34.38446" lon="-117.11761">
        <ele>1341.81</ele>
      </trkpt>
      <trkpt lat="34.38432" lon="-117.11728">
        <ele>1343.0</ele>
      </trkpt>
      <trkpt lat="34.38425" lon="-117.11715">
        <ele>1342.2</ele>
      </trkpt>
      <trkpt lat="34.38421" lon="-117.11708">
        <ele>1342.29</ele>
      </trkpt>
      <trkpt lat="34.38418" lon="-117.11702">
        <ele>1342.88</ele>
      </trkpt>
      <trkpt lat="34.38416" lon="-117.11698">
        <ele>1343.0</ele>
      </trkpt>
      <trkpt lat="34.38414" lon="-117.11692">
        <ele>1342.92</ele>
      </trkpt>
      <trkpt lat="34.38412" lon="-117.11686">
        <ele>1342.54</ele>
      </trkpt>
      <trkpt lat="34.3841" lon="-117.11672">
        <ele>1342.72</ele>
      </trkpt>
      <trkpt lat="34.38404" lon="-117.11626">
        <ele>1342.0</ele>
      </trkpt>
      <trkpt lat="34.38401" lon="-117.11611">
        <ele>1342.0</ele>
      </trkpt>
      <trkpt lat="34.38397" lon="-117.116">
        <ele>1342.0</ele>
      </trkpt>
      <trkpt lat="34.38392" lon="-117.11591">
        <ele>1342.0</ele>
      </trkpt>
      <trkpt lat="34.38386" lon="-117.11584">
        <ele>1342.0</ele>
      </trkpt>
      <trkpt lat="34.38379" lon="-117.11578">
        <ele>1342.0</ele>
      </trkpt>
      <trkpt lat="34.38374" lon="-117.11575">
        <ele>1342.0</ele>
      </trkpt>
      <trkpt lat="34.38368" lon="-117.11574">
        <ele>1342.01</ele>
      </trkpt>
      <trkpt lat="34.38353" lon="-117.11574">
        <ele>1342.01</ele>
      </trkpt>
      <trkpt lat="34.38346" lon="-117.11576">
        <ele>1342.63</ele>
      </trkpt>
      <trkpt lat="34.3834" lon="-117.11579">
        <ele>1343.0</ele>
      </trkpt>
      <trkpt lat="34.38329" lon="-117.11582">
        <ele>1343.0</ele>
      </trkpt>
      <trkpt lat="34.38318" lon="-117.11584">
        <ele>1343.68</ele>
      </trkpt>
      <trkpt lat="34.38309" lon="-117.11585">
        <ele>1344.63</ele>
      </trkpt>
      <trkpt lat="34.38299" lon="-117.11583">
        <ele>1344.99</ele>
      </trkpt>
      <trkpt lat="34.38286" lon="-117.11579">
        <ele>1346.58</ele>
      </trkpt>
      <trkpt lat="34.38274" lon="-117.11577">
        <ele>1348.09</ele>
      </trkpt>
      <trkpt lat="34.3826" lon="-117.11572">
        <ele>1350.14</ele>
      </trkpt>
      <trkpt lat="34.38252" lon="-117.11567">
        <ele>1351.73</ele>
      </trkpt>
      <trkpt lat="34.38241" lon="-117.11559">
        <ele>1353.94</ele>
      </trkpt>
      <trkpt lat="34.38232" lon="-117.11553">
        <ele>1354.93</ele>
      </trkpt>
      <trkpt lat="34.38224" lon="-117.11548">
        <ele>1355.81</ele>
      </trkpt>
      <trkpt lat="34.38214" lon="-117.11544">
        <ele>1355.72</ele>
      </trkpt>
      <trkpt lat="34.382" lon="-117.11538">
        <ele>1355.0</ele>
      </trkpt>
      <trkpt lat="34.38156" lon="-117.11517">
        <ele>1355.15</ele>
      </trkpt>
      <trkpt lat="34.38151" lon="-117.11515">
        <ele>1355.69</ele>
      </trkpt>
      <trkpt lat="34.38146" lon="-117.11512">
        <ele>1356.0</ele>
      </trkpt>
      <trkpt lat="34.38136" lon="-117.11506">
        <ele>1356.0</ele>
      </trkpt>
      <trkpt lat="34.38123" lon="-117.11497">
        <ele>1356.23</ele>
      </trkpt>
      <trkpt lat="34.38109" lon="-117.11487">
        <ele>1357.5</ele>
      </trkpt>
      <trkpt lat="34.38089" lon="-117.11472">
        <ele>1360.43</ele>
      </trkpt>
      <trkpt lat="34.38081" lon="-117.11462">
        <ele>1362.13</ele>
      </trkpt>
      <trkpt lat="34.38074" lon="-117.11454">
        <ele>1363.94</ele>
      </trkpt>
      <trkpt lat="34.38065" lon="-117.11436">
        <ele>1365.89</ele>
      </trkpt>
      <trkpt lat="34.38056" lon="-117.11415">
        <ele>1367.0</ele>
      </trkpt>
      <trkpt lat="34.38046" lon="-117.11389">
        <ele>1367.0</ele>
      </trkpt>
      <trkpt lat="34.38044" lon="-117.11381">
        <ele>1367.21</ele>
      </trkpt>
      <trkpt lat="34.38042" lon="-117.11368">
        <ele>1368.0</ele>
      </trkpt>
      <trkpt lat="34.3804" lon="-117.11356">
        <ele>1368.0</ele>
      </trkpt>
      <trkpt lat="34.38039" lon="-117.11345">
        <ele>1368.0</ele>
      </trkpt>
      <trkpt lat="34.38037" lon="-117.11338">
        <ele>1368.0</ele>
      </trkpt>
      <trkpt lat="34.38034" lon="-117.11329">
        <ele>1367.51</ele>
      </trkpt>
      <trkpt lat="34.38032" lon="-117.11327">
        <ele>1367.52</ele>
      </trkpt>
      <trkpt lat="34.38029" lon="-117.11325">
        <ele>1367.79</ele>
      </trkpt>
      <trkpt lat="34.38026" lon="-117.11323">
        <ele>1367.74</ele>
      </trkpt>
      <trkpt lat="34.38023" lon="-117.11322">
        <ele>1367.49</ele>
      </trkpt>
      <trkpt lat="34.37997" lon="-117.11313">
        <ele>1367.0</ele>
      </trkpt>
      <trkpt lat="34.37976" lon="-117.11305">
        <ele>1366.0</ele>
      </trkpt>
      <trkpt lat="34.37953" lon="-117.11296">
        <ele>1367.0</ele>
      </trkpt>
      <trkpt lat="34.37935" lon="-117.1129">
        <ele>1367.0</ele>
      </trkpt>
      <trkpt lat="34.37915" lon="-117.11284">
        <ele>1367.12</ele>
      </trkpt>
      <trkpt lat="34.37899" lon="-117.11283">
        <ele>1367.56</ele>
      </trkpt>
      <trkpt lat="34.37886" lon="-117.11283">
        <ele>1368.88</ele>
      </trkpt>
      <trkpt lat="34.37872" lon="-117.11283">
        <ele>1370.03</ele>
      </trkpt>
      <trkpt lat="34.37859" lon="-117.11285">
        <ele>1370.84</ele>
      </trkpt>
      <trkpt lat="34.37841" lon="-117.11288">
        <ele>1373.34</ele>
      </trkpt>
      <trkpt lat="34.37835" lon="-117.11288">
        <ele>1374.64</ele>
      </trkpt>
      <trkpt lat="34.37826" lon="-117.11287">
        <ele>1376.58</ele>
      </trkpt>
      <trkpt lat="34.3782" lon="-117.11284">
        <ele>1377.14</ele>
      </trkpt>
      <trkpt lat="34.37816" lon="-117.11283">
        <ele>1377.38</ele>
      </trkpt>
      <trkpt lat="34.3781" lon="-117.11278">
        <ele>1378.5</ele>
      </trkpt>
      <trkpt lat="34.37804" lon="-117.11271">
        <ele>1379.85</ele>
      </trkpt>
      <trkpt lat="34.37798" lon="-117.11264">
        <ele>1381.3</ele>
      </trkpt>
      <trkpt lat="34.37792" lon="-117.11255">
        <ele>1382.92</ele>
      </trkpt>
      <trkpt lat="34.37787" lon="-117.11246">
        <ele>1384.01</ele>
      </trkpt>
      <trkpt lat="34.3778" lon="-117.11237">
        <ele>1386.28</ele>
      </trkpt>
      <trkpt lat="34.37774" lon="-117.11231">
        <ele>1387.76</ele>
      </trkpt>
      <trkpt lat="34.37757" lon="-117.11218">
        <ele>1390.24</ele>
      </trkpt>
      <trkpt lat="34.37753" lon="-117.11213">
        <ele>1390.68</ele>
      </trkpt>
      <trkpt lat="34.3775" lon="-117.1121">
        <ele>1391.32</ele>
      </trkpt>
      <trkpt lat="34.37747" lon="-117.11205">
        <ele>1392.23</ele>
      </trkpt>
      <trkpt lat="34.37744" lon="-117.11194">
        <ele>1393.3</ele>
      </trkpt>
      <trkpt lat="34.37742" lon="-117.11184">
        <ele>1393.86</ele>
      </trkpt>
      <trkpt lat="34.3774" lon="-117.11176">
        <ele>1395.07</ele>
      </trkpt>
      <trkpt lat="34.3774" lon="-117.11171">
        <ele>1395.12</ele>
      </trkpt>
      <trkpt lat="34.37739" lon="-117.11167">
        <ele>1395.37</ele>
      </trkpt>
      <trkpt lat="34.37731" lon="-117.11155">
        <ele>1397.61</ele>
      </trkpt>
      <trkpt lat="34.37729" lon="-117.1115">
        <ele>1398.92</ele>
      </trkpt>
      <trkpt lat="34.37727" lon="-117.11139">
        <ele>1399.99</ele>
      </trkpt>
      <trkpt lat="34.37727" lon="-117.11134">
        <ele>1400.53</ele>
      </trkpt>
      <trkpt lat="34.37728" lon="-117.11123">
        <ele>1402.25</ele>
      </trkpt>
      <trkpt lat="34.3773" lon="-117.11113">
        <ele>1405.89</ele>
      </trkpt>
      <trkpt lat="34.37733" lon="-117.11107">
        <ele>1408.21</ele>
      </trkpt>
      <trkpt lat="34.37737" lon="-117.11096">
        <ele>1410.66</ele>
      </trkpt>
      <trkpt lat="34.37739" lon="-117.1109">
        <ele>1410.93</ele>
      </trkpt>
      <trkpt lat="34.37739" lon="-117.11084">
        <ele>1411.33</ele>
      </trkpt>
      <trkpt lat="34.37737" lon="-117.11079">
        <ele>1410.4</ele>
      </trkpt>
      <trkpt lat="34.37735" lon="-117.11076">
        <ele>1409.86</ele>
      </trkpt>
      <trkpt lat="34.37724" lon="-117.1107">
        <ele>1409.94</ele>
      </trkpt>
      <trkpt lat="34.37704" lon="-117.11063">
        <ele>1410.54</ele>
      </trkpt>
      <trkpt lat="34.37698" lon="-117.1106">
        <ele>1411.22</ele>
      </trkpt>
      <trkpt lat="34.37687" lon="-117.11053">
        <ele>1413.61</ele>
      </trkpt>
      <trkpt lat="34.37681" lon="-117.11047">
        <ele>1414.49</ele>
      </trkpt>
      <trkpt lat="34.37677" lon="-117.1104">
        <ele>1415.56</ele>
      </trkpt>
      <trkpt lat="34.37672" lon="-117.11029">
        <ele>1417.72</ele>
      </trkpt>
      <trkpt lat="34.37668" lon="-117.11019">
        <ele>1418.71</ele>
      </trkpt>
      <trkpt lat="34.37666" lon="-117.11013">
        <ele>1419.07</ele>
      </trkpt>
      <trkpt lat="34.37663" lon="-117.11007">
        <ele>1419.15</ele>
      </trkpt>
      <trkpt lat="34.37659" lon="-117.11003">
        <ele>1419.15</ele>
      </trkpt>
      <trkpt lat="34.37656" lon="-117.11001">
        <ele>1419.12</ele>
      </trkpt>
      <trkpt lat="34.37651" lon="-117.11">
        <ele>1419.0</ele>
      </trkpt>
      <trkpt lat="34.37641" lon="-117.11">
        <ele>1419.0</ele>
      </trkpt>
      <trkpt lat="34.37626" lon="-117.11003">
        <ele>1421.3</ele>
      </trkpt>
      <trkpt lat="34.37616" lon="-117.11007">
        <ele>1423.82</ele>
      </trkpt>
      <trkpt lat="34.37607" lon="-117.11012">
        <ele>1426.05</ele>
      </trkpt>
      <trkpt lat="34.37601" lon="-117.11014">
        <ele>1427.04</ele>
      </trkpt>
      <trkpt lat="34.37595" lon="-117.11013">
        <ele>1427.44</ele>
      </trkpt>
      <trkpt lat="34.37591" lon="-117.1101">
        <ele>1428.25</ele>
      </trkpt>
      <trkpt lat="34.37589" lon="-117.11006">
        <ele>1429.62</ele>
      </trkpt>
      <trkpt lat="34.37588" lon="-117.11">
        <ele>1431.49</ele>
      </trkpt>
      <trkpt lat="34.37588" lon="-117.10988">
        <ele>1433.58</ele>
      </trkpt>
      <trkpt lat="34.37591" lon="-117.1097">
        <ele>1434.93</ele>
      </trkpt>
      <trkpt lat="34.37591" lon="-117.10944">
        <ele>1435.63</ele>
      </trkpt>
      <trkpt lat="34.37589" lon="-117.10936">
        <ele>1435.29</ele>
      </trkpt>
      <trkpt lat="34.37587" lon="-117.10931">
        <ele>1435.09</ele>
      </trkpt>
      <trkpt lat="34.37585" lon="-117.10929">
        <ele>1435.24</ele>
      </trkpt>
      <trkpt lat="34.37582" lon="-117.10927">
        <ele>1435.52</ele>
      </trkpt>
      <trkpt lat="34.37577" lon="-117.10926">
        <ele>1436.38</ele>
      </trkpt>
      <trkpt lat="34.37568" lon="-117.10926">
        <ele>1437.02</ele>
      </trkpt>
      <trkpt lat="34.3756" lon="-117.10926">
        <ele>1437.02</ele>
      </trkpt>
      <trkpt lat="34.37555" lon="-117.10927">
        <ele>1437.29</ele>
      </trkpt>
      <trkpt lat="34.3755" lon="-117.10929">
        <ele>1438.06</ele>
      </trkpt>
      <trkpt lat="34.37544" lon="-117.10931">
        <ele>1438.8</ele>
      </trkpt>
      <trkpt lat="34.3752" lon="-117.10955">
        <ele>1442.26</ele>
      </trkpt>
      <trkpt lat="34.375" lon="-117.10971">
        <ele>1445.87</ele>
      </trkpt>
      <trkpt lat="34.37496" lon="-117.10973">
        <ele>1446.95</ele>
      </trkpt>
      <trkpt lat="34.37492" lon="-117.10975">
        <ele>1448.03</ele>
      </trkpt>
      <trkpt lat="34.37487" lon="-117.10976">
        <ele>1449.22</ele>
      </trkpt>
      <trkpt lat="34.37483" lon="-117.10976">
        <ele>1450.08</ele>
      </trkpt>
      <trkpt lat="34.37479" lon="-117.10975">
        <ele>1450.84</ele>
      </trkpt>
      <trkpt lat="34.37475" lon="-117.10974">
        <ele>1451.59</ele>
      </trkpt>
      <trkpt lat="34.37473" lon="-117.10972">
        <ele>1451.81</ele>
      </trkpt>
      <trkpt lat="34.37471" lon="-117.10969">
        <ele>1452.01</ele>
      </trkpt>
      <trkpt lat="34.3747" lon="-117.10965">
        <ele>1452.07</ele>
      </trkpt>
      <trkpt lat="34.3747" lon="-117.1095">
        <ele>1452.6</ele>
      </trkpt>
      <trkpt lat="34.37472" lon="-117.1094">
        <ele>1452.6</ele>
      </trkpt>
      <trkpt lat="34.37478" lon="-117.10926">
        <ele>1450.25</ele>
      </trkpt>
      <trkpt lat="34.37482" lon="-117.10914">
        <ele>1451.34</ele>
      </trkpt>
      <trkpt lat="34.37484" lon="-117.10902">
        <ele>1451.91</ele>
      </trkpt>
      <trkpt lat="34.37485" lon="-117.1089">
        <ele>1450.46</ele>
      </trkpt>
      <trkpt lat="34.37486" lon="-117.1088">
        <ele>1449.07</ele>
      </trkpt>
      <trkpt lat="34.37488" lon="-117.10869">
        <ele>1448.49</ele>
      </trkpt>
      <trkpt lat="34.37489" lon="-117.10853">
        <ele>1450.96</ele>
      </trkpt>
      <trkpt lat="34.3749" lon="-117.10834">
        <ele>1452.15</ele>
      </trkpt>
      <trkpt lat="34.37488" lon="-117.10821">
        <ele>1454.96</ele>
      </trkpt>
      <trkpt lat="34.37485" lon="-117.10813">
        <ele>1457.16</ele>
      </trkpt>
      <trkpt lat="34.3748" lon="-117.10802">
        <ele>1459.77</ele>
      </trkpt>
      <trkpt lat="34.37478" lon="-117.10797">
        <ele>1460.85</ele>
      </trkpt>
      <trkpt lat="34.37471" lon="-117.10787">
        <ele>1462.14</ele>
      </trkpt>
      <trkpt lat="34.37466" lon="-117.1078">
        <ele>1464.19</ele>
      </trkpt>
      <trkpt lat="34.37464" lon="-117.10775">
        <ele>1465.49</ele>
      </trkpt>
      <trkpt lat="34.3746" lon="-117.1076">
        <ele>1467.57</ele>
      </trkpt>
      <trkpt lat="34.37454" lon="-117.10735">
        <ele>1468.4</ele>
      </trkpt>
      <trkpt lat="34.37452" lon="-117.1073">
        <ele>1467.66</ele>
      </trkpt>
      <trkpt lat="34.37445" lon="-117.1072">
        <ele>1467.29</ele>
      </trkpt>
      <trkpt lat="34.37432" lon="-117.10701">
        <ele>1468.05</ele>
      </trkpt>
      <trkpt lat="34.37426" lon="-117.10694">
        <ele>1469.05</ele>
      </trkpt>
      <trkpt lat="34.37421" lon="-117.10688">
        <ele>1469.16</ele>
      </trkpt>
      <trkpt lat="34.37411" lon="-117.10674">
        <ele>1469.6</ele>
      </trkpt>
      <trkpt lat="34.37398" lon="-117.10656">
        <ele>1470.15</ele>
      </trkpt>
      <trkpt lat="34.37382" lon="-117.10634">
        <ele>1472.53</ele>
      </trkpt>
      <trkpt lat="34.37374" lon="-117.10625">
        <ele>1474.0</ele>
      </trkpt>
      <trkpt lat="34.37369" lon="-117.10621">
        <ele>1474.86</ele>
      </trkpt>
      <trkpt lat="34.37363" lon="-117.1062">
        <ele>1475.05</ele>
      </trkpt>
      <trkpt lat="34.37357" lon="-117.1062">
        <ele>1474.61</ele>
      </trkpt>
      <trkpt lat="34.37351" lon="-117.10622">
        <ele>1473.59</ele>
      </trkpt>
      <trkpt lat="34.37347" lon="-117.10625">
        <ele>1473.0</ele>
      </trkpt>
      <trkpt lat="34.37343" lon="-117.10629">
        <ele>1472.96</ele>
      </trkpt>
      <trkpt lat="34.3734" lon="-117.10639">
        <ele>1473.58</ele>
      </trkpt>
      <trkpt lat="34.37339" lon="-117.10646">
        <ele>1475.01</ele>
      </trkpt>
      <trkpt lat="34.37339" lon="-117.10654">
        <ele>1477.28</ele>
      </trkpt>
      <trkpt lat="34.3734" lon="-117.10659">
        <ele>1478.67</ele>
      </trkpt>
      <trkpt lat="34.37342" lon="-117.10663">
        <ele>1479.31</ele>
      </trkpt>
      <trkpt lat="34.37355" lon="-117.10679">
        <ele>1480.54</ele>
      </trkpt>
      <trkpt lat="34.37359" lon="-117.10688">
        <ele>1481.59</ele>
      </trkpt>
      <trkpt lat="34.3736" lon="-117.10692">
        <ele>1481.42</ele>
      </trkpt>
      <trkpt lat="34.3736" lon="-117.107">
        <ele>1482.08</ele>
      </trkpt>
      <trkpt lat="34.3736" lon="-117.10704">
        <ele>1482.45</ele>
      </trkpt>
      <trkpt lat="34.3736" lon="-117.10709">
        <ele>1481.91</ele>
      </trkpt>
      <trkpt lat="34.37358" lon="-117.10716">
        <ele>1482.23</ele>
      </trkpt>
      <trkpt lat="34.37354" lon="-117.10724">
        <ele>1483.11</ele>
      </trkpt>
      <trkpt lat="34.3735" lon="-117.10734">
        <ele>1483.27</ele>
      </trkpt>
      <trkpt lat="34.37347" lon="-117.10737">
        <ele>1483.66</ele>
      </trkpt>
      <trkpt lat="34.37341" lon="-117.10741">
        <ele>1484.34</ele>
      </trkpt>
      <trkpt lat="34.37339" lon="-117.10743">
        <ele>1484.68</ele>
      </trkpt>
      <trkpt lat="34.37335" lon="-117.10745">
        <ele>1485.26</ele>
      </trkpt>
      <trkpt lat="34.37318" lon="-117.10748">
        <ele>1486.87</ele>
      </trkpt>
      <trkpt lat="34.37313" lon="-117.1075">
        <ele>1487.2</ele>
      </trkpt>
      <trkpt lat="34.3731" lon="-117.10751">
        <ele>1487.46</ele>
      </trkpt>
      <trkpt lat="34.37306" lon="-117.10754">
        <ele>1487.54</ele>
      </trkpt>
      <trkpt lat="34.37303" lon="-117.10759">
        <ele>1487.3</ele>
      </trkpt>
      <trkpt lat="34.37303" lon="-117.10768">
        <ele>1487.28</ele>
      </trkpt>
      <trkpt lat="34.37303" lon="-117.10776">
        <ele>1487.86</ele>
      </trkpt>
      <trkpt lat="34.37303" lon="-117.10784">
        <ele>1488.86</ele>
      </trkpt>
      <trkpt lat="34.37304" lon="-117.10792">
        <ele>1490.24</ele>
      </trkpt>
      <trkpt lat="34.37304" lon="-117.10804">
        <ele>1492.14</ele>
      </trkpt>
      <trkpt lat="34.37305" lon="-117.10812">
        <ele>1492.82</ele>
      </trkpt>
      <trkpt lat="34.37305" lon="-117.10817">
        <ele>1493.36</ele>
      </trkpt>
      <trkpt lat="34.37311" lon="-117.10842">
        <ele>1493.76</ele>
      </trkpt>
      <trkpt lat="34.37311" lon="-117.10853">
        <ele>1494.41</ele>
      </trkpt>
      <trkpt lat="34.37309" lon="-117.10859">
        <ele>1494.63</ele>
      </trkpt>
      <trkpt lat="34.37306" lon="-117.10861">
        <ele>1494.95</ele>
      </trkpt>
      <trkpt lat="34.373" lon="-117.10862">
        <ele>1495.6</ele>
      </trkpt>
      <trkpt lat="34.37297" lon="-117.10862">
        <ele>1495.92</ele>
      </trkpt>
      <trkpt lat="34.37292" lon="-117.10861">
        <ele>1496.48</ele>
      </trkpt>
      <trkpt lat="34.37288" lon="-117.1086">
        <ele>1497.02</ele>
      </trkpt>
      <trkpt lat="34.37281" lon="-117.10859">
        <ele>1497.88</ele>
      </trkpt>
      <trkpt lat="34.37273" lon="-117.1086">
        <ele>1498.64</ele>
      </trkpt>
      <trkpt lat="34.37265" lon="-117.1086">
        <ele>1499.45</ele>
      </trkpt>
      <trkpt lat="34.3725" lon="-117.10865">
        <ele>1501.0</ele>
      </trkpt>
      <trkpt lat="34.37248" lon="-117.10865">
        <ele>1501.43</ele>
      </trkpt>
      <trkpt lat="34.37244" lon="-117.10866">
        <ele>1502.3</ele>
      </trkpt>
      <trkpt lat="34.37239" lon="-117.10865">
        <ele>1503.38</ele>
      </trkpt>
      <trkpt lat="34.37234" lon="-117.10865">
        <ele>1504.46</ele>
      </trkpt>
      <trkpt lat="34.37215" lon="-117.10861">
        <ele>1508.55</ele>
      </trkpt>
      <trkpt lat="34.37209" lon="-117.10861">
        <ele>1509.42</ele>
      </trkpt>
      <trkpt lat="34.37205" lon="-117.1086">
        <ele>1509.74</ele>
      </trkpt>
      <trkpt lat="34.37199" lon="-117.1086">
        <ele>1510.45</ele>
      </trkpt>
      <trkpt lat="34.37193" lon="-117.1086">
        <ele>1511.17</ele>
      </trkpt>
      <trkpt lat="34.37187" lon="-117.1086">
        <ele>1511.9</ele>
      </trkpt>
      <trkpt lat="34.3718" lon="-117.10861">
        <ele>1513.13</ele>
      </trkpt>
      <trkpt lat="34.37157" lon="-117.10867">
        <ele>1517.42</ele>
      </trkpt>
      <trkpt lat="34.37142" lon="-117.1087">
        <ele>1518.74</ele>
      </trkpt>
      <trkpt lat="34.37119" lon="-117.1087">
        <ele>1521.08</ele>
      </trkpt>
      <trkpt lat="34.37114" lon="-117.10869">
        <ele>1521.3</ele>
      </trkpt>
      <trkpt lat="34.37109" lon="-117.10868">
        <ele>1521.51</ele>
      </trkpt>
      <trkpt lat="34.371" lon="-117.10865">
        <ele>1522.16</ele>
      </trkpt>
      <trkpt lat="34.37089" lon="-117.10862">
        <ele>1522.46</ele>
      </trkpt>
      <trkpt lat="34.37078" lon="-117.10859">
        <ele>1522.32</ele>
      </trkpt>
      <trkpt lat="34.37064" lon="-117.10857">
        <ele>1521.85</ele>
      </trkpt>
      <trkpt lat="34.37055" lon="-117.10855">
        <ele>1521.66</ele>
      </trkpt>
      <trkpt lat="34.37049" lon="-117.10853">
        <ele>1521.88</ele>
      </trkpt>
      <trkpt lat="34.37038" lon="-117.10847">
        <ele>1524.37</ele>
      </trkpt>
      <trkpt lat="34.37032" lon="-117.10842">
        <ele>1526.25</ele>
      </trkpt>
      <trkpt lat="34.37026" lon="-117.10837">
        <ele>1527.82</ele>
      </trkpt>
      <trkpt lat="34.37018" lon="-117.10829">
        <ele>1527.82</ele>
      </trkpt>
      <trkpt lat="34.37008" lon="-117.10816">
        <ele>1528.49</ele>
      </trkpt>
      <trkpt lat="34.36996" lon="-117.10798">
        <ele>1529.77</ele>
      </trkpt>
      <trkpt lat="34.36988" lon="-117.10788">
        <ele>1529.93</ele>
      </trkpt>
      <trkpt lat="34.36983" lon="-117.1078">
        <ele>1529.89</ele>
      </trkpt>
      <trkpt lat="34.3698" lon="-117.10771">
        <ele>1530.41</ele>
      </trkpt>
      <trkpt lat="34.36978" lon="-117.10766">
        <ele>1530.52</ele>
      </trkpt>
      <trkpt lat="34.36976" lon="-117.10757">
        <ele>1530.92</ele>
      </trkpt>
      <trkpt lat="34.36976" lon="-117.10753">
        <ele>1531.09</ele>
      </trkpt>
      <trkpt lat="34.36976" lon="-117.10748">
        <ele>1531.35</ele>
      </trkpt>
      <trkpt lat="34.36975" lon="-117.1074">
        <ele>1531.66</ele>
      </trkpt>
      <trkpt lat="34.36975" lon="-117.1073">
        <ele>1532.3</ele>
      </trkpt>
      <trkpt lat="34.36974" lon="-117.1072">
        <ele>1532.24</ele>
      </trkpt>
      <trkpt lat="34.36974" lon="-117.1071">
        <ele>1532.64</ele>
      </trkpt>
      <trkpt lat="34.36971" lon="-117.10687">
        <ele>1533.57</ele>
      </trkpt>
      <trkpt lat="34.36968" lon="-117.10673">
        <ele>1532.54</ele>
      </trkpt>
      <trkpt lat="34.36966" lon="-117.10665">
        <ele>1532.27</ele>
      </trkpt>
      <trkpt lat="34.36962" lon="-117.10656">
        <ele>1531.91</ele>
      </trkpt>
      <trkpt lat="34.36957" lon="-117.10647">
        <ele>1532.0</ele>
      </trkpt>
      <trkpt lat="34.36944" lon="-117.10631">
        <ele>1532.0</ele>
      </trkpt>
      <trkpt lat="34.36929" lon="-117.10614">
        <ele>1533.46</ele>
      </trkpt>
      <trkpt lat="34.36911" lon="-117.10594">
        <ele>1535.52</ele>
      </trkpt>
      <trkpt lat="34.36905" lon="-117.10587">
        <ele>1536.86</ele>
      </trkpt>
      <trkpt lat="34.36897" lon="-117.10581">
        <ele>1538.38</ele>
      </trkpt>
      <trkpt lat="34.36889" lon="-117.10577">
        <ele>1539.67</ele>
      </trkpt>
      <trkpt lat="34.3688" lon="-117.10574">
        <ele>1540.98</ele>
      </trkpt>
      <trkpt lat="34.36869" lon="-117.10573">
        <ele>1542.25</ele>
      </trkpt>
      <trkpt lat="34.36857" lon="-117.10573">
        <ele>1542.74</ele>
      </trkpt>
      <trkpt lat="34.36842" lon="-117.10572">
        <ele>1543.17</ele>
      </trkpt>
      <trkpt lat="34.36835" lon="-117.10571">
        <ele>1542.78</ele>
      </trkpt>
      <trkpt lat="34.36832" lon="-117.1057">
        <ele>1542.74</ele>
      </trkpt>
      <trkpt lat="34.36826" lon="-117.10567">
        <ele>1542.74</ele>
      </trkpt>
      <trkpt lat="34.36822" lon="-117.10563">
        <ele>1543.21</ele>
      </trkpt>
      <trkpt lat="34.36814" lon="-117.10555">
        <ele>1544.98</ele>
      </trkpt>
      <trkpt lat="34.36806" lon="-117.10549">
        <ele>1545.43</ele>
      </trkpt>
      <trkpt lat="34.36795" lon="-117.10545">
        <ele>1546.28</ele>
      </trkpt>
      <trkpt lat="34.36779" lon="-117.10541">
        <ele>1547.14</ele>
      </trkpt>
      <trkpt lat="34.36757" lon="-117.10538">
        <ele>1547.14</ele>
      </trkpt>
      <trkpt lat="34.36747" lon="-117.10538">
        <ele>1548.54</ele>
      </trkpt>
      <trkpt lat="34.36727" lon="-117.10541">
        <ele>1551.76</ele>
      </trkpt>
      <trkpt lat="34.36715" lon="-117.10542">
        <ele>1552.83</ele>
      </trkpt>
      <trkpt lat="34.36707" lon="-117.10542">
        <ele>1552.93</ele>
      </trkpt>
      <trkpt lat="34.36697" lon="-117.1054">
        <ele>1553.36</ele>
      </trkpt>
      <trkpt lat="34.36686" lon="-117.10537">
        <ele>1554.01</ele>
      </trkpt>
      <trkpt lat="34.36676" lon="-117.10536">
        <ele>1554.22</ele>
      </trkpt>
      <trkpt lat="34.36661" lon="-117.10536">
        <ele>1555.84</ele>
      </trkpt>
      <trkpt lat="34.36636" lon="-117.10541">
        <ele>1556.14</ele>
      </trkpt>
      <trkpt lat="34.3663" lon="-117.10541">
        <ele>1556.14</ele>
      </trkpt>
      <trkpt lat="34.36625" lon="-117.1054">
        <ele>1556.36</ele>
      </trkpt>
      <trkpt lat="34.3662" lon="-117.10537">
        <ele>1557.01</ele>
      </trkpt>
      <trkpt lat="34.36613" lon="-117.10534">
        <ele>1557.66</ele>
      </trkpt>
      <trkpt lat="34.36605" lon="-117.10531">
        <ele>1557.87</ele>
      </trkpt>
      <trkpt lat="34.3659" lon="-117.10528">
        <ele>1558.26</ele>
      </trkpt>
      <trkpt lat="34.36567" lon="-117.10525">
        <ele>1563.89</ele>
      </trkpt>
      <trkpt lat="34.3656" lon="-117.10526">
        <ele>1566.14</ele>
      </trkpt>
      <trkpt lat="34.36554" lon="-117.10528">
        <ele>1567.46</ele>
      </trkpt>
      <trkpt lat="34.36548" lon="-117.10531">
        <ele>1568.75</ele>
      </trkpt>
      <trkpt lat="34.36543" lon="-117.10534">
        <ele>1569.01</ele>
      </trkpt>
      <trkpt lat="34.36539" lon="-117.10538">
        <ele>1568.48</ele>
      </trkpt>
      <trkpt lat="34.36535" lon="-117.10541">
        <ele>1567.72</ele>
      </trkpt>
      <trkpt lat="34.36533" lon="-117.10545">
        <ele>1566.42</ele>
      </trkpt>
      <trkpt lat="34.36531" lon="-117.10549">
        <ele>1565.61</ele>
      </trkpt>
      <trkpt lat="34.36527" lon="-117.10559">
        <ele>1564.54</ele>
      </trkpt>
      <trkpt lat="34.36525" lon="-117.10562">
        <ele>1564.0</ele>
      </trkpt>
      <trkpt lat="34.36523" lon="-117.10563">
        <ele>1563.68</ele>
      </trkpt>
      <trkpt lat="34.3652" lon="-117.10564">
        <ele>1563.25</ele>
      </trkpt>
      <trkpt lat="34.36516" lon="-117.10564">
        <ele>1562.82</ele>
      </trkpt>
      <trkpt lat="34.36512" lon="-117.10562">
        <ele>1562.6</ele>
      </trkpt>
      <trkpt lat="34.3651" lon="-117.1056">
        <ele>1562.6</ele>
      </trkpt>
      <trkpt lat="34.36509" lon="-117.10557">
        <ele>1562.79</ele>
      </trkpt>
      <trkpt lat="34.36506" lon="-117.10547">
        <ele>1564.14</ele>
      </trkpt>
      <trkpt lat="34.36503" lon="-117.10531">
        <ele>1566.28</ele>
      </trkpt>
      <trkpt lat="34.36501" lon="-117.10524">
        <ele>1567.5</ele>
      </trkpt>
      <trkpt lat="34.36498" lon="-117.1052">
        <ele>1567.87</ele>
      </trkpt>
      <trkpt lat="34.36496" lon="-117.10517">
        <ele>1568.03</ele>
      </trkpt>
      <trkpt lat="34.36492" lon="-117.10514">
        <ele>1567.38</ele>
      </trkpt>
      <trkpt lat="34.36488" lon="-117.10511">
        <ele>1566.98</ele>
      </trkpt>
      <trkpt lat="34.36482" lon="-117.10506">
        <ele>1566.84</ele>
      </trkpt>
      <trkpt lat="34.36476" lon="-117.10501">
        <ele>1566.6</ele>
      </trkpt>
      <trkpt lat="34.3647" lon="-117.10495">
        <ele>1566.6</ele>
      </trkpt>
      <trkpt lat="34.36466" lon="-117.10487">
        <ele>1567.74</ele>
      </trkpt>
      <trkpt lat="34.36464" lon="-117.10481">
        <ele>1569.26</ele>
      </trkpt>
      <trkpt lat="34.36461" lon="-117.1047">
        <ele>1571.89</ele>
      </trkpt>
      <trkpt lat="34.3646" lon="-117.10465">
        <ele>1572.85</ele>
      </trkpt>
      <trkpt lat="34.36459" lon="-117.10452">
        <ele>1573.68</ele>
      </trkpt>
      <trkpt lat="34.36459" lon="-117.10428">
        <ele>1574.14</ele>
      </trkpt>
      <trkpt lat="34.36458" lon="-117.10414">
        <ele>1574.55</ele>
      </trkpt>
      <trkpt lat="34.36457" lon="-117.10409">
        <ele>1574.6</ele>
      </trkpt>
      <trkpt lat="34.36455" lon="-117.10402">
        <ele>1574.86</ele>
      </trkpt>
      <trkpt lat="34.36453" lon="-117.10391">
        <ele>1574.85</ele>
      </trkpt>
      <trkpt lat="34.36451" lon="-117.10373">
        <ele>1574.42</ele>
      </trkpt>
      <trkpt lat="34.36451" lon="-117.10365">
        <ele>1574.83</ele>
      </trkpt>
      <trkpt lat="34.3645" lon="-117.10358">
        <ele>1574.93</ele>
      </trkpt>
      <trkpt lat="34.36451" lon="-117.10332">
        <ele>1578.85</ele>
      </trkpt>
      <trkpt lat="34.36452" lon="-117.10316">
        <ele>1580.69</ele>
      </trkpt>
      <trkpt lat="34.36453" lon="-117.10306">
        <ele>1581.0</ele>
      </trkpt>
      <trkpt lat="34.36454" lon="-117.10294">
        <ele>1582.03</ele>
      </trkpt>
      <trkpt lat="34.36455" lon="-117.10279">
        <ele>1582.89</ele>
      </trkpt>
      <trkpt lat="34.36456" lon="-117.10256">
        <ele>1583.0</ele>
      </trkpt>
      <trkpt lat="34.36455" lon="-117.10251">
        <ele>1583.0</ele>
      </trkpt>
      <trkpt lat="34.36456" lon="-117.10248">
        <ele>1583.05</ele>
      </trkpt>
      <trkpt lat="34.36455" lon="-117.10244">
        <ele>1583.09</ele>
      </trkpt>
      <trkpt lat="34.36456" lon="-117.1023">
        <ele>1584.0</ele>
      </trkpt>
      <trkpt lat="34.36459" lon="-117.10214">
        <ele>1584.38</ele>
      </trkpt>
      <trkpt lat="34.36462" lon="-117.10201">
        <ele>1585.03</ele>
      </trkpt>
      <trkpt lat="34.36465" lon="-117.10194">
        <ele>1585.0</ele>
      </trkpt>
      <trkpt lat="34.36468" lon="-117.10188">
        <ele>1585.0</ele>
      </trkpt>
      <trkpt lat="34.36472" lon="-117.1018">
        <ele>1585.01</ele>
      </trkpt>
      <trkpt lat="34.36477" lon="-117.1017">
        <ele>1586.16</ele>
      </trkpt>
      <trkpt lat="34.36479" lon="-117.10164">
        <ele>1587.23</ele>
      </trkpt>
      <trkpt lat="34.36481" lon="-117.10156">
        <ele>1589.06</ele>
      </trkpt>
      <trkpt lat="34.36484" lon="-117.10148">
        <ele>1590.57</ele>
      </trkpt>
      <trkpt lat="34.36486" lon="-117.10136">
        <ele>1593.11</ele>
      </trkpt>
      <trkpt lat="34.36488" lon="-117.1012">
        <ele>1595.03</ele>
      </trkpt>
      <trkpt lat="34.36488" lon="-117.10114">
        <ele>1595.48</ele>
      </trkpt>
      <trkpt lat="34.36489" lon="-117.10106">
        <ele>1595.92</ele>
      </trkpt>
      <trkpt lat="34.36489" lon="-117.10098">
        <ele>1596.42</ele>
      </trkpt>
      <trkpt lat="34.3649" lon="-117.10091">
        <ele>1597.17</ele>
      </trkpt>
      <trkpt lat="34.3649" lon="-117.10086">
        <ele>1597.71</ele>
      </trkpt>
      <trkpt lat="34.36491" lon="-117.10082">
        <ele>1598.03</ele>
      </trkpt>
      <trkpt lat="34.36494" lon="-117.10068">
        <ele>1599.79</ele>
      </trkpt>
      <trkpt lat="34.36497" lon="-117.10061">
        <ele>1601.5</ele>
      </trkpt>
      <trkpt lat="34.36506" lon="-117.10041">
        <ele>1605.57</ele>
      </trkpt>
      <trkpt lat="34.36515" lon="-117.10016">
        <ele>1607.38</ele>
      </trkpt>
      <trkpt lat="34.36518" lon="-117.10004">
        <ele>1607.06</ele>
      </trkpt>
      <trkpt lat="34.36521" lon="-117.09995">
        <ele>1606.19</ele>
      </trkpt>
      <trkpt lat="34.36523" lon="-117.09989">
        <ele>1605.43</ele>
      </trkpt>
      <trkpt lat="34.36526" lon="-117.09982">
        <ele>1604.43</ele>
      </trkpt>
      <trkpt lat="34.36529" lon="-117.09973">
        <ele>1601.9</ele>
      </trkpt>
      <trkpt lat="34.3655" lon="-117.09933">
        <ele>1595.06</ele>
      </trkpt>
      <trkpt lat="34.3656" lon="-117.09918">
        <ele>1594.79</ele>
      </trkpt>
      <trkpt lat="34.36568" lon="-117.09907">
        <ele>1596.43</ele>
      </trkpt>
      <trkpt lat="34.36575" lon="-117.09899">
        <ele>1598.93</ele>
      </trkpt>
      <trkpt lat="34.36583" lon="-117.09891">
        <ele>1601.51</ele>
      </trkpt>
      <trkpt lat="34.36595" lon="-117.09881">
        <ele>1603.48</ele>
      </trkpt>
      <trkpt lat="34.36615" lon="-117.09868">
        <ele>1603.42</ele>
      </trkpt>
      <trkpt lat="34.36635" lon="-117.09854">
        <ele>1601.61</ele>
      </trkpt>
      <trkpt lat="34.3664" lon="-117.09849">
        <ele>1601.19</ele>
      </trkpt>
      <trkpt lat="34.36644" lon="-117.09844">
        <ele>1601.3</ele>
      </trkpt>
      <trkpt lat="34.36648" lon="-117.09839">
        <ele>1601.4</ele>
      </trkpt>
      <trkpt lat="34.36652" lon="-117.09833">
        <ele>1601.2</ele>
      </trkpt>
      <trkpt lat="34.36656" lon="-117.09825">
        <ele>1601.2</ele>
      </trkpt>
      <trkpt lat="34.3666" lon="-117.09812">
        <ele>1601.94</ele>
      </trkpt>
      <trkpt lat="34.36662" lon="-117.09806">
        <ele>1601.98</ele>
      </trkpt>
      <trkpt lat="34.36669" lon="-117.09774">
        <ele>1602.6</ele>
      </trkpt>
      <trkpt lat="34.36671" lon="-117.09763">
        <ele>1602.53</ele>
      </trkpt>
      <trkpt lat="34.36671" lon="-117.09758">
        <ele>1602.53</ele>
      </trkpt>
      <trkpt lat="34.36672" lon="-117.09751">
        <ele>1602.42</ele>
      </trkpt>
      <trkpt lat="34.36672" lon="-117.09744">
        <ele>1602.05</ele>
      </trkpt>
      <trkpt lat="34.36672" lon="-117.09737">
        <ele>1601.85</ele>
      </trkpt>
      <trkpt lat="34.36671" lon="-117.09731">
        <ele>1602.04</ele>
      </trkpt>
      <trkpt lat="34.36669" lon="-117.09725">
        <ele>1601.97</ele>
      </trkpt>
      <trkpt lat="34.36662" lon="-117.09711">
        <ele>1602.4</ele>
      </trkpt>
      <trkpt lat="34.36657" lon="-117.09699">
        <ele>1602.6</ele>
      </trkpt>
      <trkpt lat="34.36655" lon="-117.09692">
        <ele>1602.71</ele>
      </trkpt>
      <trkpt lat="34.3665" lon="-117.09669">
        <ele>1601.85</ele>
      </trkpt>
      <trkpt lat="34.36648" lon="-117.09661">
        <ele>1601.44</ele>
      </trkpt>
      <trkpt lat="34.36643" lon="-117.09651">
        <ele>1601.98</ele>
      </trkpt>
      <trkpt lat="34.36639" lon="-117.09644">
        <ele>1602.52</ele>
      </trkpt>
      <trkpt lat="34.3663" lon="-117.09634">
        <ele>1604.35</ele>
      </trkpt>
      <trkpt lat="34.36621" lon="-117.0962">
        <ele>1605.72</ele>
      </trkpt>
      <trkpt lat="34.3661" lon="-117.09605">
        <ele>1605.62</ele>
      </trkpt>
      <trkpt lat="34.36605" lon="-117.09591">
        <ele>1606.32</ele>
      </trkpt>
      <trkpt lat="34.36595" lon="-117.09575">
        <ele>1607.74</ele>
      </trkpt>
      <trkpt lat="34.36587" lon="-117.09562">
        <ele>1608.6</ele>
      </trkpt>
      <trkpt lat="34.36578" lon="-117.09552">
        <ele>1609.0</ele>
      </trkpt>
      <trkpt lat="34.3657" lon="-117.09546">
        <ele>1609.47</ele>
      </trkpt>
      <trkpt lat="34.3656" lon="-117.09538">
        <ele>1611.47</ele>
      </trkpt>
      <trkpt lat="34.36532" lon="-117.09518">
        <ele>1617.09</ele>
      </trkpt>
      <trkpt lat="34.36513" lon="-117.09504">
        <ele>1619.93</ele>
      </trkpt>
      <trkpt lat="34.36498" lon="-117.09493">
        <ele>1623.02</ele>
      </trkpt>
      <trkpt lat="34.36488" lon="-117.09486">
        <ele>1624.3</ele>
      </trkpt>
      <trkpt lat="34.36476" lon="-117.09478">
        <ele>1625.44</ele>
      </trkpt>
      <trkpt lat="34.36469" lon="-117.09474">
        <ele>1626.41</ele>
      </trkpt>
      <trkpt lat="34.36454" lon="-117.09468">
        <ele>1628.94</ele>
      </trkpt>
      <trkpt lat="34.36448" lon="-117.09464">
        <ele>1629.68</ele>
      </trkpt>
      <trkpt lat="34.36442" lon="-117.09459">
        <ele>1630.26</ele>
      </trkpt>
      <trkpt lat="34.36436" lon="-117.09453">
        <ele>1630.91</ele>
      </trkpt>
      <trkpt lat="34.36431" lon="-117.09447">
        <ele>1631.45</ele>
      </trkpt>
      <trkpt lat="34.36426" lon="-117.09439">
        <ele>1631.99</ele>
      </trkpt>
      <trkpt lat="34.3642" lon="-117.09427">
        <ele>1632.64</ele>
      </trkpt>
      <trkpt lat="34.36414" lon="-117.09413">
        <ele>1633.29</ele>
      </trkpt>
      <trkpt lat="34.36409" lon="-117.09406">
        <ele>1633.85</ele>
      </trkpt>
      <trkpt lat="34.36402" lon="-117.09398">
        <ele>1634.02</ele>
      </trkpt>
      <trkpt lat="34.36399" lon="-117.09393">
        <ele>1634.56</ele>
      </trkpt>
      <trkpt lat="34.36398" lon="-117.09388">
        <ele>1635.29</ele>
      </trkpt>
      <trkpt lat="34.36398" lon="-117.09384">
        <ele>1636.58</ele>
      </trkpt>
      <trkpt lat="34.36399" lon="-117.0938">
        <ele>1637.88</ele>
      </trkpt>
      <trkpt lat="34.36402" lon="-117.09376">
        <ele>1639.57</ele>
      </trkpt>
      <trkpt lat="34.36408" lon="-117.09373">
        <ele>1640.75</ele>
      </trkpt>
      <trkpt lat="34.36415" lon="-117.09371">
        <ele>1640.14</ele>
      </trkpt>
      <trkpt lat="34.36421" lon="-117.09369">
        <ele>1639.91</ele>
      </trkpt>
      <trkpt lat="34.36427" lon="-117.09367">
        <ele>1639.57</ele>
      </trkpt>
      <trkpt lat="34.3643" lon="-117.09365">
        <ele>1639.46</ele>
      </trkpt>
      <trkpt lat="34.36434" lon="-117.09363">
        <ele>1639.03</ele>
      </trkpt>
      <trkpt lat="34.36436" lon="-117.09361">
        <ele>1638.93</ele>
      </trkpt>
      <trkpt lat="34.36437" lon="-117.09358">
        <ele>1639.41</ele>
      </trkpt>
      <trkpt lat="34.36438" lon="-117.09353">
        <ele>1640.18</ele>
      </trkpt>
      <trkpt lat="34.36438" lon="-117.09342">
        <ele>1641.46</ele>
      </trkpt>
      <trkpt lat="34.36436" lon="-117.09336">
        <ele>1642.54</ele>
      </trkpt>
      <trkpt lat="34.36431" lon="-117.09325">
        <ele>1643.9</ele>
      </trkpt>
      <trkpt lat="34.3643" lon="-117.09318">
        <ele>1644.41</ele>
      </trkpt>
      <trkpt lat="34.3643" lon="-117.0931">
        <ele>1644.79</ele>
      </trkpt>
      <trkpt lat="34.36431" lon="-117.09307">
        <ele>1644.91</ele>
      </trkpt>
      <trkpt lat="34.36435" lon="-117.09303">
        <ele>1645.28</ele>
      </trkpt>
      <trkpt lat="34.36439" lon="-117.09301">
        <ele>1645.28</ele>
      </trkpt>
      <trkpt lat="34.36448" lon="-117.09299">
        <ele>1645.14</ele>
      </trkpt>
      <trkpt lat="34.36453" lon="-117.09299">
        <ele>1644.76</ele>
      </trkpt>
      <trkpt lat="34.36458" lon="-117.09298">
        <ele>1644.73</ele>
      </trkpt>
      <trkpt lat="34.36462" lon="-117.09297">
        <ele>1644.86</ele>
      </trkpt>
      <trkpt lat="34.36466" lon="-117.09294">
        <ele>1645.17</ele>
      </trkpt>
      <trkpt lat="34.36468" lon="-117.0929">
        <ele>1645.82</ele>
      </trkpt>
      <trkpt lat="34.36469" lon="-117.09288">
        <ele>1646.14</ele>
      </trkpt>
      <trkpt lat="34.36468" lon="-117.09278">
        <ele>1647.96</ele>
      </trkpt>
      <trkpt lat="34.36467" lon="-117.09275">
        <ele>1648.47</ele>
      </trkpt>
      <trkpt lat="34.36466" lon="-117.09274">
        <ele>1648.68</ele>
      </trkpt>
      <trkpt lat="34.36461" lon="-117.0927">
        <ele>1649.71</ele>
      </trkpt>
      <trkpt lat="34.36451" lon="-117.09267">
        <ele>1650.91</ele>
      </trkpt>
      <trkpt lat="34.36426" lon="-117.09261">
        <ele>1655.62</ele>
      </trkpt>
      <trkpt lat="34.36411" lon="-117.09261">
        <ele>1657.85</ele>
      </trkpt>
      <trkpt lat="34.36407" lon="-117.09263">
        <ele>1658.26</ele>
      </trkpt>
      <trkpt lat="34.36404" lon="-117.09265">
        <ele>1658.27</ele>
      </trkpt>
      <trkpt lat="34.36401" lon="-117.09267">
        <ele>1658.13</ele>
      </trkpt>
      <trkpt lat="34.36396" lon="-117.09274">
        <ele>1657.51</ele>
      </trkpt>
      <trkpt lat="34.36388" lon="-117.09284">
        <ele>1659.32</ele>
      </trkpt>
      <trkpt lat="34.36384" lon="-117.09287">
        <ele>1660.59</ele>
      </trkpt>
      <trkpt lat="34.36377" lon="-117.09289">
        <ele>1661.8</ele>
      </trkpt>
      <trkpt lat="34.3636" lon="-117.09289">
        <ele>1663.63</ele>
      </trkpt>
      <trkpt lat="34.36351" lon="-117.09289">
        <ele>1665.83</ele>
      </trkpt>
      <trkpt lat="34.36348" lon="-117.0929">
        <ele>1666.47</ele>
      </trkpt>
      <trkpt lat="34.36344" lon="-117.09292">
        <ele>1667.02</ele>
      </trkpt>
      <trkpt lat="34.36333" lon="-117.09301">
        <ele>1667.11</ele>
      </trkpt>
      <trkpt lat="34.36326" lon="-117.09306">
        <ele>1669.11</ele>
      </trkpt>
      <trkpt lat="34.36317" lon="-117.0931">
        <ele>1671.81</ele>
      </trkpt>
      <trkpt lat="34.36307" lon="-117.09314">
        <ele>1673.08</ele>
      </trkpt>
      <trkpt lat="34.36296" lon="-117.09318">
        <ele>1671.62</ele>
      </trkpt>
      <trkpt lat="34.36286" lon="-117.09317">
        <ele>1672.03</ele>
      </trkpt>
      <trkpt lat="34.36277" lon="-117.09315">
        <ele>1672.82</ele>
      </trkpt>
      <trkpt lat="34.3627" lon="-117.09312">
        <ele>1673.07</ele>
      </trkpt>
      <trkpt lat="34.36263" lon="-117.09308">
        <ele>1673.61</ele>
      </trkpt>
      <trkpt lat="34.36258" lon="-117.09303">
        <ele>1674.42</ele>
      </trkpt>
      <trkpt lat="34.36251" lon="-117.09294">
        <ele>1675.85</ele>
      </trkpt>
      <trkpt lat="34.36248" lon="-117.09292">
        <ele>1676.18</ele>
      </trkpt>
      <trkpt lat="34.36244" lon="-117.0929">
        <ele>1676.39</ele>
      </trkpt>
      <trkpt lat="34.36238" lon="-117.09288">
        <ele>1676.39</ele>
      </trkpt>
      <trkpt lat="34.36228" lon="-117.09284">
        <ele>1677.19</ele>
      </trkpt>
      <trkpt lat="34.36215" lon="-117.09278">
        <ele>1678.91</ele>
      </trkpt>
      <trkpt lat="34.36206" lon="-117.09275">
        <ele>1680.2</ele>
      </trkpt>
      <trkpt lat="34.36195" lon="-117.09273">
        <ele>1680.52</ele>
      </trkpt>
      <trkpt lat="34.36191" lon="-117.09273">
        <ele>1680.7</ele>
      </trkpt>
      <trkpt lat="34.36187" lon="-117.09275">
        <ele>1680.86</ele>
      </trkpt>
      <trkpt lat="34.36186" lon="-117.09276">
        <ele>1680.93</ele>
      </trkpt>
      <trkpt lat="34.36185" lon="-117.09278">
        <ele>1681.04</ele>
      </trkpt>
      <trkpt lat="34.36185" lon="-117.09285">
        <ele>1681.8</ele>
      </trkpt>
      <trkpt lat="34.36186" lon="-117.09287">
        <ele>1681.91</ele>
      </trkpt>
      <trkpt lat="34.36192" lon="-117.09295">
        <ele>1682.12</ele>
      </trkpt>
      <trkpt lat="34.36197" lon="-117.09304">
        <ele>1682.46</ele>
      </trkpt>
      <trkpt lat="34.36202" lon="-117.09318">
        <ele>1685.75</ele>
      </trkpt>
      <trkpt lat="34.36207" lon="-117.09333">
        <ele>1687.24</ele>
      </trkpt>
      <trkpt lat="34.36212" lon="-117.0935">
        <ele>1688.1</ele>
      </trkpt>
      <trkpt lat="34.36212" lon="-117.09353">
        <ele>1688.1</ele>
      </trkpt>
      <trkpt lat="34.36213" lon="-117.09357">
        <ele>1687.99</ele>
      </trkpt>
      <trkpt lat="34.36213" lon="-117.0936">
        <ele>1687.99</ele>
      </trkpt>
      <trkpt lat="34.36211" lon="-117.09371">
        <ele>1688.23</ele>
      </trkpt>
      <trkpt lat="34.36209" lon="-117.09376">
        <ele>1688.69</ele>
      </trkpt>
      <trkpt lat="34.36208" lon="-117.09377">
        <ele>1688.92</ele>
      </trkpt>
      <trkpt lat="34.36204" lon="-117.0938">
        <ele>1689.94</ele>
      </trkpt>
      <trkpt lat="34.362" lon="-117.09383">
        <ele>1690.4</ele>
      </trkpt>
      <trkpt lat="34.3619" lon="-117.09383">
        <ele>1691.48</ele>
      </trkpt>
      <trkpt lat="34.36183" lon="-117.09383">
        <ele>1692.24</ele>
      </trkpt>
      <trkpt lat="34.36175" lon="-117.09383">
        <ele>1693.1</ele>
      </trkpt>
      <trkpt lat="34.36161" lon="-117.09382">
        <ele>1694.0</ele>
      </trkpt>
      <trkpt lat="34.36139" lon="-117.09382">
        <ele>1694.99</ele>
      </trkpt>
      <trkpt lat="34.36132" lon="-117.09383">
        <ele>1695.0</ele>
      </trkpt>
      <trkpt lat="34.36124" lon="-117.09388">
        <ele>1695.61</ele>
      </trkpt>
      <trkpt lat="34.36119" lon="-117.09392">
        <ele>1696.44</ele>
      </trkpt>
      <trkpt lat="34.36115" lon="-117.09397">
        <ele>1697.74</ele>
      </trkpt>
      <trkpt lat="34.36108" lon="-117.09405">
        <ele>1700.5</ele>
      </trkpt>
      <trkpt lat="34.36102" lon="-117.09412">
        <ele>1701.98</ele>
      </trkpt>
      <trkpt lat="34.36093" lon="-117.09421">
        <ele>1703.93</ele>
      </trkpt>
      <trkpt lat="34.36082" lon="-117.0943">
        <ele>1705.14</ele>
      </trkpt>
      <trkpt lat="34.36071" lon="-117.0944">
        <ele>1706.16</ele>
      </trkpt>
      <trkpt lat="34.36061" lon="-117.09448">
        <ele>1706.41</ele>
      </trkpt>
      <trkpt lat="34.36051" lon="-117.09454">
        <ele>1706.98</ele>
      </trkpt>
      <trkpt lat="34.36042" lon="-117.09458">
        <ele>1707.0</ele>
      </trkpt>
      <trkpt lat="34.36034" lon="-117.0946">
        <ele>1707.0</ele>
      </trkpt>
      <trkpt lat="34.36026" lon="-117.09462">
        <ele>1707.02</ele>
      </trkpt>
      <trkpt lat="34.36015" lon="-117.09465">
        <ele>1707.38</ele>
      </trkpt>
      <trkpt lat="34.36008" lon="-117.09467">
        <ele>1708.21</ele>
      </trkpt>
      <trkpt lat="34.36" lon="-117.09469">
        <ele>1709.35</ele>
      </trkpt>
      <trkpt lat="34.35986" lon="-117.09469">
        <ele>1712.02</ele>
      </trkpt>
      <trkpt lat="34.35969" lon="-117.09466">
        <ele>1714.35</ele>
      </trkpt>
      <trkpt lat="34.35956" lon="-117.09466">
        <ele>1715.75</ele>
      </trkpt>
      <trkpt lat="34.35945" lon="-117.09467">
        <ele>1716.94</ele>
      </trkpt>
      <trkpt lat="34.35935" lon="-117.09467">
        <ele>1717.02</ele>
      </trkpt>
      <trkpt lat="34.35927" lon="-117.09468">
        <ele>1717.88</ele>
      </trkpt>
      <trkpt lat="34.35921" lon="-117.09468">
        <ele>1718.0</ele>
      </trkpt>
      <trkpt lat="34.35913" lon="-117.09468">
        <ele>1718.4</ele>
      </trkpt>
      <trkpt lat="34.359" lon="-117.09469">
        <ele>1719.0</ele>
      </trkpt>
      <trkpt lat="34.35892" lon="-117.09471">
        <ele>1719.66</ele>
      </trkpt>
      <trkpt lat="34.35885" lon="-117.09476">
        <ele>1720.42</ele>
      </trkpt>
      <trkpt lat="34.35879" lon="-117.0948">
        <ele>1721.14</ele>
      </trkpt>
      <trkpt lat="34.35874" lon="-117.09486">
        <ele>1721.92</ele>
      </trkpt>
      <trkpt lat="34.35867" lon="-117.09498">
        <ele>1722.44</ele>
      </trkpt>
      <trkpt lat="34.35863" lon="-117.09506">
        <ele>1722.66</ele>
      </trkpt>
      <trkpt lat="34.35859" lon="-117.09512">
        <ele>1723.0</ele>
      </trkpt>
      <trkpt lat="34.35854" lon="-117.09517">
        <ele>1723.57</ele>
      </trkpt>
      <trkpt lat="34.3584" lon="-117.09528">
        <ele>1726.28</ele>
      </trkpt>
      <trkpt lat="34.35817" lon="-117.09545">
        <ele>1729.76</ele>
      </trkpt>
      <trkpt lat="34.35798" lon="-117.09556">
        <ele>1731.78</ele>
      </trkpt>
      <trkpt lat="34.35784" lon="-117.09565">
        <ele>1732.0</ele>
      </trkpt>
      <trkpt lat="34.35772" lon="-117.09574">
        <ele>1732.0</ele>
      </trkpt>
      <trkpt lat="34.35758" lon="-117.09585">
        <ele>1733.43</ele>
      </trkpt>
      <trkpt lat="34.35739" lon="-117.096">
        <ele>1736.19</ele>
      </trkpt>
      <trkpt lat="34.35722" lon="-117.0961">
        <ele>1738.03</ele>
      </trkpt>
      <trkpt lat="34.35711" lon="-117.09616">
        <ele>1739.21</ele>
      </trkpt>
      <trkpt lat="34.35702" lon="-117.0962">
        <ele>1740.18</ele>
      </trkpt>
      <trkpt lat="34.35692" lon="-117.09622">
        <ele>1741.22</ele>
      </trkpt>
      <trkpt lat="34.35679" lon="-117.09624">
        <ele>1741.87</ele>
      </trkpt>
      <trkpt lat="34.35663" lon="-117.09625">
        <ele>1742.7</ele>
      </trkpt>
      <trkpt lat="34.35651" lon="-117.09627">
        <ele>1743.0</ele>
      </trkpt>
      <trkpt lat="34.35643" lon="-117.09628">
        <ele>1743.0</ele>
      </trkpt>
      <trkpt lat="34.35625" lon="-117.09636">
        <ele>1743.0</ele>
      </trkpt>
      <trkpt lat="34.35619" lon="-117.09637">
        <ele>1743.03</ele>
      </trkpt>
      <trkpt lat="34.35614" lon="-117.09638">
        <ele>1743.07</ele>
      </trkpt>
      <trkpt lat="34.35607" lon="-117.09638">
        <ele>1743.1</ele>
      </trkpt>
      <trkpt lat="34.35596" lon="-117.09637">
        <ele>1743.08</ele>
      </trkpt>
      <trkpt lat="34.35581" lon="-117.09636">
        <ele>1742.83</ele>
      </trkpt>
      <trkpt lat="34.35557" lon="-117.09629">
        <ele>1743.01</ele>
      </trkpt>
      <trkpt lat="34.35536" lon="-117.09625">
        <ele>1743.11</ele>
      </trkpt>
      <trkpt lat="34.35516" lon="-117.0962">
        <ele>1745.31</ele>
      </trkpt>
      <trkpt lat="34.35506" lon="-117.09618">
        <ele>1746.52</ele>
      </trkpt>
      <trkpt lat="34.35496" lon="-117.09615">
        <ele>1747.0</ele>
      </trkpt>
      <trkpt lat="34.35488" lon="-117.09607">
        <ele>1746.84</ele>
      </trkpt>
      <trkpt lat="34.35481" lon="-117.09596">
        <ele>1746.95</ele>
      </trkpt>
      <trkpt lat="34.35467" lon="-117.09582">
        <ele>1745.29</ele>
      </trkpt>
      <trkpt lat="34.35456" lon="-117.09571">
        <ele>1743.25</ele>
      </trkpt>
      <trkpt lat="34.35445" lon="-117.0956">
        <ele>1742.58</ele>
      </trkpt>
      <trkpt lat="34.35437" lon="-117.09554">
        <ele>1742.36</ele>
      </trkpt>
      <trkpt lat="34.35428" lon="-117.09547">
        <ele>1742.21</ele>
      </trkpt>
      <trkpt lat="34.35418" lon="-117.09539">
        <ele>1742.79</ele>
      </trkpt>
      <trkpt lat="34.35411" lon="-117.09532">
        <ele>1743.0</ele>
      </trkpt>
      <trkpt lat="34.35405" lon="-117.09527">
        <ele>1743.0</ele>
      </trkpt>
      <trkpt lat="34.35401" lon="-117.09524">
        <ele>1743.0</ele>
      </trkpt>
      <trkpt lat="34.35388" lon="-117.09519">
        <ele>1742.05</ele>
      </trkpt>
      <trkpt lat="34.35377" lon="-117.09516">
        <ele>1742.0</ele>
      </trkpt>
      <trkpt lat="34.35367" lon="-117.09514">
        <ele>1741.81</ele>
      </trkpt>
      <trkpt lat="34.35356" lon="-117.09512">
        <ele>1741.15</ele>
      </trkpt>
      <trkpt lat="34.35344" lon="-117.09511">
        <ele>1740.12</ele>
      </trkpt>
      <trkpt lat="34.35322" lon="-117.09507">
        <ele>1739.24</ele>
      </trkpt>
      <trkpt lat="34.35304" lon="-117.09502">
        <ele>1739.78</ele>
      </trkpt>
      <trkpt lat="34.3529" lon="-117.09498">
        <ele>1740.75</ele>
      </trkpt>
      <trkpt lat="34.3528" lon="-117.09494">
        <ele>1741.49</ele>
      </trkpt>
      <trkpt lat="34.35273" lon="-117.09492">
        <ele>1741.86</ele>
      </trkpt>
      <trkpt lat="34.35265" lon="-117.0949">
        <ele>1742.08</ele>
      </trkpt>
      <trkpt lat="34.3525" lon="-117.09489">
        <ele>1743.0</ele>
      </trkpt>
      <trkpt lat="34.35216" lon="-117.09489">
        <ele>1746.19</ele>
      </trkpt>
      <trkpt lat="34.35206" lon="-117.09487">
        <ele>1746.4</ele>
      </trkpt>
      <trkpt lat="34.35201" lon="-117.09483">
        <ele>1746.79</ele>
      </trkpt>
      <trkpt lat="34.35196" lon="-117.0948">
        <ele>1747.16</ele>
      </trkpt>
      <trkpt lat="34.3519" lon="-117.09471">
        <ele>1747.65</ele>
      </trkpt>
      <trkpt lat="34.35181" lon="-117.0946">
        <ele>1747.87</ele>
      </trkpt>
      <trkpt lat="34.3517" lon="-117.09446">
        <ele>1747.66</ele>
      </trkpt>
      <trkpt lat="34.35166" lon="-117.09441">
        <ele>1747.27</ele>
      </trkpt>
      <trkpt lat="34.35163" lon="-117.09435">
        <ele>1747.21</ele>
      </trkpt>
      <trkpt lat="34.35158" lon="-117.09425">
        <ele>1746.13</ele>
      </trkpt>
      <trkpt lat="34.35153" lon="-117.0941">
        <ele>1746.24</ele>
      </trkpt>
      <trkpt lat="34.3515" lon="-117.09397">
        <ele>1747.32</ele>
      </trkpt>
      <trkpt lat="34.35147" lon="-117.09383">
        <ele>1747.95</ele>
      </trkpt>
      <trkpt lat="34.35146" lon="-117.09374">
        <ele>1748.47</ele>
      </trkpt>
      <trkpt lat="34.35146" lon="-117.09363">
        <ele>1748.77</ele>
      </trkpt>
      <trkpt lat="34.35147" lon="-117.09358">
        <ele>1748.58</ele>
      </trkpt>
      <trkpt lat="34.35148" lon="-117.09346">
        <ele>1747.99</ele>
      </trkpt>
      <trkpt lat="34.35148" lon="-117.09333">
        <ele>1747.95</ele>
      </trkpt>
      <trkpt lat="34.35148" lon="-117.09328">
        <ele>1747.41</ele>
      </trkpt>
      <trkpt lat="34.35148" lon="-117.09318">
        <ele>1746.33</ele>
      </trkpt>
      <trkpt lat="34.35145" lon="-117.09308">
        <ele>1745.17</ele>
      </trkpt>
      <trkpt lat="34.35143" lon="-117.09303">
        <ele>1744.85</ele>
      </trkpt>
      <trkpt lat="34.35137" lon="-117.09298">
        <ele>1744.15</ele>
      </trkpt>
      <trkpt lat="34.35132" lon="-117.09293">
        <ele>1744.0</ele>
      </trkpt>
      <trkpt lat="34.35126" lon="-117.09288">
        <ele>1743.65</ele>
      </trkpt>
      <trkpt lat="34.35119" lon="-117.09284">
        <ele>1743.0</ele>
      </trkpt>
      <trkpt lat="34.3511" lon="-117.09279">
        <ele>1743.0</ele>
      </trkpt>
      <trkpt lat="34.35104" lon="-117.09274">
        <ele>1743.0</ele>
      </trkpt>
      <trkpt lat="34.35098" lon="-117.09269">
        <ele>1743.0</ele>
      </trkpt>
      <trkpt lat="34.35095" lon="-117.09263">
        <ele>1743.0</ele>
      </trkpt>
      <trkpt lat="34.35093" lon="-117.09259">
        <ele>1743.0</ele>
      </trkpt>
      <trkpt lat="34.35092" lon="-117.0925">
        <ele>1743.0</ele>
      </trkpt>
      <trkpt lat="34.35092" lon="-117.09241">
        <ele>1743.06</ele>
      </trkpt>
      <trkpt lat="34.35091" lon="-117.09226">
        <ele>1744.76</ele>
      </trkpt>
      <trkpt lat="34.35091" lon="-117.09213">
        <ele>1746.99</ele>
      </trkpt>
      <trkpt lat="34.35091" lon="-117.09201">
        <ele>1748.58</ele>
      </trkpt>
      <trkpt lat="34.35091" lon="-117.09196">
        <ele>1749.66</ele>
      </trkpt>
      <trkpt lat="34.3509" lon="-117.09189">
        <ele>1750.59</ele>
      </trkpt>
      <trkpt lat="34.3509" lon="-117.09182">
        <ele>1751.59</ele>
      </trkpt>
      <trkpt lat="34.35087" lon="-117.09172">
        <ele>1753.08</ele>
      </trkpt>
      <trkpt lat="34.35082" lon="-117.09164">
        <ele>1754.14</ele>
      </trkpt>
      <trkpt lat="34.35077" lon="-117.09159">
        <ele>1754.14</ele>
      </trkpt>
      <trkpt lat="34.35074" lon="-117.09157">
        <ele>1754.04</ele>
      </trkpt>
      <trkpt lat="34.35065" lon="-117.09152">
        <ele>1754.01</ele>
      </trkpt>
      <trkpt lat="34.35047" lon="-117.09145">
        <ele>1753.08</ele>
      </trkpt>
      <trkpt lat="34.35042" lon="-117.09142">
        <ele>1752.84</ele>
      </trkpt>
      <trkpt lat="34.35038" lon="-117.09138">
        <ele>1753.01</ele>
      </trkpt>
      <trkpt lat="34.35034" lon="-117.09134">
        <ele>1752.67</ele>
      </trkpt>
      <trkpt lat="34.35031" lon="-117.09131">
        <ele>1752.35</ele>
      </trkpt>
      <trkpt lat="34.35025" lon="-117.09125">
        <ele>1752.2</ele>
      </trkpt>
      <trkpt lat="34.35017" lon="-117.09114">
        <ele>1751.84</ele>
      </trkpt>
      <trkpt lat="34.35001" lon="-117.09098">
        <ele>1751.04</ele>
      </trkpt>
      <trkpt lat="34.3499" lon="-117.09088">
        <ele>1749.92</ele>
      </trkpt>
      <trkpt lat="34.34981" lon="-117.09082">
        <ele>1749.14</ele>
      </trkpt>
      <trkpt lat="34.34973" lon="-117.09074">
        <ele>1749.08</ele>
      </trkpt>
      <trkpt lat="34.34967" lon="-117.09068">
        <ele>1748.44</ele>
      </trkpt>
      <trkpt lat="34.3496" lon="-117.09061">
        <ele>1747.68</ele>
      </trkpt>
      <trkpt lat="34.34954" lon="-117.09054">
        <ele>1747.03</ele>
      </trkpt>
      <trkpt lat="34.34947" lon="-117.09046">
        <ele>1746.31</ele>
      </trkpt>
      <trkpt lat="34.34943" lon="-117.09043">
        <ele>1746.2</ele>
      </trkpt>
      <trkpt lat="34.3493" lon="-117.09037">
        <ele>1745.44</ele>
      </trkpt>
      <trkpt lat="34.34925" lon="-117.09034">
        <ele>1745.33</ele>
      </trkpt>
      <trkpt lat="34.34923" lon="-117.09031">
        <ele>1745.65</ele>
      </trkpt>
      <trkpt lat="34.34916" lon="-117.09021">
        <ele>1746.68</ele>
      </trkpt>
      <trkpt lat="34.34908" lon="-117.09005">
        <ele>1747.46</ele>
      </trkpt>
      <trkpt lat="34.34903" lon="-117.08994">
        <ele>1748.34</ele>
      </trkpt>
      <trkpt lat="34.349" lon="-117.08989">
        <ele>1748.35</ele>
      </trkpt>
      <trkpt lat="34.34898" lon="-117.08985">
        <ele>1748.61</ele>
      </trkpt>
      <trkpt lat="34.34896" lon="-117.08982">
        <ele>1748.72</ele>
      </trkpt>
      <trkpt lat="34.3489" lon="-117.08975">
        <ele>1748.74</ele>
      </trkpt>
      <trkpt lat="34.34882" lon="-117.08969">
        <ele>1748.51</ele>
      </trkpt>
      <trkpt lat="34.34879" lon="-117.08966">
        <ele>1748.63</ele>
      </trkpt>
      <trkpt lat="34.34873" lon="-117.08954">
        <ele>1748.28</ele>
      </trkpt>
      <trkpt lat="34.34871" lon="-117.08947">
        <ele>1748.07</ele>
      </trkpt>
      <trkpt lat="34.3487" lon="-117.0894">
        <ele>1747.96</ele>
      </trkpt>
      <trkpt lat="34.34867" lon="-117.08917">
        <ele>1746.67</ele>
      </trkpt>
      <trkpt lat="34.34866" lon="-117.0891">
        <ele>1746.19</ele>
      </trkpt>
      <trkpt lat="34.34865" lon="-117.08902">
        <ele>1745.84</ele>
      </trkpt>
      <trkpt lat="34.34862" lon="-117.08892">
        <ele>1745.79</ele>
      </trkpt>
      <trkpt lat="34.34858" lon="-117.08883">
        <ele>1746.3</ele>
      </trkpt>
      <trkpt lat="34.34852" lon="-117.08873">
        <ele>1746.02</ele>
      </trkpt>
      <trkpt lat="34.34848" lon="-117.08866">
        <ele>1745.86</ele>
      </trkpt>
      <trkpt lat="34.34845" lon="-117.08858">
        <ele>1745.77</ele>
      </trkpt>
      <trkpt lat="34.34844" lon="-117.08852">
        <ele>1746.14</ele>
      </trkpt>
      <trkpt lat="34.3484" lon="-117.08829">
        <ele>1745.91</ele>
      </trkpt>
      <trkpt lat="34.34838" lon="-117.08816">
        <ele>1746.88</ele>
      </trkpt>
      <trkpt lat="34.34835" lon="-117.08809">
        <ele>1746.99</ele>
      </trkpt>
      <trkpt lat="34.34832" lon="-117.08802">
        <ele>1747.57</ele>
      </trkpt>
      <trkpt lat="34.34827" lon="-117.08794">
        <ele>1748.05</ele>
      </trkpt>
      <trkpt lat="34.34821" lon="-117.08787">
        <ele>1748.34</ele>
      </trkpt>
      <trkpt lat="34.34815" lon="-117.08779">
        <ele>1747.89</ele>
      </trkpt>
      <trkpt lat="34.34811" lon="-117.08772">
        <ele>1747.95</ele>
      </trkpt>
      <trkpt lat="34.34809" lon="-117.08767">
        <ele>1747.74</ele>
      </trkpt>
      <trkpt lat="34.34806" lon="-117.08755">
        <ele>1747.56</ele>
      </trkpt>
      <trkpt lat="34.34805" lon="-117.08748">
        <ele>1747.88</ele>
      </trkpt>
      <trkpt lat="34.34805" lon="-117.08739">
        <ele>1748.06</ele>
      </trkpt>
      <trkpt lat="34.34804" lon="-117.08733">
        <ele>1748.36</ele>
      </trkpt>
      <trkpt lat="34.34804" lon="-117.08727">
        <ele>1748.98</ele>
      </trkpt>
      <trkpt lat="34.34802" lon="-117.08717">
        <ele>1749.98</ele>
      </trkpt>
      <trkpt lat="34.348" lon="-117.08707">
        <ele>1751.23</ele>
      </trkpt>
      <trkpt lat="34.34796" lon="-117.08694">
        <ele>1751.98</ele>
      </trkpt>
      <trkpt lat="34.34791" lon="-117.0868">
        <ele>1752.18</ele>
      </trkpt>
      <trkpt lat="34.34785" lon="-117.0866">
        <ele>1751.78</ele>
      </trkpt>
      <trkpt lat="34.34784" lon="-117.08652">
        <ele>1751.67</ele>
      </trkpt>
      <trkpt lat="34.34784" lon="-117.0864">
        <ele>1751.38</ele>
      </trkpt>
      <trkpt lat="34.34785" lon="-117.08634">
        <ele>1751.15</ele>
      </trkpt>
      <trkpt lat="34.34787" lon="-117.08629">
        <ele>1751.0</ele>
      </trkpt>
      <trkpt lat="34.34792" lon="-117.08618">
        <ele>1751.28</ele>
      </trkpt>
      <trkpt lat="34.34794" lon="-117.08614">
        <ele>1751.06</ele>
      </trkpt>
      <trkpt lat="34.34798" lon="-117.08609">
        <ele>1750.96</ele>
      </trkpt>
      <trkpt lat="34.34802" lon="-117.08604">
        <ele>1750.85</ele>
      </trkpt>
      <trkpt lat="34.34805" lon="-117.08599">
        <ele>1750.63</ele>
      </trkpt>
      <trkpt lat="34.3481" lon="-117.08591">
        <ele>1750.88</ele>
      </trkpt>
      <trkpt lat="34.34818" lon="-117.08579">
        <ele>1751.53</ele>
      </trkpt>
      <trkpt lat="34.3482" lon="-117.0857">
        <ele>1751.37</ele>
      </trkpt>
      <trkpt lat="34.3482" lon="-117.08561">
        <ele>1750.89</ele>
      </trkpt>
      <trkpt lat="34.34818" lon="-117.08555">
        <ele>1750.3</ele>
      </trkpt>
      <trkpt lat="34.34816" lon="-117.08551">
        <ele>1749.7</ele>
      </trkpt>
      <trkpt lat="34.34814" lon="-117.0855">
        <ele>1749.22</ele>
      </trkpt>
      <trkpt lat="34.34808" lon="-117.08549">
        <ele>1747.82</ele>
      </trkpt>
      <trkpt lat="34.34803" lon="-117.08549">
        <ele>1747.02</ele>
      </trkpt>
      <trkpt lat="34.34799" lon="-117.0855">
        <ele>1746.69</ele>
      </trkpt>
      <trkpt lat="34.34789" lon="-117.08555">
        <ele>1746.15</ele>
      </trkpt>
      <trkpt lat="34.34781" lon="-117.08559">
        <ele>1744.98</ele>
      </trkpt>
      <trkpt lat="34.34771" lon="-117.08561">
        <ele>1743.38</ele>
      </trkpt>
      <trkpt lat="34.34762" lon="-117.08562">
        <ele>1742.08</ele>
      </trkpt>
      <trkpt lat="34.3475" lon="-117.08563">
        <ele>1740.8</ele>
      </trkpt>
      <trkpt lat="34.34737" lon="-117.0856">
        <ele>1738.67</ele>
      </trkpt>
      <trkpt lat="34.34727" lon="-117.08557">
        <ele>1736.67</ele>
      </trkpt>
      <trkpt lat="34.34721" lon="-117.08552">
        <ele>1735.4</ele>
      </trkpt>
      <trkpt lat="34.34715" lon="-117.08546">
        <ele>1734.22</ele>
      </trkpt>
      <trkpt lat="34.34709" lon="-117.08536">
        <ele>1733.08</ele>
      </trkpt>
      <trkpt lat="34.34702" lon="-117.08527">
        <ele>1731.75</ele>
      </trkpt>
      <trkpt lat="34.34697" lon="-117.08518">
        <ele>1731.0</ele>
      </trkpt>
      <trkpt lat="34.34692" lon="-117.08511">
        <ele>1730.74</ele>
      </trkpt>
      <trkpt lat="34.34687" lon="-117.08503">
        <ele>1730.2</ele>
      </trkpt>
      <trkpt lat="34.34678" lon="-117.08489">
        <ele>1730.22</ele>
      </trkpt>
      <trkpt lat="34.34676" lon="-117.08483">
        <ele>1730.01</ele>
      </trkpt>
      <trkpt lat="34.34673" lon="-117.08472">
        <ele>1731.02</ele>
      </trkpt>
      <trkpt lat="34.34666" lon="-117.08439">
        <ele>1733.55</ele>
      </trkpt>
      <trkpt lat="34.34664" lon="-117.08432">
        <ele>1733.81</ele>
      </trkpt>
      <trkpt lat="34.34662" lon="-117.08426">
        <ele>1734.0</ele>
      </trkpt>
      <trkpt lat="34.34656" lon="-117.08415">
        <ele>1733.85</ele>
      </trkpt>
      <trkpt lat="34.34648" lon="-117.08399">
        <ele>1732.09</ele>
      </trkpt>
      <trkpt lat="34.34638" lon="-117.08381">
        <ele>1730.92</ele>
      </trkpt>
      <trkpt lat="34.34627" lon="-117.08368">
        <ele>1729.97</ele>
      </trkpt>
      <trkpt lat="34.34619" lon="-117.08358">
        <ele>1730.24</ele>
      </trkpt>
      <trkpt lat="34.34612" lon="-117.08351">
        <ele>1731.08</ele>
      </trkpt>
      <trkpt lat="34.34606" lon="-117.08345">
        <ele>1732.84</ele>
      </trkpt>
      <trkpt lat="34.346" lon="-117.08341">
        <ele>1734.0</ele>
      </trkpt>
      <trkpt lat="34.34594" lon="-117.08336">
        <ele>1734.0</ele>
      </trkpt>
      <trkpt lat="34.34588" lon="-117.08332">
        <ele>1734.0</ele>
      </trkpt>
      <trkpt lat="34.34581" lon="-117.08322">
        <ele>1734.0</ele>
      </trkpt>
      <trkpt lat="34.34578" lon="-117.08317">
        <ele>1734.0</ele>
      </trkpt>
      <trkpt lat="34.34577" lon="-117.08314">
        <ele>1733.94</ele>
      </trkpt>
      <trkpt lat="34.34575" lon="-117.08303">
        <ele>1733.07</ele>
      </trkpt>
      <trkpt lat="34.34575" lon="-117.08291">
        <ele>1732.43</ele>
      </trkpt>
      <trkpt lat="34.34574" lon="-117.08285">
        <ele>1731.78</ele>
      </trkpt>
      <trkpt lat="34.34575" lon="-117.08272">
        <ele>1730.48</ele>
      </trkpt>
      <trkpt lat="34.34575" lon="-117.08259">
        <ele>1730.07</ele>
      </trkpt>
      <trkpt lat="34.34575" lon="-117.0824">
        <ele>1728.2</ele>
      </trkpt>
      <trkpt lat="34.34575" lon="-117.08227">
        <ele>1727.72</ele>
      </trkpt>
      <trkpt lat="34.34576" lon="-117.08212">
        <ele>1727.42</ele>
      </trkpt>
      <trkpt lat="34.34576" lon="-117.08195">
        <ele>1726.67</ele>
      </trkpt>
      <trkpt lat="34.34577" lon="-117.08187">
        <ele>1726.69</ele>
      </trkpt>
      <trkpt lat="34.34577" lon="-117.08176">
        <ele>1726.63</ele>
      </trkpt>
      <trkpt lat="34.34579" lon="-117.0816">
        <ele>1726.06</ele>
      </trkpt>
      <trkpt lat="34.34581" lon="-117.08151">
        <ele>1726.5</ele>
      </trkpt>
      <trkpt lat="34.34583" lon="-117.08144">
        <ele>1726.48</ele>
      </trkpt>
      <trkpt lat="34.34587" lon="-117.08132">
        <ele>1726.5</ele>
      </trkpt>
      <trkpt lat="34.34594" lon="-117.08118">
        <ele>1727.27</ele>
      </trkpt>
      <trkpt lat="34.34604" lon="-117.081">
        <ele>1728.23</ele>
      </trkpt>
      <trkpt lat="34.34611" lon="-117.0809">
        <ele>1728.71</ele>
      </trkpt>
      <trkpt lat="34.34615" lon="-117.08083">
        <ele>1728.4</ele>
      </trkpt>
      <trkpt lat="34.34617" lon="-117.08079">
        <ele>1728.47</ele>
      </trkpt>
      <trkpt lat="34.34622" lon="-117.08066">
        <ele>1728.28</ele>
      </trkpt>
      <trkpt lat="34.34625" lon="-117.08054">
        <ele>1726.75</ele>
      </trkpt>
      <trkpt lat="34.34629" lon="-117.08044">
        <ele>1725.68</ele>
      </trkpt>
      <trkpt lat="34.34633" lon="-117.08028">
        <ele>1724.39</ele>
      </trkpt>
      <trkpt lat="34.34638" lon="-117.08003">
        <ele>1722.23</ele>
      </trkpt>
      <trkpt lat="34.34643" lon="-117.07989">
        <ele>1720.81</ele>
      </trkpt>
      <trkpt lat="34.34648" lon="-117.07978">
        <ele>1719.62</ele>
      </trkpt>
      <trkpt lat="34.34652" lon="-117.07965">
        <ele>1718.54</ele>
      </trkpt>
      <trkpt lat="34.34653" lon="-117.07955">
        <ele>1718.07</ele>
      </trkpt>
      <trkpt lat="34.34653" lon="-117.07947">
        <ele>1717.28</ele>
      </trkpt>
      <trkpt lat="34.34653" lon="-117.07933">
        <ele>1716.4</ele>
      </trkpt>
      <trkpt lat="34.34654" lon="-117.07916">
        <ele>1714.97</ele>
      </trkpt>
      <trkpt lat="34.34655" lon="-117.07897">
        <ele>1713.97</ele>
      </trkpt>
      <trkpt lat="34.34657" lon="-117.07883">
        <ele>1713.35</ele>
      </trkpt>
      <trkpt lat="34.34659" lon="-117.07875">
        <ele>1712.59</ele>
      </trkpt>
      <trkpt lat="34.34663" lon="-117.07867">
        <ele>1712.38</ele>
      </trkpt>
      <trkpt lat="34.34667" lon="-117.07858">
        <ele>1711.7</ele>
      </trkpt>
      <trkpt lat="34.34672" lon="-117.0785">
        <ele>1711.38</ele>
      </trkpt>
      <trkpt lat="34.34676" lon="-117.07844">
        <ele>1711.16</ele>
      </trkpt>
      <trkpt lat="34.34679" lon="-117.07839">
        <ele>1710.94</ele>
      </trkpt>
      <trkpt lat="34.34681" lon="-117.07833">
        <ele>1710.51</ele>
      </trkpt>
      <trkpt lat="34.34683" lon="-117.07827">
        <ele>1710.08</ele>
      </trkpt>
      <trkpt lat="34.34686" lon="-117.07797">
        <ele>1710.02</ele>
      </trkpt>
      <trkpt lat="34.34689" lon="-117.07789">
        <ele>1710.41</ele>
      </trkpt>
      <trkpt lat="34.34692" lon="-117.07783">
        <ele>1711.17</ele>
      </trkpt>
      <trkpt lat="34.34692" lon="-117.07781">
        <ele>1711.39</ele>
      </trkpt>
      <trkpt lat="34.34695" lon="-117.07773">
        <ele>1712.06</ele>
      </trkpt>
      <trkpt lat="34.34695" lon="-117.07767">
        <ele>1712.22</ele>
      </trkpt>
      <trkpt lat="34.34696" lon="-117.07763">
        <ele>1712.76</ele>
      </trkpt>
      <trkpt lat="34.34695" lon="-117.07759">
        <ele>1713.06</ele>
      </trkpt>
      <trkpt lat="34.34694" lon="-117.0775">
        <ele>1712.95</ele>
      </trkpt>
      <trkpt lat="34.34692" lon="-117.07745">
        <ele>1712.34</ele>
      </trkpt>
      <trkpt lat="34.3469" lon="-117.07741">
        <ele>1712.01</ele>
      </trkpt>
      <trkpt lat="34.34687" lon="-117.07731">
        <ele>1711.13</ele>
      </trkpt>
      <trkpt lat="34.34685" lon="-117.07718">
        <ele>1709.54</ele>
      </trkpt>
      <trkpt lat="34.34683" lon="-117.07705">
        <ele>1708.14</ele>
      </trkpt>
      <trkpt lat="34.34682" lon="-117.077">
        <ele>1707.6</ele>
      </trkpt>
      <trkpt lat="34.34681" lon="-117.07687">
        <ele>1707.0</ele>
      </trkpt>
      <trkpt lat="34.34678" lon="-117.07668">
        <ele>1707.0</ele>
      </trkpt>
      <trkpt lat="34.34676" lon="-117.07655">
        <ele>1706.0</ele>
      </trkpt>
      <trkpt lat="34.34674" lon="-117.07642">
        <ele>1705.34</ele>
      </trkpt>
      <trkpt lat="34.3467" lon="-117.07625">
        <ele>1703.86</ele>
      </trkpt>
      <trkpt lat="34.34666" lon="-117.07613">
        <ele>1702.2</ele>
      </trkpt>
      <trkpt lat="34.34661" lon="-117.07598">
        <ele>1701.23</ele>
      </trkpt>
      <trkpt lat="34.3466" lon="-117.07587">
        <ele>1700.57</ele>
      </trkpt>
      <trkpt lat="34.3466" lon="-117.07579">
        <ele>1700.62</ele>
      </trkpt>
      <trkpt lat="34.34661" lon="-117.07571">
        <ele>1701.2</ele>
      </trkpt>
      <trkpt lat="34.34662" lon="-117.07566">
        <ele>1701.44</ele>
      </trkpt>
      <trkpt lat="34.3467" lon="-117.07546">
        <ele>1702.02</ele>
      </trkpt>
      <trkpt lat="34.34672" lon="-117.07539">
        <ele>1702.33</ele>
      </trkpt>
      <trkpt lat="34.34673" lon="-117.07532">
        <ele>1702.69</ele>
      </trkpt>
      <trkpt lat="34.34673" lon="-117.07526">
        <ele>1703.0</ele>
      </trkpt>
      <trkpt lat="34.34673" lon="-117.07521">
        <ele>1703.0</ele>
      </trkpt>
      <trkpt lat="34.34672" lon="-117.07516">
        <ele>1703.12</ele>
      </trkpt>
      <trkpt lat="34.34669" lon="-117.07509">
        <ele>1703.76</ele>
      </trkpt>
      <trkpt lat="34.34666" lon="-117.07505">
        <ele>1704.07</ele>
      </trkpt>
      <trkpt lat="34.34659" lon="-117.07497">
        <ele>1705.15</ele>
      </trkpt>
      <trkpt lat="34.34654" lon="-117.07493">
        <ele>1706.12</ele>
      </trkpt>
      <trkpt lat="34.34648" lon="-117.0749">
        <ele>1707.02</ele>
      </trkpt>
      <trkpt lat="34.34641" lon="-117.07488">
        <ele>1707.77</ele>
      </trkpt>
      <trkpt lat="34.34631" lon="-117.07486">
        <ele>1708.85</ele>
      </trkpt>
      <trkpt lat="34.34619" lon="-117.0748">
        <ele>1710.31</ele>
      </trkpt>
      <trkpt lat="34.34614" lon="-117.07474">
        <ele>1711.5</ele>
      </trkpt>
      <trkpt lat="34.3461" lon="-117.07468">
        <ele>1712.7</ele>
      </trkpt>
      <trkpt lat="34.34607" lon="-117.07462">
        <ele>1714.05</ele>
      </trkpt>
      <trkpt lat="34.34605" lon="-117.07454">
        <ele>1715.62</ele>
      </trkpt>
      <trkpt lat="34.34604" lon="-117.07444">
        <ele>1717.54</ele>
      </trkpt>
      <trkpt lat="34.34604" lon="-117.07428">
        <ele>1718.31</ele>
      </trkpt>
      <trkpt lat="34.34605" lon="-117.07419">
        <ele>1719.07</ele>
      </trkpt>
      <trkpt lat="34.34607" lon="-117.07413">
        <ele>1718.71</ele>
      </trkpt>
      <trkpt lat="34.34609" lon="-117.07406">
        <ele>1718.23</ele>
      </trkpt>
      <trkpt lat="34.34611" lon="-117.07401">
        <ele>1718.01</ele>
      </trkpt>
      <trkpt lat="34.34614" lon="-117.07395">
        <ele>1718.0</ele>
      </trkpt>
      <trkpt lat="34.34617" lon="-117.0739">
        <ele>1718.0</ele>
      </trkpt>
      <trkpt lat="34.34625" lon="-117.07382">
        <ele>1718.5</ele>
      </trkpt>
      <trkpt lat="34.34632" lon="-117.07375">
        <ele>1719.38</ele>
      </trkpt>
      <trkpt lat="34.34638" lon="-117.07369">
        <ele>1720.82</ele>
      </trkpt>
      <trkpt lat="34.34642" lon="-117.07364">
        <ele>1721.57</ele>
      </trkpt>
      <trkpt lat="34.34645" lon="-117.07357">
        <ele>1722.47</ele>
      </trkpt>
      <trkpt lat="34.34646" lon="-117.0735">
        <ele>1723.01</ele>
      </trkpt>
      <trkpt lat="34.34646" lon="-117.07346">
        <ele>1723.55</ele>
      </trkpt>
      <trkpt lat="34.34645" lon="-117.07339">
        <ele>1724.39</ele>
      </trkpt>
      <trkpt lat="34.34643" lon="-117.07333">
        <ele>1725.07</ele>
      </trkpt>
      <trkpt lat="34.34636" lon="-117.07322">
        <ele>1727.07</ele>
      </trkpt>
      <trkpt lat="34.34626" lon="-117.07312">
        <ele>1726.82</ele>
      </trkpt>
      <trkpt lat="34.34618" lon="-117.07305">
        <ele>1726.55</ele>
      </trkpt>
      <trkpt lat="34.34612" lon="-117.07299">
        <ele>1725.9</ele>
      </trkpt>
      <trkpt lat="34.3461" lon="-117.07293">
        <ele>1726.12</ele>
      </trkpt>
      <trkpt lat="34.34608" lon="-117.07287">
        <ele>1726.33</ele>
      </trkpt>
      <trkpt lat="34.34607" lon="-117.07282">
        <ele>1726.96</ele>
      </trkpt>
      <trkpt lat="34.34608" lon="-117.07275">
        <ele>1728.09</ele>
      </trkpt>
      <trkpt lat="34.34609" lon="-117.07266">
        <ele>1728.82</ele>
      </trkpt>
      <trkpt lat="34.34612" lon="-117.07255">
        <ele>1730.65</ele>
      </trkpt>
      <trkpt lat="34.34615" lon="-117.07248">
        <ele>1731.93</ele>
      </trkpt>
      <trkpt lat="34.34617" lon="-117.07242">
        <ele>1732.82</ele>
      </trkpt>
      <trkpt lat="34.3462" lon="-117.07238">
        <ele>1733.88</ele>
      </trkpt>
      <trkpt lat="34.34626" lon="-117.0723">
        <ele>1734.48</ele>
      </trkpt>
      <trkpt lat="34.34639" lon="-117.07211">
        <ele>1734.8</ele>
      </trkpt>
      <trkpt lat="34.34648" lon="-117.07198">
        <ele>1734.96</ele>
      </trkpt>
      <trkpt lat="34.34652" lon="-117.07192">
        <ele>1735.15</ele>
      </trkpt>
      <trkpt lat="34.34654" lon="-117.07187">
        <ele>1734.83</ele>
      </trkpt>
      <trkpt lat="34.34656" lon="-117.07183">
        <ele>1734.78</ele>
      </trkpt>
      <trkpt lat="34.3466" lon="-117.07168">
        <ele>1734.9</ele>
      </trkpt>
      <trkpt lat="34.3466" lon="-117.07151">
        <ele>1735.59</ele>
      </trkpt>
      <trkpt lat="34.34656" lon="-117.07138">
        <ele>1734.49</ele>
      </trkpt>
      <trkpt lat="34.34654" lon="-117.0713">
        <ele>1734.49</ele>
      </trkpt>
      <trkpt lat="34.34655" lon="-117.0712">
        <ele>1735.52</ele>
      </trkpt>
      <trkpt lat="34.34657" lon="-117.07116">
        <ele>1736.38</ele>
      </trkpt>
      <trkpt lat="34.3466" lon="-117.07112">
        <ele>1737.52</ele>
      </trkpt>
      <trkpt lat="34.34662" lon="-117.07105">
        <ele>1737.99</ele>
      </trkpt>
      <trkpt lat="34.34662" lon="-117.07098">
        <ele>1737.99</ele>
      </trkpt>
      <trkpt lat="34.34662" lon="-117.07092">
        <ele>1738.02</ele>
      </trkpt>
      <trkpt lat="34.3466" lon="-117.07086">
        <ele>1737.76</ele>
      </trkpt>
      <trkpt lat="34.34656" lon="-117.07079">
        <ele>1736.54</ele>
      </trkpt>
      <trkpt lat="34.34649" lon="-117.0707">
        <ele>1734.72</ele>
      </trkpt>
      <trkpt lat="34.34644" lon="-117.07062">
        <ele>1734.41</ele>
      </trkpt>
      <trkpt lat="34.34642" lon="-117.07055">
        <ele>1734.65</ele>
      </trkpt>
      <trkpt lat="34.34642" lon="-117.0705">
        <ele>1734.47</ele>
      </trkpt>
      <trkpt lat="34.34641" lon="-117.07045">
        <ele>1734.12</ele>
      </trkpt>
      <trkpt lat="34.34642" lon="-117.07035">
        <ele>1733.67</ele>
      </trkpt>
      <trkpt lat="34.34646" lon="-117.07021">
        <ele>1733.8</ele>
      </trkpt>
      <trkpt lat="34.34651" lon="-117.07009">
        <ele>1734.28</ele>
      </trkpt>
      <trkpt lat="34.34655" lon="-117.06999">
        <ele>1733.71</ele>
      </trkpt>
      <trkpt lat="34.34659" lon="-117.0699">
        <ele>1734.17</ele>
      </trkpt>
      <trkpt lat="34.34663" lon="-117.06981">
        <ele>1734.64</ele>
      </trkpt>
      <trkpt lat="34.34668" lon="-117.06967">
        <ele>1736.0</ele>
      </trkpt>
      <trkpt lat="34.3467" lon="-117.0696">
        <ele>1736.32</ele>
      </trkpt>
      <trkpt lat="34.34671" lon="-117.06952">
        <ele>1737.0</ele>
      </trkpt>
      <trkpt lat="34.34671" lon="-117.06938">
        <ele>1737.37</ele>
      </trkpt>
      <trkpt lat="34.3467" lon="-117.06933">
        <ele>1737.64</ele>
      </trkpt>
      <trkpt lat="34.34667" lon="-117.06917">
        <ele>1737.96</ele>
      </trkpt>
      <trkpt lat="34.34665" lon="-117.06903">
        <ele>1738.36</ele>
      </trkpt>
      <trkpt lat="34.34664" lon="-117.06893">
        <ele>1738.58</ele>
      </trkpt>
      <trkpt lat="34.34665" lon="-117.06886">
        <ele>1738.36</ele>
      </trkpt>
      <trkpt lat="34.34666" lon="-117.06878">
        <ele>1738.14</ele>
      </trkpt>
      <trkpt lat="34.34668" lon="-117.06868">
        <ele>1737.57</ele>
      </trkpt>
      <trkpt lat="34.34675" lon="-117.06838">
        <ele>1737.25</ele>
      </trkpt>
      <trkpt lat="34.34676" lon="-117.06833">
        <ele>1737.02</ele>
      </trkpt>
      <trkpt lat="34.34677" lon="-117.0683">
        <ele>1737.13</ele>
      </trkpt>
      <trkpt lat="34.34677" lon="-117.06819">
        <ele>1737.77</ele>
      </trkpt>
      <trkpt lat="34.34676" lon="-117.06809">
        <ele>1737.99</ele>
      </trkpt>
      <trkpt lat="34.34674" lon="-117.06804">
        <ele>1738.38</ele>
      </trkpt>
      <trkpt lat="34.34669" lon="-117.06796">
        <ele>1738.75</ele>
      </trkpt>
      <trkpt lat="34.34664" lon="-117.0679">
        <ele>1739.38</ele>
      </trkpt>
      <trkpt lat="34.34658" lon="-117.06786">
        <ele>1739.82</ele>
      </trkpt>
      <trkpt lat="34.34648" lon="-117.06782">
        <ele>1740.46</ele>
      </trkpt>
      <trkpt lat="34.34633" lon="-117.06777">
        <ele>1740.55</ele>
      </trkpt>
      <trkpt lat="34.34627" lon="-117.06774">
        <ele>1740.59</ele>
      </trkpt>
      <trkpt lat="34.34623" lon="-117.06771">
        <ele>1740.27</ele>
      </trkpt>
      <trkpt lat="34.34619" lon="-117.06766">
        <ele>1739.35</ele>
      </trkpt>
      <trkpt lat="34.34615" lon="-117.06761">
        <ele>1738.27</ele>
      </trkpt>
      <trkpt lat="34.34608" lon="-117.06748">
        <ele>1736.52</ele>
      </trkpt>
      <trkpt lat="34.34601" lon="-117.06735">
        <ele>1735.29</ele>
      </trkpt>
      <trkpt lat="34.34596" lon="-117.06726">
        <ele>1734.15</ele>
      </trkpt>
      <trkpt lat="34.34593" lon="-117.06721">
        <ele>1734.0</ele>
      </trkpt>
      <trkpt lat="34.34591" lon="-117.06718">
        <ele>1733.91</ele>
      </trkpt>
      <trkpt lat="34.34589" lon="-117.06716">
        <ele>1733.87</ele>
      </trkpt>
      <trkpt lat="34.34579" lon="-117.06705">
        <ele>1734.0</ele>
      </trkpt>
      <trkpt lat="34.34576" lon="-117.06702">
        <ele>1734.0</ele>
      </trkpt>
      <trkpt lat="34.34569" lon="-117.06695">
        <ele>1734.55</ele>
      </trkpt>
      <trkpt lat="34.34554" lon="-117.06683">
        <ele>1736.36</ele>
      </trkpt>
      <trkpt lat="34.34548" lon="-117.06677">
        <ele>1736.98</ele>
      </trkpt>
      <trkpt lat="34.34545" lon="-117.06672">
        <ele>1737.64</ele>
      </trkpt>
      <trkpt lat="34.3454" lon="-117.0666">
        <ele>1739.17</ele>
      </trkpt>
      <trkpt lat="34.34536" lon="-117.0665">
        <ele>1740.2</ele>
      </trkpt>
      <trkpt lat="34.34532" lon="-117.06638">
        <ele>1741.6</ele>
      </trkpt>
      <trkpt lat="34.34527" lon="-117.06625">
        <ele>1743.08</ele>
      </trkpt>
      <trkpt lat="34.34522" lon="-117.0661">
        <ele>1744.07</ele>
      </trkpt>
      <trkpt lat="34.34517" lon="-117.066">
        <ele>1745.0</ele>
      </trkpt>
      <trkpt lat="34.34513" lon="-117.06594">
        <ele>1745.0</ele>
      </trkpt>
      <trkpt lat="34.34508" lon="-117.06589">
        <ele>1745.14</ele>
      </trkpt>
      <trkpt lat="34.34502" lon="-117.06586">
        <ele>1745.78</ele>
      </trkpt>
      <trkpt lat="34.34491" lon="-117.06583">
        <ele>1746.0</ele>
      </trkpt>
      <trkpt lat="34.34484" lon="-117.06582">
        <ele>1746.0</ele>
      </trkpt>
      <trkpt lat="34.34477" lon="-117.0658">
        <ele>1746.0</ele>
      </trkpt>
      <trkpt lat="34.3447" lon="-117.06576">
        <ele>1746.0</ele>
      </trkpt>
      <trkpt lat="34.34466" lon="-117.06573">
        <ele>1746.12</ele>
      </trkpt>
      <trkpt lat="34.34461" lon="-117.06568">
        <ele>1746.66</ele>
      </trkpt>
      <trkpt lat="34.34458" lon="-117.06563">
        <ele>1747.0</ele>
      </trkpt>
      <trkpt lat="34.34451" lon="-117.06547">
        <ele>1747.0</ele>
      </trkpt>
      <trkpt lat="34.34447" lon="-117.06532">
        <ele>1747.54</ele>
      </trkpt>
      <trkpt lat="34.34438" lon="-117.06514">
        <ele>1748.34</ele>
      </trkpt>
      <trkpt lat="34.34431" lon="-117.065">
        <ele>1749.0</ele>
      </trkpt>
      <trkpt lat="34.34421" lon="-117.06487">
        <ele>1750.4</ele>
      </trkpt>
      <trkpt lat="34.34411" lon="-117.06475">
        <ele>1751.97</ele>
      </trkpt>
      <trkpt lat="34.34395" lon="-117.06457">
        <ele>1753.52</ele>
      </trkpt>
      <trkpt lat="34.34385" lon="-117.06441">
        <ele>1754.95</ele>
      </trkpt>
      <trkpt lat="34.34375" lon="-117.06428">
        <ele>1755.28</ele>
      </trkpt>
      <trkpt lat="34.3437" lon="-117.06422">
        <ele>1755.41</ele>
      </trkpt>
      <trkpt lat="34.34365" lon="-117.06418">
        <ele>1755.36</ele>
      </trkpt>
      <trkpt lat="34.3436" lon="-117.06416">
        <ele>1755.07</ele>
      </trkpt>
      <trkpt lat="34.34357" lon="-117.06414">
        <ele>1755.29</ele>
      </trkpt>
      <trkpt lat="34.34353" lon="-117.06412">
        <ele>1755.5</ele>
      </trkpt>
      <trkpt lat="34.34349" lon="-117.06411">
        <ele>1755.61</ele>
      </trkpt>
      <trkpt lat="34.34339" lon="-117.06411">
        <ele>1756.0</ele>
      </trkpt>
      <trkpt lat="34.3432" lon="-117.06416">
        <ele>1756.07</ele>
      </trkpt>
      <trkpt lat="34.34312" lon="-117.0642">
        <ele>1755.64</ele>
      </trkpt>
      <trkpt lat="34.34309" lon="-117.06423">
        <ele>1755.32</ele>
      </trkpt>
      <trkpt lat="34.34299" lon="-117.06429">
        <ele>1754.67</ele>
      </trkpt>
      <trkpt lat="34.34293" lon="-117.06431">
        <ele>1754.45</ele>
      </trkpt>
      <trkpt lat="34.34284" lon="-117.06432">
        <ele>1754.02</ele>
      </trkpt>
      <trkpt lat="34.34276" lon="-117.06433">
        <ele>1753.04</ele>
      </trkpt>
      <trkpt lat="34.34268" lon="-117.06431">
        <ele>1752.4</ele>
      </trkpt>
      <trkpt lat="34.34257" lon="-117.06428">
        <ele>1751.59</ele>
      </trkpt>
      <trkpt lat="34.34243" lon="-117.06424">
        <ele>1750.45</ele>
      </trkpt>
      <trkpt lat="34.34237" lon="-117.06422">
        <ele>1750.25</ele>
      </trkpt>
      <trkpt lat="34.34233" lon="-117.06422">
        <ele>1750.07</ele>
      </trkpt>
      <trkpt lat="34.34225" lon="-117.06422">
        <ele>1750.0</ele>
      </trkpt>
      <trkpt lat="34.34222" lon="-117.06423">
        <ele>1750.05</ele>
      </trkpt>
      <trkpt lat="34.34218" lon="-117.06425">
        <ele>1750.91</ele>
      </trkpt>
      <trkpt lat="34.34211" lon="-117.0643">
        <ele>1752.2</ele>
      </trkpt>
      <trkpt lat="34.34205" lon="-117.06436">
        <ele>1753.42</ele>
      </trkpt>
      <trkpt lat="34.34201" lon="-117.06439">
        <ele>1753.35</ele>
      </trkpt>
      <trkpt lat="34.34197" lon="-117.06441">
        <ele>1753.01</ele>
      </trkpt>
      <trkpt lat="34.34194" lon="-117.06441">
        <ele>1753.15</ele>
      </trkpt>
      <trkpt lat="34.3419" lon="-117.06442">
        <ele>1753.15</ele>
      </trkpt>
      <trkpt lat="34.34184" lon="-117.06441">
        <ele>1753.82</ele>
      </trkpt>
      <trkpt lat="34.34176" lon="-117.06439">
        <ele>1754.58</ele>
      </trkpt>
      <trkpt lat="34.34167" lon="-117.06437">
        <ele>1754.8</ele>
      </trkpt>
      <trkpt lat="34.34159" lon="-117.0643">
        <ele>1754.73</ele>
      </trkpt>
      <trkpt lat="34.3415" lon="-117.06421">
        <ele>1755.11</ele>
      </trkpt>
      <trkpt lat="34.34141" lon="-117.06414">
        <ele>1755.07</ele>
      </trkpt>
      <trkpt lat="34.34125" lon="-117.06405">
        <ele>1755.26</ele>
      </trkpt>
      <trkpt lat="34.34116" lon="-117.06401">
        <ele>1755.69</ele>
      </trkpt>
      <trkpt lat="34.34109" lon="-117.06399">
        <ele>1755.93</ele>
      </trkpt>
      <trkpt lat="34.341" lon="-117.06396">
        <ele>1756.05</ele>
      </trkpt>
      <trkpt lat="34.34088" lon="-117.06392">
        <ele>1757.16</ele>
      </trkpt>
      <trkpt lat="34.34076" lon="-117.06388">
        <ele>1758.89</ele>
      </trkpt>
      <trkpt lat="34.34069" lon="-117.06385">
        <ele>1759.97</ele>
      </trkpt>
      <trkpt lat="34.34064" lon="-117.0638">
        <ele>1760.96</ele>
      </trkpt>
      <trkpt lat="34.3406" lon="-117.06376">
        <ele>1761.6</ele>
      </trkpt>
      <trkpt lat="34.34052" lon="-117.06363">
        <ele>1763.8</ele>
      </trkpt>
      <trkpt lat="34.34049" lon="-117.06358">
        <ele>1764.57</ele>
      </trkpt>
      <trkpt lat="34.34047" lon="-117.06356">
        <ele>1765.06</ele>
      </trkpt>
      <trkpt lat="34.3404" lon="-117.06352">
        <ele>1765.98</ele>
      </trkpt>
      <trkpt lat="34.34033" lon="-117.0635">
        <ele>1766.29</ele>
      </trkpt>
      <trkpt lat="34.34026" lon="-117.0635">
        <ele>1766.55</ele>
      </trkpt>
      <trkpt lat="34.34017" lon="-117.06351">
        <ele>1767.26</ele>
      </trkpt>
      <trkpt lat="34.34006" lon="-117.06353">
        <ele>1767.88</ele>
      </trkpt>
      <trkpt lat="34.33999" lon="-117.06355">
        <ele>1767.73</ele>
      </trkpt>
      <trkpt lat="34.33989" lon="-117.0636">
        <ele>1767.41</ele>
      </trkpt>
      <trkpt lat="34.33981" lon="-117.06365">
        <ele>1768.05</ele>
      </trkpt>
      <trkpt lat="34.33971" lon="-117.06373">
        <ele>1769.13</ele>
      </trkpt>
      <trkpt lat="34.33961" lon="-117.06383">
        <ele>1770.0</ele>
      </trkpt>
      <trkpt lat="34.33953" lon="-117.06391">
        <ele>1769.64</ele>
      </trkpt>
      <trkpt lat="34.33947" lon="-117.06397">
        <ele>1768.31</ele>
      </trkpt>
      <trkpt lat="34.33942" lon="-117.06403">
        <ele>1766.95</ele>
      </trkpt>
      <trkpt lat="34.33937" lon="-117.06408">
        <ele>1765.44</ele>
      </trkpt>
      <trkpt lat="34.33929" lon="-117.06413">
        <ele>1764.53</ele>
      </trkpt>
      <trkpt lat="34.33923" lon="-117.06416">
        <ele>1763.37</ele>
      </trkpt>
      <trkpt lat="34.33918" lon="-117.06417">
        <ele>1762.32</ele>
      </trkpt>
      <trkpt lat="34.33902" lon="-117.06418">
        <ele>1760.42</ele>
      </trkpt>
      <trkpt lat="34.33891" lon="-117.06418">
        <ele>1759.23</ele>
      </trkpt>
      <trkpt lat="34.33885" lon="-117.06419">
        <ele>1758.69</ele>
      </trkpt>
      <trkpt lat="34.33877" lon="-117.06423">
        <ele>1758.4</ele>
      </trkpt>
      <trkpt lat="34.3387" lon="-117.06426">
        <ele>1757.91</ele>
      </trkpt>
      <trkpt lat="34.33864" lon="-117.0643">
        <ele>1756.79</ele>
      </trkpt>
      <trkpt lat="34.33858" lon="-117.06435">
        <ele>1755.97</ele>
      </trkpt>
      <trkpt lat="34.33852" lon="-117.06441">
        <ele>1754.04</ele>
      </trkpt>
      <trkpt lat="34.33844" lon="-117.06452">
        <ele>1751.33</ele>
      </trkpt>
      <trkpt lat="34.33836" lon="-117.06466">
        <ele>1750.29</ele>
      </trkpt>
      <trkpt lat="34.33833" lon="-117.06471">
        <ele>1749.96</ele>
      </trkpt>
      <trkpt lat="34.33832" lon="-117.06478">
        <ele>1749.86</ele>
      </trkpt>
      <trkpt lat="34.33831" lon="-117.06484">
        <ele>1749.82</ele>
      </trkpt>
      <trkpt lat="34.33827" lon="-117.065">
        <ele>1749.32</ele>
      </trkpt>
      <trkpt lat="34.33825" lon="-117.06508">
        <ele>1749.1</ele>
      </trkpt>
      <trkpt lat="34.33822" lon="-117.06515">
        <ele>1748.16</ele>
      </trkpt>
      <trkpt lat="34.33819" lon="-117.06521">
        <ele>1747.31</ele>
      </trkpt>
      <trkpt lat="34.33814" lon="-117.06529">
        <ele>1745.78</ele>
      </trkpt>
      <trkpt lat="34.33807" lon="-117.06539">
        <ele>1744.16</ele>
      </trkpt>
      <trkpt lat="34.33789" lon="-117.06555">
        <ele>1743.85</ele>
      </trkpt>
      <trkpt lat="34.33782" lon="-117.06564">
        <ele>1743.63</ele>
      </trkpt>
      <trkpt lat="34.33772" lon="-117.06579">
        <ele>1743.29</ele>
      </trkpt>
      <trkpt lat="34.33765" lon="-117.06591">
        <ele>1743.07</ele>
      </trkpt>
      <trkpt lat="34.33759" lon="-117.066">
        <ele>1743.01</ele>
      </trkpt>
      <trkpt lat="34.33753" lon="-117.06609">
        <ele>1743.0</ele>
      </trkpt>
      <trkpt lat="34.33745" lon="-117.06621">
        <ele>1742.96</ele>
      </trkpt>
      <trkpt lat="34.33739" lon="-117.06631">
        <ele>1742.16</ele>
      </trkpt>
      <trkpt lat="34.33717" lon="-117.06669">
        <ele>1737.79</ele>
      </trkpt>
      <trkpt lat="34.33713" lon="-117.06677">
        <ele>1734.89</ele>
      </trkpt>
      <trkpt lat="34.33709" lon="-117.06683">
        <ele>1734.01</ele>
      </trkpt>
      <trkpt lat="34.33703" lon="-117.06694">
        <ele>1732.13</ele>
      </trkpt>
      <trkpt lat="34.33694" lon="-117.06714">
        <ele>1730.09</ele>
      </trkpt>
      <trkpt lat="34.33682" lon="-117.06742">
        <ele>1730.3</ele>
      </trkpt>
      <trkpt lat="34.3368" lon="-117.06749">
        <ele>1730.06</ele>
      </trkpt>
      <trkpt lat="34.33675" lon="-117.06762">
        <ele>1730.0</ele>
      </trkpt>
      <trkpt lat="34.3367" lon="-117.06774">
        <ele>1730.0</ele>
      </trkpt>
      <trkpt lat="34.33664" lon="-117.06785">
        <ele>1730.29</ele>
      </trkpt>
      <trkpt lat="34.33659" lon="-117.06793">
        <ele>1730.29</ele>
      </trkpt>
      <trkpt lat="34.33653" lon="-117.06803">
        <ele>1730.48</ele>
      </trkpt>
      <trkpt lat="34.33651" lon="-117.0681">
        <ele>1730.36</ele>
      </trkpt>
      <trkpt lat="34.33648" lon="-117.06815">
        <ele>1730.02</ele>
      </trkpt>
      <trkpt lat="34.3364" lon="-117.06838">
        <ele>1730.0</ele>
      </trkpt>
      <trkpt lat="34.33634" lon="-117.06848">
        <ele>1729.42</ele>
      </trkpt>
      <trkpt lat="34.33629" lon="-117.06855">
        <ele>1729.0</ele>
      </trkpt>
      <trkpt lat="34.33625" lon="-117.0686">
        <ele>1729.0</ele>
      </trkpt>
      <trkpt lat="34.33621" lon="-117.06864">
        <ele>1728.69</ele>
      </trkpt>
      <trkpt lat="34.33617" lon="-117.06866">
        <ele>1728.3</ele>
      </trkpt>
      <trkpt lat="34.33613" lon="-117.06868">
        <ele>1728.05</ele>
      </trkpt>
      <trkpt lat="34.33608" lon="-117.06869">
        <ele>1727.71</ele>
      </trkpt>
      <trkpt lat="34.33601" lon="-117.06869">
        <ele>1727.15</ele>
      </trkpt>
      <trkpt lat="34.33585" lon="-117.06864">
        <ele>1727.69</ele>
      </trkpt>
      <trkpt lat="34.33575" lon="-117.06864">
        <ele>1727.41</ele>
      </trkpt>
      <trkpt lat="34.33569" lon="-117.06865">
        <ele>1726.61</ele>
      </trkpt>
      <trkpt lat="34.33559" lon="-117.06869">
        <ele>1724.67</ele>
      </trkpt>
      <trkpt lat="34.33554" lon="-117.06874">
        <ele>1723.05</ele>
      </trkpt>
      <trkpt lat="34.33551" lon="-117.06876">
        <ele>1722.29</ele>
      </trkpt>
      <trkpt lat="34.33543" lon="-117.06885">
        <ele>1720.06</ele>
      </trkpt>
      <trkpt lat="34.33536" lon="-117.06891">
        <ele>1718.77</ele>
      </trkpt>
      <trkpt lat="34.33527" lon="-117.06896">
        <ele>1718.21</ele>
      </trkpt>
      <trkpt lat="34.33514" lon="-117.06901">
        <ele>1717.35</ele>
      </trkpt>
      <trkpt lat="34.33496" lon="-117.06908">
        <ele>1715.97</ele>
      </trkpt>
      <trkpt lat="34.33488" lon="-117.06909">
        <ele>1715.53</ele>
      </trkpt>
      <trkpt lat="34.33482" lon="-117.06909">
        <ele>1714.88</ele>
      </trkpt>
      <trkpt lat="34.33477" lon="-117.06908">
        <ele>1714.48</ele>
      </trkpt>
      <trkpt lat="34.33473" lon="-117.06906">
        <ele>1714.24</ele>
      </trkpt>
      <trkpt lat="34.33467" lon="-117.06902">
        <ele>1714.58</ele>
      </trkpt>
      <trkpt lat="34.33463" lon="-117.06899">
        <ele>1714.91</ele>
      </trkpt>
      <trkpt lat="34.3346" lon="-117.06896">
        <ele>1714.91</ele>
      </trkpt>
      <trkpt lat="34.33457" lon="-117.06891">
        <ele>1715.13</ele>
      </trkpt>
      <trkpt lat="34.33454" lon="-117.06887">
        <ele>1715.03</ele>
      </trkpt>
      <trkpt lat="34.33448" lon="-117.06879">
        <ele>1715.03</ele>
      </trkpt>
      <trkpt lat="34.33442" lon="-117.0687">
        <ele>1715.03</ele>
      </trkpt>
      <trkpt lat="34.33434" lon="-117.0686">
        <ele>1715.1</ele>
      </trkpt>
      <trkpt lat="34.33431" lon="-117.06853">
        <ele>1715.48</ele>
      </trkpt>
      <trkpt lat="34.33429" lon="-117.06844">
        <ele>1715.9</ele>
      </trkpt>
      <trkpt lat="34.33429" lon="-117.06828">
        <ele>1716.33</ele>
      </trkpt>
      <trkpt lat="34.33431" lon="-117.06816">
        <ele>1716.94</ele>
      </trkpt>
      <trkpt lat="34.33435" lon="-117.06801">
        <ele>1717.48</ele>
      </trkpt>
      <trkpt lat="34.33438" lon="-117.06791">
        <ele>1718.0</ele>
      </trkpt>
      <trkpt lat="34.3344" lon="-117.0678">
        <ele>1718.0</ele>
      </trkpt>
      <trkpt lat="34.33441" lon="-117.06767">
        <ele>1718.0</ele>
      </trkpt>
      <trkpt lat="34.33441" lon="-117.06752">
        <ele>1718.0</ele>
      </trkpt>
      <trkpt lat="34.33439" lon="-117.06745">
        <ele>1718.0</ele>
      </trkpt>
      <trkpt lat="34.33438" lon="-117.06741">
        <ele>1718.0</ele>
      </trkpt>
      <trkpt lat="34.33435" lon="-117.06736">
        <ele>1718.0</ele>
      </trkpt>
      <trkpt lat="34.33432" lon="-117.06731">
        <ele>1718.0</ele>
      </trkpt>
      <trkpt lat="34.3343" lon="-117.06728">
        <ele>1718.0</ele>
      </trkpt>
      <trkpt lat="34.33428" lon="-117.06726">
        <ele>1718.0</ele>
      </trkpt>
      <trkpt lat="34.33424" lon="-117.06724">
        <ele>1718.17</ele>
      </trkpt>
      <trkpt lat="34.33419" lon="-117.06723">
        <ele>1718.69</ele>
      </trkpt>
      <trkpt lat="34.3341" lon="-117.06722">
        <ele>1719.0</ele>
      </trkpt>
      <trkpt lat="34.33402" lon="-117.06722">
        <ele>1719.01</ele>
      </trkpt>
      <trkpt lat="34.33396" lon="-117.06723">
        <ele>1719.0</ele>
      </trkpt>
      <trkpt lat="34.33388" lon="-117.06723">
        <ele>1719.0</ele>
      </trkpt>
      <trkpt lat="34.3337" lon="-117.06725">
        <ele>1719.71</ele>
      </trkpt>
      <trkpt lat="34.33343" lon="-117.06729">
        <ele>1723.21</ele>
      </trkpt>
      <trkpt lat="34.33337" lon="-117.06729">
        <ele>1723.27</ele>
      </trkpt>
      <trkpt lat="34.33326" lon="-117.0673">
        <ele>1723.16</ele>
      </trkpt>
      <trkpt lat="34.33316" lon="-117.06729">
        <ele>1723.27</ele>
      </trkpt>
      <trkpt lat="34.33308" lon="-117.06729">
        <ele>1723.27</ele>
      </trkpt>
      <trkpt lat="34.333" lon="-117.06728">
        <ele>1722.78</ele>
      </trkpt>
      <trkpt lat="34.33294" lon="-117.06727">
        <ele>1722.36</ele>
      </trkpt>
      <trkpt lat="34.33288" lon="-117.06726">
        <ele>1722.06</ele>
      </trkpt>
      <trkpt lat="34.33276" lon="-117.06721">
        <ele>1720.81</ele>
      </trkpt>
      <trkpt lat="34.33255" lon="-117.06711">
        <ele>1718.54</ele>
      </trkpt>
      <trkpt lat="34.33234" lon="-117.06703">
        <ele>1718.0</ele>
      </trkpt>
      <trkpt lat="34.33227" lon="-117.06699">
        <ele>1717.76</ele>
      </trkpt>
      <trkpt lat="34.33221" lon="-117.06695">
        <ele>1717.81</ele>
      </trkpt>
      <trkpt lat="34.33217" lon="-117.06692">
        <ele>1717.7</ele>
      </trkpt>
      <trkpt lat="34.3321" lon="-117.06687">
        <ele>1717.48</ele>
      </trkpt>
      <trkpt lat="34.33199" lon="-117.0668">
        <ele>1716.54</ele>
      </trkpt>
      <trkpt lat="34.33194" lon="-117.06675">
        <ele>1716.05</ele>
      </trkpt>
      <trkpt lat="34.33187" lon="-117.06668">
        <ele>1715.36</ele>
      </trkpt>
      <trkpt lat="34.33183" lon="-117.06661">
        <ele>1715.23</ele>
      </trkpt>
      <trkpt lat="34.3318" lon="-117.06656">
        <ele>1715.03</ele>
      </trkpt>
      <trkpt lat="34.33176" lon="-117.06648">
        <ele>1715.02</ele>
      </trkpt>
      <trkpt lat="34.33174" lon="-117.06638">
        <ele>1714.87</ele>
      </trkpt>
      <trkpt lat="34.33174" lon="-117.06634">
        <ele>1715.21</ele>
      </trkpt>
      <trkpt lat="34.33173" lon="-117.06627">
        <ele>1715.37</ele>
      </trkpt>
      <trkpt lat="34.33173" lon="-117.06622">
        <ele>1715.37</ele>
      </trkpt>
      <trkpt lat="34.33174" lon="-117.06617">
        <ele>1715.58</ele>
      </trkpt>
      <trkpt lat="34.33174" lon="-117.06612">
        <ele>1715.58</ele>
      </trkpt>
      <trkpt lat="34.33177" lon="-117.06595">
        <ele>1716.23</ele>
      </trkpt>
      <trkpt lat="34.33181" lon="-117.0657">
        <ele>1716.66</ele>
      </trkpt>
      <trkpt lat="34.33187" lon="-117.06539">
        <ele>1717.39</ele>
      </trkpt>
      <trkpt lat="34.33191" lon="-117.06522">
        <ele>1717.63</ele>
      </trkpt>
      <trkpt lat="34.33194" lon="-117.06509">
        <ele>1717.95</ele>
      </trkpt>
      <trkpt lat="34.33197" lon="-117.06501">
        <ele>1718.28</ele>
      </trkpt>
      <trkpt lat="34.33199" lon="-117.06493">
        <ele>1718.11</ele>
      </trkpt>
      <trkpt lat="34.33203" lon="-117.06484">
        <ele>1718.18</ele>
      </trkpt>
      <trkpt lat="34.33206" lon="-117.06475">
        <ele>1718.25</ele>
      </trkpt>
      <trkpt lat="34.33208" lon="-117.06464">
        <ele>1718.46</ele>
      </trkpt>
      <trkpt lat="34.33211" lon="-117.06455">
        <ele>1718.79</ele>
      </trkpt>
      <trkpt lat="34.33213" lon="-117.06444">
        <ele>1718.0</ele>
      </trkpt>
      <trkpt lat="34.33213" lon="-117.0643">
        <ele>1718.0</ele>
      </trkpt>
      <trkpt lat="34.33212" lon="-117.06422">
        <ele>1718.0</ele>
      </trkpt>
      <trkpt lat="34.33209" lon="-117.06412">
        <ele>1718.22</ele>
      </trkpt>
      <trkpt lat="34.33206" lon="-117.06403">
        <ele>1718.87</ele>
      </trkpt>
      <trkpt lat="34.33201" lon="-117.06395">
        <ele>1719.0</ele>
      </trkpt>
      <trkpt lat="34.33195" lon="-117.06384">
        <ele>1719.53</ele>
      </trkpt>
      <trkpt lat="34.33189" lon="-117.06372">
        <ele>1720.0</ele>
      </trkpt>
      <trkpt lat="34.33187" lon="-117.06365">
        <ele>1720.0</ele>
      </trkpt>
      <trkpt lat="34.33185" lon="-117.06356">
        <ele>1720.54</ele>
      </trkpt>
      <trkpt lat="34.33184" lon="-117.06345">
        <ele>1721.61</ele>
      </trkpt>
      <trkpt lat="34.33184" lon="-117.06335">
        <ele>1722.8</ele>
      </trkpt>
      <trkpt lat="34.33183" lon="-117.06327">
        <ele>1723.16</ele>
      </trkpt>
      <trkpt lat="34.33183" lon="-117.06324">
        <ele>1723.24</ele>
      </trkpt>
      <trkpt lat="34.33182" lon="-117.06319">
        <ele>1723.89</ele>
      </trkpt>
      <trkpt lat="34.33179" lon="-117.06311">
        <ele>1724.8</ele>
      </trkpt>
      <trkpt lat="34.33176" lon="-117.06305">
        <ele>1725.06</ele>
      </trkpt>
      <trkpt lat="34.3317" lon="-117.06299">
        <ele>1725.89</ele>
      </trkpt>
      <trkpt lat="34.33165" lon="-117.06294">
        <ele>1726.38</ele>
      </trkpt>
      <trkpt lat="34.3316" lon="-117.0629">
        <ele>1726.91</ele>
      </trkpt>
      <trkpt lat="34.33155" lon="-117.06283">
        <ele>1727.58</ele>
      </trkpt>
      <trkpt lat="34.33153" lon="-117.06279">
        <ele>1727.93</ele>
      </trkpt>
      <trkpt lat="34.33152" lon="-117.06273">
        <ele>1728.3</ele>
      </trkpt>
      <trkpt lat="34.33151" lon="-117.06242">
        <ele>1729.6</ele>
      </trkpt>
      <trkpt lat="34.3315" lon="-117.06234">
        <ele>1729.95</ele>
      </trkpt>
      <trkpt lat="34.33146" lon="-117.06224">
        <ele>1730.81</ele>
      </trkpt>
      <trkpt lat="34.33142" lon="-117.06214">
        <ele>1731.0</ele>
      </trkpt>
      <trkpt lat="34.33136" lon="-117.06203">
        <ele>1732.02</ele>
      </trkpt>
      <trkpt lat="34.33131" lon="-117.06195">
        <ele>1732.8</ele>
      </trkpt>
      <trkpt lat="34.33125" lon="-117.06187">
        <ele>1733.8</ele>
      </trkpt>
      <trkpt lat="34.33117" lon="-117.0618">
        <ele>1734.92</ele>
      </trkpt>
      <trkpt lat="34.33102" lon="-117.0617">
        <ele>1736.28</ele>
      </trkpt>
      <trkpt lat="34.33092" lon="-117.06162">
        <ele>1735.94</ele>
      </trkpt>
      <trkpt lat="34.33081" lon="-117.0615">
        <ele>1736.55</ele>
      </trkpt>
      <trkpt lat="34.33073" lon="-117.06142">
        <ele>1736.66</ele>
      </trkpt>
      <trkpt lat="34.33067" lon="-117.06138">
        <ele>1737.19</ele>
      </trkpt>
      <trkpt lat="34.33062" lon="-117.06135">
        <ele>1737.84</ele>
      </trkpt>
      <trkpt lat="34.33055" lon="-117.06132">
        <ele>1738.5</ele>
      </trkpt>
      <trkpt lat="34.33048" lon="-117.0613">
        <ele>1738.95</ele>
      </trkpt>
      <trkpt lat="34.3304" lon="-117.06129">
        <ele>1739.77</ele>
      </trkpt>
      <trkpt lat="34.33033" lon="-117.06129">
        <ele>1740.07</ele>
      </trkpt>
      <trkpt lat="34.33028" lon="-117.0613">
        <ele>1739.96</ele>
      </trkpt>
      <trkpt lat="34.33011" lon="-117.06132">
        <ele>1740.6</ele>
      </trkpt>
      <trkpt lat="34.32995" lon="-117.06134">
        <ele>1741.54</ele>
      </trkpt>
      <trkpt lat="34.32978" lon="-117.06136">
        <ele>1742.57</ele>
      </trkpt>
      <trkpt lat="34.32971" lon="-117.06136">
        <ele>1743.0</ele>
      </trkpt>
      <trkpt lat="34.32963" lon="-117.06135">
        <ele>1743.0</ele>
      </trkpt>
      <trkpt lat="34.32948" lon="-117.0613">
        <ele>1743.98</ele>
      </trkpt>
      <trkpt lat="34.32938" lon="-117.06125">
        <ele>1744.85</ele>
      </trkpt>
      <trkpt lat="34.32931" lon="-117.06121">
        <ele>1744.97</ele>
      </trkpt>
      <trkpt lat="34.32926" lon="-117.06117">
        <ele>1745.73</ele>
      </trkpt>
      <trkpt lat="34.32915" lon="-117.06106">
        <ele>1747.28</ele>
      </trkpt>
      <trkpt lat="34.3291" lon="-117.06102">
        <ele>1748.69</ele>
      </trkpt>
      <trkpt lat="34.32906" lon="-117.061">
        <ele>1749.38</ele>
      </trkpt>
      <trkpt lat="34.32901" lon="-117.06098">
        <ele>1750.4</ele>
      </trkpt>
      <trkpt lat="34.32895" lon="-117.06096">
        <ele>1751.73</ele>
      </trkpt>
      <trkpt lat="34.32885" lon="-117.06092">
        <ele>1753.42</ele>
      </trkpt>
      <trkpt lat="34.32872" lon="-117.06087">
        <ele>1755.15</ele>
      </trkpt>
      <trkpt lat="34.32861" lon="-117.06084">
        <ele>1756.19</ele>
      </trkpt>
      <trkpt lat="34.32855" lon="-117.0608">
        <ele>1758.52</ele>
      </trkpt>
      <trkpt lat="34.32849" lon="-117.06074">
        <ele>1760.54</ele>
      </trkpt>
      <trkpt lat="34.32843" lon="-117.06065">
        <ele>1762.84</ele>
      </trkpt>
      <trkpt lat="34.32834" lon="-117.06047">
        <ele>1763.86</ele>
      </trkpt>
      <trkpt lat="34.32833" lon="-117.06043">
        <ele>1763.75</ele>
      </trkpt>
      <trkpt lat="34.32832" lon="-117.06039">
        <ele>1763.64</ele>
      </trkpt>
      <trkpt lat="34.3283" lon="-117.0603">
        <ele>1764.35</ele>
      </trkpt>
      <trkpt lat="34.32828" lon="-117.06021">
        <ele>1765.19</ele>
      </trkpt>
      <trkpt lat="34.32825" lon="-117.0601">
        <ele>1765.89</ele>
      </trkpt>
      <trkpt lat="34.32823" lon="-117.06007">
        <ele>1766.12</ele>
      </trkpt>
      <trkpt lat="34.32818" lon="-117.06001">
        <ele>1766.66</ele>
      </trkpt>
      <trkpt lat="34.32804" lon="-117.05993">
        <ele>1769.34</ele>
      </trkpt>
      <trkpt lat="34.32798" lon="-117.05988">
        <ele>1770.63</ele>
      </trkpt>
      <trkpt lat="34.32793" lon="-117.0598">
        <ele>1771.55</ele>
      </trkpt>
      <trkpt lat="34.32786" lon="-117.05968">
        <ele>1771.77</ele>
      </trkpt>
      <trkpt lat="34.32784" lon="-117.05964">
        <ele>1771.77</ele>
      </trkpt>
      <trkpt lat="34.32781" lon="-117.05961">
        <ele>1771.88</ele>
      </trkpt>
      <trkpt lat="34.32778" lon="-117.05958">
        <ele>1771.88</ele>
      </trkpt>
      <trkpt lat="34.32774" lon="-117.05955">
        <ele>1772.45</ele>
      </trkpt>
      <trkpt lat="34.32767" lon="-117.05951">
        <ele>1774.74</ele>
      </trkpt>
      <trkpt lat="34.32757" lon="-117.05947">
        <ele>1777.24</ele>
      </trkpt>
      <trkpt lat="34.32747" lon="-117.05942">
        <ele>1778.32</ele>
      </trkpt>
      <trkpt lat="34.3274" lon="-117.05938">
        <ele>1779.08</ele>
      </trkpt>
      <trkpt lat="34.32737" lon="-117.05937">
        <ele>1779.4</ele>
      </trkpt>
      <trkpt lat="34.32728" lon="-117.05936">
        <ele>1780.07</ele>
      </trkpt>
      <trkpt lat="34.32721" lon="-117.05937">
        <ele>1780.63</ele>
      </trkpt>
      <trkpt lat="34.32714" lon="-117.0594">
        <ele>1782.35</ele>
      </trkpt>
      <trkpt lat="34.32705" lon="-117.05945">
        <ele>1784.84</ele>
      </trkpt>
      <trkpt lat="34.32697" lon="-117.05949">
        <ele>1786.71</ele>
      </trkpt>
      <trkpt lat="34.32688" lon="-117.05954">
        <ele>1788.76</ele>
      </trkpt>
      <trkpt lat="34.3268" lon="-117.05957">
        <ele>1790.63</ele>
      </trkpt>
      <trkpt lat="34.3267" lon="-117.05961">
        <ele>1792.29</ele>
      </trkpt>
      <trkpt lat="34.32655" lon="-117.05961">
        <ele>1793.58</ele>
      </trkpt>
      <trkpt lat="34.32643" lon="-117.05958">
        <ele>1793.48</ele>
      </trkpt>
      <trkpt lat="34.32624" lon="-117.05952">
        <ele>1793.74</ele>
      </trkpt>
      <trkpt lat="34.32616" lon="-117.05951">
        <ele>1794.04</ele>
      </trkpt>
      <trkpt lat="34.32609" lon="-117.0595">
        <ele>1794.43</ele>
      </trkpt>
      <trkpt lat="34.32599" lon="-117.05949">
        <ele>1794.98</ele>
      </trkpt>
      <trkpt lat="34.32587" lon="-117.05946">
        <ele>1794.44</ele>
      </trkpt>
      <trkpt lat="34.32569" lon="-117.05941">
        <ele>1794.8</ele>
      </trkpt>
      <trkpt lat="34.32561" lon="-117.05939">
        <ele>1795.07</ele>
      </trkpt>
      <trkpt lat="34.32547" lon="-117.05937">
        <ele>1796.3</ele>
      </trkpt>
      <trkpt lat="34.3254" lon="-117.05935">
        <ele>1797.33</ele>
      </trkpt>
      <trkpt lat="34.3253" lon="-117.05931">
        <ele>1798.2</ele>
      </trkpt>
      <trkpt lat="34.32521" lon="-117.05927">
        <ele>1798.85</ele>
      </trkpt>
      <trkpt lat="34.32511" lon="-117.05922">
        <ele>1799.73</ele>
      </trkpt>
      <trkpt lat="34.32501" lon="-117.05919">
        <ele>1800.89</ele>
      </trkpt>
      <trkpt lat="34.3249" lon="-117.05917">
        <ele>1802.0</ele>
      </trkpt>
      <trkpt lat="34.32481" lon="-117.05914">
        <ele>1802.04</ele>
      </trkpt>
      <trkpt lat="34.32476" lon="-117.05911">
        <ele>1802.23</ele>
      </trkpt>
      <trkpt lat="34.3247" lon="-117.05907">
        <ele>1802.24</ele>
      </trkpt>
      <trkpt lat="34.32457" lon="-117.05895">
        <ele>1803.0</ele>
      </trkpt>
      <trkpt lat="34.32453" lon="-117.05891">
        <ele>1803.08</ele>
      </trkpt>
      <trkpt lat="34.32445" lon="-117.05887">
        <ele>1803.94</ele>
      </trkpt>
      <trkpt lat="34.32438" lon="-117.05883">
        <ele>1804.0</ele>
      </trkpt>
      <trkpt lat="34.32431" lon="-117.0588">
        <ele>1804.0</ele>
      </trkpt>
      <trkpt lat="34.32422" lon="-117.05876">
        <ele>1804.26</ele>
      </trkpt>
      <trkpt lat="34.3241" lon="-117.0587">
        <ele>1804.69</ele>
      </trkpt>
      <trkpt lat="34.32403" lon="-117.05865">
        <ele>1804.7</ele>
      </trkpt>
      <trkpt lat="34.32394" lon="-117.05858">
        <ele>1804.66</ele>
      </trkpt>
      <trkpt lat="34.32382" lon="-117.05847">
        <ele>1804.35</ele>
      </trkpt>
      <trkpt lat="34.32373" lon="-117.05837">
        <ele>1804.28</ele>
      </trkpt>
      <trkpt lat="34.32368" lon="-117.05829">
        <ele>1804.14</ele>
      </trkpt>
      <trkpt lat="34.32364" lon="-117.05823">
        <ele>1804.0</ele>
      </trkpt>
      <trkpt lat="34.32363" lon="-117.05821">
        <ele>1804.0</ele>
      </trkpt>
      <trkpt lat="34.32362" lon="-117.05818">
        <ele>1804.0</ele>
      </trkpt>
      <trkpt lat="34.32361" lon="-117.05812">
        <ele>1804.0</ele>
      </trkpt>
      <trkpt lat="34.32359" lon="-117.05803">
        <ele>1804.0</ele>
      </trkpt>
      <trkpt lat="34.32359" lon="-117.05794">
        <ele>1804.0</ele>
      </trkpt>
      <trkpt lat="34.32358" lon="-117.05788">
        <ele>1804.0</ele>
      </trkpt>
      <trkpt lat="34.32359" lon="-117.05785">
        <ele>1804.22</ele>
      </trkpt>
      <trkpt lat="34.32359" lon="-117.05779">
        <ele>1804.87</ele>
      </trkpt>
      <trkpt lat="34.32355" lon="-117.05768">
        <ele>1805.0</ele>
      </trkpt>
      <trkpt lat="34.32345" lon="-117.05749">
        <ele>1805.11</ele>
      </trkpt>
      <trkpt lat="34.32335" lon="-117.05731">
        <ele>1806.05</ele>
      </trkpt>
      <trkpt lat="34.32332" lon="-117.05726">
        <ele>1806.51</ele>
      </trkpt>
      <trkpt lat="34.3233" lon="-117.05721">
        <ele>1806.69</ele>
      </trkpt>
      <trkpt lat="34.32327" lon="-117.05717">
        <ele>1806.7</ele>
      </trkpt>
      <trkpt lat="34.32322" lon="-117.05707">
        <ele>1807.5</ele>
      </trkpt>
      <trkpt lat="34.32315" lon="-117.05692">
        <ele>1808.0</ele>
      </trkpt>
      <trkpt lat="34.32307" lon="-117.0568">
        <ele>1808.09</ele>
      </trkpt>
      <trkpt lat="34.32302" lon="-117.05675">
        <ele>1808.1</ele>
      </trkpt>
      <trkpt lat="34.32297" lon="-117.05669">
        <ele>1808.75</ele>
      </trkpt>
      <trkpt lat="34.32286" lon="-117.05662">
        <ele>1808.5</ele>
      </trkpt>
      <trkpt lat="34.32281" lon="-117.05658">
        <ele>1808.94</ele>
      </trkpt>
      <trkpt lat="34.32275" lon="-117.05656">
        <ele>1808.75</ele>
      </trkpt>
      <trkpt lat="34.3227" lon="-117.05653">
        <ele>1808.56</ele>
      </trkpt>
      <trkpt lat="34.32265" lon="-117.05651">
        <ele>1808.43</ele>
      </trkpt>
      <trkpt lat="34.3226" lon="-117.05649">
        <ele>1808.07</ele>
      </trkpt>
      <trkpt lat="34.32253" lon="-117.05647">
        <ele>1808.04</ele>
      </trkpt>
      <trkpt lat="34.32247" lon="-117.05644">
        <ele>1808.0</ele>
      </trkpt>
      <trkpt lat="34.32239" lon="-117.05639">
        <ele>1808.0</ele>
      </trkpt>
      <trkpt lat="34.32231" lon="-117.05633">
        <ele>1807.98</ele>
      </trkpt>
      <trkpt lat="34.32223" lon="-117.05624">
        <ele>1808.05</ele>
      </trkpt>
      <trkpt lat="34.32219" lon="-117.05617">
        <ele>1808.24</ele>
      </trkpt>
      <trkpt lat="34.32213" lon="-117.05602">
        <ele>1808.98</ele>
      </trkpt>
      <trkpt lat="34.32209" lon="-117.0559">
        <ele>1808.69</ele>
      </trkpt>
      <trkpt lat="34.32206" lon="-117.05582">
        <ele>1809.0</ele>
      </trkpt>
      <trkpt lat="34.32198" lon="-117.05564">
        <ele>1809.03</ele>
      </trkpt>
      <trkpt lat="34.32187" lon="-117.05538">
        <ele>1809.18</ele>
      </trkpt>
      <trkpt lat="34.32173" lon="-117.05509">
        <ele>1809.69</ele>
      </trkpt>
      <trkpt lat="34.32165" lon="-117.05491">
        <ele>1810.0</ele>
      </trkpt>
      <trkpt lat="34.32159" lon="-117.05481">
        <ele>1810.0</ele>
      </trkpt>
      <trkpt lat="34.32154" lon="-117.05471">
        <ele>1810.0</ele>
      </trkpt>
      <trkpt lat="34.32146" lon="-117.05456">
        <ele>1810.0</ele>
      </trkpt>
      <trkpt lat="34.3214" lon="-117.05445">
        <ele>1810.11</ele>
      </trkpt>
      <trkpt lat="34.32136" lon="-117.05438">
        <ele>1810.7</ele>
      </trkpt>
      <trkpt lat="34.3213" lon="-117.05431">
        <ele>1811.0</ele>
      </trkpt>
      <trkpt lat="34.32123" lon="-117.05424">
        <ele>1811.0</ele>
      </trkpt>
      <trkpt lat="34.32113" lon="-117.05416">
        <ele>1811.07</ele>
      </trkpt>
      <trkpt lat="34.32106" lon="-117.05412">
        <ele>1811.23</ele>
      </trkpt>
      <trkpt lat="34.321" lon="-117.0541">
        <ele>1810.94</ele>
      </trkpt>
      <trkpt lat="34.32087" lon="-117.05405">
        <ele>1810.55</ele>
      </trkpt>
      <trkpt lat="34.3207" lon="-117.05399">
        <ele>1810.51</ele>
      </trkpt>
      <trkpt lat="34.32044" lon="-117.05392">
        <ele>1810.0</ele>
      </trkpt>
      <trkpt lat="34.32024" lon="-117.05386">
        <ele>1810.59</ele>
      </trkpt>
      <trkpt lat="34.3201" lon="-117.05383">
        <ele>1811.59</ele>
      </trkpt>
      <trkpt lat="34.32002" lon="-117.05381">
        <ele>1811.97</ele>
      </trkpt>
      <trkpt lat="34.31991" lon="-117.05378">
        <ele>1813.15</ele>
      </trkpt>
      <trkpt lat="34.31987" lon="-117.05378">
        <ele>1813.18</ele>
      </trkpt>
      <trkpt lat="34.31983" lon="-117.05377">
        <ele>1813.28</ele>
      </trkpt>
      <trkpt lat="34.31974" lon="-117.05378">
        <ele>1813.98</ele>
      </trkpt>
      <trkpt lat="34.31967" lon="-117.0538">
        <ele>1814.52</ele>
      </trkpt>
      <trkpt lat="34.31955" lon="-117.05384">
        <ele>1814.53</ele>
      </trkpt>
      <trkpt lat="34.3194" lon="-117.05391">
        <ele>1815.25</ele>
      </trkpt>
      <trkpt lat="34.31929" lon="-117.05396">
        <ele>1815.23</ele>
      </trkpt>
      <trkpt lat="34.31922" lon="-117.054">
        <ele>1815.34</ele>
      </trkpt>
      <trkpt lat="34.31911" lon="-117.05405">
        <ele>1815.87</ele>
      </trkpt>
      <trkpt lat="34.31896" lon="-117.05412">
        <ele>1815.5</ele>
      </trkpt>
      <trkpt lat="34.31881" lon="-117.05418">
        <ele>1814.86</ele>
      </trkpt>
      <trkpt lat="34.31874" lon="-117.0542">
        <ele>1814.64</ele>
      </trkpt>
      <trkpt lat="34.31866" lon="-117.05423">
        <ele>1814.64</ele>
      </trkpt>
      <trkpt lat="34.31858" lon="-117.05424">
        <ele>1815.0</ele>
      </trkpt>
      <trkpt lat="34.31846" lon="-117.05423">
        <ele>1815.0</ele>
      </trkpt>
      <trkpt lat="34.31839" lon="-117.05422">
        <ele>1815.0</ele>
      </trkpt>
      <trkpt lat="34.31832" lon="-117.05422">
        <ele>1815.0</ele>
      </trkpt>
      <trkpt lat="34.31825" lon="-117.05422">
        <ele>1815.0</ele>
      </trkpt>
      <trkpt lat="34.31816" lon="-117.05423">
        <ele>1815.0</ele>
      </trkpt>
      <trkpt lat="34.31809" lon="-117.05426">
        <ele>1814.99</ele>
      </trkpt>
      <trkpt lat="34.31798" lon="-117.05432">
        <ele>1814.88</ele>
      </trkpt>
      <trkpt lat="34.31781" lon="-117.05445">
        <ele>1814.94</ele>
      </trkpt>
      <trkpt lat="34.31769" lon="-117.05451">
        <ele>1815.24</ele>
      </trkpt>
      <trkpt lat="34.3176" lon="-117.05455">
        <ele>1814.86</ele>
      </trkpt>
      <trkpt lat="34.31754" lon="-117.05456">
        <ele>1814.75</ele>
      </trkpt>
      <trkpt lat="34.3175" lon="-117.05456">
        <ele>1814.75</ele>
      </trkpt>
      <trkpt lat="34.31746" lon="-117.05457">
        <ele>1814.21</ele>
      </trkpt>
      <trkpt lat="34.31739" lon="-117.05457">
        <ele>1813.64</ele>
      </trkpt>
      <trkpt lat="34.31727" lon="-117.05455">
        <ele>1813.86</ele>
      </trkpt>
      <trkpt lat="34.31718" lon="-117.05452">
        <ele>1813.73</ele>
      </trkpt>
      <trkpt lat="34.31712" lon="-117.05446">
        <ele>1813.75</ele>
      </trkpt>
      <trkpt lat="34.31709" lon="-117.05442">
        <ele>1813.84</ele>
      </trkpt>
      <trkpt lat="34.31707" lon="-117.05436">
        <ele>1814.27</ele>
      </trkpt>
      <trkpt lat="34.31705" lon="-117.0543">
        <ele>1814.62</ele>
      </trkpt>
      <trkpt lat="34.31703" lon="-117.05411">
        <ele>1815.57</ele>
      </trkpt>
      <trkpt lat="34.31703" lon="-117.054">
        <ele>1815.98</ele>
      </trkpt>
      <trkpt lat="34.31703" lon="-117.05394">
        <ele>1816.45</ele>
      </trkpt>
      <trkpt lat="34.31703" lon="-117.05385">
        <ele>1817.39</ele>
      </trkpt>
      <trkpt lat="34.31703" lon="-117.05374">
        <ele>1817.97</ele>
      </trkpt>
      <trkpt lat="34.31702" lon="-117.05362">
        <ele>1818.74</ele>
      </trkpt>
      <trkpt lat="34.31702" lon="-117.05341">
        <ele>1819.14</ele>
      </trkpt>
      <trkpt lat="34.31703" lon="-117.05334">
        <ele>1819.86</ele>
      </trkpt>
      <trkpt lat="34.31703" lon="-117.05328">
        <ele>1819.97</ele>
      </trkpt>
      <trkpt lat="34.31704" lon="-117.05321">
        <ele>1820.36</ele>
      </trkpt>
      <trkpt lat="34.31707" lon="-117.05311">
        <ele>1821.36</ele>
      </trkpt>
      <trkpt lat="34.31711" lon="-117.053">
        <ele>1821.79</ele>
      </trkpt>
      <trkpt lat="34.31713" lon="-117.05296">
        <ele>1822.0</ele>
      </trkpt>
      <trkpt lat="34.31716" lon="-117.05291">
        <ele>1822.33</ele>
      </trkpt>
      <trkpt lat="34.31719" lon="-117.05286">
        <ele>1822.61</ele>
      </trkpt>
      <trkpt lat="34.31724" lon="-117.05278">
        <ele>1823.19</ele>
      </trkpt>
      <trkpt lat="34.3173" lon="-117.05269">
        <ele>1823.84</ele>
      </trkpt>
      <trkpt lat="34.31735" lon="-117.05263">
        <ele>1824.38</ele>
      </trkpt>
      <trkpt lat="34.31743" lon="-117.05256">
        <ele>1825.24</ele>
      </trkpt>
      <trkpt lat="34.31761" lon="-117.05245">
        <ele>1827.19</ele>
      </trkpt>
      <trkpt lat="34.31767" lon="-117.05238">
        <ele>1827.84</ele>
      </trkpt>
      <trkpt lat="34.3177" lon="-117.05234">
        <ele>1828.12</ele>
      </trkpt>
      <trkpt lat="34.31772" lon="-117.05228">
        <ele>1828.38</ele>
      </trkpt>
      <trkpt lat="34.31773" lon="-117.05222">
        <ele>1828.48</ele>
      </trkpt>
      <trkpt lat="34.31773" lon="-117.05216">
        <ele>1828.48</ele>
      </trkpt>
      <trkpt lat="34.31772" lon="-117.0521">
        <ele>1828.38</ele>
      </trkpt>
      <trkpt lat="34.31769" lon="-117.05199">
        <ele>1828.05</ele>
      </trkpt>
      <trkpt lat="34.31764" lon="-117.05181">
        <ele>1828.23</ele>
      </trkpt>
      <trkpt lat="34.3176" lon="-117.05166">
        <ele>1829.15</ele>
      </trkpt>
      <trkpt lat="34.31757" lon="-117.05148">
        <ele>1830.53</ele>
      </trkpt>
      <trkpt lat="34.31757" lon="-117.05144">
        <ele>1830.96</ele>
      </trkpt>
      <trkpt lat="34.31754" lon="-117.05127">
        <ele>1832.74</ele>
      </trkpt>
      <trkpt lat="34.31752" lon="-117.05115">
        <ele>1834.01</ele>
      </trkpt>
      <trkpt lat="34.3175" lon="-117.05108">
        <ele>1834.67</ele>
      </trkpt>
      <trkpt lat="34.31749" lon="-117.05104">
        <ele>1835.32</ele>
      </trkpt>
      <trkpt lat="34.31747" lon="-117.05098">
        <ele>1836.18</ele>
      </trkpt>
      <trkpt lat="34.31744" lon="-117.0509">
        <ele>1836.98</ele>
      </trkpt>
      <trkpt lat="34.31739" lon="-117.05083">
        <ele>1836.88</ele>
      </trkpt>
      <trkpt lat="34.31732" lon="-117.05076">
        <ele>1836.89</ele>
      </trkpt>
      <trkpt lat="34.31727" lon="-117.05071">
        <ele>1837.18</ele>
      </trkpt>
      <trkpt lat="34.31722" lon="-117.05067">
        <ele>1837.5</ele>
      </trkpt>
      <trkpt lat="34.31715" lon="-117.05063">
        <ele>1837.42</ele>
      </trkpt>
      <trkpt lat="34.31706" lon="-117.05058">
        <ele>1836.98</ele>
      </trkpt>
      <trkpt lat="34.317" lon="-117.05053">
        <ele>1836.88</ele>
      </trkpt>
      <trkpt lat="34.31695" lon="-117.05047">
        <ele>1836.98</ele>
      </trkpt>
      <trkpt lat="34.31692" lon="-117.05041">
        <ele>1836.74</ele>
      </trkpt>
      <trkpt lat="34.31691" lon="-117.05032">
        <ele>1837.17</ele>
      </trkpt>
      <trkpt lat="34.31691" lon="-117.05026">
        <ele>1837.75</ele>
      </trkpt>
      <trkpt lat="34.31693" lon="-117.0501">
        <ele>1839.61</ele>
      </trkpt>
      <trkpt lat="34.317" lon="-117.04982">
        <ele>1843.17</ele>
      </trkpt>
      <trkpt lat="34.31703" lon="-117.04965">
        <ele>1844.85</ele>
      </trkpt>
      <trkpt lat="34.31703" lon="-117.04942">
        <ele>1847.06</ele>
      </trkpt>
      <trkpt lat="34.31702" lon="-117.04936">
        <ele>1847.53</ele>
      </trkpt>
      <trkpt lat="34.31701" lon="-117.04931">
        <ele>1847.87</ele>
      </trkpt>
      <trkpt lat="34.317" lon="-117.04926">
        <ele>1848.19</ele>
      </trkpt>
      <trkpt lat="34.31699" lon="-117.04922">
        <ele>1848.62</ele>
      </trkpt>
      <trkpt lat="34.31697" lon="-117.04917">
        <ele>1849.21</ele>
      </trkpt>
      <trkpt lat="34.31694" lon="-117.04911">
        <ele>1849.55</ele>
      </trkpt>
      <trkpt lat="34.31691" lon="-117.04905">
        <ele>1849.98</ele>
      </trkpt>
      <trkpt lat="34.31684" lon="-117.04899">
        <ele>1850.82</ele>
      </trkpt>
      <trkpt lat="34.31675" lon="-117.04893">
        <ele>1852.01</ele>
      </trkpt>
      <trkpt lat="34.31663" lon="-117.0489">
        <ele>1851.76</ele>
      </trkpt>
      <trkpt lat="34.3165" lon="-117.04889">
        <ele>1851.97</ele>
      </trkpt>
      <trkpt lat="34.31638" lon="-117.04888">
        <ele>1851.1</ele>
      </trkpt>
      <trkpt lat="34.31628" lon="-117.04888">
        <ele>1850.02</ele>
      </trkpt>
      <trkpt lat="34.3162" lon="-117.04886">
        <ele>1849.57</ele>
      </trkpt>
      <trkpt lat="34.31615" lon="-117.04884">
        <ele>1849.17</ele>
      </trkpt>
      <trkpt lat="34.31609" lon="-117.04881">
        <ele>1848.59</ele>
      </trkpt>
      <trkpt lat="34.31603" lon="-117.04875">
        <ele>1848.69</ele>
      </trkpt>
      <trkpt lat="34.31599" lon="-117.04868">
        <ele>1849.13</ele>
      </trkpt>
      <trkpt lat="34.31597" lon="-117.04862">
        <ele>1849.81</ele>
      </trkpt>
      <trkpt lat="34.31593" lon="-117.04848">
        <ele>1850.9</ele>
      </trkpt>
      <trkpt lat="34.31587" lon="-117.04823">
        <ele>1856.07</ele>
      </trkpt>
      <trkpt lat="34.31584" lon="-117.04805">
        <ele>1858.28</ele>
      </trkpt>
      <trkpt lat="34.31582" lon="-117.04795">
        <ele>1858.56</ele>
      </trkpt>
      <trkpt lat="34.31582" lon="-117.04789">
        <ele>1859.21</ele>
      </trkpt>
      <trkpt lat="34.31581" lon="-117.04785">
        <ele>1859.21</ele>
      </trkpt>
      <trkpt lat="34.31579" lon="-117.04765">
        <ele>1861.53</ele>
      </trkpt>
      <trkpt lat="34.31577" lon="-117.04752">
        <ele>1864.49</ele>
      </trkpt>
      <trkpt lat="34.31575" lon="-117.04741">
        <ele>1867.92</ele>
      </trkpt>
      <trkpt lat="34.3157" lon="-117.04728">
        <ele>1870.15</ele>
      </trkpt>
      <trkpt lat="34.31562" lon="-117.04714">
        <ele>1871.2</ele>
      </trkpt>
      <trkpt lat="34.31555" lon="-117.04704">
        <ele>1871.82</ele>
      </trkpt>
      <trkpt lat="34.3155" lon="-117.04696">
        <ele>1871.63</ele>
      </trkpt>
      <trkpt lat="34.31548" lon="-117.04692">
        <ele>1871.68</ele>
      </trkpt>
      <trkpt lat="34.31545" lon="-117.04687">
        <ele>1871.64</ele>
      </trkpt>
      <trkpt lat="34.31542" lon="-117.0468">
        <ele>1872.4</ele>
      </trkpt>
      <trkpt lat="34.31537" lon="-117.04668">
        <ele>1872.85</ele>
      </trkpt>
      <trkpt lat="34.3153" lon="-117.04648">
        <ele>1873.5</ele>
      </trkpt>
      <trkpt lat="34.31526" lon="-117.04638">
        <ele>1874.0</ele>
      </trkpt>
      <trkpt lat="34.31523" lon="-117.0463">
        <ele>1875.4</ele>
      </trkpt>
      <trkpt lat="34.31521" lon="-117.04623">
        <ele>1876.51</ele>
      </trkpt>
      <trkpt lat="34.31519" lon="-117.0461">
        <ele>1879.29</ele>
      </trkpt>
      <trkpt lat="34.31518" lon="-117.04601">
        <ele>1880.84</ele>
      </trkpt>
      <trkpt lat="34.31517" lon="-117.04596">
        <ele>1880.61</ele>
      </trkpt>
      <trkpt lat="34.31517" lon="-117.04591">
        <ele>1880.84</ele>
      </trkpt>
      <trkpt lat="34.31516" lon="-117.04585">
        <ele>1881.28</ele>
      </trkpt>
      <trkpt lat="34.31516" lon="-117.04578">
        <ele>1881.46</ele>
      </trkpt>
      <trkpt lat="34.31515" lon="-117.04573">
        <ele>1881.36</ele>
      </trkpt>
      <trkpt lat="34.31515" lon="-117.04537">
        <ele>1883.24</ele>
      </trkpt>
      <trkpt lat="34.31514" lon="-117.04532">
        <ele>1883.3</ele>
      </trkpt>
      <trkpt lat="34.31514" lon="-117.04514">
        <ele>1884.27</ele>
      </trkpt>
      <trkpt lat="34.31513" lon="-117.04505">
        <ele>1884.67</ele>
      </trkpt>
      <trkpt lat="34.31513" lon="-117.04496">
        <ele>1885.64</ele>
      </trkpt>
      <trkpt lat="34.31513" lon="-117.04483">
        <ele>1888.72</ele>
      </trkpt>
      <trkpt lat="34.31513" lon="-117.04472">
        <ele>1890.64</ele>
      </trkpt>
      <trkpt lat="34.31514" lon="-117.04462">
        <ele>1892.05</ele>
      </trkpt>
      <trkpt lat="34.31514" lon="-117.04456">
        <ele>1892.05</ele>
      </trkpt>
      <trkpt lat="34.31516" lon="-117.04443">
        <ele>1893.18</ele>
      </trkpt>
      <trkpt lat="34.31517" lon="-117.04428">
        <ele>1893.38</ele>
      </trkpt>
      <trkpt lat="34.31518" lon="-117.04422">
        <ele>1893.38</ele>
      </trkpt>
      <trkpt lat="34.31518" lon="-117.04415">
        <ele>1892.83</ele>
      </trkpt>
      <trkpt lat="34.3152" lon="-117.044">
        <ele>1893.48</ele>
      </trkpt>
      <trkpt lat="34.31522" lon="-117.04388">
        <ele>1894.07</ele>
      </trkpt>
      <trkpt lat="34.31525" lon="-117.04374">
        <ele>1894.37</ele>
      </trkpt>
      <trkpt lat="34.31528" lon="-117.04358">
        <ele>1895.07</ele>
      </trkpt>
      <trkpt lat="34.31532" lon="-117.04338">
        <ele>1895.6</ele>
      </trkpt>
      <trkpt lat="34.31534" lon="-117.04333">
        <ele>1896.02</ele>
      </trkpt>
      <trkpt lat="34.31536" lon="-117.04324">
        <ele>1896.66</ele>
      </trkpt>
      <trkpt lat="34.31542" lon="-117.04302">
        <ele>1899.2</ele>
      </trkpt>
      <trkpt lat="34.31546" lon="-117.04287">
        <ele>1903.87</ele>
      </trkpt>
      <trkpt lat="34.31548" lon="-117.04276">
        <ele>1904.37</ele>
      </trkpt>
      <trkpt lat="34.31549" lon="-117.04271">
        <ele>1904.58</ele>
      </trkpt>
      <trkpt lat="34.31551" lon="-117.04264">
        <ele>1904.78</ele>
      </trkpt>
      <trkpt lat="34.31555" lon="-117.04245">
        <ele>1905.25</ele>
      </trkpt>
      <trkpt lat="34.31558" lon="-117.04233">
        <ele>1905.18</ele>
      </trkpt>
      <trkpt lat="34.31561" lon="-117.04222">
        <ele>1905.75</ele>
      </trkpt>
      <trkpt lat="34.31564" lon="-117.04211">
        <ele>1906.45</ele>
      </trkpt>
      <trkpt lat="34.31568" lon="-117.04197">
        <ele>1907.38</ele>
      </trkpt>
      <trkpt lat="34.3157" lon="-117.0419">
        <ele>1907.97</ele>
      </trkpt>
      <trkpt lat="34.31572" lon="-117.04184">
        <ele>1908.3</ele>
      </trkpt>
      <trkpt lat="34.31573" lon="-117.04179">
        <ele>1908.57</ele>
      </trkpt>
      <trkpt lat="34.31575" lon="-117.04175">
        <ele>1909.21</ele>
      </trkpt>
      <trkpt lat="34.31576" lon="-117.04169">
        <ele>1909.03</ele>
      </trkpt>
      <trkpt lat="34.31578" lon="-117.04155">
        <ele>1909.01</ele>
      </trkpt>
      <trkpt lat="34.31582" lon="-117.04133">
        <ele>1909.02</ele>
      </trkpt>
      <trkpt lat="34.31583" lon="-117.04121">
        <ele>1908.93</ele>
      </trkpt>
      <trkpt lat="34.31584" lon="-117.04115">
        <ele>1909.17</ele>
      </trkpt>
      <trkpt lat="34.31588" lon="-117.04101">
        <ele>1911.05</ele>
      </trkpt>
      <trkpt lat="34.3159" lon="-117.04095">
        <ele>1911.97</ele>
      </trkpt>
      <trkpt lat="34.31594" lon="-117.04085">
        <ele>1914.1</ele>
      </trkpt>
      <trkpt lat="34.31598" lon="-117.04077">
        <ele>1914.88</ele>
      </trkpt>
      <trkpt lat="34.31602" lon="-117.0407">
        <ele>1915.61</ele>
      </trkpt>
      <trkpt lat="34.31607" lon="-117.04062">
        <ele>1916.67</ele>
      </trkpt>
      <trkpt lat="34.31614" lon="-117.04052">
        <ele>1918.94</ele>
      </trkpt>
      <trkpt lat="34.31617" lon="-117.04042">
        <ele>1919.91</ele>
      </trkpt>
      <trkpt lat="34.31619" lon="-117.04037">
        <ele>1920.56</ele>
      </trkpt>
      <trkpt lat="34.3162" lon="-117.04029">
        <ele>1920.88</ele>
      </trkpt>
      <trkpt lat="34.3162" lon="-117.04011">
        <ele>1922.72</ele>
      </trkpt>
      <trkpt lat="34.31618" lon="-117.04002">
        <ele>1924.06</ele>
      </trkpt>
      <trkpt lat="34.31617" lon="-117.03997">
        <ele>1924.8</ele>
      </trkpt>
      <trkpt lat="34.31615" lon="-117.03992">
        <ele>1925.07</ele>
      </trkpt>
      <trkpt lat="34.31611" lon="-117.03985">
        <ele>1925.22</ele>
      </trkpt>
      <trkpt lat="34.31608" lon="-117.03982">
        <ele>1925.22</ele>
      </trkpt>
      <trkpt lat="34.31605" lon="-117.03979">
        <ele>1925.4</ele>
      </trkpt>
      <trkpt lat="34.31601" lon="-117.03975">
        <ele>1925.37</ele>
      </trkpt>
      <trkpt lat="34.31596" lon="-117.03969">
        <ele>1927.3</ele>
      </trkpt>
      <trkpt lat="34.31588" lon="-117.03961">
        <ele>1930.24</ele>
      </trkpt>
      <trkpt lat="34.31576" lon="-117.03947">
        <ele>1932.23</ele>
      </trkpt>
      <trkpt lat="34.3157" lon="-117.03938">
        <ele>1932.51</ele>
      </trkpt>
      <trkpt lat="34.31565" lon="-117.03929">
        <ele>1932.72</ele>
      </trkpt>
      <trkpt lat="34.31561" lon="-117.03918">
        <ele>1933.54</ele>
      </trkpt>
      <trkpt lat="34.31557" lon="-117.03901">
        <ele>1934.16</ele>
      </trkpt>
      <trkpt lat="34.31556" lon="-117.03896">
        <ele>1934.38</ele>
      </trkpt>
      <trkpt lat="34.31556" lon="-117.03891">
        <ele>1934.92</ele>
      </trkpt>
      <trkpt lat="34.31555" lon="-117.03882">
        <ele>1935.56</ele>
      </trkpt>
      <trkpt lat="34.31555" lon="-117.03874">
        <ele>1937.04</ele>
      </trkpt>
      <trkpt lat="34.31554" lon="-117.03866">
        <ele>1938.52</ele>
      </trkpt>
      <trkpt lat="34.31553" lon="-117.03857">
        <ele>1940.21</ele>
      </trkpt>
      <trkpt lat="34.31553" lon="-117.03851">
        <ele>1941.17</ele>
      </trkpt>
      <trkpt lat="34.31552" lon="-117.03844">
        <ele>1940.85</ele>
      </trkpt>
      <trkpt lat="34.31552" lon="-117.03837">
        <ele>1940.85</ele>
      </trkpt>
      <trkpt lat="34.31551" lon="-117.03833">
        <ele>1940.52</ele>
      </trkpt>
      <trkpt lat="34.31552" lon="-117.03828">
        <ele>1940.85</ele>
      </trkpt>
      <trkpt lat="34.31552" lon="-117.0382">
        <ele>1940.85</ele>
      </trkpt>
      <trkpt lat="34.31555" lon="-117.03807">
        <ele>1942.61</ele>
      </trkpt>
      <trkpt lat="34.31558" lon="-117.03798">
        <ele>1943.79</ele>
      </trkpt>
      <trkpt lat="34.31562" lon="-117.03789">
        <ele>1945.09</ele>
      </trkpt>
      <trkpt lat="34.31569" lon="-117.03775">
        <ele>1948.07</ele>
      </trkpt>
      <trkpt lat="34.31575" lon="-117.03765">
        <ele>1949.48</ele>
      </trkpt>
      <trkpt lat="34.31582" lon="-117.03754">
        <ele>1950.94</ele>
      </trkpt>
      <trkpt lat="34.31593" lon="-117.03745">
        <ele>1950.96</ele>
      </trkpt>
      <trkpt lat="34.31596" lon="-117.03739">
        <ele>1950.7</ele>
      </trkpt>
      <trkpt lat="34.31597" lon="-117.03736">
        <ele>1950.77</ele>
      </trkpt>
      <trkpt lat="34.31597" lon="-117.03729">
        <ele>1951.27</ele>
      </trkpt>
      <trkpt lat="34.31595" lon="-117.03723">
        <ele>1951.92</ele>
      </trkpt>
      <trkpt lat="34.31586" lon="-117.03711">
        <ele>1953.15</ele>
      </trkpt>
      <trkpt lat="34.31581" lon="-117.03701">
        <ele>1954.29</ele>
      </trkpt>
      <trkpt lat="34.31578" lon="-117.03694">
        <ele>1955.0</ele>
      </trkpt>
      <trkpt lat="34.31576" lon="-117.03689">
        <ele>1955.0</ele>
      </trkpt>
      <trkpt lat="34.31574" lon="-117.03683">
        <ele>1955.24</ele>
      </trkpt>
      <trkpt lat="34.31573" lon="-117.03677">
        <ele>1955.88</ele>
      </trkpt>
      <trkpt lat="34.31572" lon="-117.03669">
        <ele>1956.0</ele>
      </trkpt>
      <trkpt lat="34.31572" lon="-117.03658">
        <ele>1956.94</ele>
      </trkpt>
      <trkpt lat="34.3157" lon="-117.03646">
        <ele>1957.57</ele>
      </trkpt>
      <trkpt lat="34.3157" lon="-117.03632">
        <ele>1958.33</ele>
      </trkpt>
      <trkpt lat="34.31571" lon="-117.03626">
        <ele>1958.72</ele>
      </trkpt>
      <trkpt lat="34.31571" lon="-117.0362">
        <ele>1959.33</ele>
      </trkpt>
      <trkpt lat="34.31573" lon="-117.03605">
        <ele>1959.78</ele>
      </trkpt>
      <trkpt lat="34.31575" lon="-117.03599">
        <ele>1959.83</ele>
      </trkpt>
      <trkpt lat="34.31577" lon="-117.03593">
        <ele>1959.67</ele>
      </trkpt>
      <trkpt lat="34.31579" lon="-117.03588">
        <ele>1959.47</ele>
      </trkpt>
      <trkpt lat="34.31581" lon="-117.03582">
        <ele>1959.25</ele>
      </trkpt>
      <trkpt lat="34.31584" lon="-117.03575">
        <ele>1958.93</ele>
      </trkpt>
      <trkpt lat="34.31596" lon="-117.03552">
        <ele>1957.87</ele>
      </trkpt>
      <trkpt lat="34.316" lon="-117.0354">
        <ele>1957.94</ele>
      </trkpt>
      <trkpt lat="34.31604" lon="-117.03532">
        <ele>1958.08</ele>
      </trkpt>
      <trkpt lat="34.31608" lon="-117.03524">
        <ele>1957.81</ele>
      </trkpt>
      <trkpt lat="34.31618" lon="-117.03511">
        <ele>1955.72</ele>
      </trkpt>
      <trkpt lat="34.31624" lon="-117.03502">
        <ele>1953.82</ele>
      </trkpt>
      <trkpt lat="34.31628" lon="-117.03492">
        <ele>1952.68</ele>
      </trkpt>
      <trkpt lat="34.31634" lon="-117.03479">
        <ele>1952.47</ele>
      </trkpt>
      <trkpt lat="34.31642" lon="-117.03462">
        <ele>1952.5</ele>
      </trkpt>
      <trkpt lat="34.3166" lon="-117.03437">
        <ele>1951.3</ele>
      </trkpt>
      <trkpt lat="34.31662" lon="-117.03432">
        <ele>1951.35</ele>
      </trkpt>
      <trkpt lat="34.31667" lon="-117.03424">
        <ele>1951.16</ele>
      </trkpt>
      <trkpt lat="34.31672" lon="-117.03415">
        <ele>1950.95</ele>
      </trkpt>
      <trkpt lat="34.31678" lon="-117.03403">
        <ele>1950.88</ele>
      </trkpt>
      <trkpt lat="34.31682" lon="-117.03394">
        <ele>1951.15</ele>
      </trkpt>
      <trkpt lat="34.31685" lon="-117.03385">
        <ele>1951.86</ele>
      </trkpt>
      <trkpt lat="34.31686" lon="-117.03379">
        <ele>1953.2</ele>
      </trkpt>
      <trkpt lat="34.3169" lon="-117.03366">
        <ele>1956.9</ele>
      </trkpt>
      <trkpt lat="34.31692" lon="-117.03362">
        <ele>1957.98</ele>
      </trkpt>
      <trkpt lat="34.31696" lon="-117.03356">
        <ele>1958.94</ele>
      </trkpt>
      <trkpt lat="34.31698" lon="-117.03353">
        <ele>1959.37</ele>
      </trkpt>
      <trkpt lat="34.31704" lon="-117.03348">
        <ele>1959.77</ele>
      </trkpt>
      <trkpt lat="34.31717" lon="-117.03338">
        <ele>1959.56</ele>
      </trkpt>
      <trkpt lat="34.31726" lon="-117.03331">
        <ele>1960.1</ele>
      </trkpt>
      <trkpt lat="34.31732" lon="-117.03326">
        <ele>1960.53</ele>
      </trkpt>
      <trkpt lat="34.31739" lon="-117.0332">
        <ele>1960.71</ele>
      </trkpt>
      <trkpt lat="34.31749" lon="-117.03311">
        <ele>1960.93</ele>
      </trkpt>
      <trkpt lat="34.31759" lon="-117.03298">
        <ele>1961.69</ele>
      </trkpt>
      <trkpt lat="34.31761" lon="-117.03295">
        <ele>1961.76</ele>
      </trkpt>
      <trkpt lat="34.31764" lon="-117.03292">
        <ele>1961.44</ele>
      </trkpt>
      <trkpt lat="34.31767" lon="-117.03287">
        <ele>1961.33</ele>
      </trkpt>
      <trkpt lat="34.31773" lon="-117.03274">
        <ele>1961.44</ele>
      </trkpt>
      <trkpt lat="34.31775" lon="-117.03268">
        <ele>1961.6</ele>
      </trkpt>
      <trkpt lat="34.31776" lon="-117.03263">
        <ele>1961.38</ele>
      </trkpt>
      <trkpt lat="34.31776" lon="-117.03259">
        <ele>1961.41</ele>
      </trkpt>
      <trkpt lat="34.31777" lon="-117.03253">
        <ele>1961.84</ele>
      </trkpt>
      <trkpt lat="34.31777" lon="-117.03247">
        <ele>1962.49</ele>
      </trkpt>
      <trkpt lat="34.31776" lon="-117.03229">
        <ele>1963.87</ele>
      </trkpt>
      <trkpt lat="34.31776" lon="-117.03211">
        <ele>1967.54</ele>
      </trkpt>
      <trkpt lat="34.31777" lon="-117.03194">
        <ele>1970.38</ele>
      </trkpt>
      <trkpt lat="34.31777" lon="-117.03187">
        <ele>1971.07</ele>
      </trkpt>
      <trkpt lat="34.31778" lon="-117.03176">
        <ele>1971.92</ele>
      </trkpt>
      <trkpt lat="34.31781" lon="-117.03161">
        <ele>1974.04</ele>
      </trkpt>
      <trkpt lat="34.31783" lon="-117.03154">
        <ele>1975.2</ele>
      </trkpt>
      <trkpt lat="34.31787" lon="-117.03147">
        <ele>1975.39</ele>
      </trkpt>
      <trkpt lat="34.3179" lon="-117.03142">
        <ele>1975.82</ele>
      </trkpt>
      <trkpt lat="34.31799" lon="-117.03134">
        <ele>1974.55</ele>
      </trkpt>
      <trkpt lat="34.31806" lon="-117.03128">
        <ele>1973.38</ele>
      </trkpt>
      <trkpt lat="34.31814" lon="-117.03121">
        <ele>1973.06</ele>
      </trkpt>
      <trkpt lat="34.31817" lon="-117.03118">
        <ele>1972.92</ele>
      </trkpt>
      <trkpt lat="34.3182" lon="-117.03111">
        <ele>1974.47</ele>
      </trkpt>
      <trkpt lat="34.31822" lon="-117.03097">
        <ele>1978.17</ele>
      </trkpt>
      <trkpt lat="34.31822" lon="-117.03087">
        <ele>1979.96</ele>
      </trkpt>
      <trkpt lat="34.31823" lon="-117.03084">
        <ele>1980.15</ele>
      </trkpt>
      <trkpt lat="34.31822" lon="-117.03081">
        <ele>1980.5</ele>
      </trkpt>
      <trkpt lat="34.31823" lon="-117.03074">
        <ele>1980.35</ele>
      </trkpt>
      <trkpt lat="34.31822" lon="-117.03065">
        <ele>1980.67</ele>
      </trkpt>
      <trkpt lat="34.3182" lon="-117.03057">
        <ele>1981.32</ele>
      </trkpt>
      <trkpt lat="34.31818" lon="-117.0305">
        <ele>1981.76</ele>
      </trkpt>
      <trkpt lat="34.31816" lon="-117.03044">
        <ele>1982.27</ele>
      </trkpt>
      <trkpt lat="34.31813" lon="-117.03038">
        <ele>1982.87</ele>
      </trkpt>
      <trkpt lat="34.31811" lon="-117.03031">
        <ele>1983.26</ele>
      </trkpt>
      <trkpt lat="34.31809" lon="-117.03025">
        <ele>1983.95</ele>
      </trkpt>
      <trkpt lat="34.31807" lon="-117.03015">
        <ele>1984.32</ele>
      </trkpt>
      <trkpt lat="34.31807" lon="-117.02992">
        <ele>1983.38</ele>
      </trkpt>
      <trkpt lat="34.31808" lon="-117.02978">
        <ele>1983.94</ele>
      </trkpt>
      <trkpt lat="34.31811" lon="-117.02959">
        <ele>1984.08</ele>
      </trkpt>
      <trkpt lat="34.31814" lon="-117.02946">
        <ele>1984.11</ele>
      </trkpt>
      <trkpt lat="34.31815" lon="-117.0294">
        <ele>1984.42</ele>
      </trkpt>
      <trkpt lat="34.31817" lon="-117.02934">
        <ele>1984.39</ele>
      </trkpt>
      <trkpt lat="34.31818" lon="-117.02928">
        <ele>1984.48</ele>
      </trkpt>
      <trkpt lat="34.31826" lon="-117.02907">
        <ele>1983.63</ele>
      </trkpt>
      <trkpt lat="34.31834" lon="-117.02879">
        <ele>1984.86</ele>
      </trkpt>
      <trkpt lat="34.31837" lon="-117.02861">
        <ele>1985.22</ele>
      </trkpt>
      <trkpt lat="34.31838" lon="-117.02847">
        <ele>1987.28</ele>
      </trkpt>
      <trkpt lat="34.31839" lon="-117.02826">
        <ele>1992.67</ele>
      </trkpt>
      <trkpt lat="34.31839" lon="-117.02813">
        <ele>1993.55</ele>
      </trkpt>
      <trkpt lat="34.31838" lon="-117.028">
        <ele>1994.29</ele>
      </trkpt>
      <trkpt lat="34.31839" lon="-117.02798">
        <ele>1994.05</ele>
      </trkpt>
      <trkpt lat="34.31838" lon="-117.02795">
        <ele>1994.49</ele>
      </trkpt>
      <trkpt lat="34.31838" lon="-117.02785">
        <ele>1994.49</ele>
      </trkpt>
      <trkpt lat="34.31837" lon="-117.0278">
        <ele>1994.81</ele>
      </trkpt>
      <trkpt lat="34.31837" lon="-117.02775">
        <ele>1994.81</ele>
      </trkpt>
      <trkpt lat="34.31836" lon="-117.0277">
        <ele>1995.14</ele>
      </trkpt>
      <trkpt lat="34.31835" lon="-117.0276">
        <ele>1994.71</ele>
      </trkpt>
      <trkpt lat="34.31831" lon="-117.02744">
        <ele>1994.86</ele>
      </trkpt>
      <trkpt lat="34.31828" lon="-117.02734">
        <ele>1995.15</ele>
      </trkpt>
      <trkpt lat="34.31824" lon="-117.02717">
        <ele>1995.02</ele>
      </trkpt>
      <trkpt lat="34.3182" lon="-117.02696">
        <ele>1995.88</ele>
      </trkpt>
      <trkpt lat="34.31815" lon="-117.0267">
        <ele>1997.59</ele>
      </trkpt>
      <trkpt lat="34.31816" lon="-117.02649">
        <ele>1998.54</ele>
      </trkpt>
      <trkpt lat="34.31817" lon="-117.02632">
        <ele>1998.53</ele>
      </trkpt>
      <trkpt lat="34.31818" lon="-117.02622">
        <ele>1999.14</ele>
      </trkpt>
      <trkpt lat="34.31821" lon="-117.02611">
        <ele>1998.67</ele>
      </trkpt>
      <trkpt lat="34.31824" lon="-117.02595">
        <ele>1999.75</ele>
      </trkpt>
      <trkpt lat="34.31829" lon="-117.02559">
        <ele>2004.1</ele>
      </trkpt>
      <trkpt lat="34.31834" lon="-117.02541">
        <ele>2004.46</ele>
      </trkpt>
      <trkpt lat="34.31838" lon="-117.02527">
        <ele>2004.5</ele>
      </trkpt>
      <trkpt lat="34.31842" lon="-117.02514">
        <ele>2004.1</ele>
      </trkpt>
      <trkpt lat="34.31845" lon="-117.02502">
        <ele>2004.32</ele>
      </trkpt>
      <trkpt lat="34.31849" lon="-117.02487">
        <ele>2003.9</ele>
      </trkpt>
      <trkpt lat="34.31849" lon="-117.02484">
        <ele>2004.12</ele>
      </trkpt>
      <trkpt lat="34.3185" lon="-117.0248">
        <ele>2004.07</ele>
      </trkpt>
      <trkpt lat="34.3185" lon="-117.02468">
        <ele>2003.31</ele>
      </trkpt>
      <trkpt lat="34.31849" lon="-117.02459">
        <ele>2003.31</ele>
      </trkpt>
      <trkpt lat="34.31845" lon="-117.02448">
        <ele>2003.12</ele>
      </trkpt>
      <trkpt lat="34.3184" lon="-117.02434">
        <ele>2003.19</ele>
      </trkpt>
      <trkpt lat="34.31835" lon="-117.02423">
        <ele>2003.32</ele>
      </trkpt>
      <trkpt lat="34.3183" lon="-117.02411">
        <ele>2003.11</ele>
      </trkpt>
      <trkpt lat="34.31824" lon="-117.02398">
        <ele>2003.02</ele>
      </trkpt>
      <trkpt lat="34.31815" lon="-117.02381">
        <ele>2004.96</ele>
      </trkpt>
      <trkpt lat="34.31808" lon="-117.02365">
        <ele>2005.78</ele>
      </trkpt>
      <trkpt lat="34.318" lon="-117.02342">
        <ele>2007.8</ele>
      </trkpt>
      <trkpt lat="34.31795" lon="-117.02325">
        <ele>2009.42</ele>
      </trkpt>
      <trkpt lat="34.31793" lon="-117.02314">
        <ele>2009.71</ele>
      </trkpt>
      <trkpt lat="34.31791" lon="-117.02304">
        <ele>2010.14</ele>
      </trkpt>
      <trkpt lat="34.31789" lon="-117.0229">
        <ele>2011.26</ele>
      </trkpt>
      <trkpt lat="34.31787" lon="-117.02266">
        <ele>2015.01</ele>
      </trkpt>
      <trkpt lat="34.31785" lon="-117.02252">
        <ele>2015.27</ele>
      </trkpt>
      <trkpt lat="34.31779" lon="-117.02233">
        <ele>2014.9</ele>
      </trkpt>
      <trkpt lat="34.31775" lon="-117.02219">
        <ele>2015.25</ele>
      </trkpt>
      <trkpt lat="34.3177" lon="-117.02209">
        <ele>2015.61</ele>
      </trkpt>
      <trkpt lat="34.31766" lon="-117.02199">
        <ele>2016.31</ele>
      </trkpt>
      <trkpt lat="34.3176" lon="-117.02188">
        <ele>2017.76</ele>
      </trkpt>
      <trkpt lat="34.31757" lon="-117.0218">
        <ele>2019.29</ele>
      </trkpt>
      <trkpt lat="34.31757" lon="-117.0217">
        <ele>2019.89</ele>
      </trkpt>
      <trkpt lat="34.31759" lon="-117.02159">
        <ele>2019.92</ele>
      </trkpt>
      <trkpt lat="34.31765" lon="-117.02143">
        <ele>2019.08</ele>
      </trkpt>
      <trkpt lat="34.31768" lon="-117.02136">
        <ele>2018.54</ele>
      </trkpt>
      <trkpt lat="34.31772" lon="-117.02126">
        <ele>2018.26</ele>
      </trkpt>
      <trkpt lat="34.31776" lon="-117.02118">
        <ele>2018.09</ele>
      </trkpt>
      <trkpt lat="34.31781" lon="-117.02106">
        <ele>2018.7</ele>
      </trkpt>
      <trkpt lat="34.31788" lon="-117.02089">
        <ele>2019.46</ele>
      </trkpt>
      <trkpt lat="34.318" lon="-117.02067">
        <ele>2021.33</ele>
      </trkpt>
      <trkpt lat="34.31806" lon="-117.02055">
        <ele>2022.02</ele>
      </trkpt>
      <trkpt lat="34.31815" lon="-117.02041">
        <ele>2022.52</ele>
      </trkpt>
      <trkpt lat="34.31822" lon="-117.02031">
        <ele>2022.9</ele>
      </trkpt>
      <trkpt lat="34.31829" lon="-117.02023">
        <ele>2022.97</ele>
      </trkpt>
      <trkpt lat="34.31838" lon="-117.02014">
        <ele>2023.23</ele>
      </trkpt>
      <trkpt lat="34.3185" lon="-117.02">
        <ele>2025.0</ele>
      </trkpt>
      <trkpt lat="34.31866" lon="-117.01984">
        <ele>2029.07</ele>
      </trkpt>
      <trkpt lat="34.31882" lon="-117.01967">
        <ele>2031.87</ele>
      </trkpt>
      <trkpt lat="34.3189" lon="-117.0196">
        <ele>2032.48</ele>
      </trkpt>
      <trkpt lat="34.31895" lon="-117.01956">
        <ele>2032.35</ele>
      </trkpt>
      <trkpt lat="34.319" lon="-117.01951">
        <ele>2032.38</ele>
      </trkpt>
      <trkpt lat="34.31907" lon="-117.01944">
        <ele>2033.14</ele>
      </trkpt>
      <trkpt lat="34.31918" lon="-117.01933">
        <ele>2033.98</ele>
      </trkpt>
      <trkpt lat="34.31935" lon="-117.01907">
        <ele>2035.07</ele>
      </trkpt>
      <trkpt lat="34.31945" lon="-117.01892">
        <ele>2035.66</ele>
      </trkpt>
      <trkpt lat="34.31953" lon="-117.01881">
        <ele>2037.77</ele>
      </trkpt>
      <trkpt lat="34.3196" lon="-117.01871">
        <ele>2040.8</ele>
      </trkpt>
      <trkpt lat="34.31967" lon="-117.01864">
        <ele>2042.33</ele>
      </trkpt>
      <trkpt lat="34.31976" lon="-117.01855">
        <ele>2043.71</ele>
      </trkpt>
      <trkpt lat="34.31983" lon="-117.01851">
        <ele>2044.44</ele>
      </trkpt>
      <trkpt lat="34.31989" lon="-117.01849">
        <ele>2045.74</ele>
      </trkpt>
      <trkpt lat="34.31998" lon="-117.01847">
        <ele>2046.57</ele>
      </trkpt>
      <trkpt lat="34.32007" lon="-117.01846">
        <ele>2046.9</ele>
      </trkpt>
      <trkpt lat="34.32014" lon="-117.01847">
        <ele>2047.08</ele>
      </trkpt>
      <trkpt lat="34.32029" lon="-117.0185">
        <ele>2046.6</ele>
      </trkpt>
      <trkpt lat="34.32032" lon="-117.0185">
        <ele>2046.6</ele>
      </trkpt>
      <trkpt lat="34.32037" lon="-117.01849">
        <ele>2046.92</ele>
      </trkpt>
      <trkpt lat="34.32042" lon="-117.01849">
        <ele>2048.2</ele>
      </trkpt>
      <trkpt lat="34.32046" lon="-117.01848">
        <ele>2049.35</ele>
      </trkpt>
      <trkpt lat="34.3205" lon="-117.01848">
        <ele>2050.22</ele>
      </trkpt>
      <trkpt lat="34.32055" lon="-117.01844">
        <ele>2051.73</ele>
      </trkpt>
      <trkpt lat="34.32059" lon="-117.0184">
        <ele>2052.56</ele>
      </trkpt>
      <trkpt lat="34.32065" lon="-117.01835">
        <ele>2053.62</ele>
      </trkpt>
      <trkpt lat="34.32073" lon="-117.01824">
        <ele>2056.02</ele>
      </trkpt>
      <trkpt lat="34.32086" lon="-117.01809">
        <ele>2057.68</ele>
      </trkpt>
      <trkpt lat="34.32098" lon="-117.01799">
        <ele>2058.13</ele>
      </trkpt>
      <trkpt lat="34.32107" lon="-117.01791">
        <ele>2058.03</ele>
      </trkpt>
      <trkpt lat="34.32115" lon="-117.01785">
        <ele>2058.15</ele>
      </trkpt>
      <trkpt lat="34.3212" lon="-117.01781">
        <ele>2058.37</ele>
      </trkpt>
      <trkpt lat="34.32126" lon="-117.01775">
        <ele>2058.27</ele>
      </trkpt>
      <trkpt lat="34.32144" lon="-117.01754">
        <ele>2059.33</ele>
      </trkpt>
      <trkpt lat="34.32147" lon="-117.0175">
        <ele>2060.0</ele>
      </trkpt>
      <trkpt lat="34.32152" lon="-117.01741">
        <ele>2063.48</ele>
      </trkpt>
      <trkpt lat="34.32156" lon="-117.01732">
        <ele>2066.13</ele>
      </trkpt>
      <trkpt lat="34.32161" lon="-117.01717">
        <ele>2067.96</ele>
      </trkpt>
      <trkpt lat="34.32165" lon="-117.01707">
        <ele>2068.83</ele>
      </trkpt>
      <trkpt lat="34.32168" lon="-117.01703">
        <ele>2068.72</ele>
      </trkpt>
      <trkpt lat="34.32172" lon="-117.01697">
        <ele>2068.72</ele>
      </trkpt>
      <trkpt lat="34.32177" lon="-117.01691">
        <ele>2068.28</ele>
      </trkpt>
      <trkpt lat="34.3218" lon="-117.01687">
        <ele>2067.85</ele>
      </trkpt>
      <trkpt lat="34.32183" lon="-117.01681">
        <ele>2067.4</ele>
      </trkpt>
      <trkpt lat="34.32185" lon="-117.01674">
        <ele>2067.29</ele>
      </trkpt>
      <trkpt lat="34.32186" lon="-117.01662">
        <ele>2067.14</ele>
      </trkpt>
      <trkpt lat="34.32184" lon="-117.0165">
        <ele>2066.84</ele>
      </trkpt>
      <trkpt lat="34.3218" lon="-117.01639">
        <ele>2067.26</ele>
      </trkpt>
      <trkpt lat="34.32173" lon="-117.01624">
        <ele>2068.34</ele>
      </trkpt>
      <trkpt lat="34.32168" lon="-117.01613">
        <ele>2068.77</ele>
      </trkpt>
      <trkpt lat="34.32163" lon="-117.01604">
        <ele>2069.33</ele>
      </trkpt>
      <trkpt lat="34.32158" lon="-117.01593">
        <ele>2069.85</ele>
      </trkpt>
      <trkpt lat="34.32152" lon="-117.01579">
        <ele>2069.7</ele>
      </trkpt>
      <trkpt lat="34.32149" lon="-117.01571">
        <ele>2069.82</ele>
      </trkpt>
      <trkpt lat="34.32147" lon="-117.01566">
        <ele>2070.12</ele>
      </trkpt>
      <trkpt lat="34.32146" lon="-117.01557">
        <ele>2069.39</ele>
      </trkpt>
      <trkpt lat="34.32145" lon="-117.0153">
        <ele>2069.34</ele>
      </trkpt>
      <trkpt lat="34.32144" lon="-117.01512">
        <ele>2069.45</ele>
      </trkpt>
      <trkpt lat="34.3214" lon="-117.01503">
        <ele>2069.88</ele>
      </trkpt>
      <trkpt lat="34.32135" lon="-117.01496">
        <ele>2070.42</ele>
      </trkpt>
      <trkpt lat="34.3213" lon="-117.0149">
        <ele>2070.96</ele>
      </trkpt>
      <trkpt lat="34.32126" lon="-117.01487">
        <ele>2071.39</ele>
      </trkpt>
      <trkpt lat="34.3212" lon="-117.01483">
        <ele>2072.01</ele>
      </trkpt>
      <trkpt lat="34.32112" lon="-117.01476">
        <ele>2072.0</ele>
      </trkpt>
      <trkpt lat="34.32108" lon="-117.01472">
        <ele>2072.34</ele>
      </trkpt>
      <trkpt lat="34.32104" lon="-117.01465">
        <ele>2072.77</ele>
      </trkpt>
      <trkpt lat="34.32101" lon="-117.01458">
        <ele>2073.0</ele>
      </trkpt>
      <trkpt lat="34.32099" lon="-117.01446">
        <ele>2073.0</ele>
      </trkpt>
      <trkpt lat="34.32098" lon="-117.01434">
        <ele>2073.05</ele>
      </trkpt>
      <trkpt lat="34.32097" lon="-117.01425">
        <ele>2073.57</ele>
      </trkpt>
      <trkpt lat="34.32097" lon="-117.01419">
        <ele>2073.88</ele>
      </trkpt>
      <trkpt lat="34.32098" lon="-117.0141">
        <ele>2074.0</ele>
      </trkpt>
      <trkpt lat="34.321" lon="-117.01398">
        <ele>2075.0</ele>
      </trkpt>
      <trkpt lat="34.32102" lon="-117.01382">
        <ele>2075.0</ele>
      </trkpt>
      <trkpt lat="34.32102" lon="-117.01377">
        <ele>2075.28</ele>
      </trkpt>
      <trkpt lat="34.32103" lon="-117.01369">
        <ele>2075.89</ele>
      </trkpt>
      <trkpt lat="34.32102" lon="-117.01345">
        <ele>2076.0</ele>
      </trkpt>
      <trkpt lat="34.321" lon="-117.01325">
        <ele>2076.92</ele>
      </trkpt>
      <trkpt lat="34.32097" lon="-117.01303">
        <ele>2077.14</ele>
      </trkpt>
      <trkpt lat="34.32094" lon="-117.01287">
        <ele>2077.85</ele>
      </trkpt>
      <trkpt lat="34.32091" lon="-117.01267">
        <ele>2078.03</ele>
      </trkpt>
      <trkpt lat="34.32084" lon="-117.01238">
        <ele>2079.0</ele>
      </trkpt>
      <trkpt lat="34.32079" lon="-117.01217">
        <ele>2079.47</ele>
      </trkpt>
      <trkpt lat="34.32075" lon="-117.012">
        <ele>2080.0</ele>
      </trkpt>
      <trkpt lat="34.3207" lon="-117.01187">
        <ele>2080.35</ele>
      </trkpt>
      <trkpt lat="34.32064" lon="-117.0117">
        <ele>2081.0</ele>
      </trkpt>
      <trkpt lat="34.32061" lon="-117.01163">
        <ele>2081.0</ele>
      </trkpt>
      <trkpt lat="34.32052" lon="-117.01149">
        <ele>2081.94</ele>
      </trkpt>
      <trkpt lat="34.32045" lon="-117.01135">
        <ele>2082.0</ele>
      </trkpt>
      <trkpt lat="34.32041" lon="-117.01126">
        <ele>2082.39</ele>
      </trkpt>
      <trkpt lat="34.32037" lon="-117.01117">
        <ele>2083.0</ele>
      </trkpt>
      <trkpt lat="34.32032" lon="-117.01105">
        <ele>2083.0</ele>
      </trkpt>
      <trkpt lat="34.32026" lon="-117.01091">
        <ele>2084.0</ele>
      </trkpt>
      <trkpt lat="34.32018" lon="-117.01075">
        <ele>2084.0</ele>
      </trkpt>
      <trkpt lat="34.32013" lon="-117.01066">
        <ele>2084.35</ele>
      </trkpt>
      <trkpt lat="34.32001" lon="-117.01051">
        <ele>2084.55</ele>
      </trkpt>
      <trkpt lat="34.31993" lon="-117.01039">
        <ele>2084.24</ele>
      </trkpt>
      <trkpt lat="34.31986" lon="-117.01029">
        <ele>2084.42</ele>
      </trkpt>
      <trkpt lat="34.31976" lon="-117.01016">
        <ele>2084.41</ele>
      </trkpt>
      <trkpt lat="34.31963" lon="-117.00999">
        <ele>2084.0</ele>
      </trkpt>
      <trkpt lat="34.31945" lon="-117.00973">
        <ele>2084.0</ele>
      </trkpt>
      <trkpt lat="34.3193" lon="-117.00954">
        <ele>2084.0</ele>
      </trkpt>
      <trkpt lat="34.31919" lon="-117.00941">
        <ele>2084.0</ele>
      </trkpt>
      <trkpt lat="34.31914" lon="-117.00935">
        <ele>2084.0</ele>
      </trkpt>
      <trkpt lat="34.31909" lon="-117.00929">
        <ele>2084.0</ele>
      </trkpt>
      <trkpt lat="34.31892" lon="-117.00908">
        <ele>2084.0</ele>
      </trkpt>
      <trkpt lat="34.31889" lon="-117.00902">
        <ele>2084.0</ele>
      </trkpt>
      <trkpt lat="34.31872" lon="-117.0088">
        <ele>2084.0</ele>
      </trkpt>
      <trkpt lat="34.31867" lon="-117.00874">
        <ele>2084.0</ele>
      </trkpt>
      <trkpt lat="34.31862" lon="-117.00869">
        <ele>2084.0</ele>
      </trkpt>
      <trkpt lat="34.31857" lon="-117.00864">
        <ele>2084.0</ele>
      </trkpt>
      <trkpt lat="34.31851" lon="-117.00858">
        <ele>2084.0</ele>
      </trkpt>
      <trkpt lat="34.31843" lon="-117.00851">
        <ele>2084.0</ele>
      </trkpt>
      <trkpt lat="34.31817" lon="-117.0083">
        <ele>2083.24</ele>
      </trkpt>
      <trkpt lat="34.31796" lon="-117.00814">
        <ele>2083.0</ele>
      </trkpt>
      <trkpt lat="34.31781" lon="-117.00802">
        <ele>2083.0</ele>
      </trkpt>
      <trkpt lat="34.31775" lon="-117.00796">
        <ele>2083.0</ele>
      </trkpt>
      <trkpt lat="34.31768" lon="-117.00791">
        <ele>2082.94</ele>
      </trkpt>
      <trkpt lat="34.31759" lon="-117.00782">
        <ele>2082.0</ele>
      </trkpt>
      <trkpt lat="34.31744" lon="-117.00771">
        <ele>2082.0</ele>
      </trkpt>
      <trkpt lat="34.31736" lon="-117.00764">
        <ele>2082.0</ele>
      </trkpt>
      <trkpt lat="34.31725" lon="-117.00751">
        <ele>2081.3</ele>
      </trkpt>
      <trkpt lat="34.31718" lon="-117.00741">
        <ele>2081.0</ele>
      </trkpt>
      <trkpt lat="34.31711" lon="-117.00728">
        <ele>2081.0</ele>
      </trkpt>
      <trkpt lat="34.31706" lon="-117.00717">
        <ele>2081.14</ele>
      </trkpt>
      <trkpt lat="34.31701" lon="-117.00706">
        <ele>2081.0</ele>
      </trkpt>
      <trkpt lat="34.31692" lon="-117.00682">
        <ele>2081.25</ele>
      </trkpt>
      <trkpt lat="34.31684" lon="-117.00665">
        <ele>2081.87</ele>
      </trkpt>
      <trkpt lat="34.31676" lon="-117.00651">
        <ele>2081.69</ele>
      </trkpt>
      <trkpt lat="34.3167" lon="-117.00639">
        <ele>2081.36</ele>
      </trkpt>
      <trkpt lat="34.31661" lon="-117.00624">
        <ele>2081.39</ele>
      </trkpt>
      <trkpt lat="34.31648" lon="-117.006">
        <ele>2081.98</ele>
      </trkpt>
      <trkpt lat="34.31636" lon="-117.00578">
        <ele>2081.69</ele>
      </trkpt>
      <trkpt lat="34.3163" lon="-117.00569">
        <ele>2081.04</ele>
      </trkpt>
      <trkpt lat="34.31623" lon="-117.0056">
        <ele>2081.15</ele>
      </trkpt>
      <trkpt lat="34.31616" lon="-117.00551">
        <ele>2081.0</ele>
      </trkpt>
      <trkpt lat="34.31601" lon="-117.00539">
        <ele>2080.0</ele>
      </trkpt>
      <trkpt lat="34.31579" lon="-117.0052">
        <ele>2079.45</ele>
      </trkpt>
      <trkpt lat="34.31566" lon="-117.00511">
        <ele>2078.84</ele>
      </trkpt>
      <trkpt lat="34.31552" lon="-117.00502">
        <ele>2077.62</ele>
      </trkpt>
      <trkpt lat="34.31538" lon="-117.00493">
        <ele>2076.1</ele>
      </trkpt>
      <trkpt lat="34.31524" lon="-117.00486">
        <ele>2074.59</ele>
      </trkpt>
      <trkpt lat="34.31506" lon="-117.00477">
        <ele>2073.65</ele>
      </trkpt>
      <trkpt lat="34.31481" lon="-117.00468">
        <ele>2072.97</ele>
      </trkpt>
      <trkpt lat="34.31464" lon="-117.00461">
        <ele>2072.3</ele>
      </trkpt>
      <trkpt lat="34.31455" lon="-117.00458">
        <ele>2072.08</ele>
      </trkpt>
      <trkpt lat="34.31438" lon="-117.00453">
        <ele>2071.36</ele>
      </trkpt>
      <trkpt lat="34.31408" lon="-117.00444">
        <ele>2071.11</ele>
      </trkpt>
      <trkpt lat="34.31389" lon="-117.00436">
        <ele>2071.01</ele>
      </trkpt>
      <trkpt lat="34.31376" lon="-117.0043">
        <ele>2071.34</ele>
      </trkpt>
      <trkpt lat="34.31365" lon="-117.00424">
        <ele>2071.09</ele>
      </trkpt>
      <trkpt lat="34.31355" lon="-117.00418">
        <ele>2070.9</ele>
      </trkpt>
      <trkpt lat="34.31345" lon="-117.0041">
        <ele>2070.98</ele>
      </trkpt>
      <trkpt lat="34.31316" lon="-117.00387">
        <ele>2070.2</ele>
      </trkpt>
      <trkpt lat="34.31299" lon="-117.00373">
        <ele>2070.21</ele>
      </trkpt>
      <trkpt lat="34.31286" lon="-117.00363">
        <ele>2070.68</ele>
      </trkpt>
      <trkpt lat="34.31274" lon="-117.00354">
        <ele>2070.36</ele>
      </trkpt>
      <trkpt lat="34.31261" lon="-117.00344">
        <ele>2070.04</ele>
      </trkpt>
      <trkpt lat="34.3125" lon="-117.00337">
        <ele>2069.6</ele>
      </trkpt>
      <trkpt lat="34.31245" lon="-117.00332">
        <ele>2069.6</ele>
      </trkpt>
      <trkpt lat="34.31232" lon="-117.00322">
        <ele>2070.01</ele>
      </trkpt>
      <trkpt lat="34.31223" lon="-117.00315">
        <ele>2069.98</ele>
      </trkpt>
      <trkpt lat="34.31215" lon="-117.00308">
        <ele>2069.96</ele>
      </trkpt>
      <trkpt lat="34.31206" lon="-117.00302">
        <ele>2069.63</ele>
      </trkpt>
      <trkpt lat="34.31197" lon="-117.00294">
        <ele>2069.52</ele>
      </trkpt>
      <trkpt lat="34.31188" lon="-117.00289">
        <ele>2069.09</ele>
      </trkpt>
      <trkpt lat="34.31177" lon="-117.00281">
        <ele>2068.77</ele>
      </trkpt>
      <trkpt lat="34.3116" lon="-117.00267">
        <ele>2068.44</ele>
      </trkpt>
      <trkpt lat="34.31152" lon="-117.0026">
        <ele>2068.38</ele>
      </trkpt>
      <trkpt lat="34.31147" lon="-117.00254">
        <ele>2068.5</ele>
      </trkpt>
      <trkpt lat="34.31143" lon="-117.0025">
        <ele>2068.44</ele>
      </trkpt>
      <trkpt lat="34.3114" lon="-117.00246">
        <ele>2068.55</ele>
      </trkpt>
      <trkpt lat="34.31138" lon="-117.00243">
        <ele>2068.66</ele>
      </trkpt>
      <trkpt lat="34.31132" lon="-117.00234">
        <ele>2068.98</ele>
      </trkpt>
      <trkpt lat="34.31125" lon="-117.00221">
        <ele>2069.57</ele>
      </trkpt>
      <trkpt lat="34.31122" lon="-117.00214">
        <ele>2069.91</ele>
      </trkpt>
      <trkpt lat="34.31118" lon="-117.00205">
        <ele>2069.74</ele>
      </trkpt>
      <trkpt lat="34.31106" lon="-117.00184">
        <ele>2070.06</ele>
      </trkpt>
      <trkpt lat="34.31102" lon="-117.00175">
        <ele>2070.11</ele>
      </trkpt>
      <trkpt lat="34.31099" lon="-117.00166">
        <ele>2070.69</ele>
      </trkpt>
      <trkpt lat="34.31094" lon="-117.00154">
        <ele>2070.46</ele>
      </trkpt>
      <trkpt lat="34.3109" lon="-117.00139">
        <ele>2070.72</ele>
      </trkpt>
      <trkpt lat="34.31085" lon="-117.00121">
        <ele>2071.17</ele>
      </trkpt>
      <trkpt lat="34.31082" lon="-117.00095">
        <ele>2070.86</ele>
      </trkpt>
      <trkpt lat="34.3108" lon="-117.00085">
        <ele>2070.64</ele>
      </trkpt>
      <trkpt lat="34.31079" lon="-117.00074">
        <ele>2070.54</ele>
      </trkpt>
      <trkpt lat="34.31078" lon="-117.00063">
        <ele>2071.08</ele>
      </trkpt>
      <trkpt lat="34.31075" lon="-117.00046">
        <ele>2071.1</ele>
      </trkpt>
      <trkpt lat="34.31073" lon="-117.0003">
        <ele>2070.88</ele>
      </trkpt>
      <trkpt lat="34.31071" lon="-117.00011">
        <ele>2070.67</ele>
      </trkpt>
      <trkpt lat="34.31067" lon="-116.99994">
        <ele>2070.24</ele>
      </trkpt>
      <trkpt lat="34.31062" lon="-116.9998">
        <ele>2070.0</ele>
      </trkpt>
      <trkpt lat="34.31058" lon="-116.99973">
        <ele>2070.0</ele>
      </trkpt>
      <trkpt lat="34.31053" lon="-116.99967">
        <ele>2069.72</ele>
      </trkpt>
      <trkpt lat="34.31047" lon="-116.99961">
        <ele>2069.08</ele>
      </trkpt>
      <trkpt lat="34.31041" lon="-116.99956">
        <ele>2068.43</ele>
      </trkpt>
      <trkpt lat="34.31035" lon="-116.99952">
        <ele>2068.14</ele>
      </trkpt>
      <trkpt lat="34.3103" lon="-116.99948">
        <ele>2068.15</ele>
      </trkpt>
      <trkpt lat="34.31021" lon="-116.9994">
        <ele>2067.62</ele>
      </trkpt>
      <trkpt lat="34.30995" lon="-116.99915">
        <ele>2067.64</ele>
      </trkpt>
      <trkpt lat="34.30978" lon="-116.99898">
        <ele>2067.26</ele>
      </trkpt>
      <trkpt lat="34.30971" lon="-116.99892">
        <ele>2066.53</ele>
      </trkpt>
      <trkpt lat="34.30968" lon="-116.99888">
        <ele>2066.6</ele>
      </trkpt>
      <trkpt lat="34.30965" lon="-116.99884">
        <ele>2066.34</ele>
      </trkpt>
      <trkpt lat="34.30959" lon="-116.99873">
        <ele>2065.98</ele>
      </trkpt>
      <trkpt lat="34.30955" lon="-116.99864">
        <ele>2065.97</ele>
      </trkpt>
      <trkpt lat="34.30952" lon="-116.99853">
        <ele>2065.61</ele>
      </trkpt>
      <trkpt lat="34.30946" lon="-116.99837">
        <ele>2064.44</ele>
      </trkpt>
      <trkpt lat="34.30941" lon="-116.99826">
        <ele>2064.92</ele>
      </trkpt>
      <trkpt lat="34.30935" lon="-116.99816">
        <ele>2064.85</ele>
      </trkpt>
      <trkpt lat="34.3093" lon="-116.99807">
        <ele>2065.28</ele>
      </trkpt>
      <trkpt lat="34.30924" lon="-116.99799">
        <ele>2065.5</ele>
      </trkpt>
      <trkpt lat="34.30917" lon="-116.99791">
        <ele>2065.61</ele>
      </trkpt>
      <trkpt lat="34.30908" lon="-116.99781">
        <ele>2065.72</ele>
      </trkpt>
      <trkpt lat="34.30898" lon="-116.9977">
        <ele>2064.82</ele>
      </trkpt>
      <trkpt lat="34.3088" lon="-116.99753">
        <ele>2064.72</ele>
      </trkpt>
      <trkpt lat="34.30867" lon="-116.99742">
        <ele>2064.19</ele>
      </trkpt>
      <trkpt lat="34.30858" lon="-116.99734">
        <ele>2063.48</ele>
      </trkpt>
      <trkpt lat="34.30852" lon="-116.9973">
        <ele>2063.02</ele>
      </trkpt>
      <trkpt lat="34.30848" lon="-116.99727">
        <ele>2063.0</ele>
      </trkpt>
      <trkpt lat="34.30844" lon="-116.99723">
        <ele>2063.0</ele>
      </trkpt>
      <trkpt lat="34.30839" lon="-116.99716">
        <ele>2062.87</ele>
      </trkpt>
      <trkpt lat="34.30836" lon="-116.99709">
        <ele>2063.0</ele>
      </trkpt>
      <trkpt lat="34.30834" lon="-116.99702">
        <ele>2063.0</ele>
      </trkpt>
      <trkpt lat="34.30832" lon="-116.9969">
        <ele>2062.86</ele>
      </trkpt>
      <trkpt lat="34.30832" lon="-116.99681">
        <ele>2062.92</ele>
      </trkpt>
      <trkpt lat="34.3083" lon="-116.99663">
        <ele>2063.25</ele>
      </trkpt>
      <trkpt lat="34.30828" lon="-116.99646">
        <ele>2063.42</ele>
      </trkpt>
      <trkpt lat="34.30827" lon="-116.99632">
        <ele>2063.32</ele>
      </trkpt>
      <trkpt lat="34.30826" lon="-116.99619">
        <ele>2063.21</ele>
      </trkpt>
      <trkpt lat="34.30824" lon="-116.996">
        <ele>2063.99</ele>
      </trkpt>
      <trkpt lat="34.30824" lon="-116.99591">
        <ele>2063.99</ele>
      </trkpt>
      <trkpt lat="34.30823" lon="-116.99586">
        <ele>2063.88</ele>
      </trkpt>
      <trkpt lat="34.30823" lon="-116.99575">
        <ele>2063.88</ele>
      </trkpt>
      <trkpt lat="34.30822" lon="-116.9957">
        <ele>2063.78</ele>
      </trkpt>
      <trkpt lat="34.30822" lon="-116.99559">
        <ele>2063.78</ele>
      </trkpt>
      <trkpt lat="34.30821" lon="-116.99553">
        <ele>2063.85</ele>
      </trkpt>
      <trkpt lat="34.30821" lon="-116.99543">
        <ele>2064.45</ele>
      </trkpt>
      <trkpt lat="34.3082" lon="-116.99536">
        <ele>2064.56</ele>
      </trkpt>
      <trkpt lat="34.3082" lon="-116.99529">
        <ele>2064.56</ele>
      </trkpt>
      <trkpt lat="34.3082" lon="-116.99523">
        <ele>2064.33</ele>
      </trkpt>
      <trkpt lat="34.30819" lon="-116.99516">
        <ele>2064.03</ele>
      </trkpt>
      <trkpt lat="34.30819" lon="-116.99508">
        <ele>2064.36</ele>
      </trkpt>
      <trkpt lat="34.30818" lon="-116.99503">
        <ele>2064.03</ele>
      </trkpt>
      <trkpt lat="34.30818" lon="-116.99493">
        <ele>2064.03</ele>
      </trkpt>
      <trkpt lat="34.30817" lon="-116.99483">
        <ele>2065.38</ele>
      </trkpt>
      <trkpt lat="34.30816" lon="-116.99477">
        <ele>2066.71</ele>
      </trkpt>
      <trkpt lat="34.30814" lon="-116.99474">
        <ele>2067.25</ele>
      </trkpt>
      <trkpt lat="34.30812" lon="-116.99472">
        <ele>2067.46</ele>
      </trkpt>
      <trkpt lat="34.3081" lon="-116.99471">
        <ele>2067.36</ele>
      </trkpt>
      <trkpt lat="34.30806" lon="-116.9947">
        <ele>2066.82</ele>
      </trkpt>
      <trkpt lat="34.30799" lon="-116.9947">
        <ele>2066.55</ele>
      </trkpt>
      <trkpt lat="34.30791" lon="-116.99471">
        <ele>2065.69</ele>
      </trkpt>
      <trkpt lat="34.30782" lon="-116.99474">
        <ele>2063.72</ele>
      </trkpt>
      <trkpt lat="34.30774" lon="-116.99476">
        <ele>2061.94</ele>
      </trkpt>
      <trkpt lat="34.30765" lon="-116.99477">
        <ele>2060.8</ele>
      </trkpt>
      <trkpt lat="34.30756" lon="-116.99476">
        <ele>2060.24</ele>
      </trkpt>
      <trkpt lat="34.30745" lon="-116.99475">
        <ele>2059.16</ele>
      </trkpt>
      <trkpt lat="34.30738" lon="-116.99472">
        <ele>2058.75</ele>
      </trkpt>
      <trkpt lat="34.3073" lon="-116.99467">
        <ele>2058.88</ele>
      </trkpt>
      <trkpt lat="34.30716" lon="-116.99455">
        <ele>2058.47</ele>
      </trkpt>
      <trkpt lat="34.30709" lon="-116.99448">
        <ele>2058.02</ele>
      </trkpt>
      <trkpt lat="34.30701" lon="-116.99439">
        <ele>2058.0</ele>
      </trkpt>
      <trkpt lat="34.30696" lon="-116.99431">
        <ele>2057.79</ele>
      </trkpt>
      <trkpt lat="34.30692" lon="-116.99424">
        <ele>2057.63</ele>
      </trkpt>
      <trkpt lat="34.30689" lon="-116.99417">
        <ele>2057.22</ele>
      </trkpt>
      <trkpt lat="34.30686" lon="-116.99409">
        <ele>2057.09</ele>
      </trkpt>
      <trkpt lat="34.30685" lon="-116.99405">
        <ele>2056.94</ele>
      </trkpt>
      <trkpt lat="34.30685" lon="-116.99387">
        <ele>2056.94</ele>
      </trkpt>
      <trkpt lat="34.30689" lon="-116.99363">
        <ele>2057.03</ele>
      </trkpt>
      <trkpt lat="34.30694" lon="-116.99341">
        <ele>2056.9</ele>
      </trkpt>
      <trkpt lat="34.30699" lon="-116.9932">
        <ele>2057.49</ele>
      </trkpt>
      <trkpt lat="34.30702" lon="-116.99312">
        <ele>2057.87</ele>
      </trkpt>
      <trkpt lat="34.30706" lon="-116.99305">
        <ele>2058.29</ele>
      </trkpt>
      <trkpt lat="34.30721" lon="-116.99281">
        <ele>2059.0</ele>
      </trkpt>
      <trkpt lat="34.30731" lon="-116.99268">
        <ele>2059.95</ele>
      </trkpt>
      <trkpt lat="34.30735" lon="-116.99263">
        <ele>2060.0</ele>
      </trkpt>
      <trkpt lat="34.30746" lon="-116.99258">
        <ele>2061.14</ele>
      </trkpt>
      <trkpt lat="34.30755" lon="-116.99254">
        <ele>2063.62</ele>
      </trkpt>
      <trkpt lat="34.30763" lon="-116.99251">
        <ele>2066.26</ele>
      </trkpt>
      <trkpt lat="34.30767" lon="-116.99249">
        <ele>2067.42</ele>
      </trkpt>
      <trkpt lat="34.30771" lon="-116.99246">
        <ele>2068.79</ele>
      </trkpt>
      <trkpt lat="34.30774" lon="-116.99243">
        <ele>2069.76</ele>
      </trkpt>
      <trkpt lat="34.30775" lon="-116.99241">
        <ele>2069.85</ele>
      </trkpt>
      <trkpt lat="34.30777" lon="-116.99232">
        <ele>2069.88</ele>
      </trkpt>
      <trkpt lat="34.30777" lon="-116.99228">
        <ele>2069.83</ele>
      </trkpt>
      <trkpt lat="34.30776" lon="-116.99221">
        <ele>2069.64</ele>
      </trkpt>
      <trkpt lat="34.30775" lon="-116.99219">
        <ele>2069.5</ele>
      </trkpt>
      <trkpt lat="34.30773" lon="-116.99216">
        <ele>2069.31</ele>
      </trkpt>
      <trkpt lat="34.30772" lon="-116.99215">
        <ele>2069.24</ele>
      </trkpt>
      <trkpt lat="34.30766" lon="-116.99212">
        <ele>2068.86</ele>
      </trkpt>
      <trkpt lat="34.30752" lon="-116.99211">
        <ele>2067.64</ele>
      </trkpt>
      <trkpt lat="34.30748" lon="-116.9921">
        <ele>2067.42</ele>
      </trkpt>
      <trkpt lat="34.30743" lon="-116.99208">
        <ele>2067.32</ele>
      </trkpt>
      <trkpt lat="34.30738" lon="-116.99204">
        <ele>2068.22</ele>
      </trkpt>
      <trkpt lat="34.30737" lon="-116.99202">
        <ele>2068.7</ele>
      </trkpt>
      <trkpt lat="34.30735" lon="-116.99197">
        <ele>2069.62</ele>
      </trkpt>
      <trkpt lat="34.30734" lon="-116.99191">
        <ele>2070.37</ele>
      </trkpt>
      <trkpt lat="34.30733" lon="-116.99185">
        <ele>2071.02</ele>
      </trkpt>
      <trkpt lat="34.30734" lon="-116.99175">
        <ele>2072.2</ele>
      </trkpt>
      <trkpt lat="34.30735" lon="-116.99163">
        <ele>2074.55</ele>
      </trkpt>
      <trkpt lat="34.30735" lon="-116.99156">
        <ele>2075.68</ele>
      </trkpt>
      <trkpt lat="34.30734" lon="-116.9915">
        <ele>2076.87</ele>
      </trkpt>
      <trkpt lat="34.30732" lon="-116.99145">
        <ele>2077.74</ele>
      </trkpt>
      <trkpt lat="34.3073" lon="-116.99142">
        <ele>2078.17</ele>
      </trkpt>
      <trkpt lat="34.30723" lon="-116.99135">
        <ele>2079.31</ele>
      </trkpt>
      <trkpt lat="34.30717" lon="-116.99131">
        <ele>2080.64</ele>
      </trkpt>
      <trkpt lat="34.30709" lon="-116.99127">
        <ele>2081.57</ele>
      </trkpt>
      <trkpt lat="34.30698" lon="-116.99123">
        <ele>2082.61</ele>
      </trkpt>
      <trkpt lat="34.30689" lon="-116.99119">
        <ele>2083.15</ele>
      </trkpt>
      <trkpt lat="34.30679" lon="-116.99116">
        <ele>2083.82</ele>
      </trkpt>
      <trkpt lat="34.30672" lon="-116.99113">
        <ele>2084.0</ele>
      </trkpt>
      <trkpt lat="34.30666" lon="-116.9911">
        <ele>2083.93</ele>
      </trkpt>
      <trkpt lat="34.30661" lon="-116.99105">
        <ele>2083.39</ele>
      </trkpt>
      <trkpt lat="34.30639" lon="-116.99078">
        <ele>2081.01</ele>
      </trkpt>
      <trkpt lat="34.30628" lon="-116.99064">
        <ele>2079.58</ele>
      </trkpt>
      <trkpt lat="34.30619" lon="-116.99055">
        <ele>2077.7</ele>
      </trkpt>
      <trkpt lat="34.30612" lon="-116.99047">
        <ele>2076.19</ele>
      </trkpt>
      <trkpt lat="34.30605" lon="-116.99039">
        <ele>2075.34</ele>
      </trkpt>
      <trkpt lat="34.30597" lon="-116.99031">
        <ele>2074.48</ele>
      </trkpt>
      <trkpt lat="34.30582" lon="-116.99012">
        <ele>2072.9</ele>
      </trkpt>
      <trkpt lat="34.3057" lon="-116.9899">
        <ele>2072.56</ele>
      </trkpt>
      <trkpt lat="34.30565" lon="-116.9898">
        <ele>2072.02</ele>
      </trkpt>
      <trkpt lat="34.3056" lon="-116.9897">
        <ele>2072.12</ele>
      </trkpt>
      <trkpt lat="34.30557" lon="-116.98962">
        <ele>2072.16</ele>
      </trkpt>
      <trkpt lat="34.30553" lon="-116.98954">
        <ele>2071.72</ele>
      </trkpt>
      <trkpt lat="34.30549" lon="-116.98946">
        <ele>2071.29</ele>
      </trkpt>
      <trkpt lat="34.30543" lon="-116.98939">
        <ele>2070.43</ele>
      </trkpt>
      <trkpt lat="34.30533" lon="-116.98928">
        <ele>2068.13</ele>
      </trkpt>
      <trkpt lat="34.30528" lon="-116.98921">
        <ele>2067.05</ele>
      </trkpt>
      <trkpt lat="34.30521" lon="-116.98908">
        <ele>2065.54</ele>
      </trkpt>
      <trkpt lat="34.30515" lon="-116.98893">
        <ele>2063.41</ele>
      </trkpt>
      <trkpt lat="34.30511" lon="-116.98887">
        <ele>2062.34</ele>
      </trkpt>
      <trkpt lat="34.30508" lon="-116.98881">
        <ele>2061.88</ele>
      </trkpt>
      <trkpt lat="34.30505" lon="-116.98875">
        <ele>2061.04</ele>
      </trkpt>
      <trkpt lat="34.30502" lon="-116.98864">
        <ele>2059.53</ele>
      </trkpt>
      <trkpt lat="34.305" lon="-116.9885">
        <ele>2058.0</ele>
      </trkpt>
      <trkpt lat="34.30498" lon="-116.98843">
        <ele>2057.78</ele>
      </trkpt>
      <trkpt lat="34.30493" lon="-116.9883">
        <ele>2057.24</ele>
      </trkpt>
      <trkpt lat="34.30485" lon="-116.9882">
        <ele>2056.38</ele>
      </trkpt>
      <trkpt lat="34.30471" lon="-116.98806">
        <ele>2055.69</ele>
      </trkpt>
      <trkpt lat="34.30465" lon="-116.988">
        <ele>2055.04</ele>
      </trkpt>
      <trkpt lat="34.30459" lon="-116.98796">
        <ele>2054.21</ele>
      </trkpt>
      <trkpt lat="34.30451" lon="-116.9879">
        <ele>2053.78</ele>
      </trkpt>
      <trkpt lat="34.30441" lon="-116.98781">
        <ele>2053.15</ele>
      </trkpt>
      <trkpt lat="34.3043" lon="-116.98772">
        <ele>2052.5</ele>
      </trkpt>
      <trkpt lat="34.3042" lon="-116.98761">
        <ele>2051.53</ele>
      </trkpt>
      <trkpt lat="34.30417" lon="-116.98757">
        <ele>2050.83</ele>
      </trkpt>
      <trkpt lat="34.30415" lon="-116.98754">
        <ele>2049.99</ele>
      </trkpt>
      <trkpt lat="34.30413" lon="-116.98749">
        <ele>2049.03</ele>
      </trkpt>
      <trkpt lat="34.30412" lon="-116.98743">
        <ele>2047.86</ele>
      </trkpt>
      <trkpt lat="34.30412" lon="-116.98737">
        <ele>2046.68</ele>
      </trkpt>
      <trkpt lat="34.30413" lon="-116.98721">
        <ele>2043.68</ele>
      </trkpt>
      <trkpt lat="34.30414" lon="-116.98718">
        <ele>2043.68</ele>
      </trkpt>
      <trkpt lat="34.30414" lon="-116.98713">
        <ele>2043.14</ele>
      </trkpt>
      <trkpt lat="34.30415" lon="-116.98708">
        <ele>2042.92</ele>
      </trkpt>
      <trkpt lat="34.30415" lon="-116.98702">
        <ele>2042.28</ele>
      </trkpt>
      <trkpt lat="34.30416" lon="-116.98696">
        <ele>2041.95</ele>
      </trkpt>
      <trkpt lat="34.30416" lon="-116.9869">
        <ele>2041.75</ele>
      </trkpt>
      <trkpt lat="34.30418" lon="-116.98676">
        <ele>2041.58</ele>
      </trkpt>
      <trkpt lat="34.30418" lon="-116.98671">
        <ele>2041.12</ele>
      </trkpt>
      <trkpt lat="34.30419" lon="-116.98667">
        <ele>2041.29</ele>
      </trkpt>
      <trkpt lat="34.30419" lon="-116.9866">
        <ele>2040.54</ele>
      </trkpt>
      <trkpt lat="34.3042" lon="-116.98653">
        <ele>2040.63</ele>
      </trkpt>
      <trkpt lat="34.3042" lon="-116.98619">
        <ele>2039.57</ele>
      </trkpt>
      <trkpt lat="34.30418" lon="-116.98613">
        <ele>2038.49</ele>
      </trkpt>
      <trkpt lat="34.30416" lon="-116.98607">
        <ele>2037.41</ele>
      </trkpt>
      <trkpt lat="34.30414" lon="-116.98601">
        <ele>2036.24</ele>
      </trkpt>
      <trkpt lat="34.30412" lon="-116.98595">
        <ele>2034.51</ele>
      </trkpt>
      <trkpt lat="34.30411" lon="-116.98591">
        <ele>2033.43</ele>
      </trkpt>
      <trkpt lat="34.3041" lon="-116.98586">
        <ele>2032.14</ele>
      </trkpt>
      <trkpt lat="34.3041" lon="-116.98581">
        <ele>2030.99</ele>
      </trkpt>
      <trkpt lat="34.30413" lon="-116.98577">
        <ele>2030.43</ele>
      </trkpt>
      <trkpt lat="34.30415" lon="-116.98575">
        <ele>2030.1</ele>
      </trkpt>
      <trkpt lat="34.30418" lon="-116.98574">
        <ele>2030.14</ele>
      </trkpt>
      <trkpt lat="34.30425" lon="-116.98572">
        <ele>2030.68</ele>
      </trkpt>
      <trkpt lat="34.30432" lon="-116.98572">
        <ele>2031.43</ele>
      </trkpt>
      <trkpt lat="34.30438" lon="-116.9857">
        <ele>2032.03</ele>
      </trkpt>
      <trkpt lat="34.30442" lon="-116.98568">
        <ele>2032.33</ele>
      </trkpt>
      <trkpt lat="34.30445" lon="-116.98566">
        <ele>2032.31</ele>
      </trkpt>
      <trkpt lat="34.30447" lon="-116.98563">
        <ele>2032.13</ele>
      </trkpt>
      <trkpt lat="34.30449" lon="-116.98559">
        <ele>2032.17</ele>
      </trkpt>
      <trkpt lat="34.3045" lon="-116.98551">
        <ele>2032.2</ele>
      </trkpt>
      <trkpt lat="34.3045" lon="-116.98546">
        <ele>2032.23</ele>
      </trkpt>
      <trkpt lat="34.30447" lon="-116.9854">
        <ele>2032.23</ele>
      </trkpt>
      <trkpt lat="34.30444" lon="-116.98536">
        <ele>2032.06</ele>
      </trkpt>
      <trkpt lat="34.3044" lon="-116.98531">
        <ele>2032.17</ele>
      </trkpt>
      <trkpt lat="34.30434" lon="-116.98526">
        <ele>2031.94</ele>
      </trkpt>
      <trkpt lat="34.30426" lon="-116.98519">
        <ele>2030.96</ele>
      </trkpt>
      <trkpt lat="34.30414" lon="-116.98509">
        <ele>2030.46</ele>
      </trkpt>
      <trkpt lat="34.30403" lon="-116.98495">
        <ele>2030.37</ele>
      </trkpt>
      <trkpt lat="34.30398" lon="-116.9849">
        <ele>2030.05</ele>
      </trkpt>
      <trkpt lat="34.30394" lon="-116.98487">
        <ele>2029.51</ele>
      </trkpt>
      <trkpt lat="34.30382" lon="-116.98479">
        <ele>2028.52</ele>
      </trkpt>
      <trkpt lat="34.30377" lon="-116.98474">
        <ele>2028.29</ele>
      </trkpt>
      <trkpt lat="34.30374" lon="-116.9847">
        <ele>2027.93</ele>
      </trkpt>
      <trkpt lat="34.30371" lon="-116.98466">
        <ele>2027.76</ele>
      </trkpt>
      <trkpt lat="34.30369" lon="-116.98461">
        <ele>2027.7</ele>
      </trkpt>
      <trkpt lat="34.30366" lon="-116.98451">
        <ele>2027.06</ele>
      </trkpt>
      <trkpt lat="34.30362" lon="-116.98438">
        <ele>2026.13</ele>
      </trkpt>
      <trkpt lat="34.30362" lon="-116.98434">
        <ele>2025.96</ele>
      </trkpt>
      <trkpt lat="34.30361" lon="-116.98426">
        <ele>2024.98</ele>
      </trkpt>
      <trkpt lat="34.30361" lon="-116.98423">
        <ele>2024.04</ele>
      </trkpt>
      <trkpt lat="34.30362" lon="-116.98418">
        <ele>2022.6</ele>
      </trkpt>
      <trkpt lat="34.30362" lon="-116.98407">
        <ele>2021.19</ele>
      </trkpt>
      <trkpt lat="34.30361" lon="-116.98403">
        <ele>2021.0</ele>
      </trkpt>
      <trkpt lat="34.3036" lon="-116.98399">
        <ele>2021.0</ele>
      </trkpt>
      <trkpt lat="34.30357" lon="-116.98396">
        <ele>2021.23</ele>
      </trkpt>
      <trkpt lat="34.30353" lon="-116.98394">
        <ele>2021.45</ele>
      </trkpt>
      <trkpt lat="34.30337" lon="-116.98392">
        <ele>2020.06</ele>
      </trkpt>
      <trkpt lat="34.30334" lon="-116.9839">
        <ele>2019.95</ele>
      </trkpt>
      <trkpt lat="34.30331" lon="-116.98388">
        <ele>2019.59</ele>
      </trkpt>
      <trkpt lat="34.30328" lon="-116.98386">
        <ele>2019.16</ele>
      </trkpt>
      <trkpt lat="34.30321" lon="-116.9838">
        <ele>2018.31</ele>
      </trkpt>
      <trkpt lat="34.3031" lon="-116.9837">
        <ele>2018.0</ele>
      </trkpt>
      <trkpt lat="34.30298" lon="-116.98353">
        <ele>2018.12</ele>
      </trkpt>
      <trkpt lat="34.30293" lon="-116.98347">
        <ele>2018.34</ele>
      </trkpt>
      <trkpt lat="34.30278" lon="-116.98334">
        <ele>2016.07</ele>
      </trkpt>
      <trkpt lat="34.30268" lon="-116.98325">
        <ele>2013.04</ele>
      </trkpt>
      <trkpt lat="34.30262" lon="-116.98319">
        <ele>2012.13</ele>
      </trkpt>
      <trkpt lat="34.30257" lon="-116.98315">
        <ele>2011.76</ele>
      </trkpt>
      <trkpt lat="34.30253" lon="-116.98313">
        <ele>2011.46</ele>
      </trkpt>
      <trkpt lat="34.3025" lon="-116.98311">
        <ele>2011.41</ele>
      </trkpt>
      <trkpt lat="34.30242" lon="-116.98312">
        <ele>2012.17</ele>
      </trkpt>
      <trkpt lat="34.30239" lon="-116.98314">
        <ele>2012.29</ele>
      </trkpt>
      <trkpt lat="34.30236" lon="-116.98318">
        <ele>2012.17</ele>
      </trkpt>
      <trkpt lat="34.30234" lon="-116.98323">
        <ele>2011.84</ele>
      </trkpt>
      <trkpt lat="34.30226" lon="-116.98349">
        <ele>2010.9</ele>
      </trkpt>
      <trkpt lat="34.30222" lon="-116.98358">
        <ele>2010.36</ele>
      </trkpt>
      <trkpt lat="34.30218" lon="-116.98364">
        <ele>2010.0</ele>
      </trkpt>
      <trkpt lat="34.30216" lon="-116.98367">
        <ele>2009.61</ele>
      </trkpt>
      <trkpt lat="34.30213" lon="-116.98369">
        <ele>2009.3</ele>
      </trkpt>
      <trkpt lat="34.30207" lon="-116.9837">
        <ele>2009.08</ele>
      </trkpt>
      <trkpt lat="34.30204" lon="-116.9837">
        <ele>2009.08</ele>
      </trkpt>
      <trkpt lat="34.30201" lon="-116.98369">
        <ele>2009.0</ele>
      </trkpt>
      <trkpt lat="34.30197" lon="-116.98369">
        <ele>2008.57</ele>
      </trkpt>
      <trkpt lat="34.30185" lon="-116.98366">
        <ele>2007.39</ele>
      </trkpt>
      <trkpt lat="34.30166" lon="-116.9836">
        <ele>2007.28</ele>
      </trkpt>
      <trkpt lat="34.30158" lon="-116.98359">
        <ele>2006.53</ele>
      </trkpt>
      <trkpt lat="34.30148" lon="-116.98359">
        <ele>2005.42</ele>
      </trkpt>
      <trkpt lat="34.30141" lon="-116.98359">
        <ele>2003.74</ele>
      </trkpt>
      <trkpt lat="34.30125" lon="-116.98361">
        <ele>2000.01</ele>
      </trkpt>
      <trkpt lat="34.30113" lon="-116.98362">
        <ele>1998.11</ele>
      </trkpt>
      <trkpt lat="34.30106" lon="-116.98361">
        <ele>1996.36</ele>
      </trkpt>
      <trkpt lat="34.30101" lon="-116.98358">
        <ele>1995.52</ele>
      </trkpt>
      <trkpt lat="34.30095" lon="-116.98354">
        <ele>1994.66</ele>
      </trkpt>
      <trkpt lat="34.3009" lon="-116.98345">
        <ele>1993.97</ele>
      </trkpt>
      <trkpt lat="34.30087" lon="-116.98336">
        <ele>1993.9</ele>
      </trkpt>
      <trkpt lat="34.30083" lon="-116.98312">
        <ele>1992.93</ele>
      </trkpt>
      <trkpt lat="34.3008" lon="-116.98301">
        <ele>1992.77</ele>
      </trkpt>
      <trkpt lat="34.30074" lon="-116.98289">
        <ele>1991.98</ele>
      </trkpt>
      <trkpt lat="34.30069" lon="-116.98279">
        <ele>1990.04</ele>
      </trkpt>
      <trkpt lat="34.30063" lon="-116.98268">
        <ele>1987.75</ele>
      </trkpt>
      <trkpt lat="34.30058" lon="-116.9826">
        <ele>1986.34</ele>
      </trkpt>
      <trkpt lat="34.30052" lon="-116.98251">
        <ele>1985.62</ele>
      </trkpt>
      <trkpt lat="34.30046" lon="-116.98243">
        <ele>1984.2</ele>
      </trkpt>
      <trkpt lat="34.30035" lon="-116.98228">
        <ele>1982.49</ele>
      </trkpt>
      <trkpt lat="34.30026" lon="-116.98215">
        <ele>1982.78</ele>
      </trkpt>
      <trkpt lat="34.3002" lon="-116.98203">
        <ele>1983.92</ele>
      </trkpt>
      <trkpt lat="34.30015" lon="-116.98192">
        <ele>1985.54</ele>
      </trkpt>
      <trkpt lat="34.30013" lon="-116.9818">
        <ele>1986.56</ele>
      </trkpt>
      <trkpt lat="34.30012" lon="-116.9817">
        <ele>1987.64</ele>
      </trkpt>
      <trkpt lat="34.30012" lon="-116.98158">
        <ele>1989.59</ele>
      </trkpt>
      <trkpt lat="34.30014" lon="-116.98148">
        <ele>1990.52</ele>
      </trkpt>
      <trkpt lat="34.30018" lon="-116.98137">
        <ele>1992.27</ele>
      </trkpt>
      <trkpt lat="34.3003" lon="-116.98113">
        <ele>1994.16</ele>
      </trkpt>
      <trkpt lat="34.30032" lon="-116.98108">
        <ele>1994.42</ele>
      </trkpt>
      <trkpt lat="34.30035" lon="-116.98099">
        <ele>1994.75</ele>
      </trkpt>
      <trkpt lat="34.30035" lon="-116.98092">
        <ele>1995.57</ele>
      </trkpt>
      <trkpt lat="34.30036" lon="-116.98086">
        <ele>1996.65</ele>
      </trkpt>
      <trkpt lat="34.30035" lon="-116.9808">
        <ele>1997.8</ele>
      </trkpt>
      <trkpt lat="34.30033" lon="-116.98075">
        <ele>1998.77</ele>
      </trkpt>
      <trkpt lat="34.30031" lon="-116.9807">
        <ele>1999.3</ele>
      </trkpt>
      <trkpt lat="34.30028" lon="-116.98065">
        <ele>1999.95</ele>
      </trkpt>
      <trkpt lat="34.30025" lon="-116.98063">
        <ele>2000.8</ele>
      </trkpt>
      <trkpt lat="34.30022" lon="-116.98061">
        <ele>2001.66</ele>
      </trkpt>
      <trkpt lat="34.30016" lon="-116.98059">
        <ele>2003.17</ele>
      </trkpt>
      <trkpt lat="34.30003" lon="-116.98059">
        <ele>2005.98</ele>
      </trkpt>
      <trkpt lat="34.29997" lon="-116.98062">
        <ele>2006.63</ele>
      </trkpt>
      <trkpt lat="34.29994" lon="-116.98064">
        <ele>2006.74</ele>
      </trkpt>
      <trkpt lat="34.29991" lon="-116.98067">
        <ele>2006.74</ele>
      </trkpt>
      <trkpt lat="34.29983" lon="-116.9808">
        <ele>2006.2</ele>
      </trkpt>
      <trkpt lat="34.29975" lon="-116.98092">
        <ele>2004.87</ele>
      </trkpt>
      <trkpt lat="34.29966" lon="-116.98106">
        <ele>2004.12</ele>
      </trkpt>
      <trkpt lat="34.2996" lon="-116.98116">
        <ele>2003.9</ele>
      </trkpt>
      <trkpt lat="34.29955" lon="-116.98126">
        <ele>2003.36</ele>
      </trkpt>
      <trkpt lat="34.29952" lon="-116.98131">
        <ele>2003.74</ele>
      </trkpt>
      <trkpt lat="34.2995" lon="-116.98135">
        <ele>2004.19</ele>
      </trkpt>
      <trkpt lat="34.29945" lon="-116.98144">
        <ele>2005.21</ele>
      </trkpt>
      <trkpt lat="34.29942" lon="-116.98151">
        <ele>2005.75</ele>
      </trkpt>
      <trkpt lat="34.29935" lon="-116.98165">
        <ele>2007.26</ele>
      </trkpt>
      <trkpt lat="34.29928" lon="-116.98175">
        <ele>2008.3</ele>
      </trkpt>
      <trkpt lat="34.29923" lon="-116.98183">
        <ele>2008.87</ele>
      </trkpt>
      <trkpt lat="34.29918" lon="-116.98193">
        <ele>2008.87</ele>
      </trkpt>
      <trkpt lat="34.29912" lon="-116.98204">
        <ele>2010.48</ele>
      </trkpt>
      <trkpt lat="34.29905" lon="-116.9822">
        <ele>2011.08</ele>
      </trkpt>
      <trkpt lat="34.299" lon="-116.98231">
        <ele>2010.69</ele>
      </trkpt>
      <trkpt lat="34.299" lon="-116.98237">
        <ele>2011.08</ele>
      </trkpt>
      <trkpt lat="34.29899" lon="-116.98247">
        <ele>2012.34</ele>
      </trkpt>
      <trkpt lat="34.29899" lon="-116.98262">
        <ele>2012.36</ele>
      </trkpt>
      <trkpt lat="34.29898" lon="-116.98268">
        <ele>2012.17</ele>
      </trkpt>
      <trkpt lat="34.29898" lon="-116.98277">
        <ele>2012.13</ele>
      </trkpt>
      <trkpt lat="34.29897" lon="-116.98284">
        <ele>2014.34</ele>
      </trkpt>
      <trkpt lat="34.29897" lon="-116.9829">
        <ele>2015.87</ele>
      </trkpt>
      <trkpt lat="34.29897" lon="-116.98295">
        <ele>2017.36</ele>
      </trkpt>
      <trkpt lat="34.29897" lon="-116.98299">
        <ele>2017.96</ele>
      </trkpt>
      <trkpt lat="34.29896" lon="-116.98304">
        <ele>2018.84</ele>
      </trkpt>
      <trkpt lat="34.29896" lon="-116.98309">
        <ele>2018.27</ele>
      </trkpt>
      <trkpt lat="34.29892" lon="-116.98329">
        <ele>2017.79</ele>
      </trkpt>
      <trkpt lat="34.2989" lon="-116.98342">
        <ele>2019.34</ele>
      </trkpt>
      <trkpt lat="34.2989" lon="-116.9835">
        <ele>2021.7</ele>
      </trkpt>
      <trkpt lat="34.29891" lon="-116.98355">
        <ele>2023.1</ele>
      </trkpt>
      <trkpt lat="34.29891" lon="-116.9836">
        <ele>2025.43</ele>
      </trkpt>
      <trkpt lat="34.29893" lon="-116.98368">
        <ele>2024.42</ele>
      </trkpt>
      <trkpt lat="34.29897" lon="-116.98381">
        <ele>2018.09</ele>
      </trkpt>
      <trkpt lat="34.29899" lon="-116.98388">
        <ele>2015.63</ele>
      </trkpt>
      <trkpt lat="34.299" lon="-116.98394">
        <ele>2015.0</ele>
      </trkpt>
      <trkpt lat="34.29901" lon="-116.984">
        <ele>2014.94</ele>
      </trkpt>
      <trkpt lat="34.29902" lon="-116.98406">
        <ele>2015.76</ele>
      </trkpt>
      <trkpt lat="34.29902" lon="-116.98414">
        <ele>2017.51</ele>
      </trkpt>
      <trkpt lat="34.299" lon="-116.98424">
        <ele>2021.34</ele>
      </trkpt>
      <trkpt lat="34.29897" lon="-116.98434">
        <ele>2023.62</ele>
      </trkpt>
      <trkpt lat="34.29889" lon="-116.98451">
        <ele>2026.24</ele>
      </trkpt>
      <trkpt lat="34.29887" lon="-116.98455">
        <ele>2026.91</ele>
      </trkpt>
      <trkpt lat="34.29886" lon="-116.98464">
        <ele>2026.72</ele>
      </trkpt>
      <trkpt lat="34.29885" lon="-116.98468">
        <ele>2026.89</ele>
      </trkpt>
      <trkpt lat="34.29885" lon="-116.9848">
        <ele>2026.85</ele>
      </trkpt>
      <trkpt lat="34.29884" lon="-116.98488">
        <ele>2028.36</ele>
      </trkpt>
      <trkpt lat="34.29884" lon="-116.98497">
        <ele>2028.32</ele>
      </trkpt>
      <trkpt lat="34.29883" lon="-116.98507">
        <ele>2028.54</ele>
      </trkpt>
      <trkpt lat="34.29882" lon="-116.98514">
        <ele>2027.67</ele>
      </trkpt>
      <trkpt lat="34.2988" lon="-116.9852">
        <ele>2026.79</ele>
      </trkpt>
      <trkpt lat="34.29878" lon="-116.98528">
        <ele>2023.58</ele>
      </trkpt>
      <trkpt lat="34.29875" lon="-116.98535">
        <ele>2026.11</ele>
      </trkpt>
      <trkpt lat="34.29862" lon="-116.98564">
        <ele>2034.69</ele>
      </trkpt>
      <trkpt lat="34.29852" lon="-116.98586">
        <ele>2035.36</ele>
      </trkpt>
      <trkpt lat="34.29843" lon="-116.98601">
        <ele>2035.14</ele>
      </trkpt>
      <trkpt lat="34.29834" lon="-116.9861">
        <ele>2036.95</ele>
      </trkpt>
      <trkpt lat="34.2982" lon="-116.98621">
        <ele>2038.56</ele>
      </trkpt>
      <trkpt lat="34.29817" lon="-116.98624">
        <ele>2038.88</ele>
      </trkpt>
      <trkpt lat="34.29812" lon="-116.98631">
        <ele>2038.51</ele>
      </trkpt>
      <trkpt lat="34.29807" lon="-116.98635">
        <ele>2039.28</ele>
      </trkpt>
      <trkpt lat="34.29805" lon="-116.98636">
        <ele>2039.76</ele>
      </trkpt>
      <trkpt lat="34.29801" lon="-116.98638">
        <ele>2040.22</ele>
      </trkpt>
      <trkpt lat="34.29797" lon="-116.98639">
        <ele>2040.84</ele>
      </trkpt>
      <trkpt lat="34.2979" lon="-116.9864">
        <ele>2042.16</ele>
      </trkpt>
      <trkpt lat="34.29783" lon="-116.9864">
        <ele>2043.14</ele>
      </trkpt>
      <trkpt lat="34.29777" lon="-116.98642">
        <ele>2043.08</ele>
      </trkpt>
      <trkpt lat="34.29771" lon="-116.98644">
        <ele>2043.08</ele>
      </trkpt>
      <trkpt lat="34.29763" lon="-116.98647">
        <ele>2042.97</ele>
      </trkpt>
      <trkpt lat="34.29757" lon="-116.98648">
        <ele>2043.05</ele>
      </trkpt>
      <trkpt lat="34.2975" lon="-116.98649">
        <ele>2042.72</ele>
      </trkpt>
      <trkpt lat="34.29745" lon="-116.98648">
        <ele>2043.06</ele>
      </trkpt>
      <trkpt lat="34.2974" lon="-116.98648">
        <ele>2043.06</ele>
      </trkpt>
      <trkpt lat="34.29734" lon="-116.98646">
        <ele>2043.76</ele>
      </trkpt>
      <trkpt lat="34.29725" lon="-116.98642">
        <ele>2044.06</ele>
      </trkpt>
      <trkpt lat="34.29716" lon="-116.98636">
        <ele>2044.9</ele>
      </trkpt>
      <trkpt lat="34.29711" lon="-116.98631">
        <ele>2046.2</ele>
      </trkpt>
      <trkpt lat="34.29706" lon="-116.98627">
        <ele>2047.45</ele>
      </trkpt>
      <trkpt lat="34.29699" lon="-116.98626">
        <ele>2046.55</ele>
      </trkpt>
      <trkpt lat="34.29692" lon="-116.98627">
        <ele>2045.25</ele>
      </trkpt>
      <trkpt lat="34.29684" lon="-116.98628">
        <ele>2045.67</ele>
      </trkpt>
      <trkpt lat="34.29677" lon="-116.9863">
        <ele>2047.68</ele>
      </trkpt>
      <trkpt lat="34.29669" lon="-116.98633">
        <ele>2050.61</ele>
      </trkpt>
      <trkpt lat="34.2966" lon="-116.98638">
        <ele>2055.71</ele>
      </trkpt>
      <trkpt lat="34.29655" lon="-116.98641">
        <ele>2057.55</ele>
      </trkpt>
      <trkpt lat="34.29652" lon="-116.98643">
        <ele>2058.31</ele>
      </trkpt>
      <trkpt lat="34.29647" lon="-116.9865">
        <ele>2059.62</ele>
      </trkpt>
      <trkpt lat="34.29645" lon="-116.98657">
        <ele>2060.7</ele>
      </trkpt>
      <trkpt lat="34.29641" lon="-116.98677">
        <ele>2059.88</ele>
      </trkpt>
      <trkpt lat="34.29641" lon="-116.9868">
        <ele>2059.31</ele>
      </trkpt>
      <trkpt lat="34.29639" lon="-116.98688">
        <ele>2058.06</ele>
      </trkpt>
      <trkpt lat="34.29637" lon="-116.9869">
        <ele>2057.85</ele>
      </trkpt>
      <trkpt lat="34.29633" lon="-116.98692">
        <ele>2058.06</ele>
      </trkpt>
      <trkpt lat="34.29629" lon="-116.98692">
        <ele>2058.76</ele>
      </trkpt>
      <trkpt lat="34.29624" lon="-116.98692">
        <ele>2058.51</ele>
      </trkpt>
      <trkpt lat="34.29618" lon="-116.98692">
        <ele>2058.58</ele>
      </trkpt>
      <trkpt lat="34.29613" lon="-116.98692">
        <ele>2059.12</ele>
      </trkpt>
      <trkpt lat="34.29607" lon="-116.98693">
        <ele>2059.74</ele>
      </trkpt>
      <trkpt lat="34.29596" lon="-116.98698">
        <ele>2060.5</ele>
      </trkpt>
      <trkpt lat="34.2958" lon="-116.98707">
        <ele>2061.48</ele>
      </trkpt>
      <trkpt lat="34.29569" lon="-116.98717">
        <ele>2061.65</ele>
      </trkpt>
      <trkpt lat="34.29556" lon="-116.9873">
        <ele>2062.18</ele>
      </trkpt>
      <trkpt lat="34.29552" lon="-116.98737">
        <ele>2063.67</ele>
      </trkpt>
      <trkpt lat="34.29548" lon="-116.98744">
        <ele>2064.98</ele>
      </trkpt>
      <trkpt lat="34.29545" lon="-116.98749">
        <ele>2065.92</ele>
      </trkpt>
      <trkpt lat="34.29543" lon="-116.98753">
        <ele>2065.88</ele>
      </trkpt>
      <trkpt lat="34.29541" lon="-116.98756">
        <ele>2065.63</ele>
      </trkpt>
      <trkpt lat="34.29538" lon="-116.98758">
        <ele>2065.23</ele>
      </trkpt>
      <trkpt lat="34.29536" lon="-116.98759">
        <ele>2064.92</ele>
      </trkpt>
      <trkpt lat="34.2953" lon="-116.98759">
        <ele>2064.27</ele>
      </trkpt>
      <trkpt lat="34.29526" lon="-116.98759">
        <ele>2063.84</ele>
      </trkpt>
      <trkpt lat="34.29523" lon="-116.98757">
        <ele>2063.73</ele>
      </trkpt>
      <trkpt lat="34.2952" lon="-116.98755">
        <ele>2063.62</ele>
      </trkpt>
      <trkpt lat="34.29519" lon="-116.98752">
        <ele>2063.84</ele>
      </trkpt>
      <trkpt lat="34.29516" lon="-116.98743">
        <ele>2064.21</ele>
      </trkpt>
      <trkpt lat="34.29515" lon="-116.98737">
        <ele>2064.64</ele>
      </trkpt>
      <trkpt lat="34.29515" lon="-116.98731">
        <ele>2065.29</ele>
      </trkpt>
      <trkpt lat="34.29513" lon="-116.98713">
        <ele>2066.8</ele>
      </trkpt>
      <trkpt lat="34.29511" lon="-116.98706">
        <ele>2067.27</ele>
      </trkpt>
      <trkpt lat="34.2951" lon="-116.98703">
        <ele>2067.32</ele>
      </trkpt>
      <trkpt lat="34.29508" lon="-116.98695">
        <ele>2067.66</ele>
      </trkpt>
      <trkpt lat="34.29506" lon="-116.98689">
        <ele>2068.27</ele>
      </trkpt>
      <trkpt lat="34.29504" lon="-116.9868">
        <ele>2069.17</ele>
      </trkpt>
      <trkpt lat="34.295" lon="-116.98665">
        <ele>2071.36</ele>
      </trkpt>
      <trkpt lat="34.29495" lon="-116.98644">
        <ele>2075.65</ele>
      </trkpt>
      <trkpt lat="34.29491" lon="-116.98628">
        <ele>2076.23</ele>
      </trkpt>
      <trkpt lat="34.29484" lon="-116.98601">
        <ele>2076.64</ele>
      </trkpt>
      <trkpt lat="34.29483" lon="-116.98593">
        <ele>2077.28</ele>
      </trkpt>
      <trkpt lat="34.29482" lon="-116.98586">
        <ele>2077.11</ele>
      </trkpt>
      <trkpt lat="34.29482" lon="-116.98578">
        <ele>2077.11</ele>
      </trkpt>
      <trkpt lat="34.29483" lon="-116.98567">
        <ele>2077.45</ele>
      </trkpt>
      <trkpt lat="34.29484" lon="-116.98555">
        <ele>2077.8</ele>
      </trkpt>
      <trkpt lat="34.29487" lon="-116.98546">
        <ele>2078.19</ele>
      </trkpt>
      <trkpt lat="34.29492" lon="-116.98533">
        <ele>2079.27</ele>
      </trkpt>
      <trkpt lat="34.29496" lon="-116.98524">
        <ele>2079.73</ele>
      </trkpt>
      <trkpt lat="34.29505" lon="-116.98507">
        <ele>2082.32</ele>
      </trkpt>
      <trkpt lat="34.29512" lon="-116.98498">
        <ele>2084.36</ele>
      </trkpt>
      <trkpt lat="34.29517" lon="-116.98492">
        <ele>2085.56</ele>
      </trkpt>
      <trkpt lat="34.29521" lon="-116.98488">
        <ele>2086.32</ele>
      </trkpt>
      <trkpt lat="34.29525" lon="-116.98485">
        <ele>2087.21</ele>
      </trkpt>
      <trkpt lat="34.29531" lon="-116.9848">
        <ele>2088.43</ele>
      </trkpt>
      <trkpt lat="34.29539" lon="-116.98473">
        <ele>2089.53</ele>
      </trkpt>
      <trkpt lat="34.29541" lon="-116.98469">
        <ele>2089.31</ele>
      </trkpt>
      <trkpt lat="34.29545" lon="-116.98457">
        <ele>2089.58</ele>
      </trkpt>
      <trkpt lat="34.29552" lon="-116.98429">
        <ele>2093.36</ele>
      </trkpt>
      <trkpt lat="34.29552" lon="-116.98422">
        <ele>2094.04</ele>
      </trkpt>
      <trkpt lat="34.29551" lon="-116.98418">
        <ele>2094.36</ele>
      </trkpt>
      <trkpt lat="34.2955" lon="-116.98415">
        <ele>2094.69</ele>
      </trkpt>
      <trkpt lat="34.29548" lon="-116.98413">
        <ele>2094.9</ele>
      </trkpt>
      <trkpt lat="34.29545" lon="-116.98412">
        <ele>2095.22</ele>
      </trkpt>
      <trkpt lat="34.29542" lon="-116.98412">
        <ele>2095.71</ele>
      </trkpt>
      <trkpt lat="34.29538" lon="-116.98413">
        <ele>2096.04</ele>
      </trkpt>
      <trkpt lat="34.29534" lon="-116.98415">
        <ele>2095.87</ele>
      </trkpt>
      <trkpt lat="34.29531" lon="-116.98417">
        <ele>2095.56</ele>
      </trkpt>
      <trkpt lat="34.29527" lon="-116.98419">
        <ele>2095.39</ele>
      </trkpt>
      <trkpt lat="34.29523" lon="-116.98421">
        <ele>2095.39</ele>
      </trkpt>
      <trkpt lat="34.29518" lon="-116.98422">
        <ele>2095.73</ele>
      </trkpt>
      <trkpt lat="34.29514" lon="-116.98422">
        <ele>2095.98</ele>
      </trkpt>
      <trkpt lat="34.29504" lon="-116.98421">
        <ele>2097.13</ele>
      </trkpt>
      <trkpt lat="34.29485" lon="-116.98417">
        <ele>2102.17</ele>
      </trkpt>
      <trkpt lat="34.29479" lon="-116.98417">
        <ele>2102.93</ele>
      </trkpt>
      <trkpt lat="34.29463" lon="-116.98415">
        <ele>2104.36</ele>
      </trkpt>
      <trkpt lat="34.29451" lon="-116.98413">
        <ele>2104.91</ele>
      </trkpt>
      <trkpt lat="34.29443" lon="-116.98412">
        <ele>2105.59</ele>
      </trkpt>
      <trkpt lat="34.29437" lon="-116.98413">
        <ele>2105.67</ele>
      </trkpt>
      <trkpt lat="34.29429" lon="-116.98414">
        <ele>2105.77</ele>
      </trkpt>
      <trkpt lat="34.29416" lon="-116.98415">
        <ele>2106.37</ele>
      </trkpt>
      <trkpt lat="34.29402" lon="-116.98413">
        <ele>2106.6</ele>
      </trkpt>
      <trkpt lat="34.29392" lon="-116.98409">
        <ele>2107.48</ele>
      </trkpt>
      <trkpt lat="34.29378" lon="-116.98402">
        <ele>2110.04</ele>
      </trkpt>
      <trkpt lat="34.29371" lon="-116.98399">
        <ele>2112.62</ele>
      </trkpt>
      <trkpt lat="34.29364" lon="-116.98396">
        <ele>2113.39</ele>
      </trkpt>
      <trkpt lat="34.29353" lon="-116.98391">
        <ele>2114.54</ele>
      </trkpt>
      <trkpt lat="34.29343" lon="-116.98386">
        <ele>2115.62</ele>
      </trkpt>
      <trkpt lat="34.29332" lon="-116.98377">
        <ele>2117.28</ele>
      </trkpt>
      <trkpt lat="34.29322" lon="-116.98371">
        <ele>2117.93</ele>
      </trkpt>
      <trkpt lat="34.29317" lon="-116.98368">
        <ele>2118.26</ele>
      </trkpt>
      <trkpt lat="34.29313" lon="-116.98367">
        <ele>2118.36</ele>
      </trkpt>
      <trkpt lat="34.29307" lon="-116.98367">
        <ele>2118.36</ele>
      </trkpt>
      <trkpt lat="34.29295" lon="-116.98367">
        <ele>2119.5</ele>
      </trkpt>
      <trkpt lat="34.29287" lon="-116.98371">
        <ele>2119.86</ele>
      </trkpt>
      <trkpt lat="34.29281" lon="-116.98375">
        <ele>2119.0</ele>
      </trkpt>
      <trkpt lat="34.29275" lon="-116.98379">
        <ele>2118.14</ele>
      </trkpt>
      <trkpt lat="34.29271" lon="-116.9838">
        <ele>2117.96</ele>
      </trkpt>
      <trkpt lat="34.29265" lon="-116.98382">
        <ele>2117.74</ele>
      </trkpt>
      <trkpt lat="34.29257" lon="-116.98382">
        <ele>2117.74</ele>
      </trkpt>
      <trkpt lat="34.29253" lon="-116.98381">
        <ele>2117.85</ele>
      </trkpt>
      <trkpt lat="34.29246" lon="-116.98376">
        <ele>2118.39</ele>
      </trkpt>
      <trkpt lat="34.2924" lon="-116.98372">
        <ele>2118.82</ele>
      </trkpt>
      <trkpt lat="34.29233" lon="-116.98364">
        <ele>2119.69</ele>
      </trkpt>
      <trkpt lat="34.29227" lon="-116.98357">
        <ele>2120.66</ele>
      </trkpt>
      <trkpt lat="34.29221" lon="-116.98348">
        <ele>2122.42</ele>
      </trkpt>
      <trkpt lat="34.29216" lon="-116.98335">
        <ele>2123.82</ele>
      </trkpt>
      <trkpt lat="34.29213" lon="-116.98326">
        <ele>2124.79</ele>
      </trkpt>
      <trkpt lat="34.29211" lon="-116.98321">
        <ele>2125.12</ele>
      </trkpt>
      <trkpt lat="34.2921" lon="-116.98318">
        <ele>2125.34</ele>
      </trkpt>
      <trkpt lat="34.29207" lon="-116.98313">
        <ele>2125.55</ele>
      </trkpt>
      <trkpt lat="34.29205" lon="-116.98307">
        <ele>2125.98</ele>
      </trkpt>
      <trkpt lat="34.29203" lon="-116.98301">
        <ele>2125.85</ele>
      </trkpt>
      <trkpt lat="34.29201" lon="-116.98292">
        <ele>2125.88</ele>
      </trkpt>
      <trkpt lat="34.29201" lon="-116.98289">
        <ele>2126.2</ele>
      </trkpt>
      <trkpt lat="34.29201" lon="-116.98259">
        <ele>2128.76</ele>
      </trkpt>
      <trkpt lat="34.292" lon="-116.98254">
        <ele>2129.51</ele>
      </trkpt>
      <trkpt lat="34.29194" lon="-116.98244">
        <ele>2130.25</ele>
      </trkpt>
      <trkpt lat="34.29188" lon="-116.98236">
        <ele>2131.33</ele>
      </trkpt>
      <trkpt lat="34.29182" lon="-116.9823">
        <ele>2131.82</ele>
      </trkpt>
      <trkpt lat="34.29172" lon="-116.98219">
        <ele>2132.35</ele>
      </trkpt>
      <trkpt lat="34.29164" lon="-116.98209">
        <ele>2133.72</ele>
      </trkpt>
      <trkpt lat="34.29156" lon="-116.98198">
        <ele>2135.52</ele>
      </trkpt>
      <trkpt lat="34.29154" lon="-116.98193">
        <ele>2135.79</ele>
      </trkpt>
      <trkpt lat="34.29151" lon="-116.98186">
        <ele>2136.22</ele>
      </trkpt>
      <trkpt lat="34.29149" lon="-116.98179">
        <ele>2136.15</ele>
      </trkpt>
      <trkpt lat="34.29147" lon="-116.98158">
        <ele>2137.81</ele>
      </trkpt>
      <trkpt lat="34.29145" lon="-116.98145">
        <ele>2139.22</ele>
      </trkpt>
      <trkpt lat="34.29143" lon="-116.98135">
        <ele>2140.54</ele>
      </trkpt>
      <trkpt lat="34.29142" lon="-116.98124">
        <ele>2141.94</ele>
      </trkpt>
      <trkpt lat="34.29142" lon="-116.98114">
        <ele>2143.02</ele>
      </trkpt>
      <trkpt lat="34.29141" lon="-116.98104">
        <ele>2144.0</ele>
      </trkpt>
      <trkpt lat="34.29141" lon="-116.98096">
        <ele>2144.23</ele>
      </trkpt>
      <trkpt lat="34.29139" lon="-116.98086">
        <ele>2144.72</ele>
      </trkpt>
      <trkpt lat="34.29136" lon="-116.9808">
        <ele>2144.8</ele>
      </trkpt>
      <trkpt lat="34.29131" lon="-116.98073">
        <ele>2145.0</ele>
      </trkpt>
      <trkpt lat="34.29126" lon="-116.98069">
        <ele>2145.0</ele>
      </trkpt>
      <trkpt lat="34.29116" lon="-116.98063">
        <ele>2145.47</ele>
      </trkpt>
      <trkpt lat="34.29106" lon="-116.9806">
        <ele>2146.29</ele>
      </trkpt>
      <trkpt lat="34.29097" lon="-116.98058">
        <ele>2147.26</ele>
      </trkpt>
      <trkpt lat="34.29091" lon="-116.98058">
        <ele>2147.74</ele>
      </trkpt>
      <trkpt lat="34.29086" lon="-116.98057">
        <ele>2147.84</ele>
      </trkpt>
      <trkpt lat="34.29082" lon="-116.98057">
        <ele>2147.84</ele>
      </trkpt>
      <trkpt lat="34.29076" lon="-116.98055">
        <ele>2148.06</ele>
      </trkpt>
      <trkpt lat="34.29071" lon="-116.98052">
        <ele>2148.05</ele>
      </trkpt>
      <trkpt lat="34.29067" lon="-116.98046">
        <ele>2148.27</ele>
      </trkpt>
      <trkpt lat="34.29065" lon="-116.98042">
        <ele>2148.48</ele>
      </trkpt>
      <trkpt lat="34.29063" lon="-116.98035">
        <ele>2148.8</ele>
      </trkpt>
      <trkpt lat="34.29061" lon="-116.9802">
        <ele>2149.43</ele>
      </trkpt>
      <trkpt lat="34.29061" lon="-116.98014">
        <ele>2150.28</ele>
      </trkpt>
      <trkpt lat="34.2906" lon="-116.98007">
        <ele>2151.36</ele>
      </trkpt>
      <trkpt lat="34.29054" lon="-116.97995">
        <ele>2152.37</ele>
      </trkpt>
      <trkpt lat="34.29048" lon="-116.97984">
        <ele>2153.64</ele>
      </trkpt>
      <trkpt lat="34.29042" lon="-116.97974">
        <ele>2153.88</ele>
      </trkpt>
      <trkpt lat="34.29037" lon="-116.97966">
        <ele>2154.34</ele>
      </trkpt>
      <trkpt lat="34.29031" lon="-116.97958">
        <ele>2154.23</ele>
      </trkpt>
      <trkpt lat="34.29016" lon="-116.97939">
        <ele>2154.16</ele>
      </trkpt>
      <trkpt lat="34.2901" lon="-116.97931">
        <ele>2153.58</ele>
      </trkpt>
      <trkpt lat="34.29007" lon="-116.97925">
        <ele>2153.76</ele>
      </trkpt>
      <trkpt lat="34.29005" lon="-116.97919">
        <ele>2153.54</ele>
      </trkpt>
      <trkpt lat="34.29003" lon="-116.97904">
        <ele>2153.9</ele>
      </trkpt>
      <trkpt lat="34.29001" lon="-116.97893">
        <ele>2154.11</ele>
      </trkpt>
      <trkpt lat="34.29001" lon="-116.97886">
        <ele>2154.11</ele>
      </trkpt>
      <trkpt lat="34.29" lon="-116.97879">
        <ele>2154.0</ele>
      </trkpt>
      <trkpt lat="34.29" lon="-116.97871">
        <ele>2154.0</ele>
      </trkpt>
      <trkpt lat="34.29002" lon="-116.97863">
        <ele>2154.22</ele>
      </trkpt>
      <trkpt lat="34.29003" lon="-116.9786">
        <ele>2154.24</ele>
      </trkpt>
      <trkpt lat="34.29007" lon="-116.97855">
        <ele>2154.59</ele>
      </trkpt>
      <trkpt lat="34.29011" lon="-116.97852">
        <ele>2155.19</ele>
      </trkpt>
      <trkpt lat="34.29025" lon="-116.97845">
        <ele>2155.96</ele>
      </trkpt>
      <trkpt lat="34.2903" lon="-116.9784">
        <ele>2156.24</ele>
      </trkpt>
      <trkpt lat="34.29031" lon="-116.97837">
        <ele>2156.35</ele>
      </trkpt>
      <trkpt lat="34.29032" lon="-116.97831">
        <ele>2156.46</ele>
      </trkpt>
      <trkpt lat="34.29032" lon="-116.97817">
        <ele>2156.46</ele>
      </trkpt>
      <trkpt lat="34.29031" lon="-116.97811">
        <ele>2156.35</ele>
      </trkpt>
      <trkpt lat="34.29029" lon="-116.97805">
        <ele>2156.19</ele>
      </trkpt>
      <trkpt lat="34.29025" lon="-116.97799">
        <ele>2156.41</ele>
      </trkpt>
      <trkpt lat="34.29021" lon="-116.97793">
        <ele>2156.27</ele>
      </trkpt>
      <trkpt lat="34.29015" lon="-116.97787">
        <ele>2155.62</ele>
      </trkpt>
      <trkpt lat="34.29004" lon="-116.97773">
        <ele>2155.43</ele>
      </trkpt>
      <trkpt lat="34.29" lon="-116.97767">
        <ele>2155.0</ele>
      </trkpt>
      <trkpt lat="34.28996" lon="-116.97759">
        <ele>2154.58</ele>
      </trkpt>
      <trkpt lat="34.28993" lon="-116.97751">
        <ele>2154.46</ele>
      </trkpt>
      <trkpt lat="34.2899" lon="-116.97736">
        <ele>2154.88</ele>
      </trkpt>
      <trkpt lat="34.28988" lon="-116.97723">
        <ele>2154.7</ele>
      </trkpt>
      <trkpt lat="34.28987" lon="-116.97714">
        <ele>2154.6</ele>
      </trkpt>
      <trkpt lat="34.28986" lon="-116.97704">
        <ele>2154.96</ele>
      </trkpt>
      <trkpt lat="34.28985" lon="-116.97694">
        <ele>2154.79</ele>
      </trkpt>
      <trkpt lat="34.28984" lon="-116.97685">
        <ele>2155.27</ele>
      </trkpt>
      <trkpt lat="34.28983" lon="-116.9768">
        <ele>2155.16</ele>
      </trkpt>
      <trkpt lat="34.28983" lon="-116.97672">
        <ele>2155.16</ele>
      </trkpt>
      <trkpt lat="34.28982" lon="-116.97667">
        <ele>2155.06</ele>
      </trkpt>
      <trkpt lat="34.28982" lon="-116.97652">
        <ele>2155.06</ele>
      </trkpt>
      <trkpt lat="34.28983" lon="-116.97647">
        <ele>2155.27</ele>
      </trkpt>
      <trkpt lat="34.28983" lon="-116.97643">
        <ele>2155.63</ele>
      </trkpt>
      <trkpt lat="34.28986" lon="-116.97633">
        <ele>2156.31</ele>
      </trkpt>
      <trkpt lat="34.28986" lon="-116.97631">
        <ele>2156.42</ele>
      </trkpt>
      <trkpt lat="34.28988" lon="-116.97627">
        <ele>2156.7</ele>
      </trkpt>
      <trkpt lat="34.28989" lon="-116.97617">
        <ele>2156.88</ele>
      </trkpt>
      <trkpt lat="34.28988" lon="-116.97608">
        <ele>2157.1</ele>
      </trkpt>
      <trkpt lat="34.28987" lon="-116.976">
        <ele>2157.52</ele>
      </trkpt>
      <trkpt lat="34.28984" lon="-116.97596">
        <ele>2157.9</ele>
      </trkpt>
      <trkpt lat="34.28981" lon="-116.97593">
        <ele>2158.05</ele>
      </trkpt>
      <trkpt lat="34.28977" lon="-116.97591">
        <ele>2158.48</ele>
      </trkpt>
      <trkpt lat="34.28964" lon="-116.97587">
        <ele>2160.07</ele>
      </trkpt>
      <trkpt lat="34.28956" lon="-116.97583">
        <ele>2161.04</ele>
      </trkpt>
      <trkpt lat="34.2895" lon="-116.97577">
        <ele>2161.28</ele>
      </trkpt>
      <trkpt lat="34.28946" lon="-116.97572">
        <ele>2161.39</ele>
      </trkpt>
      <trkpt lat="34.28945" lon="-116.97569">
        <ele>2161.61</ele>
      </trkpt>
      <trkpt lat="34.28944" lon="-116.97566">
        <ele>2161.78</ele>
      </trkpt>
      <trkpt lat="34.28943" lon="-116.9756">
        <ele>2161.77</ele>
      </trkpt>
      <trkpt lat="34.28944" lon="-116.97543">
        <ele>2163.29</ele>
      </trkpt>
      <trkpt lat="34.28945" lon="-116.9753">
        <ele>2164.17</ele>
      </trkpt>
      <trkpt lat="34.28949" lon="-116.9752">
        <ele>2165.9</ele>
      </trkpt>
      <trkpt lat="34.28952" lon="-116.97508">
        <ele>2166.63</ele>
      </trkpt>
      <trkpt lat="34.28955" lon="-116.97493">
        <ele>2167.28</ele>
      </trkpt>
      <trkpt lat="34.28955" lon="-116.97473">
        <ele>2167.93</ele>
      </trkpt>
      <trkpt lat="34.28954" lon="-116.97465">
        <ele>2168.02</ele>
      </trkpt>
      <trkpt lat="34.28953" lon="-116.97462">
        <ele>2168.1</ele>
      </trkpt>
      <trkpt lat="34.28951" lon="-116.9746">
        <ele>2168.32</ele>
      </trkpt>
      <trkpt lat="34.28948" lon="-116.97457">
        <ele>2168.64</ele>
      </trkpt>
      <trkpt lat="34.28939" lon="-116.97455">
        <ele>2168.86</ele>
      </trkpt>
      <trkpt lat="34.2893" lon="-116.97456">
        <ele>2169.17</ele>
      </trkpt>
      <trkpt lat="34.28925" lon="-116.97457">
        <ele>2169.22</ele>
      </trkpt>
      <trkpt lat="34.2892" lon="-116.97458">
        <ele>2168.73</ele>
      </trkpt>
      <trkpt lat="34.28915" lon="-116.97458">
        <ele>2168.45</ele>
      </trkpt>
      <trkpt lat="34.2891" lon="-116.97457">
        <ele>2168.39</ele>
      </trkpt>
      <trkpt lat="34.28905" lon="-116.97456">
        <ele>2168.31</ele>
      </trkpt>
      <trkpt lat="34.28903" lon="-116.97455">
        <ele>2168.31</ele>
      </trkpt>
      <trkpt lat="34.28896" lon="-116.97448">
        <ele>2168.62</ele>
      </trkpt>
      <trkpt lat="34.28889" lon="-116.97437">
        <ele>2170.6</ele>
      </trkpt>
      <trkpt lat="34.28884" lon="-116.97425">
        <ele>2172.1</ele>
      </trkpt>
      <trkpt lat="34.28881" lon="-116.97413">
        <ele>2173.06</ele>
      </trkpt>
      <trkpt lat="34.28877" lon="-116.97394">
        <ele>2175.01</ele>
      </trkpt>
      <trkpt lat="34.28875" lon="-116.97386">
        <ele>2175.97</ele>
      </trkpt>
      <trkpt lat="34.28873" lon="-116.97379">
        <ele>2176.68</ele>
      </trkpt>
      <trkpt lat="34.2887" lon="-116.97373">
        <ele>2177.36</ele>
      </trkpt>
      <trkpt lat="34.28865" lon="-116.97367">
        <ele>2177.42</ele>
      </trkpt>
      <trkpt lat="34.28859" lon="-116.9736">
        <ele>2177.89</ele>
      </trkpt>
      <trkpt lat="34.28842" lon="-116.9735">
        <ele>2177.34</ele>
      </trkpt>
      <trkpt lat="34.28819" lon="-116.97334">
        <ele>2177.38</ele>
      </trkpt>
      <trkpt lat="34.28802" lon="-116.97323">
        <ele>2177.12</ele>
      </trkpt>
      <trkpt lat="34.28794" lon="-116.97317">
        <ele>2177.52</ele>
      </trkpt>
      <trkpt lat="34.28788" lon="-116.97312">
        <ele>2177.41</ele>
      </trkpt>
      <trkpt lat="34.28783" lon="-116.97308">
        <ele>2177.3</ele>
      </trkpt>
      <trkpt lat="34.28778" lon="-116.97304">
        <ele>2177.19</ele>
      </trkpt>
      <trkpt lat="34.28769" lon="-116.97295">
        <ele>2177.19</ele>
      </trkpt>
      <trkpt lat="34.2876" lon="-116.97284">
        <ele>2177.41</ele>
      </trkpt>
      <trkpt lat="34.28745" lon="-116.97265">
        <ele>2177.13</ele>
      </trkpt>
      <trkpt lat="34.28735" lon="-116.97251">
        <ele>2177.27</ele>
      </trkpt>
      <trkpt lat="34.2873" lon="-116.9724">
        <ele>2177.76</ele>
      </trkpt>
      <trkpt lat="34.28729" lon="-116.97225">
        <ele>2178.65</ele>
      </trkpt>
      <trkpt lat="34.28728" lon="-116.97205">
        <ele>2180.16</ele>
      </trkpt>
      <trkpt lat="34.28727" lon="-116.97194">
        <ele>2180.56</ele>
      </trkpt>
      <trkpt lat="34.28725" lon="-116.97183">
        <ele>2181.37</ele>
      </trkpt>
      <trkpt lat="34.2872" lon="-116.9717">
        <ele>2181.4</ele>
      </trkpt>
      <trkpt lat="34.28716" lon="-116.97162">
        <ele>2181.33</ele>
      </trkpt>
      <trkpt lat="34.2871" lon="-116.97155">
        <ele>2181.5</ele>
      </trkpt>
      <trkpt lat="34.28705" lon="-116.97149">
        <ele>2181.99</ele>
      </trkpt>
      <trkpt lat="34.28699" lon="-116.97142">
        <ele>2183.17</ele>
      </trkpt>
      <trkpt lat="34.28695" lon="-116.97135">
        <ele>2183.97</ele>
      </trkpt>
      <trkpt lat="34.2869" lon="-116.97128">
        <ele>2184.18</ele>
      </trkpt>
      <trkpt lat="34.28687" lon="-116.97118">
        <ele>2185.0</ele>
      </trkpt>
      <trkpt lat="34.28687" lon="-116.97115">
        <ele>2185.0</ele>
      </trkpt>
      <trkpt lat="34.28684" lon="-116.971">
        <ele>2185.9</ele>
      </trkpt>
      <trkpt lat="34.28683" lon="-116.97096">
        <ele>2185.91</ele>
      </trkpt>
      <trkpt lat="34.28681" lon="-116.97093">
        <ele>2185.98</ele>
      </trkpt>
      <trkpt lat="34.28679" lon="-116.97089">
        <ele>2186.39</ele>
      </trkpt>
      <trkpt lat="34.2867" lon="-116.97081">
        <ele>2187.41</ele>
      </trkpt>
      <trkpt lat="34.28659" lon="-116.97074">
        <ele>2189.01</ele>
      </trkpt>
      <trkpt lat="34.2865" lon="-116.9707">
        <ele>2189.44</ele>
      </trkpt>
      <trkpt lat="34.28642" lon="-116.97067">
        <ele>2189.76</ele>
      </trkpt>
      <trkpt lat="34.28633" lon="-116.97063">
        <ele>2189.56</ele>
      </trkpt>
      <trkpt lat="34.28624" lon="-116.97058">
        <ele>2189.74</ele>
      </trkpt>
      <trkpt lat="34.28618" lon="-116.97053">
        <ele>2190.02</ele>
      </trkpt>
      <trkpt lat="34.28605" lon="-116.97042">
        <ele>2189.8</ele>
      </trkpt>
      <trkpt lat="34.28597" lon="-116.97036">
        <ele>2189.48</ele>
      </trkpt>
      <trkpt lat="34.2859" lon="-116.97028">
        <ele>2188.72</ele>
      </trkpt>
      <trkpt lat="34.28584" lon="-116.97018">
        <ele>2189.12</ele>
      </trkpt>
      <trkpt lat="34.28579" lon="-116.97009">
        <ele>2189.53</ele>
      </trkpt>
      <trkpt lat="34.28575" lon="-116.97002">
        <ele>2189.1</ele>
      </trkpt>
      <trkpt lat="34.2857" lon="-116.96992">
        <ele>2189.48</ele>
      </trkpt>
      <trkpt lat="34.28564" lon="-116.9698">
        <ele>2189.93</ele>
      </trkpt>
      <trkpt lat="34.2856" lon="-116.96971">
        <ele>2190.06</ele>
      </trkpt>
      <trkpt lat="34.28558" lon="-116.96965">
        <ele>2190.21</ele>
      </trkpt>
      <trkpt lat="34.28549" lon="-116.96947">
        <ele>2190.8</ele>
      </trkpt>
      <trkpt lat="34.28543" lon="-116.96935">
        <ele>2191.01</ele>
      </trkpt>
      <trkpt lat="34.28537" lon="-116.96927">
        <ele>2191.0</ele>
      </trkpt>
      <trkpt lat="34.28531" lon="-116.96919">
        <ele>2190.84</ele>
      </trkpt>
      <trkpt lat="34.28524" lon="-116.9691">
        <ele>2191.0</ele>
      </trkpt>
      <trkpt lat="34.28518" lon="-116.96902">
        <ele>2190.98</ele>
      </trkpt>
      <trkpt lat="34.28511" lon="-116.96894">
        <ele>2191.0</ele>
      </trkpt>
      <trkpt lat="34.28504" lon="-116.96887">
        <ele>2191.0</ele>
      </trkpt>
      <trkpt lat="34.28499" lon="-116.96884">
        <ele>2190.89</ele>
      </trkpt>
      <trkpt lat="34.28472" lon="-116.9687">
        <ele>2190.0</ele>
      </trkpt>
      <trkpt lat="34.28455" lon="-116.96861">
        <ele>2189.15</ele>
      </trkpt>
      <trkpt lat="34.28449" lon="-116.96857">
        <ele>2189.22</ele>
      </trkpt>
      <trkpt lat="34.28445" lon="-116.96854">
        <ele>2189.05</ele>
      </trkpt>
      <trkpt lat="34.2844" lon="-116.9685">
        <ele>2189.0</ele>
      </trkpt>
      <trkpt lat="34.28435" lon="-116.96845">
        <ele>2188.99</ele>
      </trkpt>
      <trkpt lat="34.2843" lon="-116.96838">
        <ele>2189.0</ele>
      </trkpt>
      <trkpt lat="34.28424" lon="-116.96825">
        <ele>2188.79</ele>
      </trkpt>
      <trkpt lat="34.28414" lon="-116.96799">
        <ele>2188.71</ele>
      </trkpt>
      <trkpt lat="34.28406" lon="-116.9678">
        <ele>2188.0</ele>
      </trkpt>
      <trkpt lat="34.28401" lon="-116.96768">
        <ele>2188.31</ele>
      </trkpt>
      <trkpt lat="34.28397" lon="-116.9676">
        <ele>2188.0</ele>
      </trkpt>
      <trkpt lat="34.28395" lon="-116.9675">
        <ele>2188.0</ele>
      </trkpt>
      <trkpt lat="34.28393" lon="-116.96739">
        <ele>2188.0</ele>
      </trkpt>
      <trkpt lat="34.28391" lon="-116.96724">
        <ele>2188.0</ele>
      </trkpt>
      <trkpt lat="34.28391" lon="-116.96708">
        <ele>2188.0</ele>
      </trkpt>
      <trkpt lat="34.2839" lon="-116.96686">
        <ele>2188.0</ele>
      </trkpt>
      <trkpt lat="34.28389" lon="-116.96671">
        <ele>2188.0</ele>
      </trkpt>
      <trkpt lat="34.28386" lon="-116.96656">
        <ele>2187.58</ele>
      </trkpt>
      <trkpt lat="34.28382" lon="-116.96643">
        <ele>2187.0</ele>
      </trkpt>
      <trkpt lat="34.28379" lon="-116.96631">
        <ele>2186.94</ele>
      </trkpt>
      <trkpt lat="34.2837" lon="-116.96594">
        <ele>2185.96</ele>
      </trkpt>
      <trkpt lat="34.28365" lon="-116.96569">
        <ele>2184.68</ele>
      </trkpt>
      <trkpt lat="34.28363" lon="-116.96557">
        <ele>2184.2</ele>
      </trkpt>
      <trkpt lat="34.28363" lon="-116.96548">
        <ele>2184.2</ele>
      </trkpt>
      <trkpt lat="34.28363" lon="-116.96535">
        <ele>2184.04</ele>
      </trkpt>
      <trkpt lat="34.28364" lon="-116.96528">
        <ele>2184.3</ele>
      </trkpt>
      <trkpt lat="34.28364" lon="-116.96514">
        <ele>2184.31</ele>
      </trkpt>
      <trkpt lat="34.28365" lon="-116.96508">
        <ele>2184.42</ele>
      </trkpt>
      <trkpt lat="34.28365" lon="-116.96494">
        <ele>2184.8</ele>
      </trkpt>
      <trkpt lat="34.28366" lon="-116.96485">
        <ele>2185.0</ele>
      </trkpt>
      <trkpt lat="34.28366" lon="-116.96475">
        <ele>2185.0</ele>
      </trkpt>
      <trkpt lat="34.28367" lon="-116.96471">
        <ele>2185.0</ele>
      </trkpt>
      <trkpt lat="34.28367" lon="-116.96465">
        <ele>2185.0</ele>
      </trkpt>
      <trkpt lat="34.28367" lon="-116.96457">
        <ele>2185.0</ele>
      </trkpt>
      <trkpt lat="34.28367" lon="-116.96449">
        <ele>2185.0</ele>
      </trkpt>
      <trkpt lat="34.28367" lon="-116.96443">
        <ele>2185.0</ele>
      </trkpt>
      <trkpt lat="34.28367" lon="-116.96438">
        <ele>2185.0</ele>
      </trkpt>
      <trkpt lat="34.28368" lon="-116.96433">
        <ele>2185.0</ele>
      </trkpt>
      <trkpt lat="34.28368" lon="-116.96429">
        <ele>2185.0</ele>
      </trkpt>
      <trkpt lat="34.28368" lon="-116.96424">
        <ele>2185.15</ele>
      </trkpt>
      <trkpt lat="34.28368" lon="-116.96369">
        <ele>2185.0</ele>
      </trkpt>
      <trkpt lat="34.28369" lon="-116.9636">
        <ele>2185.0</ele>
      </trkpt>
      <trkpt lat="34.28369" lon="-116.96349">
        <ele>2185.26</ele>
      </trkpt>
      <trkpt lat="34.28369" lon="-116.96339">
        <ele>2185.85</ele>
      </trkpt>
      <trkpt lat="34.2837" lon="-116.9633">
        <ele>2185.96</ele>
      </trkpt>
      <trkpt lat="34.2837" lon="-116.9632">
        <ele>2185.98</ele>
      </trkpt>
      <trkpt lat="34.28371" lon="-116.96307">
        <ele>2186.07</ele>
      </trkpt>
      <trkpt lat="34.28372" lon="-116.96301">
        <ele>2186.58</ele>
      </trkpt>
      <trkpt lat="34.28372" lon="-116.96285">
        <ele>2187.04</ele>
      </trkpt>
      <trkpt lat="34.28373" lon="-116.96277">
        <ele>2187.28</ele>
      </trkpt>
      <trkpt lat="34.28373" lon="-116.96258">
        <ele>2188.0</ele>
      </trkpt>
      <trkpt lat="34.28372" lon="-116.96243">
        <ele>2188.13</ele>
      </trkpt>
      <trkpt lat="34.28371" lon="-116.96226">
        <ele>2189.0</ele>
      </trkpt>
      <trkpt lat="34.28367" lon="-116.96202">
        <ele>2189.7</ele>
      </trkpt>
      <trkpt lat="34.28361" lon="-116.96168">
        <ele>2190.99</ele>
      </trkpt>
      <trkpt lat="34.28356" lon="-116.96152">
        <ele>2191.77</ele>
      </trkpt>
      <trkpt lat="34.28351" lon="-116.96138">
        <ele>2191.92</ele>
      </trkpt>
      <trkpt lat="34.28344" lon="-116.96126">
        <ele>2192.06</ele>
      </trkpt>
      <trkpt lat="34.28336" lon="-116.96116">
        <ele>2192.14</ele>
      </trkpt>
      <trkpt lat="34.28326" lon="-116.96104">
        <ele>2191.21</ele>
      </trkpt>
      <trkpt lat="34.28307" lon="-116.96088">
        <ele>2189.73</ele>
      </trkpt>
      <trkpt lat="34.28292" lon="-116.96078">
        <ele>2187.54</ele>
      </trkpt>
      <trkpt lat="34.28287" lon="-116.96074">
        <ele>2187.0</ele>
      </trkpt>
      <trkpt lat="34.28281" lon="-116.9607">
        <ele>2186.35</ele>
      </trkpt>
      <trkpt lat="34.28272" lon="-116.96064">
        <ele>2186.0</ele>
      </trkpt>
      <trkpt lat="34.28264" lon="-116.96059">
        <ele>2185.51</ele>
      </trkpt>
      <trkpt lat="34.28256" lon="-116.96054">
        <ele>2184.65</ele>
      </trkpt>
      <trkpt lat="34.28251" lon="-116.96053">
        <ele>2184.11</ele>
      </trkpt>
      <trkpt lat="34.2824" lon="-116.96053">
        <ele>2182.92</ele>
      </trkpt>
      <trkpt lat="34.28234" lon="-116.96054">
        <ele>2182.27</ele>
      </trkpt>
      <trkpt lat="34.28226" lon="-116.96058">
        <ele>2181.56</ele>
      </trkpt>
      <trkpt lat="34.28218" lon="-116.96062">
        <ele>2181.38</ele>
      </trkpt>
      <trkpt lat="34.28207" lon="-116.96069">
        <ele>2180.81</ele>
      </trkpt>
      <trkpt lat="34.28197" lon="-116.96075">
        <ele>2180.28</ele>
      </trkpt>
      <trkpt lat="34.28188" lon="-116.96079">
        <ele>2179.3</ele>
      </trkpt>
      <trkpt lat="34.28168" lon="-116.96087">
        <ele>2178.06</ele>
      </trkpt>
      <trkpt lat="34.28138" lon="-116.96099">
        <ele>2175.97</ele>
      </trkpt>
      <trkpt lat="34.28117" lon="-116.96108">
        <ele>2174.64</ele>
      </trkpt>
      <trkpt lat="34.28094" lon="-116.96118">
        <ele>2173.15</ele>
      </trkpt>
      <trkpt lat="34.28076" lon="-116.96127">
        <ele>2171.43</ele>
      </trkpt>
      <trkpt lat="34.28056" lon="-116.96136">
        <ele>2170.05</ele>
      </trkpt>
      <trkpt lat="34.2804" lon="-116.96144">
        <ele>2170.0</ele>
      </trkpt>
      <trkpt lat="34.28028" lon="-116.9615">
        <ele>2170.0</ele>
      </trkpt>
      <trkpt lat="34.28021" lon="-116.96153">
        <ele>2170.0</ele>
      </trkpt>
      <trkpt lat="34.28013" lon="-116.96157">
        <ele>2170.0</ele>
      </trkpt>
      <trkpt lat="34.28002" lon="-116.96161">
        <ele>2169.61</ele>
      </trkpt>
      <trkpt lat="34.27992" lon="-116.96164">
        <ele>2169.29</ele>
      </trkpt>
      <trkpt lat="34.27984" lon="-116.96164">
        <ele>2169.29</ele>
      </trkpt>
      <trkpt lat="34.2798" lon="-116.96165">
        <ele>2169.02</ele>
      </trkpt>
      <trkpt lat="34.27978" lon="-116.96164">
        <ele>2168.91</ele>
      </trkpt>
      <trkpt lat="34.2797" lon="-116.96164">
        <ele>2168.05</ele>
      </trkpt>
      <trkpt lat="34.2796" lon="-116.96162">
        <ele>2167.18</ele>
      </trkpt>
      <trkpt lat="34.27954" lon="-116.96159">
        <ele>2166.86</ele>
      </trkpt>
      <trkpt lat="34.27947" lon="-116.96153">
        <ele>2166.03</ele>
      </trkpt>
      <trkpt lat="34.27941" lon="-116.96148">
        <ele>2165.27</ele>
      </trkpt>
      <trkpt lat="34.27937" lon="-116.96143">
        <ele>2164.95</ele>
      </trkpt>
      <trkpt lat="34.27931" lon="-116.96136">
        <ele>2164.1</ele>
      </trkpt>
      <trkpt lat="34.27926" lon="-116.96129">
        <ele>2163.02</ele>
      </trkpt>
      <trkpt lat="34.27923" lon="-116.96124">
        <ele>2162.37</ele>
      </trkpt>
      <trkpt lat="34.27917" lon="-116.96111">
        <ele>2161.06</ele>
      </trkpt>
      <trkpt lat="34.27901" lon="-116.9607">
        <ele>2155.44</ele>
      </trkpt>
      <trkpt lat="34.27897" lon="-116.96062">
        <ele>2155.14</ele>
      </trkpt>
      <trkpt lat="34.27894" lon="-116.96055">
        <ele>2155.14</ele>
      </trkpt>
      <trkpt lat="34.2789" lon="-116.96049">
        <ele>2154.32</ele>
      </trkpt>
      <trkpt lat="34.27886" lon="-116.96043">
        <ele>2153.38</ele>
      </trkpt>
      <trkpt lat="34.27881" lon="-116.96036">
        <ele>2152.3</ele>
      </trkpt>
      <trkpt lat="34.27878" lon="-116.96029">
        <ele>2151.65</ele>
      </trkpt>
      <trkpt lat="34.27876" lon="-116.96023">
        <ele>2150.39</ele>
      </trkpt>
      <trkpt lat="34.27875" lon="-116.96015">
        <ele>2149.12</ele>
      </trkpt>
      <trkpt lat="34.27875" lon="-116.96007">
        <ele>2148.38</ele>
      </trkpt>
      <trkpt lat="34.27876" lon="-116.95997">
        <ele>2147.44</ele>
      </trkpt>
      <trkpt lat="34.27879" lon="-116.95989">
        <ele>2146.42</ele>
      </trkpt>
      <trkpt lat="34.27882" lon="-116.95981">
        <ele>2145.19</ele>
      </trkpt>
      <trkpt lat="34.27883" lon="-116.95975">
        <ele>2144.41</ele>
      </trkpt>
      <trkpt lat="34.27883" lon="-116.95969">
        <ele>2144.13</ele>
      </trkpt>
      <trkpt lat="34.27882" lon="-116.95964">
        <ele>2144.23</ele>
      </trkpt>
      <trkpt lat="34.2788" lon="-116.95962">
        <ele>2144.14</ele>
      </trkpt>
      <trkpt lat="34.27877" lon="-116.9596">
        <ele>2144.32</ele>
      </trkpt>
      <trkpt lat="34.27871" lon="-116.9596">
        <ele>2144.32</ele>
      </trkpt>
      <trkpt lat="34.27859" lon="-116.95962">
        <ele>2145.1</ele>
      </trkpt>
      <trkpt lat="34.27842" lon="-116.95966">
        <ele>2144.34</ele>
      </trkpt>
      <trkpt lat="34.27837" lon="-116.95966">
        <ele>2144.34</ele>
      </trkpt>
      <trkpt lat="34.27833" lon="-116.95967">
        <ele>2144.11</ele>
      </trkpt>
      <trkpt lat="34.27817" lon="-116.95966">
        <ele>2142.91</ele>
      </trkpt>
      <trkpt lat="34.27803" lon="-116.95965">
        <ele>2142.78</ele>
      </trkpt>
      <trkpt lat="34.27791" lon="-116.95965">
        <ele>2143.91</ele>
      </trkpt>
      <trkpt lat="34.27782" lon="-116.95966">
        <ele>2144.19</ele>
      </trkpt>
      <trkpt lat="34.27772" lon="-116.95971">
        <ele>2143.89</ele>
      </trkpt>
      <trkpt lat="34.27758" lon="-116.9598">
        <ele>2143.62</ele>
      </trkpt>
      <trkpt lat="34.27743" lon="-116.95986">
        <ele>2142.8</ele>
      </trkpt>
      <trkpt lat="34.27724" lon="-116.95993">
        <ele>2140.27</ele>
      </trkpt>
      <trkpt lat="34.27713" lon="-116.95995">
        <ele>2138.62</ele>
      </trkpt>
      <trkpt lat="34.27703" lon="-116.95996">
        <ele>2137.8</ele>
      </trkpt>
      <trkpt lat="34.27696" lon="-116.95996">
        <ele>2137.15</ele>
      </trkpt>
      <trkpt lat="34.27687" lon="-116.95995">
        <ele>2136.2</ele>
      </trkpt>
      <trkpt lat="34.27678" lon="-116.95992">
        <ele>2134.55</ele>
      </trkpt>
      <trkpt lat="34.27671" lon="-116.95987">
        <ele>2132.21</ele>
      </trkpt>
      <trkpt lat="34.27666" lon="-116.9598">
        <ele>2130.78</ele>
      </trkpt>
      <trkpt lat="34.27662" lon="-116.95973">
        <ele>2129.49</ele>
      </trkpt>
      <trkpt lat="34.27658" lon="-116.95963">
        <ele>2128.26</ele>
      </trkpt>
      <trkpt lat="34.27656" lon="-116.95956">
        <ele>2128.33</ele>
      </trkpt>
      <trkpt lat="34.27653" lon="-116.9594">
        <ele>2127.05</ele>
      </trkpt>
      <trkpt lat="34.2765" lon="-116.95927">
        <ele>2127.48</ele>
      </trkpt>
      <trkpt lat="34.27647" lon="-116.95918">
        <ele>2128.36</ele>
      </trkpt>
      <trkpt lat="34.27642" lon="-116.95908">
        <ele>2127.94</ele>
      </trkpt>
      <trkpt lat="34.27635" lon="-116.95895">
        <ele>2127.42</ele>
      </trkpt>
      <trkpt lat="34.27629" lon="-116.95886">
        <ele>2127.13</ele>
      </trkpt>
      <trkpt lat="34.27626" lon="-116.95879">
        <ele>2127.33</ele>
      </trkpt>
      <trkpt lat="34.27621" lon="-116.95872">
        <ele>2127.02</ele>
      </trkpt>
      <trkpt lat="34.27614" lon="-116.95866">
        <ele>2126.57</ele>
      </trkpt>
      <trkpt lat="34.27609" lon="-116.95863">
        <ele>2126.18</ele>
      </trkpt>
      <trkpt lat="34.27598" lon="-116.95859">
        <ele>2125.04</ele>
      </trkpt>
      <trkpt lat="34.27589" lon="-116.95855">
        <ele>2125.06</ele>
      </trkpt>
      <trkpt lat="34.27582" lon="-116.95852">
        <ele>2124.84</ele>
      </trkpt>
      <trkpt lat="34.27575" lon="-116.95848">
        <ele>2124.52</ele>
      </trkpt>
      <trkpt lat="34.27567" lon="-116.95843">
        <ele>2124.16</ele>
      </trkpt>
      <trkpt lat="34.27549" lon="-116.95825">
        <ele>2119.51</ele>
      </trkpt>
      <trkpt lat="34.27539" lon="-116.95812">
        <ele>2118.49</ele>
      </trkpt>
      <trkpt lat="34.27534" lon="-116.95804">
        <ele>2117.51</ele>
      </trkpt>
      <trkpt lat="34.27525" lon="-116.95794">
        <ele>2116.65</ele>
      </trkpt>
      <trkpt lat="34.27518" lon="-116.95785">
        <ele>2116.33</ele>
      </trkpt>
      <trkpt lat="34.27511" lon="-116.95778">
        <ele>2116.33</ele>
      </trkpt>
      <trkpt lat="34.27502" lon="-116.95769">
        <ele>2114.6</ele>
      </trkpt>
      <trkpt lat="34.27491" lon="-116.95759">
        <ele>2115.08</ele>
      </trkpt>
      <trkpt lat="34.27484" lon="-116.95749">
        <ele>2113.92</ele>
      </trkpt>
      <trkpt lat="34.27482" lon="-116.95744">
        <ele>2113.82</ele>
      </trkpt>
      <trkpt lat="34.27481" lon="-116.9574">
        <ele>2113.95</ele>
      </trkpt>
      <trkpt lat="34.27481" lon="-116.95718">
        <ele>2112.92</ele>
      </trkpt>
      <trkpt lat="34.27484" lon="-116.9571">
        <ele>2112.9</ele>
      </trkpt>
      <trkpt lat="34.27489" lon="-116.95702">
        <ele>2112.26</ele>
      </trkpt>
      <trkpt lat="34.27495" lon="-116.95692">
        <ele>2111.51</ele>
      </trkpt>
      <trkpt lat="34.27501" lon="-116.95684">
        <ele>2112.07</ele>
      </trkpt>
      <trkpt lat="34.27507" lon="-116.95674">
        <ele>2111.8</ele>
      </trkpt>
      <trkpt lat="34.27514" lon="-116.95659">
        <ele>2108.94</ele>
      </trkpt>
      <trkpt lat="34.27523" lon="-116.95633">
        <ele>2104.33</ele>
      </trkpt>
      <trkpt lat="34.27526" lon="-116.95621">
        <ele>2103.68</ele>
      </trkpt>
      <trkpt lat="34.27528" lon="-116.95608">
        <ele>2102.74</ele>
      </trkpt>
      <trkpt lat="34.27532" lon="-116.95588">
        <ele>2102.64</ele>
      </trkpt>
      <trkpt lat="34.27535" lon="-116.95568">
        <ele>2102.17</ele>
      </trkpt>
      <trkpt lat="34.27538" lon="-116.95547">
        <ele>2101.28</ele>
      </trkpt>
      <trkpt lat="34.27543" lon="-116.95523">
        <ele>2101.13</ele>
      </trkpt>
      <trkpt lat="34.27548" lon="-116.95504">
        <ele>2100.98</ele>
      </trkpt>
      <trkpt lat="34.27552" lon="-116.9549">
        <ele>2101.85</ele>
      </trkpt>
      <trkpt lat="34.27555" lon="-116.9548">
        <ele>2102.66</ele>
      </trkpt>
      <trkpt lat="34.27559" lon="-116.95467">
        <ele>2103.13</ele>
      </trkpt>
      <trkpt lat="34.27561" lon="-116.95459">
        <ele>2104.62</ele>
      </trkpt>
      <trkpt lat="34.27561" lon="-116.95438">
        <ele>2111.31</ele>
      </trkpt>
      <trkpt lat="34.2756" lon="-116.95432">
        <ele>2112.79</ele>
      </trkpt>
      <trkpt lat="34.27557" lon="-116.95423">
        <ele>2113.83</ele>
      </trkpt>
      <trkpt lat="34.27555" lon="-116.9542">
        <ele>2113.42</ele>
      </trkpt>
      <trkpt lat="34.27549" lon="-116.95412">
        <ele>2112.88</ele>
      </trkpt>
      <trkpt lat="34.27542" lon="-116.95403">
        <ele>2112.56</ele>
      </trkpt>
      <trkpt lat="34.27535" lon="-116.95395">
        <ele>2111.87</ele>
      </trkpt>
      <trkpt lat="34.27529" lon="-116.95388">
        <ele>2111.59</ele>
      </trkpt>
      <trkpt lat="34.27522" lon="-116.95379">
        <ele>2110.61</ele>
      </trkpt>
      <trkpt lat="34.27516" lon="-116.95368">
        <ele>2110.17</ele>
      </trkpt>
      <trkpt lat="34.27511" lon="-116.95352">
        <ele>2108.57</ele>
      </trkpt>
      <trkpt lat="34.27507" lon="-116.95338">
        <ele>2104.89</ele>
      </trkpt>
      <trkpt lat="34.27503" lon="-116.95326">
        <ele>2103.11</ele>
      </trkpt>
      <trkpt lat="34.27499" lon="-116.95317">
        <ele>2103.2</ele>
      </trkpt>
      <trkpt lat="34.27495" lon="-116.95308">
        <ele>2103.85</ele>
      </trkpt>
      <trkpt lat="34.27485" lon="-116.95296">
        <ele>2104.19</ele>
      </trkpt>
      <trkpt lat="34.27475" lon="-116.95282">
        <ele>2104.69</ele>
      </trkpt>
      <trkpt lat="34.27463" lon="-116.95266">
        <ele>2104.83</ele>
      </trkpt>
      <trkpt lat="34.27456" lon="-116.95255">
        <ele>2105.2</ele>
      </trkpt>
      <trkpt lat="34.27453" lon="-116.95246">
        <ele>2105.32</ele>
      </trkpt>
      <trkpt lat="34.27451" lon="-116.95233">
        <ele>2105.42</ele>
      </trkpt>
      <trkpt lat="34.27449" lon="-116.95221">
        <ele>2104.34</ele>
      </trkpt>
      <trkpt lat="34.27449" lon="-116.95207">
        <ele>2102.52</ele>
      </trkpt>
      <trkpt lat="34.27449" lon="-116.95197">
        <ele>2101.26</ele>
      </trkpt>
      <trkpt lat="34.27448" lon="-116.95187">
        <ele>2099.96</ele>
      </trkpt>
      <trkpt lat="34.27448" lon="-116.95181">
        <ele>2100.22</ele>
      </trkpt>
      <trkpt lat="34.27446" lon="-116.95173">
        <ele>2100.97</ele>
      </trkpt>
      <trkpt lat="34.27443" lon="-116.95167">
        <ele>2101.77</ele>
      </trkpt>
      <trkpt lat="34.27439" lon="-116.95162">
        <ele>2102.63</ele>
      </trkpt>
      <trkpt lat="34.27434" lon="-116.95155">
        <ele>2103.52</ele>
      </trkpt>
      <trkpt lat="34.27427" lon="-116.9515">
        <ele>2103.63</ele>
      </trkpt>
      <trkpt lat="34.27422" lon="-116.95145">
        <ele>2103.69</ele>
      </trkpt>
      <trkpt lat="34.27415" lon="-116.95139">
        <ele>2102.63</ele>
      </trkpt>
      <trkpt lat="34.27408" lon="-116.95133">
        <ele>2101.8</ele>
      </trkpt>
      <trkpt lat="34.27403" lon="-116.95127">
        <ele>2101.67</ele>
      </trkpt>
      <trkpt lat="34.27397" lon="-116.95121">
        <ele>2100.75</ele>
      </trkpt>
      <trkpt lat="34.27392" lon="-116.95118">
        <ele>2099.5</ele>
      </trkpt>
      <trkpt lat="34.27383" lon="-116.95114">
        <ele>2097.48</ele>
      </trkpt>
      <trkpt lat="34.27371" lon="-116.95111">
        <ele>2096.07</ele>
      </trkpt>
      <trkpt lat="34.27362" lon="-116.95106">
        <ele>2096.0</ele>
      </trkpt>
      <trkpt lat="34.27356" lon="-116.95101">
        <ele>2095.99</ele>
      </trkpt>
      <trkpt lat="34.27351" lon="-116.95096">
        <ele>2095.28</ele>
      </trkpt>
      <trkpt lat="34.27342" lon="-116.95086">
        <ele>2093.87</ele>
      </trkpt>
      <trkpt lat="34.27335" lon="-116.95075">
        <ele>2093.26</ele>
      </trkpt>
      <trkpt lat="34.2733" lon="-116.95067">
        <ele>2092.68</ele>
      </trkpt>
      <trkpt lat="34.27326" lon="-116.95061">
        <ele>2092.04</ele>
      </trkpt>
      <trkpt lat="34.27322" lon="-116.95057">
        <ele>2091.4</ele>
      </trkpt>
      <trkpt lat="34.27317" lon="-116.95053">
        <ele>2090.81</ele>
      </trkpt>
      <trkpt lat="34.27311" lon="-116.95051">
        <ele>2089.67</ele>
      </trkpt>
      <trkpt lat="34.27302" lon="-116.95046">
        <ele>2088.23</ele>
      </trkpt>
      <trkpt lat="34.27293" lon="-116.95039">
        <ele>2086.64</ele>
      </trkpt>
      <trkpt lat="34.2729" lon="-116.95036">
        <ele>2086.21</ele>
      </trkpt>
      <trkpt lat="34.27279" lon="-116.95016">
        <ele>2083.76</ele>
      </trkpt>
      <trkpt lat="34.27271" lon="-116.95002">
        <ele>2082.48</ele>
      </trkpt>
      <trkpt lat="34.27266" lon="-116.94994">
        <ele>2081.73</ele>
      </trkpt>
      <trkpt lat="34.27261" lon="-116.94985">
        <ele>2081.19</ele>
      </trkpt>
      <trkpt lat="34.27256" lon="-116.94975">
        <ele>2080.65</ele>
      </trkpt>
      <trkpt lat="34.2725" lon="-116.94962">
        <ele>2079.9</ele>
      </trkpt>
      <trkpt lat="34.27245" lon="-116.94954">
        <ele>2078.47</ele>
      </trkpt>
      <trkpt lat="34.27239" lon="-116.94945">
        <ele>2077.81</ele>
      </trkpt>
      <trkpt lat="34.27228" lon="-116.94932">
        <ele>2075.28</ele>
      </trkpt>
      <trkpt lat="34.27221" lon="-116.94926">
        <ele>2073.88</ele>
      </trkpt>
      <trkpt lat="34.27213" lon="-116.9492">
        <ele>2073.0</ele>
      </trkpt>
      <trkpt lat="34.27204" lon="-116.94912">
        <ele>2072.51</ele>
      </trkpt>
      <trkpt lat="34.2719" lon="-116.94899">
        <ele>2071.56</ele>
      </trkpt>
      <trkpt lat="34.2717" lon="-116.9488">
        <ele>2071.35</ele>
      </trkpt>
      <trkpt lat="34.27156" lon="-116.94869">
        <ele>2071.0</ele>
      </trkpt>
      <trkpt lat="34.27143" lon="-116.94859">
        <ele>2070.57</ele>
      </trkpt>
      <trkpt lat="34.27128" lon="-116.9485">
        <ele>2070.16</ele>
      </trkpt>
      <trkpt lat="34.27116" lon="-116.94844">
        <ele>2069.93</ele>
      </trkpt>
      <trkpt lat="34.27105" lon="-116.94839">
        <ele>2069.73</ele>
      </trkpt>
      <trkpt lat="34.2709" lon="-116.94832">
        <ele>2068.86</ele>
      </trkpt>
      <trkpt lat="34.27084" lon="-116.9483">
        <ele>2068.43</ele>
      </trkpt>
      <trkpt lat="34.2708" lon="-116.94827">
        <ele>2068.32</ele>
      </trkpt>
      <trkpt lat="34.27071" lon="-116.94822">
        <ele>2067.67</ele>
      </trkpt>
      <trkpt lat="34.2706" lon="-116.94816">
        <ele>2066.48</ele>
      </trkpt>
      <trkpt lat="34.27047" lon="-116.94808">
        <ele>2065.08</ele>
      </trkpt>
      <trkpt lat="34.27037" lon="-116.94801">
        <ele>2064.49</ele>
      </trkpt>
      <trkpt lat="34.27027" lon="-116.94792">
        <ele>2063.92</ele>
      </trkpt>
      <trkpt lat="34.27017" lon="-116.94783">
        <ele>2062.93</ele>
      </trkpt>
      <trkpt lat="34.26995" lon="-116.94761">
        <ele>2061.0</ele>
      </trkpt>
      <trkpt lat="34.26991" lon="-116.94757">
        <ele>2061.0</ele>
      </trkpt>
      <trkpt lat="34.26984" lon="-116.94748">
        <ele>2061.0</ele>
      </trkpt>
      <trkpt lat="34.26982" lon="-116.94744">
        <ele>2061.0</ele>
      </trkpt>
      <trkpt lat="34.26951" lon="-116.94708">
        <ele>2060.38</ele>
      </trkpt>
      <trkpt lat="34.26947" lon="-116.94704">
        <ele>2060.27</ele>
      </trkpt>
    </trkseg>
  </trk>
</gpx>
